solid Default
  facet normal -1.000000e+00 -0.000000e+00 -0.000000e+00
    outer loop
      vertex -1.500000e+01 -1.500000e+01 0.000000e+00
      vertex -1.500000e+01 -1.500000e+01 1.200000e+00
      vertex -1.500000e+01 1.500000e+01 0.000000e+00
    endloop
  endfacet
  facet normal -1.000000e+00 0.000000e+00 0.000000e+00
    outer loop
      vertex -1.500000e+01 1.500000e+01 0.000000e+00
      vertex -1.500000e+01 -1.500000e+01 1.200000e+00
      vertex -1.500000e+01 1.500000e+01 1.200000e+00
    endloop
  endfacet
  facet normal 0.000000e+00 -1.000000e+00 0.000000e+00
    outer loop
      vertex -1.500000e+01 -1.500000e+01 1.200000e+00
      vertex -1.500000e+01 -1.500000e+01 0.000000e+00
      vertex 1.500000e+01 -1.500000e+01 0.000000e+00
    endloop
  endfacet
  facet normal 0.000000e+00 -1.000000e+00 0.000000e+00
    outer loop
      vertex 1.500000e+01 -1.500000e+01 1.200000e+00
      vertex -1.500000e+01 -1.500000e+01 1.200000e+00
      vertex 1.500000e+01 -1.500000e+01 0.000000e+00
    endloop
  endfacet
  facet normal -0.000000e+00 -0.000000e+00 -1.000000e+00
    outer loop
      vertex -1.500000e+01 -1.500000e+01 0.000000e+00
      vertex -1.500000e+01 1.500000e+01 0.000000e+00
      vertex 1.500000e+01 -1.500000e+01 0.000000e+00
    endloop
  endfacet
  facet normal 0.000000e+00 0.000000e+00 -1.000000e+00
    outer loop
      vertex 1.500000e+01 -1.500000e+01 0.000000e+00
      vertex -1.500000e+01 1.500000e+01 0.000000e+00
      vertex 1.500000e+01 1.500000e+01 0.000000e+00
    endloop
  endfacet
  facet normal 0.000000e+00 1.000000e+00 0.000000e+00
    outer loop
      vertex -1.500000e+01 1.500000e+01 0.000000e+00
      vertex -1.500000e+01 1.500000e+01 1.200000e+00
      vertex 1.500000e+01 1.500000e+01 0.000000e+00
    endloop
  endfacet
  facet normal 0.000000e+00 1.000000e+00 0.000000e+00
    outer loop
      vertex 1.500000e+01 1.500000e+01 0.000000e+00
      vertex -1.500000e+01 1.500000e+01 1.200000e+00
      vertex 1.500000e+01 1.500000e+01 1.200000e+00
    endloop
  endfacet
  facet normal 0.000000e+00 0.000000e+00 1.000000e+00
    outer loop
      vertex -1.007295e+01 -1.285317e+01 1.200000e+00
      vertex -1.500000e+01 -1.500000e+01 1.200000e+00
      vertex 1.500000e+01 -1.500000e+01 1.200000e+00
    endloop
  endfacet
  facet normal 0.000000e+00 0.000000e+00 1.000000e+00
    outer loop
      vertex -1.400000e+01 -1.000000e+01 1.200000e+00
      vertex -1.500000e+01 -1.500000e+01 1.200000e+00
      vertex -1.342705e+01 -1.176336e+01 1.200000e+00
    endloop
  endfacet
  facet normal 0.000000e+00 0.000000e+00 1.000000e+00
    outer loop
      vertex -1.500000e+01 1.500000e+01 1.200000e+00
      vertex -1.500000e+01 -1.500000e+01 1.200000e+00
      vertex -1.400000e+01 -1.000000e+01 1.200000e+00
    endloop
  endfacet
  facet normal 0.000000e+00 0.000000e+00 1.000000e+00
    outer loop
      vertex -8.572950e+00 -1.176336e+01 1.200000e+00
      vertex -1.007295e+01 -1.285317e+01 1.200000e+00
      vertex 1.500000e+01 -1.500000e+01 1.200000e+00
    endloop
  endfacet
  facet normal 0.000000e+00 0.000000e+00 1.000000e+00
    outer loop
      vertex -1.500000e+01 1.500000e+01 1.200000e+00
      vertex -1.342705e+01 -8.236640e+00 1.200000e+00
      vertex -1.192705e+01 -7.146830e+00 1.200000e+00
    endloop
  endfacet
  facet normal 0.000000e+00 0.000000e+00 1.000000e+00
    outer loop
      vertex -1.500000e+01 1.500000e+01 1.200000e+00
      vertex -1.192705e+01 -7.146830e+00 1.200000e+00
      vertex -1.100000e+01 -7.146830e+00 1.200000e+00
    endloop
  endfacet
  facet normal 0.000000e+00 0.000000e+00 1.000000e+00
    outer loop
      vertex -1.192705e+01 7.146799e+00 1.200000e+00
      vertex -1.100000e+01 -7.146830e+00 1.200000e+00
      vertex -1.100000e+01 7.146799e+00 1.200000e+00
    endloop
  endfacet
  facet normal 0.000000e+00 0.000000e+00 1.000000e+00
    outer loop
      vertex -1.342705e+01 8.236601e+00 1.200000e+00
      vertex -1.100000e+01 -7.146830e+00 1.200000e+00
      vertex -1.192705e+01 7.146799e+00 1.200000e+00
    endloop
  endfacet
  facet normal 0.000000e+00 0.000000e+00 1.000000e+00
    outer loop
      vertex -1.400000e+01 1.000000e+01 1.200000e+00
      vertex -1.100000e+01 -7.146830e+00 1.200000e+00
      vertex -1.342705e+01 8.236601e+00 1.200000e+00
    endloop
  endfacet
  facet normal 0.000000e+00 0.000000e+00 1.000000e+00
    outer loop
      vertex -1.500000e+01 1.500000e+01 1.200000e+00
      vertex -1.100000e+01 -7.146830e+00 1.200000e+00
      vertex -1.400000e+01 1.000000e+01 1.200000e+00
    endloop
  endfacet
  facet normal 0.000000e+00 0.000000e+00 1.000000e+00
    outer loop
      vertex 1.100000e+01 3.000000e+00 1.200000e+00
      vertex 1.142710e+01 8.236601e+00 1.200000e+00
      vertex 1.100000e+01 7.926399e+00 1.200000e+00
    endloop
  endfacet
  facet normal 0.000000e+00 0.000000e+00 1.000000e+00
    outer loop
      vertex 1.142710e+01 -1.176336e+01 1.200000e+00
      vertex 9.927099e+00 -1.285317e+01 1.200000e+00
      vertex 1.500000e+01 -1.500000e+01 1.200000e+00
    endloop
  endfacet
  facet normal 0.000000e+00 0.000000e+00 1.000000e+00
    outer loop
      vertex 1.500000e+01 1.500000e+01 1.200000e+00
      vertex -1.500000e+01 1.500000e+01 1.200000e+00
      vertex -1.192705e+01 1.285320e+01 1.200000e+00
    endloop
  endfacet
  facet normal 0.000000e+00 0.000000e+00 1.000000e+00
    outer loop
      vertex 1.500000e+01 1.500000e+01 1.200000e+00
      vertex -1.192705e+01 1.285320e+01 1.200000e+00
      vertex -1.007295e+01 1.285320e+01 1.200000e+00
    endloop
  endfacet
  facet normal 0.000000e+00 0.000000e+00 1.000000e+00
    outer loop
      vertex 1.500000e+01 1.500000e+01 1.200000e+00
      vertex -1.007295e+01 1.285320e+01 1.200000e+00
      vertex -8.898660e+00 1.200000e+01 1.200000e+00
    endloop
  endfacet
  facet normal 0.000000e+00 0.000000e+00 1.000000e+00
    outer loop
      vertex 1.142710e+01 -8.236640e+00 1.200000e+00
      vertex 1.200000e+01 -1.000000e+01 1.200000e+00
      vertex 1.500000e+01 -1.500000e+01 1.200000e+00
    endloop
  endfacet
  facet normal 0.000000e+00 0.000000e+00 1.000000e+00
    outer loop
      vertex 8.072901e+00 1.285320e+01 1.200000e+00
      vertex -8.898660e+00 1.200000e+01 1.200000e+00
      vertex 6.898701e+00 1.200000e+01 1.200000e+00
    endloop
  endfacet
  facet normal 0.000000e+00 0.000000e+00 1.000000e+00
    outer loop
      vertex 1.500000e+01 1.500000e+01 1.200000e+00
      vertex -8.898660e+00 1.200000e+01 1.200000e+00
      vertex 8.072901e+00 1.285320e+01 1.200000e+00
    endloop
  endfacet
  facet normal 0.000000e+00 0.000000e+00 1.000000e+00
    outer loop
      vertex 6.572901e+00 -1.176336e+01 1.200000e+00
      vertex -8.324920e+00 -1.100000e+01 1.200000e+00
      vertex 8.072901e+00 -1.285317e+01 1.200000e+00
    endloop
  endfacet
  facet normal 0.000000e+00 0.000000e+00 1.000000e+00
    outer loop
      vertex 1.500000e+01 1.500000e+01 1.200000e+00
      vertex 9.927099e+00 1.285320e+01 1.200000e+00
      vertex 1.142710e+01 1.176340e+01 1.200000e+00
    endloop
  endfacet
  facet normal 0.000000e+00 0.000000e+00 1.000000e+00
    outer loop
      vertex 1.500000e+01 1.500000e+01 1.200000e+00
      vertex 1.142710e+01 1.176340e+01 1.200000e+00
      vertex 1.200000e+01 1.000000e+01 1.200000e+00
    endloop
  endfacet
  facet normal 0.000000e+00 0.000000e+00 1.000000e+00
    outer loop
      vertex 8.072901e+00 -1.285317e+01 1.200000e+00
      vertex -8.324920e+00 -1.100000e+01 1.200000e+00
      vertex 1.500000e+01 -1.500000e+01 1.200000e+00
    endloop
  endfacet
  facet normal 0.000000e+00 0.000000e+00 1.000000e+00
    outer loop
      vertex 1.300000e+01 3.000000e+00 1.200000e+00
      vertex 1.300000e+01 -3.000000e+00 1.200000e+00
      vertex 1.500000e+01 -1.500000e+01 1.200000e+00
    endloop
  endfacet
  facet normal 0.000000e+00 0.000000e+00 1.000000e+00
    outer loop
      vertex 1.500000e+01 1.500000e+01 1.200000e+00
      vertex 1.300000e+01 3.000000e+00 1.200000e+00
      vertex 1.500000e+01 -1.500000e+01 1.200000e+00
    endloop
  endfacet
  facet normal 0.000000e+00 0.000000e+00 1.000000e+00
    outer loop
      vertex 1.500000e+01 1.500000e+01 1.200000e+00
      vertex 1.200000e+01 1.000000e+01 1.200000e+00
      vertex 1.300000e+01 3.000000e+00 1.200000e+00
    endloop
  endfacet
  facet normal 0.000000e+00 0.000000e+00 1.000000e+00
    outer loop
      vertex 1.300000e+01 -3.000000e+00 1.200000e+00
      vertex 1.100000e+01 -3.000000e+00 1.200000e+00
      vertex 1.500000e+01 -1.500000e+01 1.200000e+00
    endloop
  endfacet
  facet normal 0.000000e+00 0.000000e+00 1.000000e+00
    outer loop
      vertex 1.200000e+01 -1.000000e+01 1.200000e+00
      vertex 1.142710e+01 -1.176336e+01 1.200000e+00
      vertex 1.500000e+01 -1.500000e+01 1.200000e+00
    endloop
  endfacet
  facet normal 0.000000e+00 0.000000e+00 1.000000e+00
    outer loop
      vertex 1.100000e+01 -3.000000e+00 1.200000e+00
      vertex 1.142710e+01 -8.236640e+00 1.200000e+00
      vertex 1.500000e+01 -1.500000e+01 1.200000e+00
    endloop
  endfacet
  facet normal 0.000000e+00 0.000000e+00 1.000000e+00
    outer loop
      vertex 1.100000e+01 -3.000000e+00 1.200000e+00
      vertex 1.100000e+01 -7.926370e+00 1.200000e+00
      vertex 1.142710e+01 -8.236640e+00 1.200000e+00
    endloop
  endfacet
  facet normal 0.000000e+00 0.000000e+00 1.000000e+00
    outer loop
      vertex 8.072901e+00 1.285320e+01 1.200000e+00
      vertex 9.927099e+00 1.285320e+01 1.200000e+00
      vertex 1.500000e+01 1.500000e+01 1.200000e+00
    endloop
  endfacet
  facet normal 0.000000e+00 0.000000e+00 1.000000e+00
    outer loop
      vertex 9.927099e+00 -1.285317e+01 1.200000e+00
      vertex 8.072901e+00 -1.285317e+01 1.200000e+00
      vertex 1.500000e+01 -1.500000e+01 1.200000e+00
    endloop
  endfacet
  facet normal 0.000000e+00 0.000000e+00 1.000000e+00
    outer loop
      vertex 6.200001e+00 -1.100000e+01 1.200000e+00
      vertex 6.572901e+00 -1.176336e+01 1.200000e+00
      vertex 6.200001e+00 -1.061554e+01 1.200000e+00
    endloop
  endfacet
  facet normal 0.000000e+00 0.000000e+00 1.000000e+00
    outer loop
      vertex -8.324920e+00 -1.100000e+01 1.200000e+00
      vertex -8.572950e+00 -1.176336e+01 1.200000e+00
      vertex 1.500000e+01 -1.500000e+01 1.200000e+00
    endloop
  endfacet
  facet normal 0.000000e+00 0.000000e+00 1.000000e+00
    outer loop
      vertex -1.192705e+01 -1.285317e+01 1.200000e+00
      vertex -1.500000e+01 -1.500000e+01 1.200000e+00
      vertex -1.007295e+01 -1.285317e+01 1.200000e+00
    endloop
  endfacet
  facet normal 0.000000e+00 0.000000e+00 1.000000e+00
    outer loop
      vertex -1.342705e+01 -1.176336e+01 1.200000e+00
      vertex -1.500000e+01 -1.500000e+01 1.200000e+00
      vertex -1.192705e+01 -1.285317e+01 1.200000e+00
    endloop
  endfacet
  facet normal 0.000000e+00 0.000000e+00 1.000000e+00
    outer loop
      vertex -1.400000e+01 -1.000000e+01 1.200000e+00
      vertex -1.342705e+01 -8.236640e+00 1.200000e+00
      vertex -1.500000e+01 1.500000e+01 1.200000e+00
    endloop
  endfacet
  facet normal 0.000000e+00 0.000000e+00 1.000000e+00
    outer loop
      vertex -1.400000e+01 1.000000e+01 1.200000e+00
      vertex -1.342705e+01 1.176340e+01 1.200000e+00
      vertex -1.500000e+01 1.500000e+01 1.200000e+00
    endloop
  endfacet
  facet normal 0.000000e+00 0.000000e+00 1.000000e+00
    outer loop
      vertex -1.342705e+01 1.176340e+01 1.200000e+00
      vertex -1.192705e+01 1.285320e+01 1.200000e+00
      vertex -1.500000e+01 1.500000e+01 1.200000e+00
    endloop
  endfacet
  facet normal 0.000000e+00 0.000000e+00 1.000000e+00
    outer loop
      vertex 1.100000e+01 3.000000e+00 1.200000e+00
      vertex 1.200000e+01 1.000000e+01 1.200000e+00
      vertex 1.142710e+01 8.236601e+00 1.200000e+00
    endloop
  endfacet
  facet normal 0.000000e+00 0.000000e+00 1.000000e+00
    outer loop
      vertex 1.100000e+01 3.000000e+00 1.200000e+00
      vertex 1.300000e+01 3.000000e+00 1.200000e+00
      vertex 1.200000e+01 1.000000e+01 1.200000e+00
    endloop
  endfacet
  facet normal 0.000000e+00 0.000000e+00 1.000000e+00
    outer loop
      vertex 6.200001e+00 -1.100000e+01 1.200000e+00
      vertex -8.324920e+00 -1.100000e+01 1.200000e+00
      vertex 6.572901e+00 -1.176336e+01 1.200000e+00
    endloop
  endfacet
  facet normal 1.000000e+00 0.000000e+00 0.000000e+00
    outer loop
      vertex 1.500000e+01 -1.500000e+01 1.200000e+00
      vertex 1.500000e+01 -1.500000e+01 0.000000e+00
      vertex 1.500000e+01 1.500000e+01 0.000000e+00
    endloop
  endfacet
  facet normal 1.000000e+00 0.000000e+00 0.000000e+00
    outer loop
      vertex 1.500000e+01 1.500000e+01 1.200000e+00
      vertex 1.500000e+01 -1.500000e+01 1.200000e+00
      vertex 1.500000e+01 1.500000e+01 0.000000e+00
    endloop
  endfacet
  facet normal -5.877851e-01 -8.090171e-01 0.000000e+00
    outer loop
      vertex -1.342705e+01 -1.176336e+01 6.057360e+00
      vertex -1.342705e+01 -1.176336e+01 1.200000e+00
      vertex -1.192705e+01 -1.285317e+01 1.200000e+00
    endloop
  endfacet
  facet normal -5.877851e-01 -8.090171e-01 -4.361141e-16
    outer loop
      vertex -1.332539e+01 -1.183722e+01 6.000000e+00
      vertex -1.342705e+01 -1.176336e+01 6.057360e+00
      vertex -1.192705e+01 -1.285317e+01 1.200000e+00
    endloop
  endfacet
  facet normal -5.877851e-01 -8.090171e-01 0.000000e+00
    outer loop
      vertex -1.192705e+01 -1.285317e+01 6.032220e+00
      vertex -1.197913e+01 -1.281533e+01 6.000000e+00
      vertex -1.192705e+01 -1.285317e+01 1.200000e+00
    endloop
  endfacet
  facet normal -5.877851e-01 -8.090171e-01 -3.377580e-17
    outer loop
      vertex -1.197913e+01 -1.281533e+01 6.000000e+00
      vertex -1.332539e+01 -1.183722e+01 6.000000e+00
      vertex -1.192705e+01 -1.285317e+01 1.200000e+00
    endloop
  endfacet
  facet normal -9.510566e-01 -3.090169e-01 -0.000000e+00
    outer loop
      vertex -1.400000e+01 -1.000000e+01 1.200000e+00
      vertex -1.342705e+01 -1.176336e+01 1.200000e+00
      vertex -1.400000e+01 -1.000000e+01 6.089780e+00
    endloop
  endfacet
  facet normal -9.510566e-01 -3.090169e-01 0.000000e+00
    outer loop
      vertex -1.352928e+01 -1.144874e+01 6.000000e+00
      vertex -1.342705e+01 -1.176336e+01 1.200000e+00
      vertex -1.342705e+01 -1.176336e+01 6.057360e+00
    endloop
  endfacet
  facet normal -9.510566e-01 -3.090169e-01 -5.366898e-17
    outer loop
      vertex -1.391282e+01 -1.026830e+01 6.000000e+00
      vertex -1.342705e+01 -1.176336e+01 1.200000e+00
      vertex -1.352928e+01 -1.144874e+01 6.000000e+00
    endloop
  endfacet
  facet normal -9.510566e-01 -3.090169e-01 -3.419498e-17
    outer loop
      vertex -1.400000e+01 -1.000000e+01 6.089780e+00
      vertex -1.342705e+01 -1.176336e+01 1.200000e+00
      vertex -1.391282e+01 -1.026830e+01 6.000000e+00
    endloop
  endfacet
  facet normal 0.000000e+00 -1.000000e+00 0.000000e+00
    outer loop
      vertex -1.192705e+01 -1.285317e+01 6.032220e+00
      vertex -1.192705e+01 -1.285317e+01 1.200000e+00
      vertex -1.007295e+01 -1.285317e+01 1.200000e+00
    endloop
  endfacet
  facet normal 0.000000e+00 -1.000000e+00 0.000000e+00
    outer loop
      vertex -1.166750e+01 -1.285317e+01 6.000000e+00
      vertex -1.192705e+01 -1.285317e+01 6.032220e+00
      vertex -1.007295e+01 -1.285317e+01 1.200000e+00
    endloop
  endfacet
  facet normal 0.000000e+00 -1.000000e+00 0.000000e+00
    outer loop
      vertex -1.007295e+01 -1.285317e+01 6.086180e+00
      vertex -1.030891e+01 -1.285317e+01 6.000000e+00
      vertex -1.007295e+01 -1.285317e+01 1.200000e+00
    endloop
  endfacet
  facet normal 0.000000e+00 -1.000000e+00 0.000000e+00
    outer loop
      vertex -1.030891e+01 -1.285317e+01 6.000000e+00
      vertex -1.166750e+01 -1.285317e+01 6.000000e+00
      vertex -1.007295e+01 -1.285317e+01 1.200000e+00
    endloop
  endfacet
  facet normal 5.877851e-01 -8.090171e-01 0.000000e+00
    outer loop
      vertex -1.007295e+01 -1.285317e+01 6.086180e+00
      vertex -1.007295e+01 -1.285317e+01 1.200000e+00
      vertex -8.572950e+00 -1.176336e+01 1.200000e+00
    endloop
  endfacet
  facet normal 5.877851e-01 -8.090171e-01 2.003480e-16
    outer loop
      vertex -9.815280e+00 -1.266596e+01 6.000000e+00
      vertex -1.007295e+01 -1.285317e+01 6.086180e+00
      vertex -8.572950e+00 -1.176336e+01 1.200000e+00
    endloop
  endfacet
  facet normal 5.877851e-01 -8.090171e-01 0.000000e+00
    outer loop
      vertex -8.572950e+00 -1.176336e+01 6.075360e+00
      vertex -8.847280e+00 -1.196267e+01 6.000000e+00
      vertex -8.572950e+00 -1.176336e+01 1.200000e+00
    endloop
  endfacet
  facet normal 5.877851e-01 -8.090171e-01 -8.350891e-17
    outer loop
      vertex -8.847280e+00 -1.196267e+01 6.000000e+00
      vertex -9.815280e+00 -1.266596e+01 6.000000e+00
      vertex -8.572950e+00 -1.176336e+01 1.200000e+00
    endloop
  endfacet
  facet normal 9.510566e-01 -3.090169e-01 0.000000e+00
    outer loop
      vertex -8.572950e+00 -1.176336e+01 6.075360e+00
      vertex -8.572950e+00 -1.176336e+01 1.200000e+00
      vertex -8.324920e+00 -1.100000e+01 1.200000e+00
    endloop
  endfacet
  facet normal 9.510566e-01 -3.090169e-01 1.139889e-16
    outer loop
      vertex -8.516330e+00 -1.158911e+01 6.000000e+00
      vertex -8.572950e+00 -1.176336e+01 6.075360e+00
      vertex -8.324920e+00 -1.100000e+01 1.200000e+00
    endloop
  endfacet
  facet normal 9.510566e-01 -3.090169e-01 0.000000e+00
    outer loop
      vertex -8.324920e+00 -1.100000e+01 6.000000e+00
      vertex -8.516330e+00 -1.158911e+01 6.000000e+00
      vertex -8.324920e+00 -1.100000e+01 1.200000e+00
    endloop
  endfacet
  facet normal 0.000000e+00 -1.000000e+00 0.000000e+00
    outer loop
      vertex -8.324920e+00 -1.100000e+01 6.000000e+00
      vertex -8.324920e+00 -1.100000e+01 1.200000e+00
      vertex 6.200001e+00 -1.100000e+01 1.200000e+00
    endloop
  endfacet
  facet normal 0.000000e+00 -1.000000e+00 0.000000e+00
    outer loop
      vertex -8.246480e+00 -1.100000e+01 6.000000e+00
      vertex -8.324920e+00 -1.100000e+01 6.000000e+00
      vertex 6.200001e+00 -1.100000e+01 1.200000e+00
    endloop
  endfacet
  facet normal 0.000000e+00 -1.000000e+00 0.000000e+00
    outer loop
      vertex -7.708520e+00 -1.100000e+01 6.537950e+00
      vertex 5.138700e+00 -1.100000e+01 9.000000e+00
      vertex 6.200001e+00 -1.100000e+01 1.029050e+01
    endloop
  endfacet
  facet normal 0.000000e+00 -1.000000e+00 0.000000e+00
    outer loop
      vertex 4.317900e+00 -1.100000e+01 1.420000e+01
      vertex 4.487301e+00 -1.100000e+01 1.400000e+01
      vertex 6.200001e+00 -1.100000e+01 1.420000e+01
    endloop
  endfacet
  facet normal 0.000000e+00 -1.000000e+00 0.000000e+00
    outer loop
      vertex -7.708520e+00 -1.100000e+01 6.537950e+00
      vertex 5.138700e+00 -1.100000e+01 7.000000e+00
      vertex 5.138700e+00 -1.100000e+01 9.000000e+00
    endloop
  endfacet
  facet normal 0.000000e+00 -1.000000e+00 0.000000e+00
    outer loop
      vertex -7.708520e+00 -1.100000e+01 6.537950e+00
      vertex -8.246480e+00 -1.100000e+01 6.000000e+00
      vertex 6.200001e+00 -1.100000e+01 6.032110e+00
    endloop
  endfacet
  facet normal 0.000000e+00 -1.000000e+00 0.000000e+00
    outer loop
      vertex -7.708520e+00 -1.100000e+01 6.537950e+00
      vertex 6.200001e+00 -1.100000e+01 1.029050e+01
      vertex -2.000000e+00 -1.100000e+01 9.200000e+00
    endloop
  endfacet
  facet normal 0.000000e+00 -1.000000e+00 0.000000e+00
    outer loop
      vertex 6.200001e+00 -1.100000e+01 1.420000e+01
      vertex -2.000000e+00 -1.100000e+01 9.200000e+00
      vertex 6.200001e+00 -1.100000e+01 1.029050e+01
    endloop
  endfacet
  facet normal 0.000000e+00 -1.000000e+00 0.000000e+00
    outer loop
      vertex -7.708520e+00 -1.100000e+01 6.537950e+00
      vertex 6.200001e+00 -1.100000e+01 6.032110e+00
      vertex 5.184099e+00 -1.100000e+01 6.958590e+00
    endloop
  endfacet
  facet normal 0.000000e+00 -1.000000e+00 0.000000e+00
    outer loop
      vertex -2.000000e+00 -1.100000e+01 9.200000e+00
      vertex -7.246480e+00 -1.100000e+01 7.000000e+00
      vertex -7.708520e+00 -1.100000e+01 6.537950e+00
    endloop
  endfacet
  facet normal 0.000000e+00 -1.000000e+00 0.000000e+00
    outer loop
      vertex 6.200001e+00 -1.100000e+01 6.032110e+00
      vertex -8.246480e+00 -1.100000e+01 6.000000e+00
      vertex 6.200001e+00 -1.100000e+01 1.200000e+00
    endloop
  endfacet
  facet normal 0.000000e+00 -1.000000e+00 0.000000e+00
    outer loop
      vertex -2.000000e+00 -1.100000e+01 9.200000e+00
      vertex -7.246480e+00 -1.100000e+01 9.000000e+00
      vertex -7.246480e+00 -1.100000e+01 7.000000e+00
    endloop
  endfacet
  facet normal 0.000000e+00 -1.000000e+00 0.000000e+00
    outer loop
      vertex -2.000000e+00 -1.100000e+01 9.200000e+00
      vertex -7.396480e+00 -1.100000e+01 9.200000e+00
      vertex -7.246480e+00 -1.100000e+01 9.000000e+00
    endloop
  endfacet
  facet normal 0.000000e+00 -1.000000e+00 0.000000e+00
    outer loop
      vertex -7.708520e+00 -1.100000e+01 6.537950e+00
      vertex 5.184099e+00 -1.100000e+01 6.958590e+00
      vertex 5.138700e+00 -1.100000e+01 7.000000e+00
    endloop
  endfacet
  facet normal 0.000000e+00 -1.000000e+00 0.000000e+00
    outer loop
      vertex -2.000000e+00 -1.100000e+01 1.420000e+01
      vertex -4.872999e-01 -1.100000e+01 1.400000e+01
      vertex -3.178997e-01 -1.100000e+01 1.420000e+01
    endloop
  endfacet
  facet normal 0.000000e+00 -1.000000e+00 0.000000e+00
    outer loop
      vertex 4.487301e+00 -1.100000e+01 1.400000e+01
      vertex -2.000000e+00 -1.100000e+01 9.200000e+00
      vertex 6.200001e+00 -1.100000e+01 1.420000e+01
    endloop
  endfacet
  facet normal 0.000000e+00 -1.000000e+00 0.000000e+00
    outer loop
      vertex -4.872999e-01 -1.100000e+01 1.400000e+01
      vertex -2.000000e+00 -1.100000e+01 9.200000e+00
      vertex 4.487301e+00 -1.100000e+01 1.400000e+01
    endloop
  endfacet
  facet normal 0.000000e+00 -1.000000e+00 0.000000e+00
    outer loop
      vertex -2.000000e+00 -1.100000e+01 1.420000e+01
      vertex -2.000000e+00 -1.100000e+01 9.200000e+00
      vertex -4.872999e-01 -1.100000e+01 1.400000e+01
    endloop
  endfacet
  facet normal 1.000000e+00 0.000000e+00 0.000000e+00
    outer loop
      vertex 6.200001e+00 -1.100000e+01 6.032110e+00
      vertex 6.200001e+00 -1.100000e+01 1.200000e+00
      vertex 6.200001e+00 -1.061554e+01 1.200000e+00
    endloop
  endfacet
  facet normal 1.000000e+00 0.000000e+00 0.000000e+00
    outer loop
      vertex 6.200001e+00 -1.093292e+01 6.000000e+00
      vertex 6.200001e+00 -1.100000e+01 6.032110e+00
      vertex 6.200001e+00 -1.061554e+01 1.200000e+00
    endloop
  endfacet
  facet normal 1.000000e+00 0.000000e+00 0.000000e+00
    outer loop
      vertex 6.200001e+00 -1.061554e+01 6.000000e+00
      vertex 6.200001e+00 -1.093292e+01 6.000000e+00
      vertex 6.200001e+00 -1.061554e+01 1.200000e+00
    endloop
  endfacet
  facet normal -9.510566e-01 -3.090169e-01 -0.000000e+00
    outer loop
      vertex 6.200001e+00 -1.061554e+01 1.200000e+00
      vertex 6.572901e+00 -1.176336e+01 1.200000e+00
      vertex 6.200001e+00 -1.061554e+01 6.000000e+00
    endloop
  endfacet
  facet normal -9.510566e-01 -3.090169e-01 0.000000e+00
    outer loop
      vertex 6.470699e+00 -1.144874e+01 6.000000e+00
      vertex 6.572901e+00 -1.176336e+01 1.200000e+00
      vertex 6.572901e+00 -1.176336e+01 6.057360e+00
    endloop
  endfacet
  facet normal -9.510566e-01 -3.090169e-01 -2.090989e-16
    outer loop
      vertex 6.200001e+00 -1.061554e+01 6.000000e+00
      vertex 6.572901e+00 -1.176336e+01 1.200000e+00
      vertex 6.470699e+00 -1.144874e+01 6.000000e+00
    endloop
  endfacet
  facet normal -5.877851e-01 -8.090171e-01 0.000000e+00
    outer loop
      vertex 6.572901e+00 -1.176336e+01 6.057360e+00
      vertex 6.572901e+00 -1.176336e+01 1.200000e+00
      vertex 8.072901e+00 -1.285317e+01 1.200000e+00
    endloop
  endfacet
  facet normal -5.877851e-01 -8.090171e-01 -4.361141e-16
    outer loop
      vertex 6.674601e+00 -1.183722e+01 6.000000e+00
      vertex 6.572901e+00 -1.176336e+01 6.057360e+00
      vertex 8.072901e+00 -1.285317e+01 1.200000e+00
    endloop
  endfacet
  facet normal -5.877851e-01 -8.090171e-01 0.000000e+00
    outer loop
      vertex 8.072901e+00 -1.285317e+01 6.032220e+00
      vertex 8.020901e+00 -1.281533e+01 6.000000e+00
      vertex 8.072901e+00 -1.285317e+01 1.200000e+00
    endloop
  endfacet
  facet normal -5.877851e-01 -8.090171e-01 -1.463620e-16
    outer loop
      vertex 8.020901e+00 -1.281533e+01 6.000000e+00
      vertex 6.674601e+00 -1.183722e+01 6.000000e+00
      vertex 8.072901e+00 -1.285317e+01 1.200000e+00
    endloop
  endfacet
  facet normal 0.000000e+00 -1.000000e+00 0.000000e+00
    outer loop
      vertex 8.072901e+00 -1.285317e+01 6.032220e+00
      vertex 8.072901e+00 -1.285317e+01 1.200000e+00
      vertex 9.927099e+00 -1.285317e+01 1.200000e+00
    endloop
  endfacet
  facet normal 0.000000e+00 -1.000000e+00 0.000000e+00
    outer loop
      vertex 8.332500e+00 -1.285317e+01 6.000000e+00
      vertex 8.072901e+00 -1.285317e+01 6.032220e+00
      vertex 9.927099e+00 -1.285317e+01 1.200000e+00
    endloop
  endfacet
  facet normal 0.000000e+00 -1.000000e+00 0.000000e+00
    outer loop
      vertex 9.927099e+00 -1.285317e+01 6.086180e+00
      vertex 9.691099e+00 -1.285317e+01 6.000000e+00
      vertex 9.927099e+00 -1.285317e+01 1.200000e+00
    endloop
  endfacet
  facet normal 0.000000e+00 -1.000000e+00 0.000000e+00
    outer loop
      vertex 9.691099e+00 -1.285317e+01 6.000000e+00
      vertex 8.332500e+00 -1.285317e+01 6.000000e+00
      vertex 9.927099e+00 -1.285317e+01 1.200000e+00
    endloop
  endfacet
  facet normal 5.877851e-01 -8.090171e-01 0.000000e+00
    outer loop
      vertex 9.927099e+00 -1.285317e+01 6.086180e+00
      vertex 9.927099e+00 -1.285317e+01 1.200000e+00
      vertex 1.142710e+01 -1.176336e+01 1.200000e+00
    endloop
  endfacet
  facet normal 5.877851e-01 -8.090171e-01 8.586351e-16
    outer loop
      vertex 1.018470e+01 -1.266596e+01 6.000000e+00
      vertex 9.927099e+00 -1.285317e+01 6.086180e+00
      vertex 1.142710e+01 -1.176336e+01 1.200000e+00
    endloop
  endfacet
  facet normal 5.877851e-01 -8.090171e-01 0.000000e+00
    outer loop
      vertex 1.142710e+01 -1.176336e+01 6.075360e+00
      vertex 1.115270e+01 -1.196267e+01 6.000000e+00
      vertex 1.142710e+01 -1.176336e+01 1.200000e+00
    endloop
  endfacet
  facet normal 5.877851e-01 -8.090171e-01 -1.113450e-16
    outer loop
      vertex 1.115270e+01 -1.196267e+01 6.000000e+00
      vertex 1.018470e+01 -1.266596e+01 6.000000e+00
      vertex 1.142710e+01 -1.176336e+01 1.200000e+00
    endloop
  endfacet
  facet normal 9.510566e-01 -3.090169e-01 0.000000e+00
    outer loop
      vertex 1.142710e+01 -1.176336e+01 6.075360e+00
      vertex 1.142710e+01 -1.176336e+01 1.200000e+00
      vertex 1.200000e+01 -1.000000e+01 1.200000e+00
    endloop
  endfacet
  facet normal 9.510566e-01 -3.090169e-01 5.304228e-16
    outer loop
      vertex 1.148370e+01 -1.158911e+01 6.000000e+00
      vertex 1.142710e+01 -1.176336e+01 6.075360e+00
      vertex 1.200000e+01 -1.000000e+01 1.200000e+00
    endloop
  endfacet
  facet normal 9.510566e-01 -3.090169e-01 0.000000e+00
    outer loop
      vertex 1.200000e+01 -1.000000e+01 6.000000e+00
      vertex 1.148370e+01 -1.158911e+01 6.000000e+00
      vertex 1.200000e+01 -1.000000e+01 1.200000e+00
    endloop
  endfacet
  facet normal 9.510566e-01 3.090169e-01 0.000000e+00
    outer loop
      vertex 1.200000e+01 -1.000000e+01 1.200000e+00
      vertex 1.142710e+01 -8.236640e+00 1.200000e+00
      vertex 1.142710e+01 -8.236640e+00 6.075360e+00
    endloop
  endfacet
  facet normal 9.510566e-01 3.090169e-01 0.000000e+00
    outer loop
      vertex 1.200000e+01 -1.000000e+01 6.000000e+00
      vertex 1.200000e+01 -1.000000e+01 1.200000e+00
      vertex 1.148370e+01 -8.410890e+00 6.000000e+00
    endloop
  endfacet
  facet normal 9.510566e-01 3.090169e-01 8.486757e-16
    outer loop
      vertex 1.148370e+01 -8.410890e+00 6.000000e+00
      vertex 1.200000e+01 -1.000000e+01 1.200000e+00
      vertex 1.142710e+01 -8.236640e+00 6.075360e+00
    endloop
  endfacet
  facet normal 5.877851e-01 8.090171e-01 0.000000e+00
    outer loop
      vertex 1.100000e+01 -7.926370e+00 1.200000e+00
      vertex 1.100000e+01 -7.926370e+00 6.000000e+00
      vertex 1.142710e+01 -8.236640e+00 1.200000e+00
    endloop
  endfacet
  facet normal 5.877851e-01 8.090171e-01 4.300560e-16
    outer loop
      vertex 1.142710e+01 -8.236640e+00 1.200000e+00
      vertex 1.100000e+01 -7.926370e+00 6.000000e+00
      vertex 1.115270e+01 -8.037330e+00 6.000000e+00
    endloop
  endfacet
  facet normal 5.877851e-01 8.090171e-01 0.000000e+00
    outer loop
      vertex 1.142710e+01 -8.236640e+00 1.200000e+00
      vertex 1.115270e+01 -8.037330e+00 6.000000e+00
      vertex 1.142710e+01 -8.236640e+00 6.075360e+00
    endloop
  endfacet
  facet normal 1.000000e+00 0.000000e+00 0.000000e+00
    outer loop
      vertex 1.100000e+01 -7.926370e+00 6.000000e+00
      vertex 1.100000e+01 -7.926370e+00 1.200000e+00
      vertex 1.100000e+01 -3.000000e+00 1.200000e+00
    endloop
  endfacet
  facet normal 1.000000e+00 0.000000e+00 0.000000e+00
    outer loop
      vertex 1.100000e+01 -7.864940e+00 6.000000e+00
      vertex 1.100000e+01 -7.926370e+00 6.000000e+00
      vertex 1.100000e+01 -3.000000e+00 1.200000e+00
    endloop
  endfacet
  facet normal 1.000000e+00 0.000000e+00 0.000000e+00
    outer loop
      vertex 1.100000e+01 -6.604810e+00 9.000000e+00
      vertex 1.100000e+01 -6.604810e+00 7.000000e+00
      vertex 1.100000e+01 -3.000000e+00 9.000000e+00
    endloop
  endfacet
  facet normal 1.000000e+00 0.000000e+00 0.000000e+00
    outer loop
      vertex 1.100000e+01 -6.604810e+00 7.000000e+00
      vertex 1.100000e+01 -6.752780e+00 6.857500e+00
      vertex 1.100000e+01 -3.000000e+00 9.000000e+00
    endloop
  endfacet
  facet normal 1.000000e+00 0.000000e+00 0.000000e+00
    outer loop
      vertex 1.100000e+01 -6.752780e+00 6.857500e+00
      vertex 1.100000e+01 -7.102500e+00 6.520730e+00
      vertex 1.100000e+01 -3.000000e+00 9.000000e+00
    endloop
  endfacet
  facet normal 1.000000e+00 0.000000e+00 0.000000e+00
    outer loop
      vertex 1.100000e+01 -3.000000e+00 9.000000e+00
      vertex 1.100000e+01 -7.629250e+00 6.160970e+00
      vertex 1.100000e+01 -3.000000e+00 1.200000e+00
    endloop
  endfacet
  facet normal 1.000000e+00 0.000000e+00 0.000000e+00
    outer loop
      vertex 1.100000e+01 -7.629250e+00 6.160970e+00
      vertex 1.100000e+01 -7.864940e+00 6.000000e+00
      vertex 1.100000e+01 -3.000000e+00 1.200000e+00
    endloop
  endfacet
  facet normal 1.000000e+00 0.000000e+00 0.000000e+00
    outer loop
      vertex 1.100000e+01 -7.102500e+00 6.520730e+00
      vertex 1.100000e+01 -7.629250e+00 6.160970e+00
      vertex 1.100000e+01 -3.000000e+00 9.000000e+00
    endloop
  endfacet
  facet normal 0.000000e+00 -1.000000e+00 0.000000e+00
    outer loop
      vertex 7.000000e+00 -3.000000e+00 1.120000e+01
      vertex 7.000000e+00 -3.000000e+00 1.200000e+00
      vertex 8.000000e+00 -3.000000e+00 1.200000e+00
    endloop
  endfacet
  facet normal 0.000000e+00 -1.000000e+00 0.000000e+00
    outer loop
      vertex 1.100000e+01 -3.000000e+00 9.000000e+00
      vertex 7.000000e+00 -3.000000e+00 1.120000e+01
      vertex 8.000000e+00 -3.000000e+00 9.000000e+00
    endloop
  endfacet
  facet normal 0.000000e+00 -1.000000e+00 0.000000e+00
    outer loop
      vertex 8.000000e+00 -3.000000e+00 9.000000e+00
      vertex 7.000000e+00 -3.000000e+00 1.120000e+01
      vertex 8.000000e+00 -3.000000e+00 1.200000e+00
    endloop
  endfacet
  facet normal 0.000000e+00 -1.000000e+00 0.000000e+00
    outer loop
      vertex 7.809099e+00 -3.000000e+00 1.100000e+01
      vertex 7.000000e+00 -3.000000e+00 1.120000e+01
      vertex 1.100000e+01 -3.000000e+00 9.000000e+00
    endloop
  endfacet
  facet normal 0.000000e+00 -1.000000e+00 0.000000e+00
    outer loop
      vertex 1.300000e+01 -3.000000e+00 1.200000e+00
      vertex 1.100000e+01 -3.000000e+00 9.000000e+00
      vertex 1.100000e+01 -3.000000e+00 1.200000e+00
    endloop
  endfacet
  facet normal 0.000000e+00 -1.000000e+00 0.000000e+00
    outer loop
      vertex 1.300000e+01 -3.000000e+00 1.120000e+01
      vertex 1.100000e+01 -3.000000e+00 9.000000e+00
      vertex 1.300000e+01 -3.000000e+00 1.200000e+00
    endloop
  endfacet
  facet normal 0.000000e+00 -1.000000e+00 0.000000e+00
    outer loop
      vertex 1.300000e+01 -3.000000e+00 1.120000e+01
      vertex 1.219090e+01 -3.000000e+00 1.100000e+01
      vertex 1.100000e+01 -3.000000e+00 9.000000e+00
    endloop
  endfacet
  facet normal 0.000000e+00 -1.000000e+00 0.000000e+00
    outer loop
      vertex 1.300000e+01 -3.000000e+00 1.120000e+01
      vertex 1.206110e+01 -3.000000e+00 1.120000e+01
      vertex 1.219090e+01 -3.000000e+00 1.100000e+01
    endloop
  endfacet
  facet normal 0.000000e+00 -1.000000e+00 0.000000e+00
    outer loop
      vertex 7.938900e+00 -3.000000e+00 1.120000e+01
      vertex 7.000000e+00 -3.000000e+00 1.120000e+01
      vertex 7.809099e+00 -3.000000e+00 1.100000e+01
    endloop
  endfacet
  facet normal 0.000000e+00 -1.000000e+00 0.000000e+00
    outer loop
      vertex 1.219090e+01 -3.000000e+00 1.100000e+01
      vertex 7.809099e+00 -3.000000e+00 1.100000e+01
      vertex 1.100000e+01 -3.000000e+00 9.000000e+00
    endloop
  endfacet
  facet normal 1.000000e+00 0.000000e+00 0.000000e+00
    outer loop
      vertex 1.300000e+01 -3.000000e+00 1.120000e+01
      vertex 1.300000e+01 -3.000000e+00 1.200000e+00
      vertex 1.300000e+01 3.000000e+00 1.200000e+00
    endloop
  endfacet
  facet normal 1.000000e+00 0.000000e+00 0.000000e+00
    outer loop
      vertex 1.300000e+01 -2.190900e+00 1.100000e+01
      vertex 1.300000e+01 -3.000000e+00 1.120000e+01
      vertex 1.300000e+01 3.000000e+00 1.200000e+00
    endloop
  endfacet
  facet normal 1.000000e+00 0.000000e+00 0.000000e+00
    outer loop
      vertex 1.300000e+01 3.000000e+00 1.120000e+01
      vertex 1.300000e+01 2.190901e+00 1.100000e+01
      vertex 1.300000e+01 3.000000e+00 1.200000e+00
    endloop
  endfacet
  facet normal 1.000000e+00 0.000000e+00 0.000000e+00
    outer loop
      vertex 1.300000e+01 3.000000e+00 1.120000e+01
      vertex 1.300000e+01 2.061100e+00 1.120000e+01
      vertex 1.300000e+01 2.190901e+00 1.100000e+01
    endloop
  endfacet
  facet normal 1.000000e+00 0.000000e+00 0.000000e+00
    outer loop
      vertex 1.300000e+01 -2.061100e+00 1.120000e+01
      vertex 1.300000e+01 -3.000000e+00 1.120000e+01
      vertex 1.300000e+01 -2.190900e+00 1.100000e+01
    endloop
  endfacet
  facet normal 1.000000e+00 0.000000e+00 0.000000e+00
    outer loop
      vertex 1.300000e+01 2.190901e+00 1.100000e+01
      vertex 1.300000e+01 -2.190900e+00 1.100000e+01
      vertex 1.300000e+01 3.000000e+00 1.200000e+00
    endloop
  endfacet
  facet normal 0.000000e+00 1.000000e+00 0.000000e+00
    outer loop
      vertex 7.000000e+00 3.000000e+00 1.200000e+00
      vertex 7.000000e+00 3.000000e+00 1.120000e+01
      vertex 8.000000e+00 3.000000e+00 1.200000e+00
    endloop
  endfacet
  facet normal 0.000000e+00 1.000000e+00 0.000000e+00
    outer loop
      vertex 7.809099e+00 3.000000e+00 1.100000e+01
      vertex 7.000000e+00 3.000000e+00 1.120000e+01
      vertex 7.938900e+00 3.000000e+00 1.120000e+01
    endloop
  endfacet
  facet normal 0.000000e+00 1.000000e+00 0.000000e+00
    outer loop
      vertex 8.000000e+00 3.000000e+00 1.200000e+00
      vertex 7.000000e+00 3.000000e+00 1.120000e+01
      vertex 7.809099e+00 3.000000e+00 1.100000e+01
    endloop
  endfacet
  facet normal 0.000000e+00 1.000000e+00 0.000000e+00
    outer loop
      vertex 1.100000e+01 3.000000e+00 9.000000e+00
      vertex 1.219090e+01 3.000000e+00 1.100000e+01
      vertex 1.300000e+01 3.000000e+00 1.120000e+01
    endloop
  endfacet
  facet normal 0.000000e+00 1.000000e+00 0.000000e+00
    outer loop
      vertex 1.219090e+01 3.000000e+00 1.100000e+01
      vertex 1.206110e+01 3.000000e+00 1.120000e+01
      vertex 1.300000e+01 3.000000e+00 1.120000e+01
    endloop
  endfacet
  facet normal 0.000000e+00 1.000000e+00 0.000000e+00
    outer loop
      vertex 1.100000e+01 3.000000e+00 1.200000e+00
      vertex 1.300000e+01 3.000000e+00 1.120000e+01
      vertex 1.300000e+01 3.000000e+00 1.200000e+00
    endloop
  endfacet
  facet normal 0.000000e+00 1.000000e+00 0.000000e+00
    outer loop
      vertex 1.100000e+01 3.000000e+00 9.000000e+00
      vertex 1.300000e+01 3.000000e+00 1.120000e+01
      vertex 1.100000e+01 3.000000e+00 1.200000e+00
    endloop
  endfacet
  facet normal 0.000000e+00 1.000000e+00 0.000000e+00
    outer loop
      vertex 1.219090e+01 3.000000e+00 1.100000e+01
      vertex 1.100000e+01 3.000000e+00 9.000000e+00
      vertex 8.000000e+00 3.000000e+00 9.000000e+00
    endloop
  endfacet
  facet normal 0.000000e+00 1.000000e+00 0.000000e+00
    outer loop
      vertex 8.000000e+00 3.000000e+00 9.000000e+00
      vertex 8.000000e+00 3.000000e+00 1.200000e+00
      vertex 7.809099e+00 3.000000e+00 1.100000e+01
    endloop
  endfacet
  facet normal 0.000000e+00 1.000000e+00 0.000000e+00
    outer loop
      vertex 1.219090e+01 3.000000e+00 1.100000e+01
      vertex 8.000000e+00 3.000000e+00 9.000000e+00
      vertex 7.809099e+00 3.000000e+00 1.100000e+01
    endloop
  endfacet
  facet normal 1.000000e+00 0.000000e+00 0.000000e+00
    outer loop
      vertex 1.100000e+01 3.000000e+00 9.000000e+00
      vertex 1.100000e+01 3.000000e+00 1.200000e+00
      vertex 1.100000e+01 7.926399e+00 1.200000e+00
    endloop
  endfacet
  facet normal 1.000000e+00 0.000000e+00 0.000000e+00
    outer loop
      vertex 1.100000e+01 7.864901e+00 6.000000e+00
      vertex 1.100000e+01 3.000000e+00 9.000000e+00
      vertex 1.100000e+01 7.926399e+00 1.200000e+00
    endloop
  endfacet
  facet normal 1.000000e+00 0.000000e+00 0.000000e+00
    outer loop
      vertex 1.100000e+01 7.926399e+00 6.000000e+00
      vertex 1.100000e+01 7.864901e+00 6.000000e+00
      vertex 1.100000e+01 7.926399e+00 1.200000e+00
    endloop
  endfacet
  facet normal 1.000000e+00 0.000000e+00 0.000000e+00
    outer loop
      vertex 1.100000e+01 6.604799e+00 7.000000e+00
      vertex 1.100000e+01 3.000000e+00 9.000000e+00
      vertex 1.100000e+01 7.102501e+00 6.520730e+00
    endloop
  endfacet
  facet normal 1.000000e+00 0.000000e+00 0.000000e+00
    outer loop
      vertex 1.100000e+01 6.604799e+00 9.000000e+00
      vertex 1.100000e+01 3.000000e+00 9.000000e+00
      vertex 1.100000e+01 6.604799e+00 7.000000e+00
    endloop
  endfacet
  facet normal 1.000000e+00 0.000000e+00 0.000000e+00
    outer loop
      vertex 1.100000e+01 7.864901e+00 6.000000e+00
      vertex 1.100000e+01 7.102501e+00 6.520730e+00
      vertex 1.100000e+01 3.000000e+00 9.000000e+00
    endloop
  endfacet
  facet normal 5.877851e-01 -8.090171e-01 0.000000e+00
    outer loop
      vertex 1.100000e+01 7.926399e+00 6.000000e+00
      vertex 1.100000e+01 7.926399e+00 1.200000e+00
      vertex 1.142710e+01 8.236601e+00 1.200000e+00
    endloop
  endfacet
  facet normal 5.877851e-01 -8.090171e-01 -6.836791e-16
    outer loop
      vertex 1.115270e+01 8.037300e+00 6.000000e+00
      vertex 1.100000e+01 7.926399e+00 6.000000e+00
      vertex 1.142710e+01 8.236601e+00 1.200000e+00
    endloop
  endfacet
  facet normal 5.877851e-01 -8.090171e-01 0.000000e+00
    outer loop
      vertex 1.142710e+01 8.236601e+00 6.075360e+00
      vertex 1.115270e+01 8.037300e+00 6.000000e+00
      vertex 1.142710e+01 8.236601e+00 1.200000e+00
    endloop
  endfacet
  facet normal 9.510566e-01 -3.090169e-01 0.000000e+00
    outer loop
      vertex 1.142710e+01 8.236601e+00 6.075360e+00
      vertex 1.142710e+01 8.236601e+00 1.200000e+00
      vertex 1.200000e+01 1.000000e+01 1.200000e+00
    endloop
  endfacet
  facet normal 9.510566e-01 -3.090169e-01 3.978168e-17
    outer loop
      vertex 1.148370e+01 8.410900e+00 6.000000e+00
      vertex 1.142710e+01 8.236601e+00 6.075360e+00
      vertex 1.200000e+01 1.000000e+01 1.200000e+00
    endloop
  endfacet
  facet normal 9.510566e-01 -3.090169e-01 0.000000e+00
    outer loop
      vertex 1.200000e+01 1.000000e+01 6.000000e+00
      vertex 1.148370e+01 8.410900e+00 6.000000e+00
      vertex 1.200000e+01 1.000000e+01 1.200000e+00
    endloop
  endfacet
  facet normal 9.510566e-01 3.090169e-01 0.000000e+00
    outer loop
      vertex 1.200000e+01 1.000000e+01 1.200000e+00
      vertex 1.142710e+01 1.176340e+01 1.200000e+00
      vertex 1.142710e+01 1.176340e+01 6.075360e+00
    endloop
  endfacet
  facet normal 9.510566e-01 3.090169e-01 0.000000e+00
    outer loop
      vertex 1.200000e+01 1.000000e+01 6.000000e+00
      vertex 1.200000e+01 1.000000e+01 1.200000e+00
      vertex 1.148370e+01 1.158910e+01 6.000000e+00
    endloop
  endfacet
  facet normal 9.510566e-01 3.090169e-01 3.182538e-16
    outer loop
      vertex 1.148370e+01 1.158910e+01 6.000000e+00
      vertex 1.200000e+01 1.000000e+01 1.200000e+00
      vertex 1.142710e+01 1.176340e+01 6.075360e+00
    endloop
  endfacet
  facet normal 5.877851e-01 8.090171e-01 0.000000e+00
    outer loop
      vertex 9.927099e+00 1.285320e+01 1.200000e+00
      vertex 9.927099e+00 1.285320e+01 6.086180e+00
      vertex 1.142710e+01 1.176340e+01 1.200000e+00
    endloop
  endfacet
  facet normal 5.877851e-01 8.090171e-01 2.254010e-15
    outer loop
      vertex 1.142710e+01 1.176340e+01 1.200000e+00
      vertex 9.927099e+00 1.285320e+01 6.086180e+00
      vertex 1.018470e+01 1.266600e+01 6.000000e+00
    endloop
  endfacet
  facet normal 5.877851e-01 8.090171e-01 -3.549131e-16
    outer loop
      vertex 1.142710e+01 1.176340e+01 1.200000e+00
      vertex 1.018470e+01 1.266600e+01 6.000000e+00
      vertex 1.115270e+01 1.196270e+01 6.000000e+00
    endloop
  endfacet
  facet normal 5.877851e-01 8.090171e-01 0.000000e+00
    outer loop
      vertex 1.115270e+01 1.196270e+01 6.000000e+00
      vertex 1.142710e+01 1.176340e+01 6.075360e+00
      vertex 1.142710e+01 1.176340e+01 1.200000e+00
    endloop
  endfacet
  facet normal 0.000000e+00 1.000000e+00 0.000000e+00
    outer loop
      vertex 8.072901e+00 1.285320e+01 1.200000e+00
      vertex 8.072901e+00 1.285320e+01 6.032220e+00
      vertex 9.927099e+00 1.285320e+01 1.200000e+00
    endloop
  endfacet
  facet normal 0.000000e+00 1.000000e+00 0.000000e+00
    outer loop
      vertex 9.927099e+00 1.285320e+01 1.200000e+00
      vertex 8.072901e+00 1.285320e+01 6.032220e+00
      vertex 8.332500e+00 1.285320e+01 6.000000e+00
    endloop
  endfacet
  facet normal 0.000000e+00 1.000000e+00 0.000000e+00
    outer loop
      vertex 9.927099e+00 1.285320e+01 1.200000e+00
      vertex 8.332500e+00 1.285320e+01 6.000000e+00
      vertex 9.691099e+00 1.285320e+01 6.000000e+00
    endloop
  endfacet
  facet normal 0.000000e+00 1.000000e+00 0.000000e+00
    outer loop
      vertex 9.691099e+00 1.285320e+01 6.000000e+00
      vertex 9.927099e+00 1.285320e+01 6.086180e+00
      vertex 9.927099e+00 1.285320e+01 1.200000e+00
    endloop
  endfacet
  facet normal -5.877851e-01 8.090171e-01 0.000000e+00
    outer loop
      vertex 6.898701e+00 1.200000e+01 1.200000e+00
      vertex 6.898701e+00 1.200000e+01 6.000000e+00
      vertex 8.072901e+00 1.285320e+01 1.200000e+00
    endloop
  endfacet
  facet normal -5.877851e-01 8.090171e-01 1.125530e-17
    outer loop
      vertex 8.072901e+00 1.285320e+01 1.200000e+00
      vertex 6.898701e+00 1.200000e+01 6.000000e+00
      vertex 8.020901e+00 1.281530e+01 6.000000e+00
    endloop
  endfacet
  facet normal -5.877851e-01 8.090171e-01 0.000000e+00
    outer loop
      vertex 8.072901e+00 1.285320e+01 1.200000e+00
      vertex 8.020901e+00 1.281530e+01 6.000000e+00
      vertex 8.072901e+00 1.285320e+01 6.032220e+00
    endloop
  endfacet
  facet normal 0.000000e+00 1.000000e+00 0.000000e+00
    outer loop
      vertex -8.898660e+00 1.200000e+01 1.200000e+00
      vertex -8.898660e+00 1.200000e+01 6.000000e+00
      vertex 6.898701e+00 1.200000e+01 1.200000e+00
    endloop
  endfacet
  facet normal 0.000000e+00 1.000000e+00 0.000000e+00
    outer loop
      vertex 6.898701e+00 1.200000e+01 1.200000e+00
      vertex -8.898660e+00 1.200000e+01 6.000000e+00
      vertex -8.880350e+00 1.200000e+01 6.000000e+00
    endloop
  endfacet
  facet normal 0.000000e+00 1.000000e+00 0.000000e+00
    outer loop
      vertex 6.898701e+00 1.200000e+01 1.200000e+00
      vertex -8.880350e+00 1.200000e+01 6.000000e+00
      vertex -7.883220e+00 1.200000e+01 6.768700e+00
    endloop
  endfacet
  facet normal 0.000000e+00 1.000000e+00 0.000000e+00
    outer loop
      vertex -7.883220e+00 1.200000e+01 6.768700e+00
      vertex -7.583190e+00 1.200000e+01 7.000000e+00
      vertex 6.898701e+00 1.200000e+01 1.200000e+00
    endloop
  endfacet
  facet normal 0.000000e+00 1.000000e+00 0.000000e+00
    outer loop
      vertex -7.583190e+00 1.200000e+01 7.000000e+00
      vertex -7.583190e+00 1.200000e+01 9.000000e+00
      vertex 6.898701e+00 1.200000e+01 1.200000e+00
    endloop
  endfacet
  facet normal 0.000000e+00 1.000000e+00 0.000000e+00
    outer loop
      vertex 5.663500e+00 1.200000e+01 7.000000e+00
      vertex -7.583190e+00 1.200000e+01 9.000000e+00
      vertex 5.663500e+00 1.200000e+01 9.000000e+00
    endloop
  endfacet
  facet normal 0.000000e+00 1.000000e+00 0.000000e+00
    outer loop
      vertex 6.898701e+00 1.200000e+01 1.200000e+00
      vertex -7.583190e+00 1.200000e+01 9.000000e+00
      vertex 5.663500e+00 1.200000e+01 7.000000e+00
    endloop
  endfacet
  facet normal 0.000000e+00 1.000000e+00 0.000000e+00
    outer loop
      vertex 6.898701e+00 1.200000e+01 1.200000e+00
      vertex 5.663500e+00 1.200000e+01 7.000000e+00
      vertex 6.033400e+00 1.200000e+01 6.662720e+00
    endloop
  endfacet
  facet normal 0.000000e+00 1.000000e+00 0.000000e+00
    outer loop
      vertex 6.898701e+00 1.200000e+01 1.200000e+00
      vertex 6.742500e+00 1.200000e+01 6.016030e+00
      vertex 6.759501e+00 1.200000e+01 6.006070e+00
    endloop
  endfacet
  facet normal 0.000000e+00 1.000000e+00 0.000000e+00
    outer loop
      vertex 6.898701e+00 1.200000e+01 1.200000e+00
      vertex 6.759501e+00 1.200000e+01 6.006070e+00
      vertex 6.769899e+00 1.200000e+01 6.000000e+00
    endloop
  endfacet
  facet normal 0.000000e+00 1.000000e+00 0.000000e+00
    outer loop
      vertex 6.769899e+00 1.200000e+01 6.000000e+00
      vertex 6.898701e+00 1.200000e+01 6.000000e+00
      vertex 6.898701e+00 1.200000e+01 1.200000e+00
    endloop
  endfacet
  facet normal 0.000000e+00 1.000000e+00 0.000000e+00
    outer loop
      vertex 6.742500e+00 1.200000e+01 6.016030e+00
      vertex 6.898701e+00 1.200000e+01 1.200000e+00
      vertex 6.033400e+00 1.200000e+01 6.662720e+00
    endloop
  endfacet
  facet normal 5.877851e-01 8.090171e-01 0.000000e+00
    outer loop
      vertex -1.007295e+01 1.285320e+01 1.200000e+00
      vertex -1.007295e+01 1.285320e+01 6.086180e+00
      vertex -8.898660e+00 1.200000e+01 1.200000e+00
    endloop
  endfacet
  facet normal 5.877851e-01 8.090171e-01 1.620590e-15
    outer loop
      vertex -8.898660e+00 1.200000e+01 1.200000e+00
      vertex -1.007295e+01 1.285320e+01 6.086180e+00
      vertex -9.815280e+00 1.266600e+01 6.000000e+00
    endloop
  endfacet
  facet normal 5.877851e-01 8.090171e-01 0.000000e+00
    outer loop
      vertex -8.898660e+00 1.200000e+01 1.200000e+00
      vertex -9.815280e+00 1.266600e+01 6.000000e+00
      vertex -8.898660e+00 1.200000e+01 6.000000e+00
    endloop
  endfacet
  facet normal 0.000000e+00 1.000000e+00 0.000000e+00
    outer loop
      vertex -1.192705e+01 1.285320e+01 1.200000e+00
      vertex -1.192705e+01 1.285320e+01 6.032220e+00
      vertex -1.007295e+01 1.285320e+01 1.200000e+00
    endloop
  endfacet
  facet normal 0.000000e+00 1.000000e+00 0.000000e+00
    outer loop
      vertex -1.007295e+01 1.285320e+01 1.200000e+00
      vertex -1.192705e+01 1.285320e+01 6.032220e+00
      vertex -1.166750e+01 1.285320e+01 6.000000e+00
    endloop
  endfacet
  facet normal 0.000000e+00 1.000000e+00 0.000000e+00
    outer loop
      vertex -1.007295e+01 1.285320e+01 1.200000e+00
      vertex -1.166750e+01 1.285320e+01 6.000000e+00
      vertex -1.030891e+01 1.285320e+01 6.000000e+00
    endloop
  endfacet
  facet normal 0.000000e+00 1.000000e+00 0.000000e+00
    outer loop
      vertex -1.030891e+01 1.285320e+01 6.000000e+00
      vertex -1.007295e+01 1.285320e+01 6.086180e+00
      vertex -1.007295e+01 1.285320e+01 1.200000e+00
    endloop
  endfacet
  facet normal -5.877851e-01 8.090171e-01 0.000000e+00
    outer loop
      vertex -1.342705e+01 1.176340e+01 1.200000e+00
      vertex -1.342705e+01 1.176340e+01 6.057360e+00
      vertex -1.192705e+01 1.285320e+01 1.200000e+00
    endloop
  endfacet
  facet normal -5.877851e-01 8.090171e-01 -5.196790e-15
    outer loop
      vertex -1.192705e+01 1.285320e+01 1.200000e+00
      vertex -1.342705e+01 1.176340e+01 6.057360e+00
      vertex -1.332539e+01 1.183720e+01 6.000000e+00
    endloop
  endfacet
  facet normal -5.877851e-01 8.090171e-01 1.288490e-16
    outer loop
      vertex -1.192705e+01 1.285320e+01 1.200000e+00
      vertex -1.332539e+01 1.183720e+01 6.000000e+00
      vertex -1.197913e+01 1.281530e+01 6.000000e+00
    endloop
  endfacet
  facet normal -5.877851e-01 8.090171e-01 0.000000e+00
    outer loop
      vertex -1.197913e+01 1.281530e+01 6.000000e+00
      vertex -1.192705e+01 1.285320e+01 6.032220e+00
      vertex -1.192705e+01 1.285320e+01 1.200000e+00
    endloop
  endfacet
  facet normal -9.510566e-01 3.090169e-01 0.000000e+00
    outer loop
      vertex -1.400000e+01 1.000000e+01 1.200000e+00
      vertex -1.400000e+01 1.000000e+01 6.089780e+00
      vertex -1.342705e+01 1.176340e+01 1.200000e+00
    endloop
  endfacet
  facet normal -9.510566e-01 3.090169e-01 1.231019e-15
    outer loop
      vertex -1.342705e+01 1.176340e+01 1.200000e+00
      vertex -1.400000e+01 1.000000e+01 6.089780e+00
      vertex -1.391282e+01 1.026830e+01 6.000000e+00
    endloop
  endfacet
  facet normal -9.510566e-01 3.090169e-01 7.714916e-17
    outer loop
      vertex -1.342705e+01 1.176340e+01 1.200000e+00
      vertex -1.391282e+01 1.026830e+01 6.000000e+00
      vertex -1.352928e+01 1.144870e+01 6.000000e+00
    endloop
  endfacet
  facet normal -9.510566e-01 3.090169e-01 0.000000e+00
    outer loop
      vertex -1.352928e+01 1.144870e+01 6.000000e+00
      vertex -1.342705e+01 1.176340e+01 6.057360e+00
      vertex -1.342705e+01 1.176340e+01 1.200000e+00
    endloop
  endfacet
  facet normal -9.510566e-01 -3.090169e-01 -0.000000e+00
    outer loop
      vertex -1.400000e+01 1.000000e+01 1.200000e+00
      vertex -1.342705e+01 8.236601e+00 1.200000e+00
      vertex -1.400000e+01 1.000000e+01 6.089780e+00
    endloop
  endfacet
  facet normal -9.510566e-01 -3.090169e-01 0.000000e+00
    outer loop
      vertex -1.352928e+01 8.551300e+00 6.000000e+00
      vertex -1.342705e+01 8.236601e+00 1.200000e+00
      vertex -1.342705e+01 8.236601e+00 6.057360e+00
    endloop
  endfacet
  facet normal -9.510566e-01 -3.090169e-01 8.050357e-17
    outer loop
      vertex -1.391282e+01 9.731701e+00 6.000000e+00
      vertex -1.342705e+01 8.236601e+00 1.200000e+00
      vertex -1.352928e+01 8.551300e+00 6.000000e+00
    endloop
  endfacet
  facet normal -9.510566e-01 -3.090169e-01 -3.248528e-16
    outer loop
      vertex -1.400000e+01 1.000000e+01 6.089780e+00
      vertex -1.342705e+01 8.236601e+00 1.200000e+00
      vertex -1.391282e+01 9.731701e+00 6.000000e+00
    endloop
  endfacet
  facet normal -5.877851e-01 -8.090171e-01 0.000000e+00
    outer loop
      vertex -1.342705e+01 8.236601e+00 6.057360e+00
      vertex -1.342705e+01 8.236601e+00 1.200000e+00
      vertex -1.192705e+01 7.146799e+00 1.200000e+00
    endloop
  endfacet
  facet normal -5.877851e-01 -8.090171e-01 -4.281850e-15
    outer loop
      vertex -1.332539e+01 8.162800e+00 6.000000e+00
      vertex -1.342705e+01 8.236601e+00 6.057360e+00
      vertex -1.192705e+01 7.146799e+00 1.200000e+00
    endloop
  endfacet
  facet normal -5.877851e-01 -8.090171e-01 0.000000e+00
    outer loop
      vertex -1.192705e+01 7.146799e+00 6.032220e+00
      vertex -1.197913e+01 7.184700e+00 6.000000e+00
      vertex -1.192705e+01 7.146799e+00 1.200000e+00
    endloop
  endfacet
  facet normal -5.877851e-01 -8.090171e-01 1.288490e-16
    outer loop
      vertex -1.197913e+01 7.184700e+00 6.000000e+00
      vertex -1.332539e+01 8.162800e+00 6.000000e+00
      vertex -1.192705e+01 7.146799e+00 1.200000e+00
    endloop
  endfacet
  facet normal 0.000000e+00 -1.000000e+00 0.000000e+00
    outer loop
      vertex -1.192705e+01 7.146799e+00 6.032220e+00
      vertex -1.192705e+01 7.146799e+00 1.200000e+00
      vertex -1.100000e+01 7.146799e+00 1.200000e+00
    endloop
  endfacet
  facet normal 0.000000e+00 -1.000000e+00 0.000000e+00
    outer loop
      vertex -1.166750e+01 7.146799e+00 6.000000e+00
      vertex -1.192705e+01 7.146799e+00 6.032220e+00
      vertex -1.100000e+01 7.146799e+00 1.200000e+00
    endloop
  endfacet
  facet normal 0.000000e+00 -1.000000e+00 0.000000e+00
    outer loop
      vertex -1.100000e+01 7.146799e+00 6.000000e+00
      vertex -1.166750e+01 7.146799e+00 6.000000e+00
      vertex -1.100000e+01 7.146799e+00 1.200000e+00
    endloop
  endfacet
  facet normal -1.000000e+00 -0.000000e+00 -0.000000e+00
    outer loop
      vertex -1.100000e+01 -7.146830e+00 1.200000e+00
      vertex -1.100000e+01 -7.146830e+00 6.000000e+00
      vertex -1.100000e+01 7.146799e+00 1.200000e+00
    endloop
  endfacet
  facet normal -1.000000e+00 0.000000e+00 0.000000e+00
    outer loop
      vertex -1.100000e+01 7.146799e+00 1.200000e+00
      vertex -1.100000e+01 -7.146830e+00 6.000000e+00
      vertex -1.100000e+01 -7.065780e+00 6.000000e+00
    endloop
  endfacet
  facet normal -1.000000e+00 0.000000e+00 0.000000e+00
    outer loop
      vertex -1.100000e+01 7.146799e+00 1.200000e+00
      vertex -1.100000e+01 -7.065780e+00 6.000000e+00
      vertex -1.100000e+01 -6.392740e+00 6.688120e+00
    endloop
  endfacet
  facet normal -1.000000e+00 0.000000e+00 0.000000e+00
    outer loop
      vertex -1.100000e+01 7.146799e+00 1.200000e+00
      vertex -1.100000e+01 -6.392740e+00 6.688120e+00
      vertex -1.100000e+01 -6.087710e+00 7.000000e+00
    endloop
  endfacet
  facet normal -1.000000e+00 -0.000000e+00 -0.000000e+00
    outer loop
      vertex -1.100000e+01 -6.087710e+00 7.000000e+00
      vertex -1.100000e+01 -6.087710e+00 9.000000e+00
      vertex -1.100000e+01 7.146799e+00 1.200000e+00
    endloop
  endfacet
  facet normal -1.000000e+00 -0.000000e+00 -0.000000e+00
    outer loop
      vertex -1.100000e+01 -6.087710e+00 9.000000e+00
      vertex -1.100000e+01 -6.234420e+00 9.200000e+00
      vertex -1.100000e+01 7.146799e+00 1.200000e+00
    endloop
  endfacet
  facet normal -1.000000e+00 0.000000e+00 0.000000e+00
    outer loop
      vertex -1.100000e+01 6.087700e+00 9.000000e+00
      vertex -1.100000e+01 -6.234420e+00 9.200000e+00
      vertex -1.100000e+01 6.234400e+00 9.200000e+00
    endloop
  endfacet
  facet normal -1.000000e+00 0.000000e+00 0.000000e+00
    outer loop
      vertex -1.100000e+01 6.087700e+00 7.000000e+00
      vertex -1.100000e+01 -6.234420e+00 9.200000e+00
      vertex -1.100000e+01 6.087700e+00 9.000000e+00
    endloop
  endfacet
  facet normal -1.000000e+00 0.000000e+00 0.000000e+00
    outer loop
      vertex -1.100000e+01 7.146799e+00 1.200000e+00
      vertex -1.100000e+01 -6.234420e+00 9.200000e+00
      vertex -1.100000e+01 6.087700e+00 7.000000e+00
    endloop
  endfacet
  facet normal -1.000000e+00 0.000000e+00 0.000000e+00
    outer loop
      vertex -1.100000e+01 7.146799e+00 1.200000e+00
      vertex -1.100000e+01 6.867100e+00 6.203150e+00
      vertex -1.100000e+01 7.065800e+00 6.000000e+00
    endloop
  endfacet
  facet normal -1.000000e+00 0.000000e+00 0.000000e+00
    outer loop
      vertex -1.100000e+01 7.065800e+00 6.000000e+00
      vertex -1.100000e+01 7.146799e+00 6.000000e+00
      vertex -1.100000e+01 7.146799e+00 1.200000e+00
    endloop
  endfacet
  facet normal -1.000000e+00 0.000000e+00 0.000000e+00
    outer loop
      vertex -1.100000e+01 6.867100e+00 6.203150e+00
      vertex -1.100000e+01 7.146799e+00 1.200000e+00
      vertex -1.100000e+01 6.087700e+00 7.000000e+00
    endloop
  endfacet
  facet normal 0.000000e+00 1.000000e+00 0.000000e+00
    outer loop
      vertex -1.192705e+01 -7.146830e+00 1.200000e+00
      vertex -1.192705e+01 -7.146830e+00 6.032220e+00
      vertex -1.100000e+01 -7.146830e+00 1.200000e+00
    endloop
  endfacet
  facet normal 0.000000e+00 1.000000e+00 0.000000e+00
    outer loop
      vertex -1.100000e+01 -7.146830e+00 1.200000e+00
      vertex -1.192705e+01 -7.146830e+00 6.032220e+00
      vertex -1.166750e+01 -7.146830e+00 6.000000e+00
    endloop
  endfacet
  facet normal 0.000000e+00 1.000000e+00 0.000000e+00
    outer loop
      vertex -1.100000e+01 -7.146830e+00 1.200000e+00
      vertex -1.166750e+01 -7.146830e+00 6.000000e+00
      vertex -1.100000e+01 -7.146830e+00 6.000000e+00
    endloop
  endfacet
  facet normal -5.877851e-01 8.090171e-01 0.000000e+00
    outer loop
      vertex -1.342705e+01 -8.236640e+00 1.200000e+00
      vertex -1.342705e+01 -8.236640e+00 6.057360e+00
      vertex -1.192705e+01 -7.146830e+00 1.200000e+00
    endloop
  endfacet
  facet normal -5.877851e-01 8.090171e-01 6.495990e-16
    outer loop
      vertex -1.192705e+01 -7.146830e+00 1.200000e+00
      vertex -1.342705e+01 -8.236640e+00 6.057360e+00
      vertex -1.332539e+01 -8.162780e+00 6.000000e+00
    endloop
  endfacet
  facet normal -5.877851e-01 8.090171e-01 -3.252490e-17
    outer loop
      vertex -1.192705e+01 -7.146830e+00 1.200000e+00
      vertex -1.332539e+01 -8.162780e+00 6.000000e+00
      vertex -1.197913e+01 -7.184670e+00 6.000000e+00
    endloop
  endfacet
  facet normal -5.877851e-01 8.090171e-01 0.000000e+00
    outer loop
      vertex -1.197913e+01 -7.184670e+00 6.000000e+00
      vertex -1.192705e+01 -7.146830e+00 6.032220e+00
      vertex -1.192705e+01 -7.146830e+00 1.200000e+00
    endloop
  endfacet
  facet normal -9.510566e-01 3.090169e-01 0.000000e+00
    outer loop
      vertex -1.400000e+01 -1.000000e+01 1.200000e+00
      vertex -1.400000e+01 -1.000000e+01 6.089780e+00
      vertex -1.342705e+01 -8.236640e+00 1.200000e+00
    endloop
  endfacet
  facet normal -9.510566e-01 3.090169e-01 4.103398e-16
    outer loop
      vertex -1.342705e+01 -8.236640e+00 1.200000e+00
      vertex -1.400000e+01 -1.000000e+01 6.089780e+00
      vertex -1.391282e+01 -9.731700e+00 6.000000e+00
    endloop
  endfacet
  facet normal -9.510566e-01 3.090169e-01 6.708628e-18
    outer loop
      vertex -1.342705e+01 -8.236640e+00 1.200000e+00
      vertex -1.391282e+01 -9.731700e+00 6.000000e+00
      vertex -1.352928e+01 -8.551260e+00 6.000000e+00
    endloop
  endfacet
  facet normal -9.510566e-01 3.090169e-01 0.000000e+00
    outer loop
      vertex -1.352928e+01 -8.551260e+00 6.000000e+00
      vertex -1.342705e+01 -8.236640e+00 6.057360e+00
      vertex -1.342705e+01 -8.236640e+00 1.200000e+00
    endloop
  endfacet
  facet normal -6.352741e-01 -3.334170e-01 -6.966060e-01
    outer loop
      vertex -1.488377e+01 -1.095726e+01 7.000000e+00
      vertex -1.391282e+01 -1.071795e+01 6.000000e+00
      vertex -1.352928e+01 -1.144874e+01 6.000000e+00
    endloop
  endfacet
  facet normal -6.352741e-01 -3.334170e-01 -6.966060e-01
    outer loop
      vertex -1.488377e+01 -1.095726e+01 7.000000e+00
      vertex -1.352928e+01 -1.144874e+01 6.000000e+00
      vertex -1.342705e+01 -1.176336e+01 6.057360e+00
    endloop
  endfacet
  facet normal -6.352741e-01 -3.334170e-01 -6.966060e-01
    outer loop
      vertex -1.488377e+01 -1.095726e+01 7.000000e+00
      vertex -1.342705e+01 -1.176336e+01 6.057360e+00
      vertex -1.324553e+01 -1.198937e+01 6.000000e+00
    endloop
  endfacet
  facet normal -6.352741e-01 -3.334170e-01 -6.966060e-01
    outer loop
      vertex -1.342705e+01 -1.176336e+01 6.057360e+00
      vertex -1.332539e+01 -1.183722e+01 6.000000e+00
      vertex -1.324553e+01 -1.198937e+01 6.000000e+00
    endloop
  endfacet
  facet normal 0.000000e+00 0.000000e+00 -1.000000e+00
    outer loop
      vertex -1.332539e+01 -1.183722e+01 6.000000e+00
      vertex -1.197913e+01 -1.281533e+01 6.000000e+00
      vertex -1.324553e+01 -1.198937e+01 6.000000e+00
    endloop
  endfacet
  facet normal 0.000000e+00 0.000000e+00 -1.000000e+00
    outer loop
      vertex -1.324553e+01 -1.198937e+01 6.000000e+00
      vertex -1.197913e+01 -1.281533e+01 6.000000e+00
      vertex -1.206381e+01 -1.280505e+01 6.000000e+00
    endloop
  endfacet
  facet normal -8.647960e-02 -7.122229e-01 -6.966060e-01
    outer loop
      vertex -1.197913e+01 -1.281533e+01 6.000000e+00
      vertex -1.241842e+01 -1.374006e+01 7.000000e+00
      vertex -1.206381e+01 -1.280505e+01 6.000000e+00
    endloop
  endfacet
  facet normal -8.647960e-02 -7.122229e-01 -6.966060e-01
    outer loop
      vertex -1.192705e+01 -1.285317e+01 6.032220e+00
      vertex -1.241842e+01 -1.374006e+01 7.000000e+00
      vertex -1.197913e+01 -1.281533e+01 6.000000e+00
    endloop
  endfacet
  facet normal -8.647960e-02 -7.122229e-01 -6.966060e-01
    outer loop
      vertex -1.063839e+01 -1.297813e+01 6.000000e+00
      vertex -1.241842e+01 -1.374006e+01 7.000000e+00
      vertex -1.192705e+01 -1.285317e+01 6.032220e+00
    endloop
  endfacet
  facet normal -8.647960e-02 -7.122229e-01 -6.966060e-01
    outer loop
      vertex -1.063839e+01 -1.297813e+01 6.000000e+00
      vertex -1.192705e+01 -1.285317e+01 6.032220e+00
      vertex -1.166750e+01 -1.285317e+01 6.000000e+00
    endloop
  endfacet
  facet normal -7.174540e-01 -0.000000e+00 -6.966059e-01
    outer loop
      vertex -1.488377e+01 -1.095726e+01 7.000000e+00
      vertex -1.488377e+01 -9.042740e+00 7.000000e+00
      vertex -1.391282e+01 -1.071795e+01 6.000000e+00
    endloop
  endfacet
  facet normal -7.174540e-01 -0.000000e+00 -6.966059e-01
    outer loop
      vertex -1.391282e+01 -9.731700e+00 6.000000e+00
      vertex -1.488377e+01 -9.042740e+00 7.000000e+00
      vertex -1.391282e+01 -9.282050e+00 6.000000e+00
    endloop
  endfacet
  facet normal -7.174540e-01 1.685730e-15 -6.966059e-01
    outer loop
      vertex -1.400000e+01 -1.000000e+01 6.089780e+00
      vertex -1.488377e+01 -9.042740e+00 7.000000e+00
      vertex -1.391282e+01 -9.731700e+00 6.000000e+00
    endloop
  endfacet
  facet normal -7.174540e-01 -9.846598e-16 -6.966059e-01
    outer loop
      vertex -1.391282e+01 -1.071795e+01 6.000000e+00
      vertex -1.488377e+01 -9.042740e+00 7.000000e+00
      vertex -1.400000e+01 -1.000000e+01 6.089780e+00
    endloop
  endfacet
  facet normal -7.174540e-01 -0.000000e+00 -6.966059e-01
    outer loop
      vertex -1.391282e+01 -1.071795e+01 6.000000e+00
      vertex -1.400000e+01 -1.000000e+01 6.089780e+00
      vertex -1.391282e+01 -1.026830e+01 6.000000e+00
    endloop
  endfacet
  facet normal 0.000000e+00 0.000000e+00 -1.000000e+00
    outer loop
      vertex -1.352928e+01 -1.144874e+01 6.000000e+00
      vertex -1.391282e+01 -1.071795e+01 6.000000e+00
      vertex -1.391282e+01 -1.026830e+01 6.000000e+00
    endloop
  endfacet
  facet normal 0.000000e+00 0.000000e+00 -1.000000e+00
    outer loop
      vertex -1.063839e+01 -1.297813e+01 6.000000e+00
      vertex -1.166750e+01 -1.285317e+01 6.000000e+00
      vertex -1.030891e+01 -1.285317e+01 6.000000e+00
    endloop
  endfacet
  facet normal 2.544130e-01 -6.708310e-01 -6.966059e-01
    outer loop
      vertex -1.063839e+01 -1.297813e+01 6.000000e+00
      vertex -1.030891e+01 -1.285317e+01 6.000000e+00
      vertex -1.051785e+01 -1.397083e+01 7.000000e+00
    endloop
  endfacet
  facet normal 2.544130e-01 -6.708310e-01 -6.966059e-01
    outer loop
      vertex -1.051785e+01 -1.397083e+01 7.000000e+00
      vertex -1.030891e+01 -1.285317e+01 6.000000e+00
      vertex -1.007295e+01 -1.285317e+01 6.086180e+00
    endloop
  endfacet
  facet normal 2.544130e-01 -6.708310e-01 -6.966059e-01
    outer loop
      vertex -1.051785e+01 -1.397083e+01 7.000000e+00
      vertex -1.007295e+01 -1.285317e+01 6.086180e+00
      vertex -9.815280e+00 -1.266596e+01 6.000000e+00
    endloop
  endfacet
  facet normal 2.544130e-01 -6.708310e-01 -6.966059e-01
    outer loop
      vertex -1.051785e+01 -1.397083e+01 7.000000e+00
      vertex -9.815280e+00 -1.266596e+01 6.000000e+00
      vertex -9.295810e+00 -1.246895e+01 6.000000e+00
    endloop
  endfacet
  facet normal 0.000000e+00 0.000000e+00 -1.000000e+00
    outer loop
      vertex -9.295810e+00 -1.246895e+01 6.000000e+00
      vertex -9.815280e+00 -1.266596e+01 6.000000e+00
      vertex -8.847280e+00 -1.196267e+01 6.000000e+00
    endloop
  endfacet
  facet normal 5.370219e-01 -4.757601e-01 -6.966060e-01
    outer loop
      vertex -9.295810e+00 -1.246895e+01 6.000000e+00
      vertex -8.847280e+00 -1.196267e+01 6.000000e+00
      vertex -8.727740e+00 -1.329194e+01 7.000000e+00
    endloop
  endfacet
  facet normal 5.370219e-01 -4.757601e-01 -6.966060e-01
    outer loop
      vertex -8.727740e+00 -1.329194e+01 7.000000e+00
      vertex -8.847280e+00 -1.196267e+01 6.000000e+00
      vertex -8.572950e+00 -1.176336e+01 6.075360e+00
    endloop
  endfacet
  facet normal 5.370219e-01 -4.757601e-01 -6.966060e-01
    outer loop
      vertex -8.727740e+00 -1.329194e+01 7.000000e+00
      vertex -8.572950e+00 -1.176336e+01 6.075360e+00
      vertex -8.516330e+00 -1.158911e+01 6.000000e+00
    endloop
  endfacet
  facet normal 5.370219e-01 -4.757601e-01 -6.966060e-01
    outer loop
      vertex -8.727740e+00 -1.329194e+01 7.000000e+00
      vertex -8.516330e+00 -1.158911e+01 6.000000e+00
      vertex -8.343630e+00 -1.139417e+01 6.000000e+00
    endloop
  endfacet
  facet normal 0.000000e+00 0.000000e+00 -1.000000e+00
    outer loop
      vertex -8.516330e+00 -1.158911e+01 6.000000e+00
      vertex -8.324920e+00 -1.100000e+01 6.000000e+00
      vertex -8.343630e+00 -1.139417e+01 6.000000e+00
    endloop
  endfacet
  facet normal 0.000000e+00 0.000000e+00 -1.000000e+00
    outer loop
      vertex -8.343630e+00 -1.139417e+01 6.000000e+00
      vertex -8.324920e+00 -1.100000e+01 6.000000e+00
      vertex -8.246480e+00 -1.100000e+01 6.000000e+00
    endloop
  endfacet
  facet normal 6.966060e-01 -1.716980e-01 -6.966060e-01
    outer loop
      vertex -7.458180e+00 -1.185889e+01 7.000000e+00
      vertex -8.343630e+00 -1.139417e+01 6.000000e+00
      vertex -8.246480e+00 -1.100000e+01 6.000000e+00
    endloop
  endfacet
  facet normal 6.966060e-01 -1.716980e-01 -6.966060e-01
    outer loop
      vertex -7.708520e+00 -1.100000e+01 6.537950e+00
      vertex -7.458180e+00 -1.185889e+01 7.000000e+00
      vertex -8.246480e+00 -1.100000e+01 6.000000e+00
    endloop
  endfacet
  facet normal 6.966060e-01 -1.716980e-01 -6.966060e-01
    outer loop
      vertex -7.458180e+00 -1.185889e+01 7.000000e+00
      vertex -7.708520e+00 -1.100000e+01 6.537950e+00
      vertex -7.246480e+00 -1.100000e+01 7.000000e+00
    endloop
  endfacet
  facet normal 9.709418e-01 -2.393159e-01 0.000000e+00
    outer loop
      vertex -7.458180e+00 -1.185889e+01 9.000000e+00
      vertex -7.458180e+00 -1.185889e+01 7.000000e+00
      vertex -7.246480e+00 -1.100000e+01 7.000000e+00
    endloop
  endfacet
  facet normal 9.709418e-01 -2.393159e-01 0.000000e+00
    outer loop
      vertex -7.246480e+00 -1.100000e+01 9.000000e+00
      vertex -7.458180e+00 -1.185889e+01 9.000000e+00
      vertex -7.246480e+00 -1.100000e+01 7.000000e+00
    endloop
  endfacet
  facet normal 7.848871e-01 -1.934570e-01 5.886651e-01
    outer loop
      vertex -7.396480e+00 -1.100000e+01 9.200000e+00
      vertex -8.786360e+00 -1.116181e+01 1.100000e+01
      vertex -7.458180e+00 -1.185889e+01 9.000000e+00
    endloop
  endfacet
  facet normal 7.848871e-01 -1.934570e-01 5.886651e-01
    outer loop
      vertex -7.178640e+00 -1.011618e+01 9.200000e+00
      vertex -8.786360e+00 -1.116181e+01 1.100000e+01
      vertex -7.396480e+00 -1.100000e+01 9.200000e+00
    endloop
  endfacet
  facet normal 7.848871e-01 -1.934570e-01 5.886651e-01
    outer loop
      vertex -7.246480e+00 -1.100000e+01 9.000000e+00
      vertex -7.396480e+00 -1.100000e+01 9.200000e+00
      vertex -7.458180e+00 -1.185889e+01 9.000000e+00
    endloop
  endfacet
  facet normal 0.000000e+00 0.000000e+00 1.000000e+00
    outer loop
      vertex -1.088377e+01 -4.957300e+00 9.200000e+00
      vertex -1.100000e+01 -6.234420e+00 9.200000e+00
      vertex -1.053593e+01 -6.178070e+00 9.200000e+00
    endloop
  endfacet
  facet normal 0.000000e+00 0.000000e+00 1.000000e+00
    outer loop
      vertex -3.000000e+00 -9.000000e+00 9.200000e+00
      vertex -2.000000e+00 -1.100000e+01 9.200000e+00
      vertex -3.000000e+00 -4.000000e+00 9.200000e+00
    endloop
  endfacet
  facet normal 0.000000e+00 0.000000e+00 1.000000e+00
    outer loop
      vertex -1.088377e+01 -3.042700e+00 9.200000e+00
      vertex -9.994040e+00 -1.347500e+00 9.200000e+00
      vertex -1.088377e+01 2.042700e+00 9.200000e+00
    endloop
  endfacet
  facet normal 0.000000e+00 0.000000e+00 1.000000e+00
    outer loop
      vertex -1.100000e+01 6.234400e+00 9.200000e+00
      vertex -1.100000e+01 -6.234420e+00 9.200000e+00
      vertex -1.088377e+01 -4.957300e+00 9.200000e+00
    endloop
  endfacet
  facet normal 0.000000e+00 0.000000e+00 1.000000e+00
    outer loop
      vertex -1.100000e+01 6.234400e+00 9.200000e+00
      vertex -1.088377e+01 -4.957300e+00 9.200000e+00
      vertex -1.088377e+01 -3.042700e+00 9.200000e+00
    endloop
  endfacet
  facet normal 0.000000e+00 0.000000e+00 1.000000e+00
    outer loop
      vertex -1.088377e+01 3.957300e+00 9.200000e+00
      vertex -9.994040e+00 5.652500e+00 9.200000e+00
      vertex -1.100000e+01 6.234400e+00 9.200000e+00
    endloop
  endfacet
  facet normal 0.000000e+00 0.000000e+00 1.000000e+00
    outer loop
      vertex -9.994040e+00 -1.347500e+00 9.200000e+00
      vertex -8.766210e+00 -5.000000e-01 9.200000e+00
      vertex -9.994040e+00 3.474998e-01 9.200000e+00
    endloop
  endfacet
  facet normal 0.000000e+00 0.000000e+00 1.000000e+00
    outer loop
      vertex -1.100000e+01 6.234400e+00 9.200000e+00
      vertex -1.088377e+01 -3.042700e+00 9.200000e+00
      vertex -1.088377e+01 2.042700e+00 9.200000e+00
    endloop
  endfacet
  facet normal 0.000000e+00 0.000000e+00 1.000000e+00
    outer loop
      vertex -6.801940e+00 -9.867770e+00 9.200000e+00
      vertex -7.590990e+00 -8.210820e+00 9.200000e+00
      vertex -7.562360e+00 -8.327000e+00 9.200000e+00
    endloop
  endfacet
  facet normal 0.000000e+00 0.000000e+00 1.000000e+00
    outer loop
      vertex -7.590990e+00 -8.210820e+00 9.200000e+00
      vertex -6.801940e+00 -8.132230e+00 9.200000e+00
      vertex -7.958580e+00 -7.795900e+00 9.200000e+00
    endloop
  endfacet
  facet normal 0.000000e+00 0.000000e+00 1.000000e+00
    outer loop
      vertex -3.232200e+00 7.232201e+00 9.200000e+00
      vertex -5.000000e+00 6.500000e+00 9.200000e+00
      vertex -2.000000e+00 6.000000e+00 9.200000e+00
    endloop
  endfacet
  facet normal 0.000000e+00 0.000000e+00 1.000000e+00
    outer loop
      vertex -2.831400e+00 8.200001e+00 9.200000e+00
      vertex -3.232200e+00 7.232201e+00 9.200000e+00
      vertex -2.740100e+00 8.200001e+00 9.200000e+00
    endloop
  endfacet
  facet normal 0.000000e+00 0.000000e+00 1.000000e+00
    outer loop
      vertex -3.458200e+00 4.858900e+00 9.200000e+00
      vertex -2.000000e+00 6.000000e+00 9.200000e+00
      vertex -4.727700e+00 6.291901e+00 9.200000e+00
    endloop
  endfacet
  facet normal 0.000000e+00 0.000000e+00 1.000000e+00
    outer loop
      vertex -3.000000e+00 3.000000e+00 9.200000e+00
      vertex -2.000000e+00 6.000000e+00 9.200000e+00
      vertex -3.458200e+00 4.858900e+00 9.200000e+00
    endloop
  endfacet
  facet normal 0.000000e+00 0.000000e+00 1.000000e+00
    outer loop
      vertex -3.458200e+00 1.141100e+00 9.200000e+00
      vertex -3.458200e+00 -2.141100e+00 9.200000e+00
      vertex -3.000000e+00 3.000000e+00 9.200000e+00
    endloop
  endfacet
  facet normal 0.000000e+00 0.000000e+00 1.000000e+00
    outer loop
      vertex -4.727700e+00 -2.918997e-01 9.200000e+00
      vertex -4.727700e+00 -7.081003e-01 9.200000e+00
      vertex -3.458200e+00 1.141100e+00 9.200000e+00
    endloop
  endfacet
  facet normal 0.000000e+00 0.000000e+00 1.000000e+00
    outer loop
      vertex -5.276360e+00 -5.000000e-01 9.200000e+00
      vertex -4.727700e+00 -7.081003e-01 9.200000e+00
      vertex -4.727700e+00 -2.918997e-01 9.200000e+00
    endloop
  endfacet
  facet normal 0.000000e+00 0.000000e+00 1.000000e+00
    outer loop
      vertex -3.000000e+00 -4.000000e+00 9.200000e+00
      vertex -2.000000e+00 -1.100000e+01 9.200000e+00
      vertex -3.000000e+00 3.000000e+00 9.200000e+00
    endloop
  endfacet
  facet normal 0.000000e+00 0.000000e+00 1.000000e+00
    outer loop
      vertex -3.458200e+00 -5.858890e+00 9.200000e+00
      vertex -3.753000e+00 -7.436340e+00 9.200000e+00
      vertex -3.000000e+00 -4.000000e+00 9.200000e+00
    endloop
  endfacet
  facet normal 0.000000e+00 0.000000e+00 1.000000e+00
    outer loop
      vertex -4.727700e+00 -7.081003e-01 9.200000e+00
      vertex -3.458200e+00 -2.141100e+00 9.200000e+00
      vertex -3.458200e+00 1.141100e+00 9.200000e+00
    endloop
  endfacet
  facet normal 0.000000e+00 0.000000e+00 1.000000e+00
    outer loop
      vertex -3.458200e+00 -2.141100e+00 9.200000e+00
      vertex -3.000000e+00 -4.000000e+00 9.200000e+00
      vertex -3.000000e+00 3.000000e+00 9.200000e+00
    endloop
  endfacet
  facet normal 0.000000e+00 0.000000e+00 1.000000e+00
    outer loop
      vertex -4.670200e+00 -7.226990e+00 9.200000e+00
      vertex -3.753000e+00 -7.436340e+00 9.200000e+00
      vertex -3.458200e+00 -5.858890e+00 9.200000e+00
    endloop
  endfacet
  facet normal 0.000000e+00 0.000000e+00 1.000000e+00
    outer loop
      vertex -3.753000e+00 -1.056366e+01 9.200000e+00
      vertex -2.000000e+00 -1.100000e+01 9.200000e+00
      vertex -3.000000e+00 -9.000000e+00 9.200000e+00
    endloop
  endfacet
  facet normal 0.000000e+00 0.000000e+00 1.000000e+00
    outer loop
      vertex -3.753000e+00 -7.436340e+00 9.200000e+00
      vertex -3.000000e+00 -9.000000e+00 9.200000e+00
      vertex -3.000000e+00 -4.000000e+00 9.200000e+00
    endloop
  endfacet
  facet normal 0.000000e+00 0.000000e+00 1.000000e+00
    outer loop
      vertex -5.445040e+00 -1.094986e+01 9.200000e+00
      vertex -2.000000e+00 -1.100000e+01 9.200000e+00
      vertex -3.753000e+00 -1.056366e+01 9.200000e+00
    endloop
  endfacet
  facet normal 0.000000e+00 0.000000e+00 1.000000e+00
    outer loop
      vertex 2.740101e+00 8.200001e+00 9.200000e+00
      vertex 3.500000e+00 8.000000e+00 9.200000e+00
      vertex 3.582800e+00 8.200001e+00 9.200000e+00
    endloop
  endfacet
  facet normal 0.000000e+00 0.000000e+00 1.000000e+00
    outer loop
      vertex -6.801940e+00 -9.867770e+00 9.200000e+00
      vertex -7.150000e+00 -1.000000e+01 9.200000e+00
      vertex -5.445040e+00 -1.094986e+01 9.200000e+00
    endloop
  endfacet
  facet normal 0.000000e+00 0.000000e+00 1.000000e+00
    outer loop
      vertex 2.427099e+00 7.236601e+00 9.200000e+00
      vertex 9.271002e-01 6.146799e+00 9.200000e+00
      vertex 4.232201e+00 6.232201e+00 9.200000e+00
    endloop
  endfacet
  facet normal 0.000000e+00 0.000000e+00 1.000000e+00
    outer loop
      vertex -7.562360e+00 -8.327000e+00 9.200000e+00
      vertex -7.150000e+00 -1.000000e+01 9.200000e+00
      vertex -6.801940e+00 -9.867770e+00 9.200000e+00
    endloop
  endfacet
  facet normal 0.000000e+00 0.000000e+00 1.000000e+00
    outer loop
      vertex -6.588760e+00 -7.962230e+00 9.200000e+00
      vertex -7.958580e+00 -7.795900e+00 9.200000e+00
      vertex -6.801940e+00 -8.132230e+00 9.200000e+00
    endloop
  endfacet
  facet normal 0.000000e+00 0.000000e+00 1.000000e+00
    outer loop
      vertex 2.740101e+00 8.200001e+00 9.200000e+00
      vertex 2.427099e+00 7.236601e+00 9.200000e+00
      vertex 3.500000e+00 8.000000e+00 9.200000e+00
    endloop
  endfacet
  facet normal 0.000000e+00 0.000000e+00 1.000000e+00
    outer loop
      vertex -7.150000e+00 -1.000000e+01 9.200000e+00
      vertex -7.178640e+00 -1.011618e+01 9.200000e+00
      vertex -5.445040e+00 -1.094986e+01 9.200000e+00
    endloop
  endfacet
  facet normal 0.000000e+00 0.000000e+00 1.000000e+00
    outer loop
      vertex -7.178640e+00 -1.011618e+01 9.200000e+00
      vertex -7.396480e+00 -1.100000e+01 9.200000e+00
      vertex -5.445040e+00 -1.094986e+01 9.200000e+00
    endloop
  endfacet
  facet normal 0.000000e+00 0.000000e+00 1.000000e+00
    outer loop
      vertex -7.396480e+00 -1.100000e+01 9.200000e+00
      vertex -2.000000e+00 -1.100000e+01 9.200000e+00
      vertex -5.445040e+00 -1.094986e+01 9.200000e+00
    endloop
  endfacet
  facet normal 0.000000e+00 0.000000e+00 1.000000e+00
    outer loop
      vertex -2.000000e+00 -1.100000e+01 9.200000e+00
      vertex -2.000000e+00 6.000000e+00 9.200000e+00
      vertex -3.000000e+00 3.000000e+00 9.200000e+00
    endloop
  endfacet
  facet normal 0.000000e+00 0.000000e+00 1.000000e+00
    outer loop
      vertex -2.427100e+00 7.236601e+00 9.200000e+00
      vertex -2.740100e+00 8.200001e+00 9.200000e+00
      vertex -3.232200e+00 7.232201e+00 9.200000e+00
    endloop
  endfacet
  facet normal 0.000000e+00 0.000000e+00 1.000000e+00
    outer loop
      vertex -6.767770e+00 7.232201e+00 9.200000e+00
      vertex -8.812950e+00 6.831499e+00 9.200000e+00
      vertex -8.924830e+00 6.789101e+00 9.200000e+00
    endloop
  endfacet
  facet normal 0.000000e+00 0.000000e+00 1.000000e+00
    outer loop
      vertex 4.232201e+00 6.232201e+00 9.200000e+00
      vertex 3.500000e+00 8.000000e+00 9.200000e+00
      vertex 2.427099e+00 7.236601e+00 9.200000e+00
    endloop
  endfacet
  facet normal 0.000000e+00 0.000000e+00 1.000000e+00
    outer loop
      vertex -2.000000e+00 6.000000e+00 9.200000e+00
      vertex 4.792900e+00 6.000000e+00 9.200000e+00
      vertex 9.271002e-01 6.146799e+00 9.200000e+00
    endloop
  endfacet
  facet normal 0.000000e+00 0.000000e+00 1.000000e+00
    outer loop
      vertex -5.000000e+00 6.500000e+00 9.200000e+00
      vertex -6.767770e+00 7.232201e+00 9.200000e+00
      vertex -6.517850e+00 6.970800e+00 9.200000e+00
    endloop
  endfacet
  facet normal 0.000000e+00 0.000000e+00 1.000000e+00
    outer loop
      vertex -2.000000e+00 6.000000e+00 9.200000e+00
      vertex 9.271002e-01 6.146799e+00 9.200000e+00
      vertex -9.271002e-01 6.146799e+00 9.200000e+00
    endloop
  endfacet
  facet normal 0.000000e+00 0.000000e+00 1.000000e+00
    outer loop
      vertex -3.232200e+00 7.232201e+00 9.200000e+00
      vertex -9.271002e-01 6.146799e+00 9.200000e+00
      vertex -2.427100e+00 7.236601e+00 9.200000e+00
    endloop
  endfacet
  facet normal 0.000000e+00 0.000000e+00 1.000000e+00
    outer loop
      vertex -6.517850e+00 6.970800e+00 9.200000e+00
      vertex -6.767770e+00 7.232201e+00 9.200000e+00
      vertex -8.418420e+00 6.740101e+00 9.200000e+00
    endloop
  endfacet
  facet normal 0.000000e+00 0.000000e+00 1.000000e+00
    outer loop
      vertex -6.767770e+00 7.232201e+00 9.200000e+00
      vertex -7.168630e+00 8.200001e+00 9.200000e+00
      vertex -8.812950e+00 6.831499e+00 9.200000e+00
    endloop
  endfacet
  facet normal 0.000000e+00 0.000000e+00 1.000000e+00
    outer loop
      vertex 4.232201e+00 6.232201e+00 9.200000e+00
      vertex 9.271002e-01 6.146799e+00 9.200000e+00
      vertex 4.792900e+00 6.000000e+00 9.200000e+00
    endloop
  endfacet
  facet normal 0.000000e+00 0.000000e+00 1.000000e+00
    outer loop
      vertex -4.727700e+00 6.291901e+00 9.200000e+00
      vertex -5.000000e+00 6.500000e+00 9.200000e+00
      vertex -6.517850e+00 6.970800e+00 9.200000e+00
    endloop
  endfacet
  facet normal 0.000000e+00 0.000000e+00 1.000000e+00
    outer loop
      vertex -4.727700e+00 6.291901e+00 9.200000e+00
      vertex -2.000000e+00 6.000000e+00 9.200000e+00
      vertex -5.000000e+00 6.500000e+00 9.200000e+00
    endloop
  endfacet
  facet normal 0.000000e+00 0.000000e+00 1.000000e+00
    outer loop
      vertex -3.232200e+00 7.232201e+00 9.200000e+00
      vertex -2.000000e+00 6.000000e+00 9.200000e+00
      vertex -9.271002e-01 6.146799e+00 9.200000e+00
    endloop
  endfacet
  facet normal 0.000000e+00 0.000000e+00 1.000000e+00
    outer loop
      vertex -8.924830e+00 6.789101e+00 9.200000e+00
      vertex -8.418420e+00 6.740101e+00 9.200000e+00
      vertex -6.767770e+00 7.232201e+00 9.200000e+00
    endloop
  endfacet
  facet normal 0.000000e+00 0.000000e+00 1.000000e+00
    outer loop
      vertex -7.168630e+00 8.200001e+00 9.200000e+00
      vertex -7.600580e+00 8.200001e+00 9.200000e+00
      vertex -7.670340e+00 8.121300e+00 9.200000e+00
    endloop
  endfacet
  facet normal 0.000000e+00 0.000000e+00 1.000000e+00
    outer loop
      vertex -8.924830e+00 6.789101e+00 9.200000e+00
      vertex -1.053593e+01 6.178101e+00 9.200000e+00
      vertex -8.418420e+00 6.740101e+00 9.200000e+00
    endloop
  endfacet
  facet normal 0.000000e+00 0.000000e+00 1.000000e+00
    outer loop
      vertex -7.670340e+00 8.121300e+00 9.200000e+00
      vertex -8.812950e+00 6.831499e+00 9.200000e+00
      vertex -7.168630e+00 8.200001e+00 9.200000e+00
    endloop
  endfacet
  facet normal 0.000000e+00 0.000000e+00 1.000000e+00
    outer loop
      vertex -9.994040e+00 5.652500e+00 9.200000e+00
      vertex -8.418420e+00 6.740101e+00 9.200000e+00
      vertex -1.053593e+01 6.178101e+00 9.200000e+00
    endloop
  endfacet
  facet normal 0.000000e+00 0.000000e+00 1.000000e+00
    outer loop
      vertex -9.994040e+00 5.652500e+00 9.200000e+00
      vertex -1.065472e+01 6.192499e+00 9.200000e+00
      vertex -1.100000e+01 6.234400e+00 9.200000e+00
    endloop
  endfacet
  facet normal 0.000000e+00 0.000000e+00 1.000000e+00
    outer loop
      vertex -9.994040e+00 5.652500e+00 9.200000e+00
      vertex -1.053593e+01 6.178101e+00 9.200000e+00
      vertex -1.065472e+01 6.192499e+00 9.200000e+00
    endloop
  endfacet
  facet normal 0.000000e+00 0.000000e+00 1.000000e+00
    outer loop
      vertex -1.088377e+01 2.042700e+00 9.200000e+00
      vertex -1.088377e+01 3.957300e+00 9.200000e+00
      vertex -1.100000e+01 6.234400e+00 9.200000e+00
    endloop
  endfacet
  facet normal 0.000000e+00 0.000000e+00 1.000000e+00
    outer loop
      vertex -9.994040e+00 3.474998e-01 9.200000e+00
      vertex -1.088377e+01 2.042700e+00 9.200000e+00
      vertex -9.994040e+00 -1.347500e+00 9.200000e+00
    endloop
  endfacet
  facet normal 0.000000e+00 0.000000e+00 1.000000e+00
    outer loop
      vertex -1.042405e+01 -6.220500e+00 9.200000e+00
      vertex -1.088377e+01 -4.957300e+00 9.200000e+00
      vertex -1.053593e+01 -6.178070e+00 9.200000e+00
    endloop
  endfacet
  facet normal 0.000000e+00 0.000000e+00 1.000000e+00
    outer loop
      vertex -1.017025e+01 -6.316760e+00 9.200000e+00
      vertex -1.088377e+01 -4.957300e+00 9.200000e+00
      vertex -1.042405e+01 -6.220500e+00 9.200000e+00
    endloop
  endfacet
  facet normal 0.000000e+00 0.000000e+00 1.000000e+00
    outer loop
      vertex -6.801940e+00 -9.867770e+00 9.200000e+00
      vertex -6.801940e+00 -8.132230e+00 9.200000e+00
      vertex -7.590990e+00 -8.210820e+00 9.200000e+00
    endloop
  endfacet
  facet normal -1.000000e+00 -0.000000e+00 -0.000000e+00
    outer loop
      vertex -2.000000e+00 -1.100000e+01 9.200000e+00
      vertex -2.000000e+00 -1.100000e+01 1.420000e+01
      vertex -2.000000e+00 6.000000e+00 9.200000e+00
    endloop
  endfacet
  facet normal -1.000000e+00 0.000000e+00 0.000000e+00
    outer loop
      vertex -2.000000e+00 -9.487340e+00 1.400000e+01
      vertex -2.000000e+00 -1.100000e+01 1.420000e+01
      vertex -2.000000e+00 -9.317860e+00 1.420000e+01
    endloop
  endfacet
  facet normal -1.000000e+00 0.000000e+00 0.000000e+00
    outer loop
      vertex -2.000000e+00 6.000000e+00 9.200000e+00
      vertex -2.000000e+00 -1.100000e+01 1.420000e+01
      vertex -2.000000e+00 -9.487340e+00 1.400000e+01
    endloop
  endfacet
  facet normal -1.000000e+00 0.000000e+00 0.000000e+00
    outer loop
      vertex -2.000000e+00 4.663900e+00 1.900000e+01
      vertex -2.000000e+00 6.000000e+00 9.200000e+00
      vertex -2.000000e+00 -6.639004e-01 1.900000e+01
    endloop
  endfacet
  facet normal -1.000000e+00 0.000000e+00 0.000000e+00
    outer loop
      vertex -2.000000e+00 6.000000e+00 9.200000e+00
      vertex -2.000000e+00 -4.512700e+00 1.400000e+01
      vertex -2.000000e+00 -4.682100e+00 1.420000e+01
    endloop
  endfacet
  facet normal -1.000000e+00 0.000000e+00 0.000000e+00
    outer loop
      vertex -2.000000e+00 6.000000e+00 9.200000e+00
      vertex -2.000000e+00 -4.682100e+00 1.420000e+01
      vertex -2.000000e+00 -2.000000e+00 1.420000e+01
    endloop
  endfacet
  facet normal -1.000000e+00 0.000000e+00 0.000000e+00
    outer loop
      vertex -2.000000e+00 6.000000e+00 9.200000e+00
      vertex -2.000000e+00 -2.000000e+00 1.420000e+01
      vertex -2.000000e+00 -2.000000e+00 1.920000e+01
    endloop
  endfacet
  facet normal -1.000000e+00 0.000000e+00 0.000000e+00
    outer loop
      vertex -2.000000e+00 -6.639004e-01 1.900000e+01
      vertex -2.000000e+00 -2.000000e+00 1.920000e+01
      vertex -2.000000e+00 -5.403004e-01 1.920000e+01
    endloop
  endfacet
  facet normal -1.000000e+00 0.000000e+00 0.000000e+00
    outer loop
      vertex -2.000000e+00 6.000000e+00 9.200000e+00
      vertex -2.000000e+00 -2.000000e+00 1.920000e+01
      vertex -2.000000e+00 -6.639004e-01 1.900000e+01
    endloop
  endfacet
  facet normal -1.000000e+00 0.000000e+00 0.000000e+00
    outer loop
      vertex -2.000000e+00 6.000000e+00 1.499870e+01
      vertex -2.000000e+00 6.000000e+00 9.200000e+00
      vertex -2.000000e+00 5.986000e+00 1.501650e+01
    endloop
  endfacet
  facet normal -1.000000e+00 0.000000e+00 0.000000e+00
    outer loop
      vertex -2.000000e+00 4.663900e+00 1.900000e+01
      vertex -2.000000e+00 4.540300e+00 1.920000e+01
      vertex -2.000000e+00 6.000000e+00 1.920000e+01
    endloop
  endfacet
  facet normal -1.000000e+00 0.000000e+00 0.000000e+00
    outer loop
      vertex -2.000000e+00 4.663900e+00 1.900000e+01
      vertex -2.000000e+00 6.000000e+00 1.920000e+01
      vertex -2.000000e+00 6.000000e+00 1.700130e+01
    endloop
  endfacet
  facet normal -1.000000e+00 0.000000e+00 0.000000e+00
    outer loop
      vertex -2.000000e+00 4.663900e+00 1.900000e+01
      vertex -2.000000e+00 6.000000e+00 1.700130e+01
      vertex -2.000000e+00 5.986000e+00 1.698350e+01
    endloop
  endfacet
  facet normal -1.000000e+00 0.000000e+00 0.000000e+00
    outer loop
      vertex -2.000000e+00 4.663900e+00 1.900000e+01
      vertex -2.000000e+00 5.986000e+00 1.698350e+01
      vertex -2.000000e+00 5.986000e+00 1.501650e+01
    endloop
  endfacet
  facet normal -1.000000e+00 0.000000e+00 0.000000e+00
    outer loop
      vertex -2.000000e+00 4.663900e+00 1.900000e+01
      vertex -2.000000e+00 5.986000e+00 1.501650e+01
      vertex -2.000000e+00 6.000000e+00 9.200000e+00
    endloop
  endfacet
  facet normal -1.000000e+00 0.000000e+00 0.000000e+00
    outer loop
      vertex -2.000000e+00 -4.512700e+00 1.400000e+01
      vertex -2.000000e+00 6.000000e+00 9.200000e+00
      vertex -2.000000e+00 -9.487340e+00 1.400000e+01
    endloop
  endfacet
  facet normal 0.000000e+00 0.000000e+00 1.000000e+00
    outer loop
      vertex -1.326200e+00 -1.032623e+01 1.420000e+01
      vertex -2.000000e+00 -1.100000e+01 1.420000e+01
      vertex -3.178997e-01 -1.100000e+01 1.420000e+01
    endloop
  endfacet
  facet normal 0.000000e+00 0.000000e+00 1.000000e+00
    outer loop
      vertex -2.000000e+00 -9.317860e+00 1.420000e+01
      vertex -2.000000e+00 -1.100000e+01 1.420000e+01
      vertex -1.326200e+00 -1.032623e+01 1.420000e+01
    endloop
  endfacet
  facet normal -5.026538e-01 -7.522747e-01 4.259368e-01
    outer loop
      vertex 2.000000e+00 -7.000000e+00 2.400000e+01
      vertex -1.326200e+00 -1.032623e+01 1.420000e+01
      vertex -3.178997e-01 -1.100000e+01 1.420000e+01
    endloop
  endfacet
  facet normal -5.026538e-01 -7.522747e-01 4.259368e-01
    outer loop
      vertex 1.631002e-01 -1.143462e+01 1.400000e+01
      vertex 2.000000e+00 -7.000000e+00 2.400000e+01
      vertex -3.178997e-01 -1.100000e+01 1.420000e+01
    endloop
  endfacet
  facet normal -5.026538e-01 -7.522747e-01 4.259368e-01
    outer loop
      vertex -4.872999e-01 -1.100000e+01 1.400000e+01
      vertex 1.631002e-01 -1.143462e+01 1.400000e+01
      vertex -3.178997e-01 -1.100000e+01 1.420000e+01
    endloop
  endfacet
  facet normal 0.000000e+00 0.000000e+00 -1.000000e+00
    outer loop
      vertex -4.872999e-01 -1.100000e+01 1.400000e+01
      vertex 4.487301e+00 -1.100000e+01 1.400000e+01
      vertex 1.631002e-01 -1.143462e+01 1.400000e+01
    endloop
  endfacet
  facet normal 0.000000e+00 0.000000e+00 -1.000000e+00
    outer loop
      vertex 1.631002e-01 -1.143462e+01 1.400000e+01
      vertex 4.487301e+00 -1.100000e+01 1.400000e+01
      vertex 3.836901e+00 -1.143462e+01 1.400000e+01
    endloop
  endfacet
  facet normal 0.000000e+00 0.000000e+00 -1.000000e+00
    outer loop
      vertex 1.631002e-01 -1.143462e+01 1.400000e+01
      vertex 3.836901e+00 -1.143462e+01 1.400000e+01
      vertex 2.000000e+00 -1.180000e+01 1.400000e+01
    endloop
  endfacet
  facet normal 5.026538e-01 -7.522747e-01 4.259368e-01
    outer loop
      vertex 4.317900e+00 -1.100000e+01 1.420000e+01
      vertex 2.000000e+00 -7.000000e+00 2.400000e+01
      vertex 3.836901e+00 -1.143462e+01 1.400000e+01
    endloop
  endfacet
  facet normal 5.026538e-01 -7.522747e-01 4.259368e-01
    outer loop
      vertex 5.326200e+00 -1.032623e+01 1.420000e+01
      vertex 2.000000e+00 -7.000000e+00 2.400000e+01
      vertex 4.317900e+00 -1.100000e+01 1.420000e+01
    endloop
  endfacet
  facet normal 5.026538e-01 -7.522747e-01 4.259368e-01
    outer loop
      vertex 4.487301e+00 -1.100000e+01 1.400000e+01
      vertex 4.317900e+00 -1.100000e+01 1.420000e+01
      vertex 3.836901e+00 -1.143462e+01 1.400000e+01
    endloop
  endfacet
  facet normal 0.000000e+00 0.000000e+00 1.000000e+00
    outer loop
      vertex 5.326200e+00 -1.032623e+01 1.420000e+01
      vertex 4.317900e+00 -1.100000e+01 1.420000e+01
      vertex 6.200001e+00 -1.100000e+01 1.420000e+01
    endloop
  endfacet
  facet normal 0.000000e+00 0.000000e+00 1.000000e+00
    outer loop
      vertex 6.200001e+00 -9.018540e+00 1.420000e+01
      vertex 5.326200e+00 -1.032623e+01 1.420000e+01
      vertex 6.200001e+00 -1.100000e+01 1.420000e+01
    endloop
  endfacet
  facet normal 1.000000e+00 0.000000e+00 0.000000e+00
    outer loop
      vertex 6.200001e+00 -7.519420e+00 9.345650e+00
      vertex 6.200001e+00 -7.376510e+00 9.184140e+00
      vertex 6.200001e+00 -1.100000e+01 1.420000e+01
    endloop
  endfacet
  facet normal 1.000000e+00 0.000000e+00 0.000000e+00
    outer loop
      vertex 6.200001e+00 -1.100000e+01 1.420000e+01
      vertex 6.200001e+00 -1.100000e+01 1.029050e+01
      vertex 6.200001e+00 -1.069014e+01 1.048830e+01
    endloop
  endfacet
  facet normal 1.000000e+00 0.000000e+00 0.000000e+00
    outer loop
      vertex 6.200001e+00 -7.213570e+00 9.000000e+00
      vertex 6.200001e+00 -4.440892e-16 1.200000e+00
      vertex 6.200001e+00 -1.100000e+01 1.420000e+01
    endloop
  endfacet
  facet normal 1.000000e+00 0.000000e+00 0.000000e+00
    outer loop
      vertex 6.200001e+00 -9.309860e+00 1.048830e+01
      vertex 6.200001e+00 -1.100000e+01 1.420000e+01
      vertex 6.200001e+00 -1.069014e+01 1.048830e+01
    endloop
  endfacet
  facet normal 1.000000e+00 0.000000e+00 0.000000e+00
    outer loop
      vertex 6.200001e+00 -9.309860e+00 1.048830e+01
      vertex 6.200001e+00 -8.665480e+00 1.007700e+01
      vertex 6.200001e+00 -1.100000e+01 1.420000e+01
    endloop
  endfacet
  facet normal 1.000000e+00 0.000000e+00 0.000000e+00
    outer loop
      vertex 6.200001e+00 -8.665480e+00 1.007700e+01
      vertex 6.200001e+00 -7.519420e+00 9.345650e+00
      vertex 6.200001e+00 -1.100000e+01 1.420000e+01
    endloop
  endfacet
  facet normal 1.000000e+00 0.000000e+00 0.000000e+00
    outer loop
      vertex 6.200001e+00 -7.213570e+00 7.000000e+00
      vertex 6.200001e+00 -4.440892e-16 1.200000e+00
      vertex 6.200001e+00 -7.213570e+00 9.000000e+00
    endloop
  endfacet
  facet normal 1.000000e+00 0.000000e+00 0.000000e+00
    outer loop
      vertex 6.200001e+00 -7.376510e+00 9.184140e+00
      vertex 6.200001e+00 -7.213570e+00 9.000000e+00
      vertex 6.200001e+00 -1.100000e+01 1.420000e+01
    endloop
  endfacet
  facet normal 1.000000e+00 0.000000e+00 0.000000e+00
    outer loop
      vertex 6.200001e+00 -7.519420e+00 6.740760e+00
      vertex 6.200001e+00 -9.384460e+00 1.200000e+00
      vertex 6.200001e+00 -7.213570e+00 7.000000e+00
    endloop
  endfacet
  facet normal 1.000000e+00 0.000000e+00 0.000000e+00
    outer loop
      vertex 6.200001e+00 -9.067080e+00 6.000000e+00
      vertex 6.200001e+00 -9.384460e+00 1.200000e+00
      vertex 6.200001e+00 -7.519420e+00 6.740760e+00
    endloop
  endfacet
  facet normal 1.000000e+00 0.000000e+00 0.000000e+00
    outer loop
      vertex 6.200001e+00 -9.384460e+00 6.000000e+00
      vertex 6.200001e+00 -9.384460e+00 1.200000e+00
      vertex 6.200001e+00 -9.067080e+00 6.000000e+00
    endloop
  endfacet
  facet normal 1.000000e+00 0.000000e+00 0.000000e+00
    outer loop
      vertex 6.200001e+00 -9.384460e+00 1.200000e+00
      vertex 6.200001e+00 -4.440892e-16 1.200000e+00
      vertex 6.200001e+00 -7.213570e+00 7.000000e+00
    endloop
  endfacet
  facet normal 1.000000e+00 0.000000e+00 0.000000e+00
    outer loop
      vertex 6.200001e+00 -4.812000e+00 1.400000e+01
      vertex 6.200001e+00 -4.440892e-16 1.420000e+01
      vertex 6.200001e+00 -4.981500e+00 1.420000e+01
    endloop
  endfacet
  facet normal 1.000000e+00 0.000000e+00 0.000000e+00
    outer loop
      vertex 6.200001e+00 -4.440892e-16 1.200000e+00
      vertex 6.200001e+00 -4.440892e-16 1.420000e+01
      vertex 6.200001e+00 -4.812000e+00 1.400000e+01
    endloop
  endfacet
  facet normal 1.000000e+00 0.000000e+00 0.000000e+00
    outer loop
      vertex 6.200001e+00 -4.440892e-16 1.200000e+00
      vertex 6.200001e+00 -9.188020e+00 1.400000e+01
      vertex 6.200001e+00 -1.100000e+01 1.420000e+01
    endloop
  endfacet
  facet normal 1.000000e+00 0.000000e+00 0.000000e+00
    outer loop
      vertex 6.200001e+00 -9.188020e+00 1.400000e+01
      vertex 6.200001e+00 -9.018540e+00 1.420000e+01
      vertex 6.200001e+00 -1.100000e+01 1.420000e+01
    endloop
  endfacet
  facet normal 1.000000e+00 0.000000e+00 0.000000e+00
    outer loop
      vertex 6.200001e+00 -4.812000e+00 1.400000e+01
      vertex 6.200001e+00 -9.188020e+00 1.400000e+01
      vertex 6.200001e+00 -4.440892e-16 1.200000e+00
    endloop
  endfacet
  facet normal -7.157823e-01 -3.756712e-01 5.886653e-01
    outer loop
      vertex 5.138700e+00 -1.100000e+01 9.000000e+00
      vertex 6.006001e+00 -1.265249e+01 9.000000e+00
      vertex 6.200001e+00 -1.100000e+01 1.029050e+01
    endloop
  endfacet
  facet normal -7.157823e-01 -3.756712e-01 5.886653e-01
    outer loop
      vertex 6.200001e+00 -1.100000e+01 1.029050e+01
      vertex 6.006001e+00 -1.265249e+01 9.000000e+00
      vertex 6.572599e+00 -1.059829e+01 1.100000e+01
    endloop
  endfacet
  facet normal -7.157823e-01 -3.756712e-01 5.886653e-01
    outer loop
      vertex 6.200001e+00 -1.100000e+01 1.029050e+01
      vertex 6.572599e+00 -1.059829e+01 1.100000e+01
      vertex 6.200001e+00 -1.069014e+01 1.048830e+01
    endloop
  endfacet
  facet normal -8.854561e-01 -4.647231e-01 -0.000000e+00
    outer loop
      vertex 5.138700e+00 -1.100000e+01 7.000000e+00
      vertex 6.006001e+00 -1.265249e+01 7.000000e+00
      vertex 5.138700e+00 -1.100000e+01 9.000000e+00
    endloop
  endfacet
  facet normal -8.854561e-01 -4.647231e-01 0.000000e+00
    outer loop
      vertex 5.138700e+00 -1.100000e+01 9.000000e+00
      vertex 6.006001e+00 -1.265249e+01 7.000000e+00
      vertex 6.006001e+00 -1.265249e+01 9.000000e+00
    endloop
  endfacet
  facet normal -6.352741e-01 -3.334170e-01 -6.966060e-01
    outer loop
      vertex 5.138700e+00 -1.100000e+01 7.000000e+00
      vertex 5.184099e+00 -1.100000e+01 6.958590e+00
      vertex 6.006001e+00 -1.265249e+01 7.000000e+00
    endloop
  endfacet
  facet normal -6.352741e-01 -3.334170e-01 -6.966060e-01
    outer loop
      vertex 6.006001e+00 -1.265249e+01 7.000000e+00
      vertex 5.184099e+00 -1.100000e+01 6.958590e+00
      vertex 6.754499e+00 -1.198937e+01 6.000000e+00
    endloop
  endfacet
  facet normal -6.352741e-01 -3.334170e-01 -6.966060e-01
    outer loop
      vertex 6.470699e+00 -1.144874e+01 6.000000e+00
      vertex 6.200001e+00 -1.100000e+01 6.032110e+00
      vertex 6.200001e+00 -1.093292e+01 6.000000e+00
    endloop
  endfacet
  facet normal -6.352741e-01 -3.334170e-01 -6.966060e-01
    outer loop
      vertex 5.184099e+00 -1.100000e+01 6.958590e+00
      vertex 6.200001e+00 -1.100000e+01 6.032110e+00
      vertex 6.572901e+00 -1.176336e+01 6.057360e+00
    endloop
  endfacet
  facet normal -6.352741e-01 -3.334170e-01 -6.966060e-01
    outer loop
      vertex 5.184099e+00 -1.100000e+01 6.958590e+00
      vertex 6.572901e+00 -1.176336e+01 6.057360e+00
      vertex 6.754499e+00 -1.198937e+01 6.000000e+00
    endloop
  endfacet
  facet normal -6.352741e-01 -3.334170e-01 -6.966060e-01
    outer loop
      vertex 6.572901e+00 -1.176336e+01 6.057360e+00
      vertex 6.200001e+00 -1.100000e+01 6.032110e+00
      vertex 6.470699e+00 -1.144874e+01 6.000000e+00
    endloop
  endfacet
  facet normal -6.352741e-01 -3.334170e-01 -6.966060e-01
    outer loop
      vertex 6.674601e+00 -1.183722e+01 6.000000e+00
      vertex 6.754499e+00 -1.198937e+01 6.000000e+00
      vertex 6.572901e+00 -1.176336e+01 6.057360e+00
    endloop
  endfacet
  facet normal 0.000000e+00 0.000000e+00 -1.000000e+00
    outer loop
      vertex 6.470699e+00 -1.144874e+01 6.000000e+00
      vertex 6.200001e+00 -1.093292e+01 6.000000e+00
      vertex 6.200001e+00 -1.061554e+01 6.000000e+00
    endloop
  endfacet
  facet normal 0.000000e+00 0.000000e+00 -1.000000e+00
    outer loop
      vertex 6.674601e+00 -1.183722e+01 6.000000e+00
      vertex 8.020901e+00 -1.281533e+01 6.000000e+00
      vertex 6.754499e+00 -1.198937e+01 6.000000e+00
    endloop
  endfacet
  facet normal 0.000000e+00 0.000000e+00 -1.000000e+00
    outer loop
      vertex 6.754499e+00 -1.198937e+01 6.000000e+00
      vertex 8.020901e+00 -1.281533e+01 6.000000e+00
      vertex 7.936199e+00 -1.280505e+01 6.000000e+00
    endloop
  endfacet
  facet normal -8.647960e-02 -7.122229e-01 -6.966060e-01
    outer loop
      vertex 8.020901e+00 -1.281533e+01 6.000000e+00
      vertex 7.581600e+00 -1.374006e+01 7.000000e+00
      vertex 7.936199e+00 -1.280505e+01 6.000000e+00
    endloop
  endfacet
  facet normal -8.647960e-02 -7.122229e-01 -6.966060e-01
    outer loop
      vertex 8.072901e+00 -1.285317e+01 6.032220e+00
      vertex 7.581600e+00 -1.374006e+01 7.000000e+00
      vertex 8.020901e+00 -1.281533e+01 6.000000e+00
    endloop
  endfacet
  facet normal -8.647960e-02 -7.122229e-01 -6.966060e-01
    outer loop
      vertex 9.361601e+00 -1.297813e+01 6.000000e+00
      vertex 7.581600e+00 -1.374006e+01 7.000000e+00
      vertex 8.072901e+00 -1.285317e+01 6.032220e+00
    endloop
  endfacet
  facet normal -8.647960e-02 -7.122229e-01 -6.966060e-01
    outer loop
      vertex 9.361601e+00 -1.297813e+01 6.000000e+00
      vertex 8.072901e+00 -1.285317e+01 6.032220e+00
      vertex 8.332500e+00 -1.285317e+01 6.000000e+00
    endloop
  endfacet
  facet normal 0.000000e+00 0.000000e+00 -1.000000e+00
    outer loop
      vertex 9.361601e+00 -1.297813e+01 6.000000e+00
      vertex 8.332500e+00 -1.285317e+01 6.000000e+00
      vertex 9.691099e+00 -1.285317e+01 6.000000e+00
    endloop
  endfacet
  facet normal 2.544130e-01 -6.708310e-01 -6.966059e-01
    outer loop
      vertex 9.361601e+00 -1.297813e+01 6.000000e+00
      vertex 9.691099e+00 -1.285317e+01 6.000000e+00
      vertex 9.482100e+00 -1.397083e+01 7.000000e+00
    endloop
  endfacet
  facet normal 2.544130e-01 -6.708310e-01 -6.966059e-01
    outer loop
      vertex 9.482100e+00 -1.397083e+01 7.000000e+00
      vertex 9.691099e+00 -1.285317e+01 6.000000e+00
      vertex 9.927099e+00 -1.285317e+01 6.086180e+00
    endloop
  endfacet
  facet normal 2.544130e-01 -6.708310e-01 -6.966059e-01
    outer loop
      vertex 9.482100e+00 -1.397083e+01 7.000000e+00
      vertex 9.927099e+00 -1.285317e+01 6.086180e+00
      vertex 1.018470e+01 -1.266596e+01 6.000000e+00
    endloop
  endfacet
  facet normal 2.544130e-01 -6.708310e-01 -6.966059e-01
    outer loop
      vertex 9.482100e+00 -1.397083e+01 7.000000e+00
      vertex 1.018470e+01 -1.266596e+01 6.000000e+00
      vertex 1.070420e+01 -1.246895e+01 6.000000e+00
    endloop
  endfacet
  facet normal 0.000000e+00 0.000000e+00 -1.000000e+00
    outer loop
      vertex 1.070420e+01 -1.246895e+01 6.000000e+00
      vertex 1.018470e+01 -1.266596e+01 6.000000e+00
      vertex 1.115270e+01 -1.196267e+01 6.000000e+00
    endloop
  endfacet
  facet normal 5.370219e-01 -4.757601e-01 -6.966060e-01
    outer loop
      vertex 1.070420e+01 -1.246895e+01 6.000000e+00
      vertex 1.115270e+01 -1.196267e+01 6.000000e+00
      vertex 1.127230e+01 -1.329194e+01 7.000000e+00
    endloop
  endfacet
  facet normal 5.370219e-01 -4.757601e-01 -6.966060e-01
    outer loop
      vertex 1.127230e+01 -1.329194e+01 7.000000e+00
      vertex 1.115270e+01 -1.196267e+01 6.000000e+00
      vertex 1.142710e+01 -1.176336e+01 6.075360e+00
    endloop
  endfacet
  facet normal 5.370219e-01 -4.757601e-01 -6.966060e-01
    outer loop
      vertex 1.127230e+01 -1.329194e+01 7.000000e+00
      vertex 1.142710e+01 -1.176336e+01 6.075360e+00
      vertex 1.148370e+01 -1.158911e+01 6.000000e+00
    endloop
  endfacet
  facet normal 5.370219e-01 -4.757601e-01 -6.966060e-01
    outer loop
      vertex 1.127230e+01 -1.329194e+01 7.000000e+00
      vertex 1.148370e+01 -1.158911e+01 6.000000e+00
      vertex 1.165640e+01 -1.139417e+01 6.000000e+00
    endloop
  endfacet
  facet normal 0.000000e+00 0.000000e+00 -1.000000e+00
    outer loop
      vertex 1.165640e+01 -1.139417e+01 6.000000e+00
      vertex 1.148370e+01 -1.158911e+01 6.000000e+00
      vertex 1.200000e+01 -1.000000e+01 6.000000e+00
    endloop
  endfacet
  facet normal 6.966060e-01 -1.716980e-01 -6.966060e-01
    outer loop
      vertex 1.254180e+01 -1.185889e+01 7.000000e+00
      vertex 1.165640e+01 -1.139417e+01 6.000000e+00
      vertex 1.200000e+01 -1.000000e+01 6.000000e+00
    endloop
  endfacet
  facet normal 6.966060e-01 -1.716980e-01 -6.966060e-01
    outer loop
      vertex 1.254180e+01 -1.185889e+01 7.000000e+00
      vertex 1.200000e+01 -1.000000e+01 6.000000e+00
      vertex 1.300000e+01 -1.000000e+01 7.000000e+00
    endloop
  endfacet
  facet normal 6.966060e-01 1.716980e-01 -6.966060e-01
    outer loop
      vertex 1.200000e+01 -1.000000e+01 6.000000e+00
      vertex 1.165640e+01 -8.605830e+00 6.000000e+00
      vertex 1.300000e+01 -1.000000e+01 7.000000e+00
    endloop
  endfacet
  facet normal 0.000000e+00 0.000000e+00 -1.000000e+00
    outer loop
      vertex 1.200000e+01 -1.000000e+01 6.000000e+00
      vertex 1.148370e+01 -8.410890e+00 6.000000e+00
      vertex 1.165640e+01 -8.605830e+00 6.000000e+00
    endloop
  endfacet
  facet normal 5.370219e-01 4.757601e-01 -6.966060e-01
    outer loop
      vertex 1.100000e+01 -7.864940e+00 6.000000e+00
      vertex 1.100000e+01 -7.629250e+00 6.160970e+00
      vertex 1.115270e+01 -8.037330e+00 6.000000e+00
    endloop
  endfacet
  facet normal 5.370219e-01 4.757601e-01 -6.966060e-01
    outer loop
      vertex 1.115270e+01 -8.037330e+00 6.000000e+00
      vertex 1.100000e+01 -7.629250e+00 6.160970e+00
      vertex 1.254180e+01 -8.141110e+00 7.000000e+00
    endloop
  endfacet
  facet normal 5.370219e-01 4.757601e-01 -6.966060e-01
    outer loop
      vertex 1.148370e+01 -8.410890e+00 6.000000e+00
      vertex 1.254180e+01 -8.141110e+00 7.000000e+00
      vertex 1.165640e+01 -8.605830e+00 6.000000e+00
    endloop
  endfacet
  facet normal 5.370219e-01 4.757601e-01 -6.966060e-01
    outer loop
      vertex 1.142710e+01 -8.236640e+00 6.075360e+00
      vertex 1.254180e+01 -8.141110e+00 7.000000e+00
      vertex 1.148370e+01 -8.410890e+00 6.000000e+00
    endloop
  endfacet
  facet normal 5.370219e-01 4.757601e-01 -6.966060e-01
    outer loop
      vertex 1.115270e+01 -8.037330e+00 6.000000e+00
      vertex 1.254180e+01 -8.141110e+00 7.000000e+00
      vertex 1.142710e+01 -8.236640e+00 6.075360e+00
    endloop
  endfacet
  facet normal 0.000000e+00 0.000000e+00 -1.000000e+00
    outer loop
      vertex 1.115270e+01 -8.037330e+00 6.000000e+00
      vertex 1.100000e+01 -7.926370e+00 6.000000e+00
      vertex 1.100000e+01 -7.864940e+00 6.000000e+00
    endloop
  endfacet
  facet normal 5.370219e-01 4.757601e-01 -6.966060e-01
    outer loop
      vertex 1.100000e+01 -7.629250e+00 6.160970e+00
      vertex 1.100000e+01 -7.102500e+00 6.520730e+00
      vertex 1.254180e+01 -8.141110e+00 7.000000e+00
    endloop
  endfacet
  facet normal 5.370219e-01 4.757601e-01 -6.966060e-01
    outer loop
      vertex 1.254180e+01 -8.141110e+00 7.000000e+00
      vertex 1.100000e+01 -7.102500e+00 6.520730e+00
      vertex 1.127230e+01 -6.708070e+00 7.000000e+00
    endloop
  endfacet
  facet normal 2.544130e-01 6.708310e-01 -6.966059e-01
    outer loop
      vertex 1.127230e+01 -6.708070e+00 7.000000e+00
      vertex 1.100000e+01 -7.102500e+00 6.520730e+00
      vertex 1.100000e+01 -6.752780e+00 6.857500e+00
    endloop
  endfacet
  facet normal 2.544130e-01 6.708310e-01 -6.966059e-01
    outer loop
      vertex 1.127230e+01 -6.708070e+00 7.000000e+00
      vertex 1.100000e+01 -6.752780e+00 6.857500e+00
      vertex 1.100000e+01 -6.604810e+00 7.000000e+00
    endloop
  endfacet
  facet normal 3.546051e-01 9.350162e-01 0.000000e+00
    outer loop
      vertex 1.100000e+01 -6.604810e+00 7.000000e+00
      vertex 1.100000e+01 -6.604810e+00 9.000000e+00
      vertex 1.127230e+01 -6.708070e+00 7.000000e+00
    endloop
  endfacet
  facet normal 3.546051e-01 9.350162e-01 0.000000e+00
    outer loop
      vertex 1.127230e+01 -6.708070e+00 7.000000e+00
      vertex 1.100000e+01 -6.604810e+00 9.000000e+00
      vertex 1.127230e+01 -6.708070e+00 9.000000e+00
    endloop
  endfacet
  facet normal 0.000000e+00 0.000000e+00 1.000000e+00
    outer loop
      vertex 8.000000e+00 -3.000000e+00 9.000000e+00
      vertex 8.000000e+00 -6.209130e+00 9.000000e+00
      vertex 9.482100e+00 -6.029170e+00 9.000000e+00
    endloop
  endfacet
  facet normal 0.000000e+00 0.000000e+00 1.000000e+00
    outer loop
      vertex 1.100000e+01 -6.604810e+00 9.000000e+00
      vertex 8.000000e+00 -3.000000e+00 9.000000e+00
      vertex 9.482100e+00 -6.029170e+00 9.000000e+00
    endloop
  endfacet
  facet normal 0.000000e+00 0.000000e+00 1.000000e+00
    outer loop
      vertex 1.100000e+01 -6.604810e+00 9.000000e+00
      vertex 1.100000e+01 -3.000000e+00 9.000000e+00
      vertex 8.000000e+00 -3.000000e+00 9.000000e+00
    endloop
  endfacet
  facet normal 2.866540e-01 7.558460e-01 5.886649e-01
    outer loop
      vertex 9.482100e+00 -6.029170e+00 9.000000e+00
      vertex 1.042020e+01 -7.942540e+00 1.100000e+01
      vertex 1.100000e+01 -6.604810e+00 9.000000e+00
    endloop
  endfacet
  facet normal 2.866540e-01 7.558460e-01 5.886649e-01
    outer loop
      vertex 1.100000e+01 -6.604810e+00 9.000000e+00
      vertex 1.042020e+01 -7.942540e+00 1.100000e+01
      vertex 1.127230e+01 -6.708070e+00 9.000000e+00
    endloop
  endfacet
  facet normal -1.000000e+00 -0.000000e+00 -0.000000e+00
    outer loop
      vertex 7.000000e+00 -3.000000e+00 1.200000e+00
      vertex 7.000000e+00 -3.000000e+00 1.120000e+01
      vertex 7.000000e+00 3.000000e+00 1.200000e+00
    endloop
  endfacet
  facet normal -1.000000e+00 0.000000e+00 0.000000e+00
    outer loop
      vertex 7.000000e+00 -2.190900e+00 1.100000e+01
      vertex 7.000000e+00 -3.000000e+00 1.120000e+01
      vertex 7.000000e+00 -2.061100e+00 1.120000e+01
    endloop
  endfacet
  facet normal -1.000000e+00 0.000000e+00 0.000000e+00
    outer loop
      vertex 7.000000e+00 3.000000e+00 1.200000e+00
      vertex 7.000000e+00 -3.000000e+00 1.120000e+01
      vertex 7.000000e+00 -2.190900e+00 1.100000e+01
    endloop
  endfacet
  facet normal -1.000000e+00 0.000000e+00 0.000000e+00
    outer loop
      vertex 7.000000e+00 2.190901e+00 1.100000e+01
      vertex 7.000000e+00 2.061100e+00 1.120000e+01
      vertex 7.000000e+00 3.000000e+00 1.120000e+01
    endloop
  endfacet
  facet normal -1.000000e+00 0.000000e+00 0.000000e+00
    outer loop
      vertex 7.000000e+00 2.190901e+00 1.100000e+01
      vertex 7.000000e+00 3.000000e+00 1.120000e+01
      vertex 7.000000e+00 3.000000e+00 1.200000e+00
    endloop
  endfacet
  facet normal -1.000000e+00 0.000000e+00 0.000000e+00
    outer loop
      vertex 7.000000e+00 2.190901e+00 1.100000e+01
      vertex 7.000000e+00 3.000000e+00 1.200000e+00
      vertex 7.000000e+00 -2.190900e+00 1.100000e+01
    endloop
  endfacet
  facet normal 0.000000e+00 0.000000e+00 1.000000e+00
    outer loop
      vertex 7.000000e+00 -2.061100e+00 1.120000e+01
      vertex 7.000000e+00 -3.000000e+00 1.120000e+01
      vertex 7.938900e+00 -3.000000e+00 1.120000e+01
    endloop
  endfacet
  facet normal -6.426888e-01 -6.426888e-01 4.170159e-01
    outer loop
      vertex 7.000000e+00 -2.061100e+00 1.120000e+01
      vertex 6.709101e+00 -1.900000e+00 1.100000e+01
      vertex 7.000000e+00 -2.190900e+00 1.100000e+01
    endloop
  endfacet
  facet normal -6.426888e-01 -6.426888e-01 4.170159e-01
    outer loop
      vertex 1.000000e+01 -4.440892e-16 1.900000e+01
      vertex 6.709101e+00 -1.900000e+00 1.100000e+01
      vertex 7.000000e+00 -2.061100e+00 1.120000e+01
    endloop
  endfacet
  facet normal -6.426888e-01 -6.426888e-01 4.170159e-01
    outer loop
      vertex 8.100000e+00 -3.290900e+00 1.100000e+01
      vertex 1.000000e+01 -4.440892e-16 1.900000e+01
      vertex 7.938900e+00 -3.000000e+00 1.120000e+01
    endloop
  endfacet
  facet normal -6.426888e-01 -6.426888e-01 4.170159e-01
    outer loop
      vertex 8.100000e+00 -3.290900e+00 1.100000e+01
      vertex 7.938900e+00 -3.000000e+00 1.120000e+01
      vertex 7.809099e+00 -3.000000e+00 1.100000e+01
    endloop
  endfacet
  facet normal -6.426888e-01 -6.426888e-01 4.170159e-01
    outer loop
      vertex 7.000000e+00 -2.061100e+00 1.120000e+01
      vertex 7.938900e+00 -3.000000e+00 1.120000e+01
      vertex 1.000000e+01 -4.440892e-16 1.900000e+01
    endloop
  endfacet
  facet normal 0.000000e+00 0.000000e+00 -1.000000e+00
    outer loop
      vertex 7.809099e+00 -3.000000e+00 1.100000e+01
      vertex 1.219090e+01 -3.000000e+00 1.100000e+01
      vertex 8.100000e+00 -3.290900e+00 1.100000e+01
    endloop
  endfacet
  facet normal 0.000000e+00 0.000000e+00 -1.000000e+00
    outer loop
      vertex 8.100000e+00 -3.290900e+00 1.100000e+01
      vertex 1.219090e+01 -3.000000e+00 1.100000e+01
      vertex 1.190000e+01 -3.290900e+00 1.100000e+01
    endloop
  endfacet
  facet normal 0.000000e+00 0.000000e+00 -1.000000e+00
    outer loop
      vertex 8.100000e+00 -3.290900e+00 1.100000e+01
      vertex 1.190000e+01 -3.290900e+00 1.100000e+01
      vertex 1.000000e+01 -3.800000e+00 1.100000e+01
    endloop
  endfacet
  facet normal 6.426888e-01 -6.426888e-01 4.170159e-01
    outer loop
      vertex 1.206110e+01 -3.000000e+00 1.120000e+01
      vertex 1.000000e+01 -4.440892e-16 1.900000e+01
      vertex 1.190000e+01 -3.290900e+00 1.100000e+01
    endloop
  endfacet
  facet normal 6.426888e-01 -6.426888e-01 4.170159e-01
    outer loop
      vertex 1.219090e+01 -3.000000e+00 1.100000e+01
      vertex 1.206110e+01 -3.000000e+00 1.120000e+01
      vertex 1.190000e+01 -3.290900e+00 1.100000e+01
    endloop
  endfacet
  facet normal 6.426888e-01 -6.426888e-01 4.170159e-01
    outer loop
      vertex 1.329090e+01 -1.900000e+00 1.100000e+01
      vertex 1.000000e+01 -4.440892e-16 1.900000e+01
      vertex 1.300000e+01 -2.061100e+00 1.120000e+01
    endloop
  endfacet
  facet normal 6.426888e-01 -6.426888e-01 4.170159e-01
    outer loop
      vertex 1.329090e+01 -1.900000e+00 1.100000e+01
      vertex 1.300000e+01 -2.061100e+00 1.120000e+01
      vertex 1.300000e+01 -2.190900e+00 1.100000e+01
    endloop
  endfacet
  facet normal 6.426888e-01 -6.426888e-01 4.170159e-01
    outer loop
      vertex 1.206110e+01 -3.000000e+00 1.120000e+01
      vertex 1.300000e+01 -2.061100e+00 1.120000e+01
      vertex 1.000000e+01 -4.440892e-16 1.900000e+01
    endloop
  endfacet
  facet normal 0.000000e+00 0.000000e+00 1.000000e+00
    outer loop
      vertex 1.300000e+01 -2.061100e+00 1.120000e+01
      vertex 1.206110e+01 -3.000000e+00 1.120000e+01
      vertex 1.300000e+01 -3.000000e+00 1.120000e+01
    endloop
  endfacet
  facet normal -1.000000e+00 -0.000000e+00 -0.000000e+00
    outer loop
      vertex 8.000000e+00 -7.199830e+00 1.200000e+00
      vertex 8.000000e+00 -7.199830e+00 6.000000e+00
      vertex 8.000000e+00 -3.000000e+00 1.200000e+00
    endloop
  endfacet
  facet normal -1.000000e+00 0.000000e+00 0.000000e+00
    outer loop
      vertex 8.000000e+00 -3.000000e+00 1.200000e+00
      vertex 8.000000e+00 -7.199830e+00 6.000000e+00
      vertex 8.000000e+00 -7.187200e+00 6.000000e+00
    endloop
  endfacet
  facet normal -1.000000e+00 0.000000e+00 0.000000e+00
    outer loop
      vertex 8.000000e+00 -3.000000e+00 1.200000e+00
      vertex 8.000000e+00 -7.187200e+00 6.000000e+00
      vertex 8.000000e+00 -7.146830e+00 6.041280e+00
    endloop
  endfacet
  facet normal -1.000000e+00 0.000000e+00 0.000000e+00
    outer loop
      vertex 8.000000e+00 -3.000000e+00 1.200000e+00
      vertex 8.000000e+00 -7.146830e+00 6.041280e+00
      vertex 8.000000e+00 -6.209130e+00 7.000000e+00
    endloop
  endfacet
  facet normal -1.000000e+00 -0.000000e+00 -0.000000e+00
    outer loop
      vertex 8.000000e+00 -6.209130e+00 7.000000e+00
      vertex 8.000000e+00 -6.209130e+00 9.000000e+00
      vertex 8.000000e+00 -3.000000e+00 1.200000e+00
    endloop
  endfacet
  facet normal -1.000000e+00 0.000000e+00 0.000000e+00
    outer loop
      vertex 8.000000e+00 -3.000000e+00 1.200000e+00
      vertex 8.000000e+00 -6.209130e+00 9.000000e+00
      vertex 8.000000e+00 -3.000000e+00 9.000000e+00
    endloop
  endfacet
  facet normal 0.000000e+00 0.000000e+00 1.000000e+00
    outer loop
      vertex 6.000000e+00 6.000000e+00 1.200000e+00
      vertex 8.000000e+00 3.000000e+00 1.200000e+00
      vertex 5.000000e+00 8.200001e+00 1.200000e+00
    endloop
  endfacet
  facet normal 0.000000e+00 0.000000e+00 1.000000e+00
    outer loop
      vertex -8.572950e+00 8.236601e+00 1.200000e+00
      vertex -8.623390e+00 8.200001e+00 1.200000e+00
      vertex 5.000000e+00 8.200001e+00 1.200000e+00
    endloop
  endfacet
  facet normal 0.000000e+00 0.000000e+00 1.000000e+00
    outer loop
      vertex 6.572901e+00 8.236601e+00 1.200000e+00
      vertex -8.572950e+00 8.236601e+00 1.200000e+00
      vertex 5.000000e+00 8.200001e+00 1.200000e+00
    endloop
  endfacet
  facet normal 0.000000e+00 0.000000e+00 1.000000e+00
    outer loop
      vertex 5.000000e+00 6.000000e+00 1.200000e+00
      vertex 6.000000e+00 6.000000e+00 1.200000e+00
      vertex 5.000000e+00 8.200001e+00 1.200000e+00
    endloop
  endfacet
  facet normal 0.000000e+00 0.000000e+00 1.000000e+00
    outer loop
      vertex 6.200001e+00 -4.440892e-16 1.200000e+00
      vertex 6.572901e+00 -8.236640e+00 1.200000e+00
      vertex 6.000000e+00 6.000000e+00 1.200000e+00
    endloop
  endfacet
  facet normal 0.000000e+00 0.000000e+00 1.000000e+00
    outer loop
      vertex 6.000000e+00 -4.440892e-16 1.200000e+00
      vertex 6.200001e+00 -4.440892e-16 1.200000e+00
      vertex 6.000000e+00 6.000000e+00 1.200000e+00
    endloop
  endfacet
  facet normal 0.000000e+00 0.000000e+00 1.000000e+00
    outer loop
      vertex 7.000000e+00 3.000000e+00 1.200000e+00
      vertex 8.000000e+00 3.000000e+00 1.200000e+00
      vertex 6.000000e+00 6.000000e+00 1.200000e+00
    endloop
  endfacet
  facet normal 0.000000e+00 0.000000e+00 1.000000e+00
    outer loop
      vertex 6.200001e+00 -9.384460e+00 1.200000e+00
      vertex 6.572901e+00 -8.236640e+00 1.200000e+00
      vertex 6.200001e+00 -4.440892e-16 1.200000e+00
    endloop
  endfacet
  facet normal 0.000000e+00 0.000000e+00 1.000000e+00
    outer loop
      vertex 7.000000e+00 -3.000000e+00 1.200000e+00
      vertex 7.000000e+00 3.000000e+00 1.200000e+00
      vertex 6.000000e+00 6.000000e+00 1.200000e+00
    endloop
  endfacet
  facet normal 0.000000e+00 0.000000e+00 1.000000e+00
    outer loop
      vertex 6.572901e+00 -8.236640e+00 1.200000e+00
      vertex 7.000000e+00 -3.000000e+00 1.200000e+00
      vertex 6.000000e+00 6.000000e+00 1.200000e+00
    endloop
  endfacet
  facet normal 0.000000e+00 0.000000e+00 1.000000e+00
    outer loop
      vertex 6.572901e+00 -8.236640e+00 1.200000e+00
      vertex 8.000000e+00 -7.199830e+00 1.200000e+00
      vertex 7.000000e+00 -3.000000e+00 1.200000e+00
    endloop
  endfacet
  facet normal 0.000000e+00 0.000000e+00 1.000000e+00
    outer loop
      vertex 8.000000e+00 3.000000e+00 1.200000e+00
      vertex 8.000000e+00 7.199800e+00 1.200000e+00
      vertex 5.000000e+00 8.200001e+00 1.200000e+00
    endloop
  endfacet
  facet normal 0.000000e+00 0.000000e+00 1.000000e+00
    outer loop
      vertex 8.000000e+00 7.199800e+00 1.200000e+00
      vertex 6.572901e+00 8.236601e+00 1.200000e+00
      vertex 5.000000e+00 8.200001e+00 1.200000e+00
    endloop
  endfacet
  facet normal 0.000000e+00 0.000000e+00 1.000000e+00
    outer loop
      vertex 6.572901e+00 8.236601e+00 1.200000e+00
      vertex 6.324900e+00 9.000000e+00 1.200000e+00
      vertex -8.572950e+00 8.236601e+00 1.200000e+00
    endloop
  endfacet
  facet normal 0.000000e+00 0.000000e+00 1.000000e+00
    outer loop
      vertex 6.324900e+00 9.000000e+00 1.200000e+00
      vertex -8.324920e+00 9.000000e+00 1.200000e+00
      vertex -8.572950e+00 8.236601e+00 1.200000e+00
    endloop
  endfacet
  facet normal 0.000000e+00 0.000000e+00 1.000000e+00
    outer loop
      vertex 8.000000e+00 -3.000000e+00 1.200000e+00
      vertex 7.000000e+00 -3.000000e+00 1.200000e+00
      vertex 8.000000e+00 -7.199830e+00 1.200000e+00
    endloop
  endfacet
  facet normal 0.000000e+00 0.000000e+00 -1.000000e+00
    outer loop
      vertex 1.300000e+01 -2.190900e+00 1.100000e+01
      vertex 1.300000e+01 2.190901e+00 1.100000e+01
      vertex 1.329090e+01 -1.900000e+00 1.100000e+01
    endloop
  endfacet
  facet normal 0.000000e+00 0.000000e+00 -1.000000e+00
    outer loop
      vertex 1.329090e+01 -1.900000e+00 1.100000e+01
      vertex 1.300000e+01 2.190901e+00 1.100000e+01
      vertex 1.329090e+01 1.900000e+00 1.100000e+01
    endloop
  endfacet
  facet normal 0.000000e+00 0.000000e+00 -1.000000e+00
    outer loop
      vertex 1.329090e+01 -1.900000e+00 1.100000e+01
      vertex 1.329090e+01 1.900000e+00 1.100000e+01
      vertex 1.380000e+01 -4.440892e-16 1.100000e+01
    endloop
  endfacet
  facet normal 6.426888e-01 6.426888e-01 4.170159e-01
    outer loop
      vertex 1.300000e+01 2.061100e+00 1.120000e+01
      vertex 1.329090e+01 1.900000e+00 1.100000e+01
      vertex 1.300000e+01 2.190901e+00 1.100000e+01
    endloop
  endfacet
  facet normal 6.426888e-01 6.426888e-01 4.170159e-01
    outer loop
      vertex 1.000000e+01 -4.440892e-16 1.900000e+01
      vertex 1.329090e+01 1.900000e+00 1.100000e+01
      vertex 1.300000e+01 2.061100e+00 1.120000e+01
    endloop
  endfacet
  facet normal 6.426888e-01 6.426888e-01 4.170159e-01
    outer loop
      vertex 1.000000e+01 -4.440892e-16 1.900000e+01
      vertex 1.206110e+01 3.000000e+00 1.120000e+01
      vertex 1.190000e+01 3.290899e+00 1.100000e+01
    endloop
  endfacet
  facet normal 6.426888e-01 6.426888e-01 4.170159e-01
    outer loop
      vertex 1.206110e+01 3.000000e+00 1.120000e+01
      vertex 1.219090e+01 3.000000e+00 1.100000e+01
      vertex 1.190000e+01 3.290899e+00 1.100000e+01
    endloop
  endfacet
  facet normal 6.426888e-01 6.426888e-01 4.170159e-01
    outer loop
      vertex 1.206110e+01 3.000000e+00 1.120000e+01
      vertex 1.000000e+01 -4.440892e-16 1.900000e+01
      vertex 1.300000e+01 2.061100e+00 1.120000e+01
    endloop
  endfacet
  facet normal 0.000000e+00 0.000000e+00 1.000000e+00
    outer loop
      vertex 1.300000e+01 3.000000e+00 1.120000e+01
      vertex 1.206110e+01 3.000000e+00 1.120000e+01
      vertex 1.300000e+01 2.061100e+00 1.120000e+01
    endloop
  endfacet
  facet normal -1.000000e+00 -0.000000e+00 -0.000000e+00
    outer loop
      vertex 8.000000e+00 3.000000e+00 1.200000e+00
      vertex 8.000000e+00 3.000000e+00 9.000000e+00
      vertex 8.000000e+00 7.199800e+00 1.200000e+00
    endloop
  endfacet
  facet normal -1.000000e+00 0.000000e+00 0.000000e+00
    outer loop
      vertex 8.000000e+00 3.787600e+00 8.700000e+00
      vertex 8.000000e+00 3.000000e+00 9.000000e+00
      vertex 8.000000e+00 3.787600e+00 9.000000e+00
    endloop
  endfacet
  facet normal -1.000000e+00 0.000000e+00 0.000000e+00
    outer loop
      vertex 8.000000e+00 7.199800e+00 1.200000e+00
      vertex 8.000000e+00 3.000000e+00 9.000000e+00
      vertex 8.000000e+00 3.787600e+00 8.700000e+00
    endloop
  endfacet
  facet normal -1.000000e+00 0.000000e+00 0.000000e+00
    outer loop
      vertex 8.000000e+00 7.187201e+00 6.000000e+00
      vertex 8.000000e+00 7.199800e+00 1.200000e+00
      vertex 8.000000e+00 6.438999e+00 6.764940e+00
    endloop
  endfacet
  facet normal -1.000000e+00 0.000000e+00 0.000000e+00
    outer loop
      vertex 8.000000e+00 7.199800e+00 1.200000e+00
      vertex 8.000000e+00 6.209101e+00 7.000000e+00
      vertex 8.000000e+00 6.438999e+00 6.764940e+00
    endloop
  endfacet
  facet normal -1.000000e+00 0.000000e+00 0.000000e+00
    outer loop
      vertex 8.000000e+00 7.199800e+00 1.200000e+00
      vertex 8.000000e+00 7.187201e+00 6.000000e+00
      vertex 8.000000e+00 7.199800e+00 6.000000e+00
    endloop
  endfacet
  facet normal -1.000000e+00 0.000000e+00 0.000000e+00
    outer loop
      vertex 8.000000e+00 6.209101e+00 7.000000e+00
      vertex 8.000000e+00 7.199800e+00 1.200000e+00
      vertex 8.000000e+00 3.787600e+00 8.700000e+00
    endloop
  endfacet
  facet normal -1.000000e+00 0.000000e+00 0.000000e+00
    outer loop
      vertex 8.000000e+00 6.209101e+00 8.700000e+00
      vertex 8.000000e+00 6.209101e+00 7.000000e+00
      vertex 8.000000e+00 3.787600e+00 8.700000e+00
    endloop
  endfacet
  facet normal 0.000000e+00 0.000000e+00 1.000000e+00
    outer loop
      vertex 8.150000e+00 3.527800e+00 9.000000e+00
      vertex 8.000000e+00 3.000000e+00 9.000000e+00
      vertex 1.100000e+01 3.000000e+00 9.000000e+00
    endloop
  endfacet
  facet normal 0.000000e+00 0.000000e+00 1.000000e+00
    outer loop
      vertex 9.850000e+00 3.527800e+00 9.000000e+00
      vertex 8.150000e+00 3.527800e+00 9.000000e+00
      vertex 1.100000e+01 3.000000e+00 9.000000e+00
    endloop
  endfacet
  facet normal 0.000000e+00 0.000000e+00 1.000000e+00
    outer loop
      vertex 1.100000e+01 6.604799e+00 9.000000e+00
      vertex 1.070000e+01 5.000000e+00 9.000000e+00
      vertex 1.100000e+01 3.000000e+00 9.000000e+00
    endloop
  endfacet
  facet normal 0.000000e+00 0.000000e+00 1.000000e+00
    outer loop
      vertex 1.070000e+01 5.000000e+00 9.000000e+00
      vertex 9.850000e+00 3.527800e+00 9.000000e+00
      vertex 1.100000e+01 3.000000e+00 9.000000e+00
    endloop
  endfacet
  facet normal 0.000000e+00 0.000000e+00 1.000000e+00
    outer loop
      vertex 8.000000e+00 3.787600e+00 9.000000e+00
      vertex 8.000000e+00 3.000000e+00 9.000000e+00
      vertex 8.150000e+00 3.527800e+00 9.000000e+00
    endloop
  endfacet
  facet normal 0.000000e+00 0.000000e+00 1.000000e+00
    outer loop
      vertex 9.993799e+00 6.223200e+00 9.000000e+00
      vertex 1.070000e+01 5.000000e+00 9.000000e+00
      vertex 1.100000e+01 6.604799e+00 9.000000e+00
    endloop
  endfacet
  facet normal 0.000000e+00 0.000000e+00 -1.000000e+00
    outer loop
      vertex 7.809099e+00 3.000000e+00 1.100000e+01
      vertex 8.100000e+00 3.290899e+00 1.100000e+01
      vertex 1.219090e+01 3.000000e+00 1.100000e+01
    endloop
  endfacet
  facet normal 0.000000e+00 0.000000e+00 -1.000000e+00
    outer loop
      vertex 1.219090e+01 3.000000e+00 1.100000e+01
      vertex 8.100000e+00 3.290899e+00 1.100000e+01
      vertex 8.983999e+00 3.527800e+00 1.100000e+01
    endloop
  endfacet
  facet normal 0.000000e+00 0.000000e+00 -1.000000e+00
    outer loop
      vertex 1.219090e+01 3.000000e+00 1.100000e+01
      vertex 8.983999e+00 3.527800e+00 1.100000e+01
      vertex 9.850000e+00 3.527800e+00 1.100000e+01
    endloop
  endfacet
  facet normal 0.000000e+00 0.000000e+00 -1.000000e+00
    outer loop
      vertex 1.219090e+01 3.000000e+00 1.100000e+01
      vertex 9.850000e+00 3.527800e+00 1.100000e+01
      vertex 1.000620e+01 3.798300e+00 1.100000e+01
    endloop
  endfacet
  facet normal 0.000000e+00 0.000000e+00 -1.000000e+00
    outer loop
      vertex 1.219090e+01 3.000000e+00 1.100000e+01
      vertex 1.000620e+01 3.798300e+00 1.100000e+01
      vertex 1.190000e+01 3.290899e+00 1.100000e+01
    endloop
  endfacet
  facet normal -6.426888e-01 6.426888e-01 4.170159e-01
    outer loop
      vertex 7.938900e+00 3.000000e+00 1.120000e+01
      vertex 1.000000e+01 -4.440892e-16 1.900000e+01
      vertex 8.100000e+00 3.290899e+00 1.100000e+01
    endloop
  endfacet
  facet normal -6.426888e-01 6.426888e-01 4.170159e-01
    outer loop
      vertex 7.809099e+00 3.000000e+00 1.100000e+01
      vertex 7.938900e+00 3.000000e+00 1.120000e+01
      vertex 8.100000e+00 3.290899e+00 1.100000e+01
    endloop
  endfacet
  facet normal -6.426888e-01 6.426888e-01 4.170159e-01
    outer loop
      vertex 6.709101e+00 1.900000e+00 1.100000e+01
      vertex 1.000000e+01 -4.440892e-16 1.900000e+01
      vertex 7.000000e+00 2.061100e+00 1.120000e+01
    endloop
  endfacet
  facet normal -6.426888e-01 6.426888e-01 4.170159e-01
    outer loop
      vertex 6.709101e+00 1.900000e+00 1.100000e+01
      vertex 7.000000e+00 2.061100e+00 1.120000e+01
      vertex 7.000000e+00 2.190901e+00 1.100000e+01
    endloop
  endfacet
  facet normal -6.426888e-01 6.426888e-01 4.170159e-01
    outer loop
      vertex 7.000000e+00 2.061100e+00 1.120000e+01
      vertex 1.000000e+01 -4.440892e-16 1.900000e+01
      vertex 7.938900e+00 3.000000e+00 1.120000e+01
    endloop
  endfacet
  facet normal 0.000000e+00 0.000000e+00 1.000000e+00
    outer loop
      vertex 7.000000e+00 3.000000e+00 1.120000e+01
      vertex 7.000000e+00 2.061100e+00 1.120000e+01
      vertex 7.938900e+00 3.000000e+00 1.120000e+01
    endloop
  endfacet
  facet normal 2.866540e-01 -7.558460e-01 5.886649e-01
    outer loop
      vertex 1.127230e+01 6.708099e+00 9.000000e+00
      vertex 9.301300e+00 7.518200e+00 1.100000e+01
      vertex 9.428301e+00 6.472200e+00 9.595110e+00
    endloop
  endfacet
  facet normal 2.866540e-01 -7.558460e-01 5.886649e-01
    outer loop
      vertex 1.100000e+01 6.604799e+00 9.000000e+00
      vertex 1.127230e+01 6.708099e+00 9.000000e+00
      vertex 9.850000e+00 6.472200e+00 9.389780e+00
    endloop
  endfacet
  facet normal 2.866540e-01 -7.558460e-01 5.886649e-01
    outer loop
      vertex 9.850000e+00 6.472200e+00 9.389780e+00
      vertex 1.127230e+01 6.708099e+00 9.000000e+00
      vertex 9.428301e+00 6.472200e+00 9.595110e+00
    endloop
  endfacet
  facet normal 2.866540e-01 -7.558460e-01 5.886649e-01
    outer loop
      vertex 9.993799e+00 6.223200e+00 9.000000e+00
      vertex 1.100000e+01 6.604799e+00 9.000000e+00
      vertex 9.850000e+00 6.472200e+00 9.389780e+00
    endloop
  endfacet
  facet normal 3.546051e-01 -9.350162e-01 0.000000e+00
    outer loop
      vertex 1.100000e+01 6.604799e+00 9.000000e+00
      vertex 1.100000e+01 6.604799e+00 7.000000e+00
      vertex 1.127230e+01 6.708099e+00 7.000000e+00
    endloop
  endfacet
  facet normal 3.546051e-01 -9.350162e-01 0.000000e+00
    outer loop
      vertex 1.127230e+01 6.708099e+00 9.000000e+00
      vertex 1.100000e+01 6.604799e+00 9.000000e+00
      vertex 1.127230e+01 6.708099e+00 7.000000e+00
    endloop
  endfacet
  facet normal 2.544130e-01 -6.708310e-01 -6.966059e-01
    outer loop
      vertex 1.127230e+01 6.708099e+00 7.000000e+00
      vertex 1.100000e+01 6.604799e+00 7.000000e+00
      vertex 1.100000e+01 7.102501e+00 6.520730e+00
    endloop
  endfacet
  facet normal 5.370219e-01 -4.757601e-01 -6.966060e-01
    outer loop
      vertex 1.100000e+01 7.102501e+00 6.520730e+00
      vertex 1.100000e+01 7.864901e+00 6.000000e+00
      vertex 1.127230e+01 6.708099e+00 7.000000e+00
    endloop
  endfacet
  facet normal 5.370219e-01 -4.757601e-01 -6.966060e-01
    outer loop
      vertex 1.127230e+01 6.708099e+00 7.000000e+00
      vertex 1.100000e+01 7.864901e+00 6.000000e+00
      vertex 1.115270e+01 8.037300e+00 6.000000e+00
    endloop
  endfacet
  facet normal 5.370219e-01 -4.757601e-01 -6.966060e-01
    outer loop
      vertex 1.127230e+01 6.708099e+00 7.000000e+00
      vertex 1.115270e+01 8.037300e+00 6.000000e+00
      vertex 1.142710e+01 8.236601e+00 6.075360e+00
    endloop
  endfacet
  facet normal 5.370219e-01 -4.757601e-01 -6.966060e-01
    outer loop
      vertex 1.127230e+01 6.708099e+00 7.000000e+00
      vertex 1.142710e+01 8.236601e+00 6.075360e+00
      vertex 1.148370e+01 8.410900e+00 6.000000e+00
    endloop
  endfacet
  facet normal 5.370219e-01 -4.757601e-01 -6.966060e-01
    outer loop
      vertex 1.127230e+01 6.708099e+00 7.000000e+00
      vertex 1.148370e+01 8.410900e+00 6.000000e+00
      vertex 1.165640e+01 8.605801e+00 6.000000e+00
    endloop
  endfacet
  facet normal 0.000000e+00 0.000000e+00 -1.000000e+00
    outer loop
      vertex 1.115270e+01 8.037300e+00 6.000000e+00
      vertex 1.100000e+01 7.864901e+00 6.000000e+00
      vertex 1.100000e+01 7.926399e+00 6.000000e+00
    endloop
  endfacet
  facet normal 0.000000e+00 0.000000e+00 -1.000000e+00
    outer loop
      vertex 1.165640e+01 8.605801e+00 6.000000e+00
      vertex 1.148370e+01 8.410900e+00 6.000000e+00
      vertex 1.200000e+01 1.000000e+01 6.000000e+00
    endloop
  endfacet
  facet normal 6.966060e-01 -1.716980e-01 -6.966060e-01
    outer loop
      vertex 1.254180e+01 8.141100e+00 7.000000e+00
      vertex 1.165640e+01 8.605801e+00 6.000000e+00
      vertex 1.200000e+01 1.000000e+01 6.000000e+00
    endloop
  endfacet
  facet normal 6.966060e-01 -1.716980e-01 -6.966060e-01
    outer loop
      vertex 1.254180e+01 8.141100e+00 7.000000e+00
      vertex 1.200000e+01 1.000000e+01 6.000000e+00
      vertex 1.300000e+01 1.000000e+01 7.000000e+00
    endloop
  endfacet
  facet normal 6.966060e-01 1.716980e-01 -6.966060e-01
    outer loop
      vertex 1.200000e+01 1.000000e+01 6.000000e+00
      vertex 1.165640e+01 1.139420e+01 6.000000e+00
      vertex 1.300000e+01 1.000000e+01 7.000000e+00
    endloop
  endfacet
  facet normal 0.000000e+00 0.000000e+00 -1.000000e+00
    outer loop
      vertex 1.200000e+01 1.000000e+01 6.000000e+00
      vertex 1.148370e+01 1.158910e+01 6.000000e+00
      vertex 1.165640e+01 1.139420e+01 6.000000e+00
    endloop
  endfacet
  facet normal 5.370219e-01 4.757601e-01 -6.966060e-01
    outer loop
      vertex 1.070420e+01 1.246900e+01 6.000000e+00
      vertex 1.254180e+01 1.185890e+01 7.000000e+00
      vertex 1.115270e+01 1.196270e+01 6.000000e+00
    endloop
  endfacet
  facet normal 5.370219e-01 4.757601e-01 -6.966060e-01
    outer loop
      vertex 1.148370e+01 1.158910e+01 6.000000e+00
      vertex 1.254180e+01 1.185890e+01 7.000000e+00
      vertex 1.165640e+01 1.139420e+01 6.000000e+00
    endloop
  endfacet
  facet normal 5.370219e-01 4.757601e-01 -6.966060e-01
    outer loop
      vertex 1.142710e+01 1.176340e+01 6.075360e+00
      vertex 1.254180e+01 1.185890e+01 7.000000e+00
      vertex 1.148370e+01 1.158910e+01 6.000000e+00
    endloop
  endfacet
  facet normal 5.370219e-01 4.757601e-01 -6.966060e-01
    outer loop
      vertex 1.115270e+01 1.196270e+01 6.000000e+00
      vertex 1.254180e+01 1.185890e+01 7.000000e+00
      vertex 1.142710e+01 1.176340e+01 6.075360e+00
    endloop
  endfacet
  facet normal 0.000000e+00 0.000000e+00 -1.000000e+00
    outer loop
      vertex 1.115270e+01 1.196270e+01 6.000000e+00
      vertex 1.018470e+01 1.266600e+01 6.000000e+00
      vertex 1.070420e+01 1.246900e+01 6.000000e+00
    endloop
  endfacet
  facet normal 2.544130e-01 6.708310e-01 -6.966059e-01
    outer loop
      vertex 9.361601e+00 1.297810e+01 6.000000e+00
      vertex 1.127230e+01 1.329190e+01 7.000000e+00
      vertex 9.691099e+00 1.285320e+01 6.000000e+00
    endloop
  endfacet
  facet normal 2.544130e-01 6.708310e-01 -6.966059e-01
    outer loop
      vertex 1.018470e+01 1.266600e+01 6.000000e+00
      vertex 1.127230e+01 1.329190e+01 7.000000e+00
      vertex 1.070420e+01 1.246900e+01 6.000000e+00
    endloop
  endfacet
  facet normal 2.544130e-01 6.708310e-01 -6.966059e-01
    outer loop
      vertex 9.927099e+00 1.285320e+01 6.086180e+00
      vertex 1.127230e+01 1.329190e+01 7.000000e+00
      vertex 1.018470e+01 1.266600e+01 6.000000e+00
    endloop
  endfacet
  facet normal 2.544130e-01 6.708310e-01 -6.966059e-01
    outer loop
      vertex 9.691099e+00 1.285320e+01 6.000000e+00
      vertex 1.127230e+01 1.329190e+01 7.000000e+00
      vertex 9.927099e+00 1.285320e+01 6.086180e+00
    endloop
  endfacet
  facet normal 0.000000e+00 0.000000e+00 -1.000000e+00
    outer loop
      vertex 9.691099e+00 1.285320e+01 6.000000e+00
      vertex 8.332500e+00 1.285320e+01 6.000000e+00
      vertex 9.361601e+00 1.297810e+01 6.000000e+00
    endloop
  endfacet
  facet normal -8.647960e-02 7.122229e-01 -6.966060e-01
    outer loop
      vertex 7.936199e+00 1.280500e+01 6.000000e+00
      vertex 9.482100e+00 1.397080e+01 7.000000e+00
      vertex 8.020901e+00 1.281530e+01 6.000000e+00
    endloop
  endfacet
  facet normal -8.647960e-02 7.122229e-01 -6.966060e-01
    outer loop
      vertex 8.332500e+00 1.285320e+01 6.000000e+00
      vertex 9.482100e+00 1.397080e+01 7.000000e+00
      vertex 9.361601e+00 1.297810e+01 6.000000e+00
    endloop
  endfacet
  facet normal -8.647960e-02 7.122229e-01 -6.966060e-01
    outer loop
      vertex 8.072901e+00 1.285320e+01 6.032220e+00
      vertex 9.482100e+00 1.397080e+01 7.000000e+00
      vertex 8.332500e+00 1.285320e+01 6.000000e+00
    endloop
  endfacet
  facet normal -8.647960e-02 7.122229e-01 -6.966060e-01
    outer loop
      vertex 8.020901e+00 1.281530e+01 6.000000e+00
      vertex 9.482100e+00 1.397080e+01 7.000000e+00
      vertex 8.072901e+00 1.285320e+01 6.032220e+00
    endloop
  endfacet
  facet normal 0.000000e+00 0.000000e+00 -1.000000e+00
    outer loop
      vertex 6.769899e+00 1.200000e+01 6.000000e+00
      vertex 7.936199e+00 1.280500e+01 6.000000e+00
      vertex 6.898701e+00 1.200000e+01 6.000000e+00
    endloop
  endfacet
  facet normal 0.000000e+00 0.000000e+00 -1.000000e+00
    outer loop
      vertex 6.898701e+00 1.200000e+01 6.000000e+00
      vertex 7.936199e+00 1.280500e+01 6.000000e+00
      vertex 8.020901e+00 1.281530e+01 6.000000e+00
    endloop
  endfacet
  facet normal -4.075610e-01 5.904528e-01 -6.966057e-01
    outer loop
      vertex 6.759501e+00 1.200000e+01 6.006070e+00
      vertex 7.581600e+00 1.374010e+01 7.000000e+00
      vertex 6.769899e+00 1.200000e+01 6.000000e+00
    endloop
  endfacet
  facet normal -4.075610e-01 5.904528e-01 -6.966057e-01
    outer loop
      vertex 6.769899e+00 1.200000e+01 6.000000e+00
      vertex 7.581600e+00 1.374010e+01 7.000000e+00
      vertex 7.936199e+00 1.280500e+01 6.000000e+00
    endloop
  endfacet
  facet normal -4.075601e-01 5.904531e-01 -6.966060e-01
    outer loop
      vertex 6.006001e+00 1.265250e+01 7.000000e+00
      vertex 7.581600e+00 1.374010e+01 7.000000e+00
      vertex 6.742500e+00 1.200000e+01 6.016030e+00
    endloop
  endfacet
  facet normal -4.075601e-01 5.904531e-01 -6.966060e-01
    outer loop
      vertex 6.742500e+00 1.200000e+01 6.016030e+00
      vertex 7.581600e+00 1.374010e+01 7.000000e+00
      vertex 6.759501e+00 1.200000e+01 6.006070e+00
    endloop
  endfacet
  facet normal -6.352741e-01 3.334170e-01 -6.966060e-01
    outer loop
      vertex 6.033400e+00 1.200000e+01 6.662720e+00
      vertex 6.006001e+00 1.265250e+01 7.000000e+00
      vertex 6.742500e+00 1.200000e+01 6.016030e+00
    endloop
  endfacet
  facet normal -6.352741e-01 3.334170e-01 -6.966060e-01
    outer loop
      vertex 6.033400e+00 1.200000e+01 6.662720e+00
      vertex 5.663500e+00 1.200000e+01 7.000000e+00
      vertex 6.006001e+00 1.265250e+01 7.000000e+00
    endloop
  endfacet
  facet normal -8.854561e-01 4.647231e-01 0.000000e+00
    outer loop
      vertex 5.663500e+00 1.200000e+01 7.000000e+00
      vertex 5.663500e+00 1.200000e+01 9.000000e+00
      vertex 6.006001e+00 1.265250e+01 7.000000e+00
    endloop
  endfacet
  facet normal -8.854561e-01 4.647231e-01 0.000000e+00
    outer loop
      vertex 6.006001e+00 1.265250e+01 7.000000e+00
      vertex 5.663500e+00 1.200000e+01 9.000000e+00
      vertex 6.006001e+00 1.265250e+01 9.000000e+00
    endloop
  endfacet
  facet normal 0.000000e+00 0.000000e+00 1.000000e+00
    outer loop
      vertex 2.427099e+00 1.076340e+01 9.000000e+00
      vertex 3.000000e+00 9.000000e+00 9.000000e+00
      vertex 5.663500e+00 1.200000e+01 9.000000e+00
    endloop
  endfacet
  facet normal 0.000000e+00 0.000000e+00 1.000000e+00
    outer loop
      vertex 5.663500e+00 1.200000e+01 9.000000e+00
      vertex -7.583190e+00 1.200000e+01 9.000000e+00
      vertex -7.458180e+00 1.185890e+01 9.000000e+00
    endloop
  endfacet
  facet normal 0.000000e+00 0.000000e+00 1.000000e+00
    outer loop
      vertex -9.271002e-01 1.185320e+01 9.000000e+00
      vertex 5.663500e+00 1.200000e+01 9.000000e+00
      vertex -7.458180e+00 1.185890e+01 9.000000e+00
    endloop
  endfacet
  facet normal 0.000000e+00 0.000000e+00 1.000000e+00
    outer loop
      vertex -7.032000e+00 1.012980e+01 9.000000e+00
      vertex -6.767770e+00 1.076780e+01 9.000000e+00
      vertex -7.458180e+00 1.185890e+01 9.000000e+00
    endloop
  endfacet
  facet normal 0.000000e+00 0.000000e+00 1.000000e+00
    outer loop
      vertex -6.767770e+00 1.076780e+01 9.000000e+00
      vertex -5.000000e+00 1.150000e+01 9.000000e+00
      vertex -7.458180e+00 1.185890e+01 9.000000e+00
    endloop
  endfacet
  facet normal 0.000000e+00 0.000000e+00 1.000000e+00
    outer loop
      vertex -2.427100e+00 1.076340e+01 9.000000e+00
      vertex -5.000000e+00 1.150000e+01 9.000000e+00
      vertex -3.232200e+00 1.076780e+01 9.000000e+00
    endloop
  endfacet
  facet normal 0.000000e+00 0.000000e+00 1.000000e+00
    outer loop
      vertex 4.232201e+00 9.767799e+00 9.000000e+00
      vertex 5.116199e+00 1.095730e+01 9.000000e+00
      vertex 5.663500e+00 1.200000e+01 9.000000e+00
    endloop
  endfacet
  facet normal 0.000000e+00 0.000000e+00 1.000000e+00
    outer loop
      vertex 4.232201e+00 9.767799e+00 9.000000e+00
      vertex 5.116199e+00 1.013390e+01 9.000000e+00
      vertex 5.116199e+00 1.095730e+01 9.000000e+00
    endloop
  endfacet
  facet normal 0.000000e+00 0.000000e+00 1.000000e+00
    outer loop
      vertex -5.000000e+00 1.150000e+01 9.000000e+00
      vertex -9.271002e-01 1.185320e+01 9.000000e+00
      vertex -7.458180e+00 1.185890e+01 9.000000e+00
    endloop
  endfacet
  facet normal 0.000000e+00 0.000000e+00 1.000000e+00
    outer loop
      vertex 9.271002e-01 1.185320e+01 9.000000e+00
      vertex 5.663500e+00 1.200000e+01 9.000000e+00
      vertex -9.271002e-01 1.185320e+01 9.000000e+00
    endloop
  endfacet
  facet normal 0.000000e+00 0.000000e+00 1.000000e+00
    outer loop
      vertex 3.000000e+00 9.000000e+00 9.000000e+00
      vertex 4.232201e+00 9.767799e+00 9.000000e+00
      vertex 5.663500e+00 1.200000e+01 9.000000e+00
    endloop
  endfacet
  facet normal 0.000000e+00 0.000000e+00 1.000000e+00
    outer loop
      vertex 3.000000e+00 9.000000e+00 9.000000e+00
      vertex 3.914200e+00 9.000000e+00 9.000000e+00
      vertex 4.232201e+00 9.767799e+00 9.000000e+00
    endloop
  endfacet
  facet normal 0.000000e+00 0.000000e+00 1.000000e+00
    outer loop
      vertex 9.271002e-01 1.185320e+01 9.000000e+00
      vertex 2.427099e+00 1.076340e+01 9.000000e+00
      vertex 5.663500e+00 1.200000e+01 9.000000e+00
    endloop
  endfacet
  facet normal 0.000000e+00 0.000000e+00 1.000000e+00
    outer loop
      vertex -3.232200e+00 1.076780e+01 9.000000e+00
      vertex -2.780200e+00 9.676500e+00 9.000000e+00
      vertex -2.427100e+00 1.076340e+01 9.000000e+00
    endloop
  endfacet
  facet normal 0.000000e+00 0.000000e+00 1.000000e+00
    outer loop
      vertex -2.427100e+00 1.076340e+01 9.000000e+00
      vertex -9.271002e-01 1.185320e+01 9.000000e+00
      vertex -5.000000e+00 1.150000e+01 9.000000e+00
    endloop
  endfacet
  facet normal -7.157823e-01 3.756712e-01 5.886653e-01
    outer loop
      vertex 5.116199e+00 1.095730e+01 9.000000e+00
      vertex 7.128700e+00 1.165780e+01 1.100000e+01
      vertex 5.663500e+00 1.200000e+01 9.000000e+00
    endloop
  endfacet
  facet normal -7.157823e-01 3.756712e-01 5.886653e-01
    outer loop
      vertex 5.663500e+00 1.200000e+01 9.000000e+00
      vertex 7.128700e+00 1.165780e+01 1.100000e+01
      vertex 6.006001e+00 1.265250e+01 9.000000e+00
    endloop
  endfacet
  facet normal 6.050791e-01 5.360531e-01 5.886651e-01
    outer loop
      vertex -7.583190e+00 1.200000e+01 9.000000e+00
      vertex -8.786360e+00 1.116180e+01 1.100000e+01
      vertex -7.458180e+00 1.185890e+01 9.000000e+00
    endloop
  endfacet
  facet normal 6.050791e-01 5.360531e-01 5.886651e-01
    outer loop
      vertex -8.727740e+00 1.329190e+01 9.000000e+00
      vertex -8.786360e+00 1.116180e+01 1.100000e+01
      vertex -7.583190e+00 1.200000e+01 9.000000e+00
    endloop
  endfacet
  facet normal 7.485107e-01 6.631227e-01 0.000000e+00
    outer loop
      vertex -7.583190e+00 1.200000e+01 7.000000e+00
      vertex -8.727740e+00 1.329190e+01 7.000000e+00
      vertex -8.727740e+00 1.329190e+01 9.000000e+00
    endloop
  endfacet
  facet normal 7.485107e-01 6.631227e-01 0.000000e+00
    outer loop
      vertex -7.583190e+00 1.200000e+01 9.000000e+00
      vertex -7.583190e+00 1.200000e+01 7.000000e+00
      vertex -8.727740e+00 1.329190e+01 9.000000e+00
    endloop
  endfacet
  facet normal 5.370219e-01 4.757601e-01 -6.966060e-01
    outer loop
      vertex -9.295810e+00 1.246900e+01 6.000000e+00
      vertex -8.727740e+00 1.329190e+01 7.000000e+00
      vertex -7.883220e+00 1.200000e+01 6.768700e+00
    endloop
  endfacet
  facet normal 5.370219e-01 4.757601e-01 -6.966060e-01
    outer loop
      vertex -7.883220e+00 1.200000e+01 6.768700e+00
      vertex -8.727740e+00 1.329190e+01 7.000000e+00
      vertex -7.583190e+00 1.200000e+01 7.000000e+00
    endloop
  endfacet
  facet normal 5.370219e-01 4.757601e-01 -6.966060e-01
    outer loop
      vertex -8.880350e+00 1.200000e+01 6.000000e+00
      vertex -9.295810e+00 1.246900e+01 6.000000e+00
      vertex -7.883220e+00 1.200000e+01 6.768700e+00
    endloop
  endfacet
  facet normal 0.000000e+00 0.000000e+00 -1.000000e+00
    outer loop
      vertex -9.815280e+00 1.266600e+01 6.000000e+00
      vertex -9.295810e+00 1.246900e+01 6.000000e+00
      vertex -8.898660e+00 1.200000e+01 6.000000e+00
    endloop
  endfacet
  facet normal -0.000000e+00 -0.000000e+00 -1.000000e+00
    outer loop
      vertex -8.898660e+00 1.200000e+01 6.000000e+00
      vertex -9.295810e+00 1.246900e+01 6.000000e+00
      vertex -8.880350e+00 1.200000e+01 6.000000e+00
    endloop
  endfacet
  facet normal 2.544130e-01 6.708310e-01 -6.966059e-01
    outer loop
      vertex -1.063839e+01 1.297810e+01 6.000000e+00
      vertex -8.727740e+00 1.329190e+01 7.000000e+00
      vertex -1.030891e+01 1.285320e+01 6.000000e+00
    endloop
  endfacet
  facet normal 2.544130e-01 6.708310e-01 -6.966059e-01
    outer loop
      vertex -9.815280e+00 1.266600e+01 6.000000e+00
      vertex -8.727740e+00 1.329190e+01 7.000000e+00
      vertex -9.295810e+00 1.246900e+01 6.000000e+00
    endloop
  endfacet
  facet normal 2.544130e-01 6.708310e-01 -6.966059e-01
    outer loop
      vertex -1.007295e+01 1.285320e+01 6.086180e+00
      vertex -8.727740e+00 1.329190e+01 7.000000e+00
      vertex -9.815280e+00 1.266600e+01 6.000000e+00
    endloop
  endfacet
  facet normal 2.544130e-01 6.708310e-01 -6.966059e-01
    outer loop
      vertex -1.030891e+01 1.285320e+01 6.000000e+00
      vertex -8.727740e+00 1.329190e+01 7.000000e+00
      vertex -1.007295e+01 1.285320e+01 6.086180e+00
    endloop
  endfacet
  facet normal 0.000000e+00 0.000000e+00 -1.000000e+00
    outer loop
      vertex -1.030891e+01 1.285320e+01 6.000000e+00
      vertex -1.166750e+01 1.285320e+01 6.000000e+00
      vertex -1.063839e+01 1.297810e+01 6.000000e+00
    endloop
  endfacet
  facet normal -8.647960e-02 7.122229e-01 -6.966060e-01
    outer loop
      vertex -1.206381e+01 1.280500e+01 6.000000e+00
      vertex -1.051785e+01 1.397080e+01 7.000000e+00
      vertex -1.197913e+01 1.281530e+01 6.000000e+00
    endloop
  endfacet
  facet normal -8.647960e-02 7.122229e-01 -6.966060e-01
    outer loop
      vertex -1.166750e+01 1.285320e+01 6.000000e+00
      vertex -1.051785e+01 1.397080e+01 7.000000e+00
      vertex -1.063839e+01 1.297810e+01 6.000000e+00
    endloop
  endfacet
  facet normal -8.647960e-02 7.122229e-01 -6.966060e-01
    outer loop
      vertex -1.192705e+01 1.285320e+01 6.032220e+00
      vertex -1.051785e+01 1.397080e+01 7.000000e+00
      vertex -1.166750e+01 1.285320e+01 6.000000e+00
    endloop
  endfacet
  facet normal -8.647960e-02 7.122229e-01 -6.966060e-01
    outer loop
      vertex -1.197913e+01 1.281530e+01 6.000000e+00
      vertex -1.051785e+01 1.397080e+01 7.000000e+00
      vertex -1.192705e+01 1.285320e+01 6.032220e+00
    endloop
  endfacet
  facet normal 0.000000e+00 0.000000e+00 -1.000000e+00
    outer loop
      vertex -1.332539e+01 1.183720e+01 6.000000e+00
      vertex -1.324553e+01 1.198940e+01 6.000000e+00
      vertex -1.197913e+01 1.281530e+01 6.000000e+00
    endloop
  endfacet
  facet normal 0.000000e+00 0.000000e+00 -1.000000e+00
    outer loop
      vertex -1.197913e+01 1.281530e+01 6.000000e+00
      vertex -1.324553e+01 1.198940e+01 6.000000e+00
      vertex -1.206381e+01 1.280500e+01 6.000000e+00
    endloop
  endfacet
  facet normal -6.352741e-01 3.334170e-01 -6.966060e-01
    outer loop
      vertex -1.399404e+01 1.265250e+01 7.000000e+00
      vertex -1.324553e+01 1.198940e+01 6.000000e+00
      vertex -1.332539e+01 1.183720e+01 6.000000e+00
    endloop
  endfacet
  facet normal -6.352741e-01 3.334170e-01 -6.966060e-01
    outer loop
      vertex -1.399404e+01 1.265250e+01 7.000000e+00
      vertex -1.332539e+01 1.183720e+01 6.000000e+00
      vertex -1.342705e+01 1.176340e+01 6.057360e+00
    endloop
  endfacet
  facet normal -6.352741e-01 3.334170e-01 -6.966060e-01
    outer loop
      vertex -1.399404e+01 1.265250e+01 7.000000e+00
      vertex -1.342705e+01 1.176340e+01 6.057360e+00
      vertex -1.391282e+01 1.071790e+01 6.000000e+00
    endloop
  endfacet
  facet normal -6.352741e-01 3.334170e-01 -6.966060e-01
    outer loop
      vertex -1.342705e+01 1.176340e+01 6.057360e+00
      vertex -1.352928e+01 1.144870e+01 6.000000e+00
      vertex -1.391282e+01 1.071790e+01 6.000000e+00
    endloop
  endfacet
  facet normal 0.000000e+00 0.000000e+00 -1.000000e+00
    outer loop
      vertex -1.352928e+01 1.144870e+01 6.000000e+00
      vertex -1.391282e+01 1.026830e+01 6.000000e+00
      vertex -1.391282e+01 1.071790e+01 6.000000e+00
    endloop
  endfacet
  facet normal -7.174540e-01 -0.000000e+00 -6.966059e-01
    outer loop
      vertex -1.488377e+01 9.042700e+00 7.000000e+00
      vertex -1.488377e+01 1.095730e+01 7.000000e+00
      vertex -1.391282e+01 9.282101e+00 6.000000e+00
    endloop
  endfacet
  facet normal -7.174540e-01 -0.000000e+00 -6.966059e-01
    outer loop
      vertex -1.391282e+01 1.026830e+01 6.000000e+00
      vertex -1.488377e+01 1.095730e+01 7.000000e+00
      vertex -1.391282e+01 1.071790e+01 6.000000e+00
    endloop
  endfacet
  facet normal -7.174540e-01 1.713370e-15 -6.966059e-01
    outer loop
      vertex -1.400000e+01 1.000000e+01 6.089780e+00
      vertex -1.488377e+01 1.095730e+01 7.000000e+00
      vertex -1.391282e+01 1.026830e+01 6.000000e+00
    endloop
  endfacet
  facet normal -7.174540e-01 -9.846598e-16 -6.966059e-01
    outer loop
      vertex -1.391282e+01 9.282101e+00 6.000000e+00
      vertex -1.488377e+01 1.095730e+01 7.000000e+00
      vertex -1.400000e+01 1.000000e+01 6.089780e+00
    endloop
  endfacet
  facet normal -7.174540e-01 -0.000000e+00 -6.966059e-01
    outer loop
      vertex -1.391282e+01 9.282101e+00 6.000000e+00
      vertex -1.400000e+01 1.000000e+01 6.089780e+00
      vertex -1.391282e+01 9.731701e+00 6.000000e+00
    endloop
  endfacet
  facet normal 0.000000e+00 0.000000e+00 -1.000000e+00
    outer loop
      vertex -1.352928e+01 8.551300e+00 6.000000e+00
      vertex -1.391282e+01 9.282101e+00 6.000000e+00
      vertex -1.391282e+01 9.731701e+00 6.000000e+00
    endloop
  endfacet
  facet normal -6.352741e-01 -3.334170e-01 -6.966060e-01
    outer loop
      vertex -1.488377e+01 9.042700e+00 7.000000e+00
      vertex -1.391282e+01 9.282101e+00 6.000000e+00
      vertex -1.352928e+01 8.551300e+00 6.000000e+00
    endloop
  endfacet
  facet normal -6.352741e-01 -3.334170e-01 -6.966060e-01
    outer loop
      vertex -1.488377e+01 9.042700e+00 7.000000e+00
      vertex -1.352928e+01 8.551300e+00 6.000000e+00
      vertex -1.342705e+01 8.236601e+00 6.057360e+00
    endloop
  endfacet
  facet normal -6.352741e-01 -3.334170e-01 -6.966060e-01
    outer loop
      vertex -1.488377e+01 9.042700e+00 7.000000e+00
      vertex -1.342705e+01 8.236601e+00 6.057360e+00
      vertex -1.324553e+01 8.010599e+00 6.000000e+00
    endloop
  endfacet
  facet normal -6.352741e-01 -3.334170e-01 -6.966060e-01
    outer loop
      vertex -1.342705e+01 8.236601e+00 6.057360e+00
      vertex -1.332539e+01 8.162800e+00 6.000000e+00
      vertex -1.324553e+01 8.010599e+00 6.000000e+00
    endloop
  endfacet
  facet normal 0.000000e+00 0.000000e+00 -1.000000e+00
    outer loop
      vertex -1.332539e+01 8.162800e+00 6.000000e+00
      vertex -1.197913e+01 7.184700e+00 6.000000e+00
      vertex -1.324553e+01 8.010599e+00 6.000000e+00
    endloop
  endfacet
  facet normal 0.000000e+00 0.000000e+00 -1.000000e+00
    outer loop
      vertex -1.324553e+01 8.010599e+00 6.000000e+00
      vertex -1.197913e+01 7.184700e+00 6.000000e+00
      vertex -1.206381e+01 7.195000e+00 6.000000e+00
    endloop
  endfacet
  facet normal -8.647960e-02 -7.122229e-01 -6.966060e-01
    outer loop
      vertex -1.192705e+01 7.146799e+00 6.032220e+00
      vertex -1.241842e+01 6.259899e+00 7.000000e+00
      vertex -1.206381e+01 7.195000e+00 6.000000e+00
    endloop
  endfacet
  facet normal -8.647960e-02 -7.122229e-01 -6.966060e-01
    outer loop
      vertex -1.192705e+01 7.146799e+00 6.032220e+00
      vertex -1.166750e+01 7.146799e+00 6.000000e+00
      vertex -1.100000e+01 6.867100e+00 6.203150e+00
    endloop
  endfacet
  facet normal -8.647960e-02 -7.122229e-01 -6.966060e-01
    outer loop
      vertex -1.100000e+01 6.867100e+00 6.203150e+00
      vertex -1.241842e+01 6.259899e+00 7.000000e+00
      vertex -1.192705e+01 7.146799e+00 6.032220e+00
    endloop
  endfacet
  facet normal -8.647960e-02 -7.122229e-01 -6.966060e-01
    outer loop
      vertex -1.100000e+01 7.065800e+00 6.000000e+00
      vertex -1.100000e+01 6.867100e+00 6.203150e+00
      vertex -1.166750e+01 7.146799e+00 6.000000e+00
    endloop
  endfacet
  facet normal -8.647960e-02 -7.122229e-01 -6.966060e-01
    outer loop
      vertex -1.197913e+01 7.184700e+00 6.000000e+00
      vertex -1.192705e+01 7.146799e+00 6.032220e+00
      vertex -1.206381e+01 7.195000e+00 6.000000e+00
    endloop
  endfacet
  facet normal 0.000000e+00 0.000000e+00 -1.000000e+00
    outer loop
      vertex -1.100000e+01 7.065800e+00 6.000000e+00
      vertex -1.166750e+01 7.146799e+00 6.000000e+00
      vertex -1.100000e+01 7.146799e+00 6.000000e+00
    endloop
  endfacet
  facet normal -8.647930e-02 -7.122229e-01 -6.966060e-01
    outer loop
      vertex -1.100000e+01 6.087700e+00 7.000000e+00
      vertex -1.241842e+01 6.259899e+00 7.000000e+00
      vertex -1.100000e+01 6.867100e+00 6.203150e+00
    endloop
  endfacet
  facet normal -1.205360e-01 -9.927090e-01 0.000000e+00
    outer loop
      vertex -1.241842e+01 6.259899e+00 9.000000e+00
      vertex -1.241842e+01 6.259899e+00 7.000000e+00
      vertex -1.100000e+01 6.087700e+00 7.000000e+00
    endloop
  endfacet
  facet normal -1.205360e-01 -9.927090e-01 0.000000e+00
    outer loop
      vertex -1.100000e+01 6.087700e+00 9.000000e+00
      vertex -1.241842e+01 6.259899e+00 9.000000e+00
      vertex -1.100000e+01 6.087700e+00 7.000000e+00
    endloop
  endfacet
  facet normal -9.743881e-02 -8.024831e-01 5.886651e-01
    outer loop
      vertex -1.188651e+01 7.662500e+00 1.100000e+01
      vertex -1.241842e+01 6.259899e+00 9.000000e+00
      vertex -1.100000e+01 6.087700e+00 9.000000e+00
    endloop
  endfacet
  facet normal -9.743881e-02 -8.024831e-01 5.886651e-01
    outer loop
      vertex -1.065472e+01 6.192499e+00 9.200000e+00
      vertex -1.188651e+01 7.662500e+00 1.100000e+01
      vertex -1.100000e+01 6.234400e+00 9.200000e+00
    endloop
  endfacet
  facet normal -9.743881e-02 -8.024831e-01 5.886651e-01
    outer loop
      vertex -1.100000e+01 6.234400e+00 9.200000e+00
      vertex -1.188651e+01 7.662500e+00 1.100000e+01
      vertex -1.100000e+01 6.087700e+00 9.000000e+00
    endloop
  endfacet
  facet normal -9.743881e-02 8.024831e-01 5.886651e-01
    outer loop
      vertex -1.241842e+01 -6.259940e+00 9.000000e+00
      vertex -1.069866e+01 -7.518230e+00 1.100000e+01
      vertex -1.100000e+01 -6.234420e+00 9.200000e+00
    endloop
  endfacet
  facet normal -9.743881e-02 8.024831e-01 5.886651e-01
    outer loop
      vertex -1.241842e+01 -6.259940e+00 9.000000e+00
      vertex -1.100000e+01 -6.234420e+00 9.200000e+00
      vertex -1.100000e+01 -6.087710e+00 9.000000e+00
    endloop
  endfacet
  facet normal -9.743881e-02 8.024831e-01 5.886651e-01
    outer loop
      vertex -1.100000e+01 -6.234420e+00 9.200000e+00
      vertex -1.069866e+01 -7.518230e+00 1.100000e+01
      vertex -1.053593e+01 -6.178070e+00 9.200000e+00
    endloop
  endfacet
  facet normal -1.205360e-01 9.927090e-01 0.000000e+00
    outer loop
      vertex -1.241842e+01 -6.259940e+00 7.000000e+00
      vertex -1.241842e+01 -6.259940e+00 9.000000e+00
      vertex -1.100000e+01 -6.087710e+00 7.000000e+00
    endloop
  endfacet
  facet normal -1.205360e-01 9.927090e-01 0.000000e+00
    outer loop
      vertex -1.100000e+01 -6.087710e+00 7.000000e+00
      vertex -1.241842e+01 -6.259940e+00 9.000000e+00
      vertex -1.100000e+01 -6.087710e+00 9.000000e+00
    endloop
  endfacet
  facet normal -8.647930e-02 7.122229e-01 -6.966060e-01
    outer loop
      vertex -1.241842e+01 -6.259940e+00 7.000000e+00
      vertex -1.100000e+01 -6.087710e+00 7.000000e+00
      vertex -1.206381e+01 -7.194950e+00 6.000000e+00
    endloop
  endfacet
  facet normal -8.647930e-02 7.122229e-01 -6.966060e-01
    outer loop
      vertex -1.206381e+01 -7.194950e+00 6.000000e+00
      vertex -1.100000e+01 -6.087710e+00 7.000000e+00
      vertex -1.100000e+01 -6.392740e+00 6.688120e+00
    endloop
  endfacet
  facet normal -8.647960e-02 7.122229e-01 -6.966060e-01
    outer loop
      vertex -1.206381e+01 -7.194950e+00 6.000000e+00
      vertex -1.100000e+01 -6.392740e+00 6.688120e+00
      vertex -1.197913e+01 -7.184670e+00 6.000000e+00
    endloop
  endfacet
  facet normal -8.647960e-02 7.122229e-01 -6.966060e-01
    outer loop
      vertex -1.166750e+01 -7.146830e+00 6.000000e+00
      vertex -1.100000e+01 -6.392740e+00 6.688120e+00
      vertex -1.100000e+01 -7.065780e+00 6.000000e+00
    endloop
  endfacet
  facet normal -8.647960e-02 7.122229e-01 -6.966060e-01
    outer loop
      vertex -1.192705e+01 -7.146830e+00 6.032220e+00
      vertex -1.100000e+01 -6.392740e+00 6.688120e+00
      vertex -1.166750e+01 -7.146830e+00 6.000000e+00
    endloop
  endfacet
  facet normal -8.647960e-02 7.122229e-01 -6.966060e-01
    outer loop
      vertex -1.197913e+01 -7.184670e+00 6.000000e+00
      vertex -1.100000e+01 -6.392740e+00 6.688120e+00
      vertex -1.192705e+01 -7.146830e+00 6.032220e+00
    endloop
  endfacet
  facet normal 0.000000e+00 0.000000e+00 -1.000000e+00
    outer loop
      vertex -1.100000e+01 -7.146830e+00 6.000000e+00
      vertex -1.166750e+01 -7.146830e+00 6.000000e+00
      vertex -1.100000e+01 -7.065780e+00 6.000000e+00
    endloop
  endfacet
  facet normal 0.000000e+00 0.000000e+00 -1.000000e+00
    outer loop
      vertex -1.332539e+01 -8.162780e+00 6.000000e+00
      vertex -1.324553e+01 -8.010630e+00 6.000000e+00
      vertex -1.197913e+01 -7.184670e+00 6.000000e+00
    endloop
  endfacet
  facet normal 0.000000e+00 0.000000e+00 -1.000000e+00
    outer loop
      vertex -1.197913e+01 -7.184670e+00 6.000000e+00
      vertex -1.324553e+01 -8.010630e+00 6.000000e+00
      vertex -1.206381e+01 -7.194950e+00 6.000000e+00
    endloop
  endfacet
  facet normal -6.352741e-01 3.334170e-01 -6.966060e-01
    outer loop
      vertex -1.399404e+01 -7.347510e+00 7.000000e+00
      vertex -1.324553e+01 -8.010630e+00 6.000000e+00
      vertex -1.332539e+01 -8.162780e+00 6.000000e+00
    endloop
  endfacet
  facet normal -6.352741e-01 3.334170e-01 -6.966060e-01
    outer loop
      vertex -1.399404e+01 -7.347510e+00 7.000000e+00
      vertex -1.332539e+01 -8.162780e+00 6.000000e+00
      vertex -1.342705e+01 -8.236640e+00 6.057360e+00
    endloop
  endfacet
  facet normal -6.352741e-01 3.334170e-01 -6.966060e-01
    outer loop
      vertex -1.399404e+01 -7.347510e+00 7.000000e+00
      vertex -1.342705e+01 -8.236640e+00 6.057360e+00
      vertex -1.391282e+01 -9.282050e+00 6.000000e+00
    endloop
  endfacet
  facet normal -6.352741e-01 3.334170e-01 -6.966060e-01
    outer loop
      vertex -1.342705e+01 -8.236640e+00 6.057360e+00
      vertex -1.352928e+01 -8.551260e+00 6.000000e+00
      vertex -1.391282e+01 -9.282050e+00 6.000000e+00
    endloop
  endfacet
  facet normal 0.000000e+00 0.000000e+00 -1.000000e+00
    outer loop
      vertex -1.352928e+01 -8.551260e+00 6.000000e+00
      vertex -1.391282e+01 -9.731700e+00 6.000000e+00
      vertex -1.391282e+01 -9.282050e+00 6.000000e+00
    endloop
  endfacet
  facet normal -6.352741e-01 -3.334170e-01 -6.966060e-01
    outer loop
      vertex -1.399404e+01 -1.265249e+01 7.000000e+00
      vertex -1.488377e+01 -1.095726e+01 7.000000e+00
      vertex -1.324553e+01 -1.198937e+01 6.000000e+00
    endloop
  endfacet
  facet normal -4.075601e-01 -5.904531e-01 -6.966060e-01
    outer loop
      vertex -1.206381e+01 -1.280505e+01 6.000000e+00
      vertex -1.399404e+01 -1.265249e+01 7.000000e+00
      vertex -1.324553e+01 -1.198937e+01 6.000000e+00
    endloop
  endfacet
  facet normal -1.000000e+00 -0.000000e+00 -0.000000e+00
    outer loop
      vertex -1.488377e+01 -1.095726e+01 7.000000e+00
      vertex -1.488377e+01 -1.095726e+01 9.000000e+00
      vertex -1.488377e+01 -9.042740e+00 7.000000e+00
    endloop
  endfacet
  facet normal -1.000000e+00 0.000000e+00 0.000000e+00
    outer loop
      vertex -1.488377e+01 -9.042740e+00 7.000000e+00
      vertex -1.488377e+01 -1.095726e+01 9.000000e+00
      vertex -1.488377e+01 -9.042740e+00 9.000000e+00
    endloop
  endfacet
  facet normal -8.854561e-01 -4.647231e-01 -0.000000e+00
    outer loop
      vertex -1.488377e+01 -1.095726e+01 7.000000e+00
      vertex -1.399404e+01 -1.265249e+01 7.000000e+00
      vertex -1.488377e+01 -1.095726e+01 9.000000e+00
    endloop
  endfacet
  facet normal -8.854561e-01 -4.647231e-01 0.000000e+00
    outer loop
      vertex -1.488377e+01 -1.095726e+01 9.000000e+00
      vertex -1.399404e+01 -1.265249e+01 7.000000e+00
      vertex -1.399404e+01 -1.265249e+01 9.000000e+00
    endloop
  endfacet
  facet normal -4.075601e-01 -5.904531e-01 -6.966060e-01
    outer loop
      vertex -1.241842e+01 -1.374006e+01 7.000000e+00
      vertex -1.399404e+01 -1.265249e+01 7.000000e+00
      vertex -1.206381e+01 -1.280505e+01 6.000000e+00
    endloop
  endfacet
  facet normal -8.647930e-02 -7.122229e-01 -6.966060e-01
    outer loop
      vertex -1.051785e+01 -1.397083e+01 7.000000e+00
      vertex -1.241842e+01 -1.374006e+01 7.000000e+00
      vertex -1.063839e+01 -1.297813e+01 6.000000e+00
    endloop
  endfacet
  facet normal -5.680649e-01 -8.229837e-01 0.000000e+00
    outer loop
      vertex -1.399404e+01 -1.265249e+01 9.000000e+00
      vertex -1.399404e+01 -1.265249e+01 7.000000e+00
      vertex -1.241842e+01 -1.374006e+01 7.000000e+00
    endloop
  endfacet
  facet normal -5.680649e-01 -8.229837e-01 0.000000e+00
    outer loop
      vertex -1.241842e+01 -1.374006e+01 9.000000e+00
      vertex -1.399404e+01 -1.265249e+01 9.000000e+00
      vertex -1.241842e+01 -1.374006e+01 7.000000e+00
    endloop
  endfacet
  facet normal -1.205360e-01 -9.927090e-01 0.000000e+00
    outer loop
      vertex -1.241842e+01 -1.374006e+01 9.000000e+00
      vertex -1.241842e+01 -1.374006e+01 7.000000e+00
      vertex -1.051785e+01 -1.397083e+01 7.000000e+00
    endloop
  endfacet
  facet normal -1.205360e-01 -9.927090e-01 0.000000e+00
    outer loop
      vertex -1.051785e+01 -1.397083e+01 9.000000e+00
      vertex -1.241842e+01 -1.374006e+01 9.000000e+00
      vertex -1.051785e+01 -1.397083e+01 7.000000e+00
    endloop
  endfacet
  facet normal -6.352741e-01 3.334170e-01 -6.966060e-01
    outer loop
      vertex -1.391282e+01 -9.282050e+00 6.000000e+00
      vertex -1.488377e+01 -9.042740e+00 7.000000e+00
      vertex -1.399404e+01 -7.347510e+00 7.000000e+00
    endloop
  endfacet
  facet normal -8.854561e-01 4.647231e-01 0.000000e+00
    outer loop
      vertex -1.488377e+01 -9.042740e+00 7.000000e+00
      vertex -1.488377e+01 -9.042740e+00 9.000000e+00
      vertex -1.399404e+01 -7.347510e+00 7.000000e+00
    endloop
  endfacet
  facet normal -8.854561e-01 4.647231e-01 0.000000e+00
    outer loop
      vertex -1.399404e+01 -7.347510e+00 7.000000e+00
      vertex -1.488377e+01 -9.042740e+00 9.000000e+00
      vertex -1.399404e+01 -7.347510e+00 9.000000e+00
    endloop
  endfacet
  facet normal 3.546051e-01 -9.350162e-01 0.000000e+00
    outer loop
      vertex -1.051785e+01 -1.397083e+01 9.000000e+00
      vertex -1.051785e+01 -1.397083e+01 7.000000e+00
      vertex -8.727740e+00 -1.329194e+01 7.000000e+00
    endloop
  endfacet
  facet normal 3.546051e-01 -9.350162e-01 0.000000e+00
    outer loop
      vertex -8.727740e+00 -1.329194e+01 9.000000e+00
      vertex -1.051785e+01 -1.397083e+01 9.000000e+00
      vertex -8.727740e+00 -1.329194e+01 7.000000e+00
    endloop
  endfacet
  facet normal 2.544130e-01 -6.708310e-01 -6.966059e-01
    outer loop
      vertex -8.727740e+00 -1.329194e+01 7.000000e+00
      vertex -1.051785e+01 -1.397083e+01 7.000000e+00
      vertex -9.295810e+00 -1.246895e+01 6.000000e+00
    endloop
  endfacet
  facet normal 7.485107e-01 -6.631227e-01 0.000000e+00
    outer loop
      vertex -8.727740e+00 -1.329194e+01 9.000000e+00
      vertex -8.727740e+00 -1.329194e+01 7.000000e+00
      vertex -7.458180e+00 -1.185889e+01 7.000000e+00
    endloop
  endfacet
  facet normal 7.485107e-01 -6.631227e-01 0.000000e+00
    outer loop
      vertex -7.458180e+00 -1.185889e+01 9.000000e+00
      vertex -8.727740e+00 -1.329194e+01 9.000000e+00
      vertex -7.458180e+00 -1.185889e+01 7.000000e+00
    endloop
  endfacet
  facet normal 5.370219e-01 -4.757601e-01 -6.966060e-01
    outer loop
      vertex -7.458180e+00 -1.185889e+01 7.000000e+00
      vertex -8.727740e+00 -1.329194e+01 7.000000e+00
      vertex -8.343630e+00 -1.139417e+01 6.000000e+00
    endloop
  endfacet
  facet normal 6.050791e-01 -5.360531e-01 5.886651e-01
    outer loop
      vertex -7.458180e+00 -1.185889e+01 9.000000e+00
      vertex -9.579840e+00 -1.205746e+01 1.100000e+01
      vertex -8.727740e+00 -1.329194e+01 9.000000e+00
    endloop
  endfacet
  facet normal 6.050791e-01 -5.360531e-01 5.886651e-01
    outer loop
      vertex -8.786360e+00 -1.116181e+01 1.100000e+01
      vertex -9.579840e+00 -1.205746e+01 1.100000e+01
      vertex -7.458180e+00 -1.185889e+01 9.000000e+00
    endloop
  endfacet
  facet normal 7.848871e-01 -1.934570e-01 5.886651e-01
    outer loop
      vertex -8.500000e+00 -1.000000e+01 1.100000e+01
      vertex -8.786360e+00 -1.116181e+01 1.100000e+01
      vertex -7.178640e+00 -1.011618e+01 9.200000e+00
    endloop
  endfacet
  facet normal 7.848871e-01 -1.934570e-01 5.886651e-01
    outer loop
      vertex -7.150000e+00 -1.000000e+01 9.200000e+00
      vertex -8.500000e+00 -1.000000e+01 1.100000e+01
      vertex -7.178640e+00 -1.011618e+01 9.200000e+00
    endloop
  endfacet
  facet normal 0.000000e+00 0.000000e+00 1.000000e+00
    outer loop
      vertex -1.342735e+01 -9.401710e+00 1.100000e+01
      vertex -1.342735e+01 -1.059829e+01 1.100000e+01
      vertex -1.287128e+01 -1.165781e+01 1.100000e+01
    endloop
  endfacet
  facet normal 0.000000e+00 0.000000e+00 1.000000e+00
    outer loop
      vertex -1.069866e+01 -1.248177e+01 1.100000e+01
      vertex -1.342735e+01 -9.401710e+00 1.100000e+01
      vertex -1.188651e+01 -1.233754e+01 1.100000e+01
    endloop
  endfacet
  facet normal 0.000000e+00 0.000000e+00 1.000000e+00
    outer loop
      vertex -1.188651e+01 -1.233754e+01 1.100000e+01
      vertex -1.342735e+01 -9.401710e+00 1.100000e+01
      vertex -1.287128e+01 -1.165781e+01 1.100000e+01
    endloop
  endfacet
  facet normal 0.000000e+00 0.000000e+00 1.000000e+00
    outer loop
      vertex -9.579840e+00 -1.205746e+01 1.100000e+01
      vertex -1.342735e+01 -9.401710e+00 1.100000e+01
      vertex -1.069866e+01 -1.248177e+01 1.100000e+01
    endloop
  endfacet
  facet normal 0.000000e+00 0.000000e+00 1.000000e+00
    outer loop
      vertex -8.786360e+00 -1.116181e+01 1.100000e+01
      vertex -1.342735e+01 -9.401710e+00 1.100000e+01
      vertex -9.579840e+00 -1.205746e+01 1.100000e+01
    endloop
  endfacet
  facet normal 0.000000e+00 0.000000e+00 1.000000e+00
    outer loop
      vertex -8.500000e+00 -1.000000e+01 1.100000e+01
      vertex -1.342735e+01 -9.401710e+00 1.100000e+01
      vertex -8.786360e+00 -1.116181e+01 1.100000e+01
    endloop
  endfacet
  facet normal 0.000000e+00 0.000000e+00 1.000000e+00
    outer loop
      vertex -8.786360e+00 -8.838190e+00 1.100000e+01
      vertex -1.342735e+01 -9.401710e+00 1.100000e+01
      vertex -8.500000e+00 -1.000000e+01 1.100000e+01
    endloop
  endfacet
  facet normal 0.000000e+00 0.000000e+00 1.000000e+00
    outer loop
      vertex -9.579840e+00 -7.942540e+00 1.100000e+01
      vertex -1.342735e+01 -9.401710e+00 1.100000e+01
      vertex -8.786360e+00 -8.838190e+00 1.100000e+01
    endloop
  endfacet
  facet normal 0.000000e+00 0.000000e+00 1.000000e+00
    outer loop
      vertex -1.069866e+01 -7.518230e+00 1.100000e+01
      vertex -1.342735e+01 -9.401710e+00 1.100000e+01
      vertex -9.579840e+00 -7.942540e+00 1.100000e+01
    endloop
  endfacet
  facet normal 0.000000e+00 0.000000e+00 1.000000e+00
    outer loop
      vertex -1.188651e+01 -7.662460e+00 1.100000e+01
      vertex -1.342735e+01 -9.401710e+00 1.100000e+01
      vertex -1.069866e+01 -7.518230e+00 1.100000e+01
    endloop
  endfacet
  facet normal 0.000000e+00 0.000000e+00 1.000000e+00
    outer loop
      vertex -1.287128e+01 -8.342190e+00 1.100000e+01
      vertex -1.342735e+01 -9.401710e+00 1.100000e+01
      vertex -1.188651e+01 -7.662460e+00 1.100000e+01
    endloop
  endfacet
  facet normal -9.743872e-02 -8.024831e-01 5.886651e-01
    outer loop
      vertex -1.069866e+01 7.518200e+00 1.100000e+01
      vertex -1.188651e+01 7.662500e+00 1.100000e+01
      vertex -1.065472e+01 6.192499e+00 9.200000e+00
    endloop
  endfacet
  facet normal -9.743872e-02 -8.024831e-01 5.886651e-01
    outer loop
      vertex -1.053593e+01 6.178101e+00 9.200000e+00
      vertex -1.069866e+01 7.518200e+00 1.100000e+01
      vertex -1.065472e+01 6.192499e+00 9.200000e+00
    endloop
  endfacet
  facet normal 2.866540e-01 -7.558460e-01 5.886649e-01
    outer loop
      vertex -8.924830e+00 6.789101e+00 9.200000e+00
      vertex -1.069866e+01 7.518200e+00 1.100000e+01
      vertex -1.053593e+01 6.178101e+00 9.200000e+00
    endloop
  endfacet
  facet normal 2.866540e-01 -7.558460e-01 5.886649e-01
    outer loop
      vertex -9.579840e+00 7.942499e+00 1.100000e+01
      vertex -1.069866e+01 7.518200e+00 1.100000e+01
      vertex -8.924830e+00 6.789101e+00 9.200000e+00
    endloop
  endfacet
  facet normal 2.866540e-01 -7.558460e-01 5.886649e-01
    outer loop
      vertex -8.812950e+00 6.831499e+00 9.200000e+00
      vertex -9.579840e+00 7.942499e+00 1.100000e+01
      vertex -8.924830e+00 6.789101e+00 9.200000e+00
    endloop
  endfacet
  facet normal 6.050791e-01 -5.360531e-01 5.886651e-01
    outer loop
      vertex -7.670340e+00 8.121300e+00 9.200000e+00
      vertex -9.579840e+00 7.942499e+00 1.100000e+01
      vertex -8.812950e+00 6.831499e+00 9.200000e+00
    endloop
  endfacet
  facet normal 6.050791e-01 -5.360531e-01 5.886651e-01
    outer loop
      vertex -8.786360e+00 8.838200e+00 1.100000e+01
      vertex -9.579840e+00 7.942499e+00 1.100000e+01
      vertex -7.670340e+00 8.121300e+00 9.200000e+00
    endloop
  endfacet
  facet normal 6.050791e-01 -5.360531e-01 5.886651e-01
    outer loop
      vertex -7.570390e+00 8.200001e+00 9.168970e+00
      vertex -8.786360e+00 8.838200e+00 1.100000e+01
      vertex -7.600580e+00 8.200001e+00 9.200000e+00
    endloop
  endfacet
  facet normal 6.050791e-01 -5.360531e-01 5.886651e-01
    outer loop
      vertex -7.600580e+00 8.200001e+00 9.200000e+00
      vertex -8.786360e+00 8.838200e+00 1.100000e+01
      vertex -7.670340e+00 8.121300e+00 9.200000e+00
    endloop
  endfacet
  facet normal 0.000000e+00 1.000000e+00 0.000000e+00
    outer loop
      vertex -8.623390e+00 8.200001e+00 1.200000e+00
      vertex -8.623390e+00 8.200001e+00 6.061500e+00
      vertex 5.000000e+00 8.200001e+00 1.200000e+00
    endloop
  endfacet
  facet normal 0.000000e+00 1.000000e+00 0.000000e+00
    outer loop
      vertex 5.000000e+00 8.200001e+00 1.200000e+00
      vertex -8.623390e+00 8.200001e+00 6.061500e+00
      vertex -8.425770e+00 8.200001e+00 6.213850e+00
    endloop
  endfacet
  facet normal 0.000000e+00 1.000000e+00 0.000000e+00
    outer loop
      vertex 5.000000e+00 8.200001e+00 1.200000e+00
      vertex -8.425770e+00 8.200001e+00 6.213850e+00
      vertex -7.570390e+00 8.200001e+00 6.873270e+00
    endloop
  endfacet
  facet normal 0.000000e+00 1.000000e+00 0.000000e+00
    outer loop
      vertex 5.000000e+00 8.200001e+00 1.200000e+00
      vertex -7.570390e+00 8.200001e+00 6.873270e+00
      vertex -7.475340e+00 8.200001e+00 6.968320e+00
    endloop
  endfacet
  facet normal 0.000000e+00 1.000000e+00 0.000000e+00
    outer loop
      vertex -7.475340e+00 8.200001e+00 6.968320e+00
      vertex -7.443660e+00 8.200001e+00 7.000000e+00
      vertex 5.000000e+00 8.200001e+00 1.200000e+00
    endloop
  endfacet
  facet normal 0.000000e+00 1.000000e+00 0.000000e+00
    outer loop
      vertex -2.831400e+00 8.200001e+00 8.000000e+00
      vertex 5.000000e+00 8.200001e+00 1.200000e+00
      vertex -7.168630e+00 8.200001e+00 8.000000e+00
    endloop
  endfacet
  facet normal 0.000000e+00 1.000000e+00 0.000000e+00
    outer loop
      vertex -7.443660e+00 8.200001e+00 7.000000e+00
      vertex -7.443660e+00 8.200001e+00 9.000000e+00
      vertex -7.168630e+00 8.200001e+00 8.000000e+00
    endloop
  endfacet
  facet normal 0.000000e+00 1.000000e+00 0.000000e+00
    outer loop
      vertex -7.443660e+00 8.200001e+00 7.000000e+00
      vertex -7.168630e+00 8.200001e+00 8.000000e+00
      vertex 5.000000e+00 8.200001e+00 1.200000e+00
    endloop
  endfacet
  facet normal 0.000000e+00 1.000000e+00 0.000000e+00
    outer loop
      vertex -2.740100e+00 8.200001e+00 8.000000e+00
      vertex -2.831400e+00 8.200001e+00 9.200000e+00
      vertex -2.740100e+00 8.200001e+00 9.200000e+00
    endloop
  endfacet
  facet normal 0.000000e+00 1.000000e+00 0.000000e+00
    outer loop
      vertex -2.740100e+00 8.200001e+00 8.000000e+00
      vertex -2.831400e+00 8.200001e+00 8.000000e+00
      vertex -2.831400e+00 8.200001e+00 9.200000e+00
    endloop
  endfacet
  facet normal 0.000000e+00 1.000000e+00 0.000000e+00
    outer loop
      vertex 5.000000e+00 8.200001e+00 1.200000e+00
      vertex -2.831400e+00 8.200001e+00 8.000000e+00
      vertex -2.740100e+00 8.200001e+00 8.000000e+00
    endloop
  endfacet
  facet normal 0.000000e+00 1.000000e+00 0.000000e+00
    outer loop
      vertex 2.740101e+00 8.200001e+00 8.000000e+00
      vertex 5.000000e+00 8.200001e+00 1.200000e+00
      vertex -2.740100e+00 8.200001e+00 8.000000e+00
    endloop
  endfacet
  facet normal 0.000000e+00 1.000000e+00 0.000000e+00
    outer loop
      vertex 5.000000e+00 8.200001e+00 9.000000e+00
      vertex 5.000000e+00 8.200001e+00 1.200000e+00
      vertex 3.582800e+00 8.200001e+00 9.000000e+00
    endloop
  endfacet
  facet normal 0.000000e+00 1.000000e+00 0.000000e+00
    outer loop
      vertex 5.000000e+00 8.200001e+00 1.200000e+00
      vertex 2.740101e+00 8.200001e+00 8.000000e+00
      vertex 2.740101e+00 8.200001e+00 9.200000e+00
    endloop
  endfacet
  facet normal 0.000000e+00 1.000000e+00 0.000000e+00
    outer loop
      vertex 3.582800e+00 8.200001e+00 9.000000e+00
      vertex 2.740101e+00 8.200001e+00 9.200000e+00
      vertex 3.582800e+00 8.200001e+00 9.200000e+00
    endloop
  endfacet
  facet normal 0.000000e+00 1.000000e+00 0.000000e+00
    outer loop
      vertex 5.000000e+00 8.200001e+00 1.200000e+00
      vertex 2.740101e+00 8.200001e+00 9.200000e+00
      vertex 3.582800e+00 8.200001e+00 9.000000e+00
    endloop
  endfacet
  facet normal 0.000000e+00 1.000000e+00 0.000000e+00
    outer loop
      vertex -7.570390e+00 8.200001e+00 9.168970e+00
      vertex -7.600580e+00 8.200001e+00 9.200000e+00
      vertex -7.168630e+00 8.200001e+00 9.200000e+00
    endloop
  endfacet
  facet normal 0.000000e+00 1.000000e+00 0.000000e+00
    outer loop
      vertex -7.443660e+00 8.200001e+00 9.000000e+00
      vertex -7.570390e+00 8.200001e+00 9.168970e+00
      vertex -7.168630e+00 8.200001e+00 9.200000e+00
    endloop
  endfacet
  facet normal 0.000000e+00 1.000000e+00 0.000000e+00
    outer loop
      vertex -7.168630e+00 8.200001e+00 8.000000e+00
      vertex -7.443660e+00 8.200001e+00 9.000000e+00
      vertex -7.168630e+00 8.200001e+00 9.200000e+00
    endloop
  endfacet
  facet normal -9.238798e-01 -3.826829e-01 -0.000000e+00
    outer loop
      vertex -7.500000e+00 9.000000e+00 9.338030e+00
      vertex -7.341060e+00 8.616301e+00 9.000000e+00
      vertex -7.500000e+00 9.000000e+00 1.700000e+01
    endloop
  endfacet
  facet normal -9.238798e-01 -3.826829e-01 0.000000e+00
    outer loop
      vertex -7.168630e+00 8.200001e+00 8.000000e+00
      vertex -7.341060e+00 8.616301e+00 9.000000e+00
      vertex -7.341060e+00 8.616301e+00 8.000000e+00
    endloop
  endfacet
  facet normal -9.238798e-01 -3.826829e-01 1.982610e-16
    outer loop
      vertex -7.500000e+00 9.000000e+00 1.700000e+01
      vertex -7.341060e+00 8.616301e+00 9.000000e+00
      vertex -7.168630e+00 8.200001e+00 8.000000e+00
    endloop
  endfacet
  facet normal -9.238798e-01 -3.826829e-01 0.000000e+00
    outer loop
      vertex -7.500000e+00 9.000000e+00 1.700000e+01
      vertex -7.168630e+00 8.200001e+00 8.000000e+00
      vertex -7.168630e+00 8.200001e+00 9.200000e+00
    endloop
  endfacet
  facet normal -9.238798e-01 -3.826829e-01 -1.033380e-16
    outer loop
      vertex -7.500000e+00 9.000000e+00 1.700000e+01
      vertex -7.168630e+00 8.200001e+00 9.200000e+00
      vertex -6.767770e+00 7.232201e+00 9.200000e+00
    endloop
  endfacet
  facet normal -9.238798e-01 -3.826829e-01 0.000000e+00
    outer loop
      vertex -7.500000e+00 9.000000e+00 1.700000e+01
      vertex -6.767770e+00 7.232201e+00 9.200000e+00
      vertex -6.767770e+00 7.232201e+00 1.700000e+01
    endloop
  endfacet
  facet normal -3.826829e-01 -9.238798e-01 0.000000e+00
    outer loop
      vertex -6.767770e+00 7.232201e+00 1.700000e+01
      vertex -6.767770e+00 7.232201e+00 9.200000e+00
      vertex -5.000000e+00 6.500000e+00 9.200000e+00
    endloop
  endfacet
  facet normal -3.826829e-01 -9.238798e-01 0.000000e+00
    outer loop
      vertex -5.000000e+00 6.500000e+00 1.700000e+01
      vertex -6.767770e+00 7.232201e+00 1.700000e+01
      vertex -5.000000e+00 6.500000e+00 9.200000e+00
    endloop
  endfacet
  facet normal 3.826829e-01 -9.238798e-01 0.000000e+00
    outer loop
      vertex -5.000000e+00 6.500000e+00 1.700000e+01
      vertex -5.000000e+00 6.500000e+00 9.200000e+00
      vertex -3.232200e+00 7.232201e+00 9.200000e+00
    endloop
  endfacet
  facet normal 3.826829e-01 -9.238798e-01 0.000000e+00
    outer loop
      vertex -3.232200e+00 7.232201e+00 1.700000e+01
      vertex -5.000000e+00 6.500000e+00 1.700000e+01
      vertex -3.232200e+00 7.232201e+00 9.200000e+00
    endloop
  endfacet
  facet normal 9.238798e-01 -3.826829e-01 -8.108929e-14
    outer loop
      vertex -3.210700e+00 7.284100e+00 1.698350e+01
      vertex -3.205000e+00 7.298100e+00 1.700000e+01
      vertex -3.232200e+00 7.232201e+00 1.700000e+01
    endloop
  endfacet
  facet normal 9.238798e-01 -3.826829e-01 2.534530e-16
    outer loop
      vertex -3.210700e+00 7.284100e+00 1.501650e+01
      vertex -3.232200e+00 7.232201e+00 9.200000e+00
      vertex -2.831400e+00 8.200001e+00 9.200000e+00
    endloop
  endfacet
  facet normal 9.238798e-01 -3.826829e-01 0.000000e+00
    outer loop
      vertex -2.831400e+00 8.200001e+00 8.000000e+00
      vertex -2.780200e+00 8.323500e+00 8.000000e+00
      vertex -2.831400e+00 8.200001e+00 9.200000e+00
    endloop
  endfacet
  facet normal 9.238798e-01 -3.826829e-01 0.000000e+00
    outer loop
      vertex -2.780200e+00 8.323500e+00 8.000000e+00
      vertex -2.780200e+00 8.323500e+00 1.350000e+01
      vertex -2.831400e+00 8.200001e+00 9.200000e+00
    endloop
  endfacet
  facet normal 9.238798e-01 -3.826829e-01 5.413110e-19
    outer loop
      vertex -2.842800e+00 8.172300e+00 1.396700e+01
      vertex -3.210700e+00 7.284100e+00 1.501650e+01
      vertex -2.831400e+00 8.200001e+00 9.200000e+00
    endloop
  endfacet
  facet normal 9.238798e-01 -3.826829e-01 -1.700580e-17
    outer loop
      vertex -2.780200e+00 8.323500e+00 1.350000e+01
      vertex -2.842800e+00 8.172300e+00 1.396700e+01
      vertex -2.831400e+00 8.200001e+00 9.200000e+00
    endloop
  endfacet
  facet normal 9.238798e-01 -3.826829e-01 0.000000e+00
    outer loop
      vertex -3.232200e+00 7.232201e+00 1.700000e+01
      vertex -3.232200e+00 7.232201e+00 9.200000e+00
      vertex -3.210700e+00 7.284100e+00 1.501650e+01
    endloop
  endfacet
  facet normal 9.238798e-01 -3.826829e-01 1.570240e-15
    outer loop
      vertex -2.679100e+00 8.567600e+00 1.350000e+01
      vertex -2.842800e+00 8.172300e+00 1.396700e+01
      vertex -2.780200e+00 8.323500e+00 1.350000e+01
    endloop
  endfacet
  facet normal 9.238798e-01 -3.826829e-01 0.000000e+00
    outer loop
      vertex -3.210700e+00 7.284100e+00 1.501650e+01
      vertex -3.210700e+00 7.284100e+00 1.698350e+01
      vertex -3.232200e+00 7.232201e+00 1.700000e+01
    endloop
  endfacet
  facet normal -9.510566e-01 -3.090169e-01 -0.000000e+00
    outer loop
      vertex -2.780200e+00 8.323500e+00 8.000000e+00
      vertex -2.740100e+00 8.200001e+00 8.000000e+00
      vertex -2.780200e+00 8.323500e+00 1.350000e+01
    endloop
  endfacet
  facet normal -9.510566e-01 -3.090169e-01 0.000000e+00
    outer loop
      vertex -2.780200e+00 8.323500e+00 1.350000e+01
      vertex -2.740100e+00 8.200001e+00 8.000000e+00
      vertex -2.740100e+00 8.200001e+00 9.200000e+00
    endloop
  endfacet
  facet normal -9.510566e-01 -3.090169e-01 -2.503789e-16
    outer loop
      vertex -2.780200e+00 8.323500e+00 1.350000e+01
      vertex -2.740100e+00 8.200001e+00 9.200000e+00
      vertex -2.427100e+00 7.236601e+00 9.200000e+00
    endloop
  endfacet
  facet normal -9.510566e-01 -3.090169e-01 0.000000e+00
    outer loop
      vertex -2.780200e+00 8.323500e+00 1.350000e+01
      vertex -2.427100e+00 7.236601e+00 9.200000e+00
      vertex -2.427100e+00 7.236601e+00 1.350000e+01
    endloop
  endfacet
  facet normal -5.877851e-01 -8.090171e-01 0.000000e+00
    outer loop
      vertex -2.427100e+00 7.236601e+00 1.350000e+01
      vertex -2.427100e+00 7.236601e+00 9.200000e+00
      vertex -9.271002e-01 6.146799e+00 9.200000e+00
    endloop
  endfacet
  facet normal -5.877851e-01 -8.090171e-01 0.000000e+00
    outer loop
      vertex -9.271002e-01 6.146799e+00 1.350000e+01
      vertex -2.427100e+00 7.236601e+00 1.350000e+01
      vertex -9.271002e-01 6.146799e+00 9.200000e+00
    endloop
  endfacet
  facet normal 0.000000e+00 -1.000000e+00 0.000000e+00
    outer loop
      vertex -9.271002e-01 6.146799e+00 1.350000e+01
      vertex -9.271002e-01 6.146799e+00 9.200000e+00
      vertex 9.271002e-01 6.146799e+00 9.200000e+00
    endloop
  endfacet
  facet normal 0.000000e+00 -1.000000e+00 0.000000e+00
    outer loop
      vertex 9.271002e-01 6.146799e+00 1.350000e+01
      vertex -9.271002e-01 6.146799e+00 1.350000e+01
      vertex 9.271002e-01 6.146799e+00 9.200000e+00
    endloop
  endfacet
  facet normal 5.877851e-01 -8.090171e-01 0.000000e+00
    outer loop
      vertex 9.271002e-01 6.146799e+00 1.350000e+01
      vertex 9.271002e-01 6.146799e+00 9.200000e+00
      vertex 2.427099e+00 7.236601e+00 9.200000e+00
    endloop
  endfacet
  facet normal 5.877851e-01 -8.090171e-01 0.000000e+00
    outer loop
      vertex 2.427099e+00 7.236601e+00 1.350000e+01
      vertex 9.271002e-01 6.146799e+00 1.350000e+01
      vertex 2.427099e+00 7.236601e+00 9.200000e+00
    endloop
  endfacet
  facet normal 9.510566e-01 -3.090169e-01 0.000000e+00
    outer loop
      vertex 2.427099e+00 7.236601e+00 1.350000e+01
      vertex 2.427099e+00 7.236601e+00 9.200000e+00
      vertex 2.740101e+00 8.200001e+00 9.200000e+00
    endloop
  endfacet
  facet normal 9.510566e-01 -3.090169e-01 -2.622119e-16
    outer loop
      vertex 3.000000e+00 9.000000e+00 8.000000e+00
      vertex 2.427099e+00 7.236601e+00 1.350000e+01
      vertex 2.740101e+00 8.200001e+00 9.200000e+00
    endloop
  endfacet
  facet normal 9.510566e-01 -3.090169e-01 0.000000e+00
    outer loop
      vertex 2.740101e+00 8.200001e+00 8.000000e+00
      vertex 3.000000e+00 9.000000e+00 8.000000e+00
      vertex 2.740101e+00 8.200001e+00 9.200000e+00
    endloop
  endfacet
  facet normal 9.510566e-01 -3.090169e-01 0.000000e+00
    outer loop
      vertex 3.000000e+00 9.000000e+00 8.000000e+00
      vertex 3.000000e+00 9.000000e+00 9.000000e+00
      vertex 2.427099e+00 7.236601e+00 1.350000e+01
    endloop
  endfacet
  facet normal 9.510566e-01 -3.090169e-01 0.000000e+00
    outer loop
      vertex 3.000000e+00 9.000000e+00 9.000000e+00
      vertex 3.000000e+00 9.000000e+00 1.350000e+01
      vertex 2.427099e+00 7.236601e+00 1.350000e+01
    endloop
  endfacet
  facet normal -9.238798e-01 3.826829e-01 0.000000e+00
    outer loop
      vertex 3.500000e+00 8.000000e+00 9.200000e+00
      vertex 3.500000e+00 8.000000e+00 1.800000e+01
      vertex 3.582800e+00 8.200001e+00 9.200000e+00
    endloop
  endfacet
  facet normal -9.238798e-01 3.826829e-01 1.555740e-16
    outer loop
      vertex 3.582800e+00 8.200001e+00 9.200000e+00
      vertex 3.500000e+00 8.000000e+00 1.800000e+01
      vertex 4.232201e+00 9.767799e+00 1.800000e+01
    endloop
  endfacet
  facet normal -9.238798e-01 3.826829e-01 0.000000e+00
    outer loop
      vertex 3.582800e+00 8.200001e+00 9.200000e+00
      vertex 4.232201e+00 9.767799e+00 1.800000e+01
      vertex 4.232201e+00 9.767799e+00 9.000000e+00
    endloop
  endfacet
  facet normal -9.238798e-01 3.826829e-01 9.440538e-15
    outer loop
      vertex 3.582800e+00 8.200001e+00 9.200000e+00
      vertex 4.232201e+00 9.767799e+00 9.000000e+00
      vertex 3.914200e+00 9.000000e+00 9.000000e+00
    endloop
  endfacet
  facet normal -9.238798e-01 3.826829e-01 0.000000e+00
    outer loop
      vertex 3.582800e+00 8.200001e+00 9.200000e+00
      vertex 3.914200e+00 9.000000e+00 9.000000e+00
      vertex 3.582800e+00 8.200001e+00 9.000000e+00
    endloop
  endfacet
  facet normal -9.238798e-01 -3.826829e-01 -0.000000e+00
    outer loop
      vertex 3.500000e+00 8.000000e+00 9.200000e+00
      vertex 4.232201e+00 6.232201e+00 9.200000e+00
      vertex 3.500000e+00 8.000000e+00 1.800000e+01
    endloop
  endfacet
  facet normal -9.238798e-01 -3.826829e-01 0.000000e+00
    outer loop
      vertex 3.500000e+00 8.000000e+00 1.800000e+01
      vertex 4.232201e+00 6.232201e+00 9.200000e+00
      vertex 4.232201e+00 6.232201e+00 1.800000e+01
    endloop
  endfacet
  facet normal -3.826829e-01 -9.238798e-01 0.000000e+00
    outer loop
      vertex 4.232201e+00 6.232201e+00 1.800000e+01
      vertex 4.232201e+00 6.232201e+00 9.200000e+00
      vertex 4.792900e+00 6.000000e+00 9.200000e+00
    endloop
  endfacet
  facet normal -3.826829e-01 -9.238798e-01 0.000000e+00
    outer loop
      vertex 4.792900e+00 6.000000e+00 1.800000e+01
      vertex 4.232201e+00 6.232201e+00 1.800000e+01
      vertex 4.792900e+00 6.000000e+00 9.200000e+00
    endloop
  endfacet
  facet normal 0.000000e+00 1.000000e+00 0.000000e+00
    outer loop
      vertex -2.000000e+00 6.000000e+00 9.200000e+00
      vertex -1.732100e+00 6.000000e+00 1.465900e+01
      vertex 4.792900e+00 6.000000e+00 9.200000e+00
    endloop
  endfacet
  facet normal 0.000000e+00 1.000000e+00 0.000000e+00
    outer loop
      vertex -2.000000e+00 6.000000e+00 9.200000e+00
      vertex -2.000000e+00 6.000000e+00 1.499870e+01
      vertex -1.732100e+00 6.000000e+00 1.465900e+01
    endloop
  endfacet
  facet normal 0.000000e+00 1.000000e+00 0.000000e+00
    outer loop
      vertex 4.663900e+00 6.000000e+00 1.900000e+01
      vertex 1.732100e+00 6.000000e+00 1.734100e+01
      vertex -6.639004e-01 6.000000e+00 1.900000e+01
    endloop
  endfacet
  facet normal 0.000000e+00 1.000000e+00 0.000000e+00
    outer loop
      vertex 4.792900e+00 6.000000e+00 9.200000e+00
      vertex -1.168100e+00 6.000000e+00 1.439720e+01
      vertex 2.220446e-16 6.000000e+00 1.385510e+01
    endloop
  endfacet
  facet normal 0.000000e+00 1.000000e+00 0.000000e+00
    outer loop
      vertex 2.220446e-16 6.000000e+00 1.385510e+01
      vertex 6.704998e-01 6.000000e+00 1.416630e+01
      vertex 4.792900e+00 6.000000e+00 9.200000e+00
    endloop
  endfacet
  facet normal 0.000000e+00 1.000000e+00 0.000000e+00
    outer loop
      vertex 4.792900e+00 6.000000e+00 9.200000e+00
      vertex 6.704998e-01 6.000000e+00 1.416630e+01
      vertex 1.732100e+00 6.000000e+00 1.465900e+01
    endloop
  endfacet
  facet normal 0.000000e+00 1.000000e+00 0.000000e+00
    outer loop
      vertex 1.732100e+00 6.000000e+00 1.465900e+01
      vertex 2.014000e+00 6.000000e+00 1.501650e+01
      vertex 4.792900e+00 6.000000e+00 9.200000e+00
    endloop
  endfacet
  facet normal 0.000000e+00 1.000000e+00 0.000000e+00
    outer loop
      vertex 2.014000e+00 6.000000e+00 1.501650e+01
      vertex 2.014000e+00 6.000000e+00 1.698350e+01
      vertex 4.792900e+00 6.000000e+00 9.200000e+00
    endloop
  endfacet
  facet normal 0.000000e+00 1.000000e+00 0.000000e+00
    outer loop
      vertex 2.014000e+00 6.000000e+00 1.698350e+01
      vertex 4.663900e+00 6.000000e+00 1.900000e+01
      vertex 4.792900e+00 6.000000e+00 9.200000e+00
    endloop
  endfacet
  facet normal 0.000000e+00 1.000000e+00 0.000000e+00
    outer loop
      vertex 1.168100e+00 6.000000e+00 1.760280e+01
      vertex -2.000000e+00 6.000000e+00 1.920000e+01
      vertex 1.732100e+00 6.000000e+00 1.734100e+01
    endloop
  endfacet
  facet normal 0.000000e+00 1.000000e+00 0.000000e+00
    outer loop
      vertex 2.220446e-16 6.000000e+00 1.814490e+01
      vertex -6.704998e-01 6.000000e+00 1.783370e+01
      vertex -1.732100e+00 6.000000e+00 1.734100e+01
    endloop
  endfacet
  facet normal 0.000000e+00 1.000000e+00 0.000000e+00
    outer loop
      vertex 2.220446e-16 6.000000e+00 1.814490e+01
      vertex -2.000000e+00 6.000000e+00 1.920000e+01
      vertex 1.168100e+00 6.000000e+00 1.760280e+01
    endloop
  endfacet
  facet normal 0.000000e+00 1.000000e+00 0.000000e+00
    outer loop
      vertex -1.732100e+00 6.000000e+00 1.734100e+01
      vertex -2.000000e+00 6.000000e+00 1.700130e+01
      vertex -2.000000e+00 6.000000e+00 1.920000e+01
    endloop
  endfacet
  facet normal 0.000000e+00 1.000000e+00 0.000000e+00
    outer loop
      vertex -1.732100e+00 6.000000e+00 1.734100e+01
      vertex -2.000000e+00 6.000000e+00 1.920000e+01
      vertex 2.220446e-16 6.000000e+00 1.814490e+01
    endloop
  endfacet
  facet normal 0.000000e+00 1.000000e+00 0.000000e+00
    outer loop
      vertex -6.639004e-01 6.000000e+00 1.900000e+01
      vertex -2.000000e+00 6.000000e+00 1.920000e+01
      vertex -5.403004e-01 6.000000e+00 1.920000e+01
    endloop
  endfacet
  facet normal 0.000000e+00 1.000000e+00 0.000000e+00
    outer loop
      vertex 1.732100e+00 6.000000e+00 1.734100e+01
      vertex -2.000000e+00 6.000000e+00 1.920000e+01
      vertex -6.639004e-01 6.000000e+00 1.900000e+01
    endloop
  endfacet
  facet normal 0.000000e+00 1.000000e+00 0.000000e+00
    outer loop
      vertex 1.732100e+00 6.000000e+00 1.734100e+01
      vertex 4.663900e+00 6.000000e+00 1.900000e+01
      vertex 2.014000e+00 6.000000e+00 1.698350e+01
    endloop
  endfacet
  facet normal 0.000000e+00 1.000000e+00 0.000000e+00
    outer loop
      vertex 4.663900e+00 6.000000e+00 1.900000e+01
      vertex 4.540300e+00 6.000000e+00 1.920000e+01
      vertex 5.731800e+00 6.000000e+00 1.920000e+01
    endloop
  endfacet
  facet normal 0.000000e+00 1.000000e+00 0.000000e+00
    outer loop
      vertex 4.663900e+00 6.000000e+00 1.900000e+01
      vertex 5.731800e+00 6.000000e+00 1.920000e+01
      vertex 4.927000e+00 6.000000e+00 1.800000e+01
    endloop
  endfacet
  facet normal 0.000000e+00 1.000000e+00 0.000000e+00
    outer loop
      vertex 4.663900e+00 6.000000e+00 1.900000e+01
      vertex 4.927000e+00 6.000000e+00 1.800000e+01
      vertex 4.792900e+00 6.000000e+00 1.800000e+01
    endloop
  endfacet
  facet normal 0.000000e+00 1.000000e+00 0.000000e+00
    outer loop
      vertex 4.663900e+00 6.000000e+00 1.900000e+01
      vertex 4.792900e+00 6.000000e+00 1.800000e+01
      vertex 4.792900e+00 6.000000e+00 9.200000e+00
    endloop
  endfacet
  facet normal 0.000000e+00 1.000000e+00 0.000000e+00
    outer loop
      vertex -1.168100e+00 6.000000e+00 1.439720e+01
      vertex 4.792900e+00 6.000000e+00 9.200000e+00
      vertex -1.732100e+00 6.000000e+00 1.465900e+01
    endloop
  endfacet
  facet normal 7.848871e-01 1.934570e-01 5.886651e-01
    outer loop
      vertex -7.562360e+00 -8.327000e+00 9.200000e+00
      vertex -8.500000e+00 -1.000000e+01 1.100000e+01
      vertex -7.150000e+00 -1.000000e+01 9.200000e+00
    endloop
  endfacet
  facet normal 7.848871e-01 1.934570e-01 5.886651e-01
    outer loop
      vertex -7.590990e+00 -8.210820e+00 9.200000e+00
      vertex -8.786360e+00 -8.838190e+00 1.100000e+01
      vertex -8.500000e+00 -1.000000e+01 1.100000e+01
    endloop
  endfacet
  facet normal 7.848871e-01 1.934570e-01 5.886651e-01
    outer loop
      vertex -7.562360e+00 -8.327000e+00 9.200000e+00
      vertex -7.590990e+00 -8.210820e+00 9.200000e+00
      vertex -8.500000e+00 -1.000000e+01 1.100000e+01
    endloop
  endfacet
  facet normal 6.050791e-01 5.360531e-01 5.886651e-01
    outer loop
      vertex -8.418420e+00 -7.740070e+00 9.621820e+00
      vertex -8.786360e+00 -8.838190e+00 1.100000e+01
      vertex -7.590990e+00 -8.210820e+00 9.200000e+00
    endloop
  endfacet
  facet normal 6.050791e-01 5.360531e-01 5.886651e-01
    outer loop
      vertex -8.749850e+00 -7.511300e+00 9.754170e+00
      vertex -8.786360e+00 -8.838190e+00 1.100000e+01
      vertex -8.418420e+00 -7.740070e+00 9.621820e+00
    endloop
  endfacet
  facet normal 6.050791e-01 5.360531e-01 5.886651e-01
    outer loop
      vertex -7.958580e+00 -7.795900e+00 9.200000e+00
      vertex -8.418420e+00 -7.740070e+00 9.621820e+00
      vertex -7.590990e+00 -8.210820e+00 9.200000e+00
    endloop
  endfacet
  facet normal -1.205360e-01 -9.927090e-01 0.000000e+00
    outer loop
      vertex -8.418420e+00 -7.740070e+00 1.650000e+01
      vertex -8.418420e+00 -7.740070e+00 9.621820e+00
      vertex -7.958580e+00 -7.795900e+00 9.200000e+00
    endloop
  endfacet
  facet normal -1.205360e-01 -9.927090e-01 0.000000e+00
    outer loop
      vertex -6.588760e+00 -7.962230e+00 1.650000e+01
      vertex -8.418420e+00 -7.740070e+00 1.650000e+01
      vertex -6.588760e+00 -7.962230e+00 9.200000e+00
    endloop
  endfacet
  facet normal -1.205360e-01 -9.927090e-01 -6.882910e-17
    outer loop
      vertex -6.588760e+00 -7.962230e+00 9.200000e+00
      vertex -8.418420e+00 -7.740070e+00 1.650000e+01
      vertex -7.958580e+00 -7.795900e+00 9.200000e+00
    endloop
  endfacet
  facet normal -6.234901e-01 7.818312e-01 0.000000e+00
    outer loop
      vertex -6.801940e+00 -8.132230e+00 9.200000e+00
      vertex -6.801940e+00 -8.132230e+00 1.850000e+01
      vertex -6.588760e+00 -7.962230e+00 9.200000e+00
    endloop
  endfacet
  facet normal -6.234901e-01 7.818312e-01 1.599250e-16
    outer loop
      vertex -6.318930e+00 -7.747050e+00 1.650000e+01
      vertex -6.801940e+00 -8.132230e+00 1.850000e+01
      vertex -5.445040e+00 -7.050140e+00 1.850000e+01
    endloop
  endfacet
  facet normal -6.234901e-01 7.818312e-01 7.539692e-16
    outer loop
      vertex -6.588760e+00 -7.962230e+00 1.650000e+01
      vertex -6.801940e+00 -8.132230e+00 1.850000e+01
      vertex -6.318930e+00 -7.747050e+00 1.650000e+01
    endloop
  endfacet
  facet normal -6.234901e-01 7.818312e-01 0.000000e+00
    outer loop
      vertex -6.588760e+00 -7.962230e+00 9.200000e+00
      vertex -6.801940e+00 -8.132230e+00 1.850000e+01
      vertex -6.588760e+00 -7.962230e+00 1.650000e+01
    endloop
  endfacet
  facet normal -6.234901e-01 7.818312e-01 0.000000e+00
    outer loop
      vertex -6.318930e+00 -7.747050e+00 1.650000e+01
      vertex -5.445040e+00 -7.050140e+00 1.850000e+01
      vertex -5.445040e+00 -7.050140e+00 1.773190e+01
    endloop
  endfacet
  facet normal -1.000000e+00 -0.000000e+00 -0.000000e+00
    outer loop
      vertex -6.801940e+00 -9.867770e+00 9.200000e+00
      vertex -6.801940e+00 -9.867770e+00 1.850000e+01
      vertex -6.801940e+00 -8.132230e+00 9.200000e+00
    endloop
  endfacet
  facet normal -1.000000e+00 0.000000e+00 0.000000e+00
    outer loop
      vertex -6.801940e+00 -8.132230e+00 9.200000e+00
      vertex -6.801940e+00 -9.867770e+00 1.850000e+01
      vertex -6.801940e+00 -8.132230e+00 1.850000e+01
    endloop
  endfacet
  facet normal -6.234901e-01 -7.818312e-01 0.000000e+00
    outer loop
      vertex -6.801940e+00 -9.867770e+00 1.850000e+01
      vertex -6.801940e+00 -9.867770e+00 9.200000e+00
      vertex -5.445040e+00 -1.094986e+01 9.200000e+00
    endloop
  endfacet
  facet normal -6.234901e-01 -7.818312e-01 0.000000e+00
    outer loop
      vertex -5.445040e+00 -1.094986e+01 1.850000e+01
      vertex -6.801940e+00 -9.867770e+00 1.850000e+01
      vertex -5.445040e+00 -1.094986e+01 9.200000e+00
    endloop
  endfacet
  facet normal 2.225210e-01 -9.749279e-01 0.000000e+00
    outer loop
      vertex -5.445040e+00 -1.094986e+01 1.850000e+01
      vertex -5.445040e+00 -1.094986e+01 9.200000e+00
      vertex -3.753000e+00 -1.056366e+01 9.200000e+00
    endloop
  endfacet
  facet normal 2.225210e-01 -9.749279e-01 0.000000e+00
    outer loop
      vertex -3.753000e+00 -1.056366e+01 1.850000e+01
      vertex -5.445040e+00 -1.094986e+01 1.850000e+01
      vertex -3.753000e+00 -1.056366e+01 9.200000e+00
    endloop
  endfacet
  facet normal 9.009688e-01 -4.338839e-01 0.000000e+00
    outer loop
      vertex -3.753000e+00 -1.056366e+01 1.850000e+01
      vertex -3.753000e+00 -1.056366e+01 9.200000e+00
      vertex -3.000000e+00 -9.000000e+00 9.200000e+00
    endloop
  endfacet
  facet normal 9.009688e-01 -4.338839e-01 0.000000e+00
    outer loop
      vertex -3.000000e+00 -9.000000e+00 1.850000e+01
      vertex -3.753000e+00 -1.056366e+01 1.850000e+01
      vertex -3.000000e+00 -9.000000e+00 9.200000e+00
    endloop
  endfacet
  facet normal 9.009688e-01 4.338839e-01 0.000000e+00
    outer loop
      vertex -3.000000e+00 -9.000000e+00 9.200000e+00
      vertex -3.753000e+00 -7.436340e+00 9.200000e+00
      vertex -3.753000e+00 -7.436340e+00 1.850000e+01
    endloop
  endfacet
  facet normal 9.009688e-01 4.338839e-01 0.000000e+00
    outer loop
      vertex -3.000000e+00 -9.000000e+00 1.850000e+01
      vertex -3.000000e+00 -9.000000e+00 9.200000e+00
      vertex -3.753000e+00 -7.436340e+00 1.850000e+01
    endloop
  endfacet
  facet normal 2.225210e-01 9.749279e-01 0.000000e+00
    outer loop
      vertex -5.445040e+00 -7.050140e+00 1.773190e+01
      vertex -5.445040e+00 -7.050140e+00 1.850000e+01
      vertex -4.843400e+00 -7.187460e+00 1.650000e+01
    endloop
  endfacet
  facet normal 2.225210e-01 9.749279e-01 -3.758239e-16
    outer loop
      vertex -4.843400e+00 -7.187460e+00 1.650000e+01
      vertex -5.445040e+00 -7.050140e+00 1.850000e+01
      vertex -3.753000e+00 -7.436340e+00 1.850000e+01
    endloop
  endfacet
  facet normal 2.225210e-01 9.749279e-01 0.000000e+00
    outer loop
      vertex -4.670200e+00 -7.226990e+00 1.650000e+01
      vertex -3.753000e+00 -7.436340e+00 1.850000e+01
      vertex -3.753000e+00 -7.436340e+00 9.200000e+00
    endloop
  endfacet
  facet normal 2.225210e-01 9.749279e-01 6.444219e-16
    outer loop
      vertex -4.843400e+00 -7.187460e+00 1.650000e+01
      vertex -3.753000e+00 -7.436340e+00 1.850000e+01
      vertex -4.670200e+00 -7.226990e+00 1.650000e+01
    endloop
  endfacet
  facet normal 2.225210e-01 9.749279e-01 0.000000e+00
    outer loop
      vertex -4.670200e+00 -7.226990e+00 1.650000e+01
      vertex -3.753000e+00 -7.436340e+00 9.200000e+00
      vertex -4.670200e+00 -7.226990e+00 9.200000e+00
    endloop
  endfacet
  facet normal 7.485107e-01 -6.631227e-01 0.000000e+00
    outer loop
      vertex -4.670200e+00 -7.226990e+00 1.650000e+01
      vertex -4.670200e+00 -7.226990e+00 9.200000e+00
      vertex -3.458200e+00 -5.858890e+00 9.200000e+00
    endloop
  endfacet
  facet normal 7.485107e-01 -6.631227e-01 0.000000e+00
    outer loop
      vertex -3.458200e+00 -5.858890e+00 1.650000e+01
      vertex -4.670200e+00 -7.226990e+00 1.650000e+01
      vertex -3.458200e+00 -5.858890e+00 9.200000e+00
    endloop
  endfacet
  facet normal 9.709418e-01 -2.393159e-01 0.000000e+00
    outer loop
      vertex -3.458200e+00 -5.858890e+00 1.650000e+01
      vertex -3.458200e+00 -5.858890e+00 9.200000e+00
      vertex -3.000000e+00 -4.000000e+00 9.200000e+00
    endloop
  endfacet
  facet normal 9.709418e-01 -2.393159e-01 0.000000e+00
    outer loop
      vertex -3.000000e+00 -4.000000e+00 1.650000e+01
      vertex -3.458200e+00 -5.858890e+00 1.650000e+01
      vertex -3.000000e+00 -4.000000e+00 9.200000e+00
    endloop
  endfacet
  facet normal 9.709418e-01 2.393159e-01 0.000000e+00
    outer loop
      vertex -3.000000e+00 -4.000000e+00 9.200000e+00
      vertex -3.458200e+00 -2.141100e+00 9.200000e+00
      vertex -3.458200e+00 -2.141100e+00 1.650000e+01
    endloop
  endfacet
  facet normal 9.709418e-01 2.393159e-01 0.000000e+00
    outer loop
      vertex -3.000000e+00 -4.000000e+00 1.650000e+01
      vertex -3.000000e+00 -4.000000e+00 9.200000e+00
      vertex -3.458200e+00 -2.141100e+00 1.650000e+01
    endloop
  endfacet
  facet normal 7.485107e-01 6.631227e-01 0.000000e+00
    outer loop
      vertex -3.458200e+00 -2.141100e+00 9.200000e+00
      vertex -4.727700e+00 -7.081003e-01 9.200000e+00
      vertex -4.727700e+00 -7.081003e-01 1.650000e+01
    endloop
  endfacet
  facet normal 7.485107e-01 6.631227e-01 0.000000e+00
    outer loop
      vertex -3.458200e+00 -2.141100e+00 1.650000e+01
      vertex -3.458200e+00 -2.141100e+00 9.200000e+00
      vertex -4.727700e+00 -7.081003e-01 1.650000e+01
    endloop
  endfacet
  facet normal 3.546051e-01 9.350162e-01 0.000000e+00
    outer loop
      vertex -5.276360e+00 -5.000000e-01 9.200000e+00
      vertex -5.276360e+00 -5.000000e-01 1.650000e+01
      vertex -4.727700e+00 -7.081003e-01 9.200000e+00
    endloop
  endfacet
  facet normal 3.546051e-01 9.350162e-01 0.000000e+00
    outer loop
      vertex -4.727700e+00 -7.081003e-01 9.200000e+00
      vertex -5.276360e+00 -5.000000e-01 1.650000e+01
      vertex -4.727700e+00 -7.081003e-01 1.650000e+01
    endloop
  endfacet
  facet normal 3.546051e-01 -9.350162e-01 -2.367611e-16
    outer loop
      vertex -4.986700e+00 -3.900995e-01 1.719780e+01
      vertex -5.637160e+00 -6.367998e-01 1.692240e+01
      vertex -5.471940e+00 -5.741997e-01 1.650000e+01
    endloop
  endfacet
  facet normal 3.546051e-01 -9.350162e-01 0.000000e+00
    outer loop
      vertex -5.276360e+00 -5.000000e-01 9.200000e+00
      vertex -4.986700e+00 -3.900995e-01 1.719780e+01
      vertex -5.276360e+00 -5.000000e-01 1.650000e+01
    endloop
  endfacet
  facet normal 3.546051e-01 -9.350162e-01 1.620390e-16
    outer loop
      vertex -5.276360e+00 -5.000000e-01 1.650000e+01
      vertex -4.986700e+00 -3.900995e-01 1.719780e+01
      vertex -5.471940e+00 -5.741997e-01 1.650000e+01
    endloop
  endfacet
  facet normal 3.546051e-01 -9.350162e-01 1.034490e-17
    outer loop
      vertex -4.727700e+00 -2.918997e-01 9.200000e+00
      vertex -4.986700e+00 -3.900995e-01 1.719780e+01
      vertex -5.276360e+00 -5.000000e-01 9.200000e+00
    endloop
  endfacet
  facet normal 3.546051e-01 -9.350162e-01 0.000000e+00
    outer loop
      vertex -4.727700e+00 -2.918997e-01 1.730750e+01
      vertex -4.986700e+00 -3.900995e-01 1.719780e+01
      vertex -4.727700e+00 -2.918997e-01 9.200000e+00
    endloop
  endfacet
  facet normal 7.485107e-01 -6.631227e-01 0.000000e+00
    outer loop
      vertex -4.727700e+00 -2.918997e-01 1.730750e+01
      vertex -4.727700e+00 -2.918997e-01 9.200000e+00
      vertex -3.458200e+00 1.141100e+00 9.200000e+00
    endloop
  endfacet
  facet normal 7.485107e-01 -6.631227e-01 3.460608e-16
    outer loop
      vertex -4.384600e+00 9.529972e-02 1.690310e+01
      vertex -4.727700e+00 -2.918997e-01 1.730750e+01
      vertex -3.458200e+00 1.141100e+00 9.200000e+00
    endloop
  endfacet
  facet normal 7.485107e-01 -6.631227e-01 0.000000e+00
    outer loop
      vertex -3.458200e+00 1.141100e+00 1.723590e+01
      vertex -3.761600e+00 7.987003e-01 1.712690e+01
      vertex -3.458200e+00 1.141100e+00 9.200000e+00
    endloop
  endfacet
  facet normal 7.485107e-01 -6.631227e-01 1.551869e-16
    outer loop
      vertex -3.761600e+00 7.987003e-01 1.712690e+01
      vertex -4.384600e+00 9.529972e-02 1.690310e+01
      vertex -3.458200e+00 1.141100e+00 9.200000e+00
    endloop
  endfacet
  facet normal 9.709418e-01 -2.393159e-01 0.000000e+00
    outer loop
      vertex -3.458200e+00 1.141100e+00 1.723590e+01
      vertex -3.458200e+00 1.141100e+00 9.200000e+00
      vertex -3.000000e+00 3.000000e+00 9.200000e+00
    endloop
  endfacet
  facet normal 9.709418e-01 -2.393159e-01 5.711940e-16
    outer loop
      vertex -3.395500e+00 1.395201e+00 1.699230e+01
      vertex -3.458200e+00 1.141100e+00 1.723590e+01
      vertex -3.000000e+00 3.000000e+00 9.200000e+00
    endloop
  endfacet
  facet normal 9.709418e-01 -2.393159e-01 0.000000e+00
    outer loop
      vertex -3.000000e+00 3.000000e+00 1.712370e+01
      vertex -3.156000e+00 2.367001e+00 1.707190e+01
      vertex -3.000000e+00 3.000000e+00 9.200000e+00
    endloop
  endfacet
  facet normal 9.709418e-01 -2.393159e-01 4.743770e-17
    outer loop
      vertex -3.156000e+00 2.367001e+00 1.707190e+01
      vertex -3.395500e+00 1.395201e+00 1.699230e+01
      vertex -3.000000e+00 3.000000e+00 9.200000e+00
    endloop
  endfacet
  facet normal 9.709418e-01 2.393159e-01 0.000000e+00
    outer loop
      vertex -3.000000e+00 3.000000e+00 9.200000e+00
      vertex -3.458200e+00 4.858900e+00 9.200000e+00
      vertex -3.458200e+00 4.858900e+00 1.723590e+01
    endloop
  endfacet
  facet normal 9.709418e-01 2.393159e-01 1.494440e-16
    outer loop
      vertex -3.250100e+00 4.014601e+00 1.704060e+01
      vertex -3.000000e+00 3.000000e+00 9.200000e+00
      vertex -3.395500e+00 4.604799e+00 1.699230e+01
    endloop
  endfacet
  facet normal 9.709418e-01 2.393159e-01 6.999139e-16
    outer loop
      vertex -3.395500e+00 4.604799e+00 1.699230e+01
      vertex -3.000000e+00 3.000000e+00 9.200000e+00
      vertex -3.458200e+00 4.858900e+00 1.723590e+01
    endloop
  endfacet
  facet normal 9.709418e-01 2.393159e-01 0.000000e+00
    outer loop
      vertex -3.000000e+00 3.000000e+00 1.712370e+01
      vertex -3.000000e+00 3.000000e+00 9.200000e+00
      vertex -3.250100e+00 4.014601e+00 1.704060e+01
    endloop
  endfacet
  facet normal 7.485107e-01 6.631227e-01 0.000000e+00
    outer loop
      vertex -3.458200e+00 4.858900e+00 9.200000e+00
      vertex -4.727700e+00 6.291901e+00 9.200000e+00
      vertex -4.727700e+00 6.291901e+00 1.730750e+01
    endloop
  endfacet
  facet normal 7.485107e-01 6.631227e-01 7.616297e-17
    outer loop
      vertex -3.979400e+00 5.447201e+00 1.704860e+01
      vertex -3.458200e+00 4.858900e+00 9.200000e+00
      vertex -4.384600e+00 5.904699e+00 1.690310e+01
    endloop
  endfacet
  facet normal 7.485107e-01 6.631227e-01 1.655069e-16
    outer loop
      vertex -4.384600e+00 5.904699e+00 1.690310e+01
      vertex -3.458200e+00 4.858900e+00 9.200000e+00
      vertex -4.727700e+00 6.291901e+00 1.730750e+01
    endloop
  endfacet
  facet normal 7.485107e-01 6.631227e-01 0.000000e+00
    outer loop
      vertex -3.458200e+00 4.858900e+00 1.723590e+01
      vertex -3.458200e+00 4.858900e+00 9.200000e+00
      vertex -3.979400e+00 5.447201e+00 1.704860e+01
    endloop
  endfacet
  facet normal 3.546051e-01 9.350162e-01 0.000000e+00
    outer loop
      vertex -6.517850e+00 6.970800e+00 9.200000e+00
      vertex -6.517850e+00 6.970800e+00 1.733820e+01
      vertex -4.727700e+00 6.291901e+00 9.200000e+00
    endloop
  endfacet
  facet normal 3.546051e-01 9.350162e-01 -2.228890e-14
    outer loop
      vertex -4.727700e+00 6.291901e+00 9.200000e+00
      vertex -6.517850e+00 6.970800e+00 1.733820e+01
      vertex -6.498390e+00 6.963499e+00 1.732510e+01
    endloop
  endfacet
  facet normal 3.546051e-01 9.350162e-01 8.384361e-16
    outer loop
      vertex -4.727700e+00 6.291901e+00 9.200000e+00
      vertex -6.498390e+00 6.963499e+00 1.732510e+01
      vertex -5.798450e+00 6.698000e+00 1.685410e+01
    endloop
  endfacet
  facet normal 3.546051e-01 9.350162e-01 -3.080591e-16
    outer loop
      vertex -4.727700e+00 6.291901e+00 9.200000e+00
      vertex -5.798450e+00 6.698000e+00 1.685410e+01
      vertex -5.144880e+00 6.450100e+00 1.713080e+01
    endloop
  endfacet
  facet normal 3.546051e-01 9.350162e-01 0.000000e+00
    outer loop
      vertex -5.144880e+00 6.450100e+00 1.713080e+01
      vertex -4.727700e+00 6.291901e+00 1.730750e+01
      vertex -4.727700e+00 6.291901e+00 9.200000e+00
    endloop
  endfacet
  facet normal -1.205360e-01 9.927090e-01 0.000000e+00
    outer loop
      vertex -8.418420e+00 6.740101e+00 9.200000e+00
      vertex -8.418420e+00 6.740101e+00 1.732790e+01
      vertex -6.517850e+00 6.970800e+00 9.200000e+00
    endloop
  endfacet
  facet normal -1.205360e-01 9.927090e-01 -1.836790e-15
    outer loop
      vertex -6.517850e+00 6.970800e+00 9.200000e+00
      vertex -8.418420e+00 6.740101e+00 1.732790e+01
      vertex -8.229690e+00 6.763000e+00 1.723780e+01
    endloop
  endfacet
  facet normal -1.205360e-01 9.927090e-01 -3.928680e-16
    outer loop
      vertex -6.517850e+00 6.970800e+00 9.200000e+00
      vertex -8.229690e+00 6.763000e+00 1.723780e+01
      vertex -7.406020e+00 6.863001e+00 1.684430e+01
    endloop
  endfacet
  facet normal -1.205360e-01 9.927090e-01 0.000000e+00
    outer loop
      vertex -7.406020e+00 6.863001e+00 1.684430e+01
      vertex -6.517850e+00 6.970800e+00 1.733820e+01
      vertex -6.517850e+00 6.970800e+00 9.200000e+00
    endloop
  endfacet
  facet normal -5.680649e-01 8.229837e-01 0.000000e+00
    outer loop
      vertex -9.994040e+00 5.652500e+00 9.200000e+00
      vertex -9.994040e+00 5.652500e+00 1.727680e+01
      vertex -8.418420e+00 6.740101e+00 9.200000e+00
    endloop
  endfacet
  facet normal -5.680649e-01 8.229837e-01 -2.484310e-16
    outer loop
      vertex -8.418420e+00 6.740101e+00 9.200000e+00
      vertex -9.994040e+00 5.652500e+00 1.727680e+01
      vertex -9.692910e+00 5.860300e+00 1.716070e+01
    endloop
  endfacet
  facet normal -5.680649e-01 8.229837e-01 2.195739e-16
    outer loop
      vertex -8.418420e+00 6.740101e+00 9.200000e+00
      vertex -9.692910e+00 5.860300e+00 1.716070e+01
      vertex -8.948200e+00 6.374399e+00 1.687360e+01
    endloop
  endfacet
  facet normal -5.680649e-01 8.229837e-01 0.000000e+00
    outer loop
      vertex -8.418420e+00 6.740101e+00 9.200000e+00
      vertex -8.948200e+00 6.374399e+00 1.687360e+01
      vertex -8.418420e+00 6.740101e+00 1.732790e+01
    endloop
  endfacet
  facet normal -8.854561e-01 4.647231e-01 0.000000e+00
    outer loop
      vertex -1.088377e+01 3.957300e+00 9.200000e+00
      vertex -1.088377e+01 3.957300e+00 1.718480e+01
      vertex -9.994040e+00 5.652500e+00 9.200000e+00
    endloop
  endfacet
  facet normal -8.854561e-01 4.647231e-01 -1.563830e-16
    outer loop
      vertex -9.994040e+00 5.652500e+00 9.200000e+00
      vertex -1.088377e+01 3.957300e+00 1.718480e+01
      vertex -1.062701e+01 4.446501e+00 1.709700e+01
    endloop
  endfacet
  facet normal -8.854561e-01 4.647231e-01 -1.086970e-17
    outer loop
      vertex -9.994040e+00 5.652500e+00 9.200000e+00
      vertex -1.062701e+01 4.446501e+00 1.709700e+01
      vertex -1.017535e+01 5.306999e+00 1.694260e+01
    endloop
  endfacet
  facet normal -8.854561e-01 4.647231e-01 0.000000e+00
    outer loop
      vertex -1.017535e+01 5.306999e+00 1.694260e+01
      vertex -9.994040e+00 5.652500e+00 1.727680e+01
      vertex -9.994040e+00 5.652500e+00 9.200000e+00
    endloop
  endfacet
  facet normal -1.000000e+00 -0.000000e+00 -0.000000e+00
    outer loop
      vertex -1.088377e+01 2.042700e+00 9.200000e+00
      vertex -1.088377e+01 2.042700e+00 1.718480e+01
      vertex -1.088377e+01 3.957300e+00 9.200000e+00
    endloop
  endfacet
  facet normal -1.000000e+00 0.000000e+00 0.000000e+00
    outer loop
      vertex -1.088377e+01 3.957300e+00 9.200000e+00
      vertex -1.088377e+01 2.042700e+00 1.718480e+01
      vertex -1.088377e+01 2.174500e+00 1.705260e+01
    endloop
  endfacet
  facet normal -1.000000e+00 0.000000e+00 0.000000e+00
    outer loop
      vertex -1.088377e+01 3.957300e+00 9.200000e+00
      vertex -1.088377e+01 2.174500e+00 1.705260e+01
      vertex -1.088377e+01 3.825500e+00 1.705260e+01
    endloop
  endfacet
  facet normal -1.000000e+00 0.000000e+00 0.000000e+00
    outer loop
      vertex -1.088377e+01 3.825500e+00 1.705260e+01
      vertex -1.088377e+01 3.957300e+00 1.718480e+01
      vertex -1.088377e+01 3.957300e+00 9.200000e+00
    endloop
  endfacet
  facet normal -8.854561e-01 -4.647231e-01 -0.000000e+00
    outer loop
      vertex -1.088377e+01 2.042700e+00 9.200000e+00
      vertex -9.994040e+00 3.474998e-01 9.200000e+00
      vertex -1.088377e+01 2.042700e+00 1.718480e+01
    endloop
  endfacet
  facet normal -8.854561e-01 -4.647231e-01 0.000000e+00
    outer loop
      vertex -1.017535e+01 6.929998e-01 1.694260e+01
      vertex -9.994040e+00 3.474998e-01 9.200000e+00
      vertex -9.994040e+00 3.474998e-01 1.727680e+01
    endloop
  endfacet
  facet normal -8.854561e-01 -4.647231e-01 1.322540e-16
    outer loop
      vertex -1.088377e+01 2.042700e+00 1.718480e+01
      vertex -9.994040e+00 3.474998e-01 9.200000e+00
      vertex -1.017535e+01 6.929998e-01 1.694260e+01
    endloop
  endfacet
  facet normal -8.854561e-01 -4.647232e-01 -1.224358e-08
    outer loop
      vertex -1.088377e+01 2.042700e+00 1.718480e+01
      vertex -1.017535e+01 6.929998e-01 1.694260e+01
      vertex -1.045514e+01 1.226000e+00 1.703820e+01
    endloop
  endfacet
  facet normal -5.680649e-01 -8.229837e-01 0.000000e+00
    outer loop
      vertex -9.994040e+00 3.474998e-01 1.727680e+01
      vertex -9.994040e+00 3.474998e-01 9.200000e+00
      vertex -8.766210e+00 -5.000000e-01 9.200000e+00
    endloop
  endfacet
  facet normal -5.680649e-01 -8.229837e-01 -2.194670e-15
    outer loop
      vertex -8.644130e+00 -5.843000e-01 1.650000e+01
      vertex -9.994040e+00 3.474998e-01 1.727680e+01
      vertex -8.766210e+00 -5.000000e-01 1.650000e+01
    endloop
  endfacet
  facet normal -5.680649e-01 -8.229837e-01 0.000000e+00
    outer loop
      vertex -8.766210e+00 -5.000000e-01 1.650000e+01
      vertex -9.994040e+00 3.474998e-01 1.727680e+01
      vertex -8.766210e+00 -5.000000e-01 9.200000e+00
    endloop
  endfacet
  facet normal -5.680649e-01 -8.229837e-01 -1.898120e-15
    outer loop
      vertex -9.475290e+00 -1.060009e-02 1.707680e+01
      vertex -9.994040e+00 3.474998e-01 1.727680e+01
      vertex -8.644130e+00 -5.843000e-01 1.650000e+01
    endloop
  endfacet
  facet normal -5.680649e-01 -8.229837e-01 -9.505167e-16
    outer loop
      vertex -8.448200e+00 -7.194996e-01 1.730240e+01
      vertex -8.948200e+00 -3.744001e-01 1.687360e+01
      vertex -8.644130e+00 -5.843000e-01 1.650000e+01
    endloop
  endfacet
  facet normal -5.680649e-01 -8.229837e-01 1.502540e-15
    outer loop
      vertex -8.948200e+00 -3.744001e-01 1.687360e+01
      vertex -9.475290e+00 -1.060009e-02 1.707680e+01
      vertex -8.644130e+00 -5.843000e-01 1.650000e+01
    endloop
  endfacet
  facet normal -5.680649e-01 8.229837e-01 0.000000e+00
    outer loop
      vertex -9.994040e+00 -1.347500e+00 9.200000e+00
      vertex -9.994040e+00 -1.347500e+00 1.650000e+01
      vertex -8.766210e+00 -5.000000e-01 9.200000e+00
    endloop
  endfacet
  facet normal -5.680649e-01 8.229837e-01 0.000000e+00
    outer loop
      vertex -8.766210e+00 -5.000000e-01 9.200000e+00
      vertex -9.994040e+00 -1.347500e+00 1.650000e+01
      vertex -8.766210e+00 -5.000000e-01 1.650000e+01
    endloop
  endfacet
  facet normal -8.854561e-01 4.647231e-01 0.000000e+00
    outer loop
      vertex -1.088377e+01 -3.042700e+00 9.200000e+00
      vertex -1.088377e+01 -3.042700e+00 1.650000e+01
      vertex -9.994040e+00 -1.347500e+00 9.200000e+00
    endloop
  endfacet
  facet normal -8.854561e-01 4.647231e-01 0.000000e+00
    outer loop
      vertex -9.994040e+00 -1.347500e+00 9.200000e+00
      vertex -1.088377e+01 -3.042700e+00 1.650000e+01
      vertex -9.994040e+00 -1.347500e+00 1.650000e+01
    endloop
  endfacet
  facet normal -1.000000e+00 -0.000000e+00 -0.000000e+00
    outer loop
      vertex -1.088377e+01 -4.957300e+00 9.200000e+00
      vertex -1.088377e+01 -4.957300e+00 1.650000e+01
      vertex -1.088377e+01 -3.042700e+00 9.200000e+00
    endloop
  endfacet
  facet normal -1.000000e+00 0.000000e+00 0.000000e+00
    outer loop
      vertex -1.088377e+01 -3.042700e+00 9.200000e+00
      vertex -1.088377e+01 -4.957300e+00 1.650000e+01
      vertex -1.088377e+01 -3.042700e+00 1.650000e+01
    endloop
  endfacet
  facet normal -8.854561e-01 -4.647231e-01 -0.000000e+00
    outer loop
      vertex -1.088377e+01 -4.957300e+00 9.200000e+00
      vertex -1.017025e+01 -6.316760e+00 9.200000e+00
      vertex -1.088377e+01 -4.957300e+00 1.650000e+01
    endloop
  endfacet
  facet normal -8.854561e-01 -4.647231e-01 -2.802990e-16
    outer loop
      vertex -1.088377e+01 -4.957300e+00 1.650000e+01
      vertex -1.017025e+01 -6.316760e+00 9.200000e+00
      vertex -9.994040e+00 -6.652490e+00 9.545280e+00
    endloop
  endfacet
  facet normal -8.854561e-01 -4.647231e-01 0.000000e+00
    outer loop
      vertex -1.088377e+01 -4.957300e+00 1.650000e+01
      vertex -9.994040e+00 -6.652490e+00 9.545280e+00
      vertex -9.994040e+00 -6.652490e+00 1.650000e+01
    endloop
  endfacet
  facet normal 2.866540e-01 7.558460e-01 5.886649e-01
    outer loop
      vertex -1.042405e+01 -6.220500e+00 9.200000e+00
      vertex -9.579840e+00 -7.942540e+00 1.100000e+01
      vertex -1.017025e+01 -6.316760e+00 9.200000e+00
    endloop
  endfacet
  facet normal 2.866540e-01 7.558460e-01 5.886649e-01
    outer loop
      vertex -9.994040e+00 -6.652490e+00 9.545280e+00
      vertex -9.579840e+00 -7.942540e+00 1.100000e+01
      vertex -9.110390e+00 -7.262430e+00 9.898140e+00
    endloop
  endfacet
  facet normal 2.866540e-01 7.558460e-01 5.886649e-01
    outer loop
      vertex -1.017025e+01 -6.316760e+00 9.200000e+00
      vertex -9.579840e+00 -7.942540e+00 1.100000e+01
      vertex -9.994040e+00 -6.652490e+00 9.545280e+00
    endloop
  endfacet
  facet normal 2.866540e-01 7.558460e-01 5.886649e-01
    outer loop
      vertex -1.069866e+01 -7.518230e+00 1.100000e+01
      vertex -9.579840e+00 -7.942540e+00 1.100000e+01
      vertex -1.053593e+01 -6.178070e+00 9.200000e+00
    endloop
  endfacet
  facet normal 2.866540e-01 7.558460e-01 5.886649e-01
    outer loop
      vertex -1.053593e+01 -6.178070e+00 9.200000e+00
      vertex -9.579840e+00 -7.942540e+00 1.100000e+01
      vertex -1.042405e+01 -6.220500e+00 9.200000e+00
    endloop
  endfacet
  facet normal -6.175655e-01 -6.175655e-01 -4.870583e-01
    outer loop
      vertex -2.000000e+00 5.986000e+00 1.501650e+01
      vertex -3.178800e+00 7.164700e+00 1.501650e+01
      vertex -2.420500e+00 7.602501e+00 1.350000e+01
    endloop
  endfacet
  facet normal -6.175655e-01 -6.175655e-01 -4.870583e-01
    outer loop
      vertex -2.000000e+00 6.000000e+00 1.499870e+01
      vertex -2.000000e+00 5.986000e+00 1.501650e+01
      vertex -2.420500e+00 7.602501e+00 1.350000e+01
    endloop
  endfacet
  facet normal -6.175655e-01 -6.175655e-01 -4.870583e-01
    outer loop
      vertex -1.397500e+00 6.579500e+00 1.350000e+01
      vertex -2.000000e+00 6.000000e+00 1.499870e+01
      vertex -2.420500e+00 7.602501e+00 1.350000e+01
    endloop
  endfacet
  facet normal -6.175655e-01 -6.175655e-01 -4.870583e-01
    outer loop
      vertex -1.732100e+00 6.000000e+00 1.465900e+01
      vertex -2.000000e+00 6.000000e+00 1.499870e+01
      vertex -1.397500e+00 6.579500e+00 1.350000e+01
    endloop
  endfacet
  facet normal -7.071068e-01 -7.071068e-01 0.000000e+00
    outer loop
      vertex -3.178800e+00 7.164700e+00 1.698350e+01
      vertex -3.178800e+00 7.164700e+00 1.501650e+01
      vertex -2.000000e+00 5.986000e+00 1.501650e+01
    endloop
  endfacet
  facet normal -7.071068e-01 -7.071068e-01 0.000000e+00
    outer loop
      vertex -2.000000e+00 5.986000e+00 1.698350e+01
      vertex -3.178800e+00 7.164700e+00 1.698350e+01
      vertex -2.000000e+00 5.986000e+00 1.501650e+01
    endloop
  endfacet
  facet normal -6.175655e-01 -6.175655e-01 4.870583e-01
    outer loop
      vertex -2.327000e+00 7.656500e+00 1.868700e+01
      vertex -3.178800e+00 7.164700e+00 1.698350e+01
      vertex -2.000000e+00 5.986000e+00 1.698350e+01
    endloop
  endfacet
  facet normal -6.175655e-01 -6.175655e-01 4.870583e-01
    outer loop
      vertex -1.732100e+00 6.000000e+00 1.734100e+01
      vertex -2.327000e+00 7.656500e+00 1.868700e+01
      vertex -2.000000e+00 6.000000e+00 1.700130e+01
    endloop
  endfacet
  facet normal -6.175655e-01 -6.175655e-01 4.870583e-01
    outer loop
      vertex -2.000000e+00 6.000000e+00 1.700130e+01
      vertex -2.327000e+00 7.656500e+00 1.868700e+01
      vertex -2.000000e+00 5.986000e+00 1.698350e+01
    endloop
  endfacet
  facet normal -6.175655e-01 -6.175655e-01 4.870583e-01
    outer loop
      vertex -1.343500e+00 6.673000e+00 1.868700e+01
      vertex -2.327000e+00 7.656500e+00 1.868700e+01
      vertex -1.732100e+00 6.000000e+00 1.734100e+01
    endloop
  endfacet
  facet normal 0.000000e+00 0.000000e+00 1.000000e+00
    outer loop
      vertex -2.000000e+00 6.000000e+00 1.920000e+01
      vertex -2.000000e+00 4.540300e+00 1.920000e+01
      vertex -1.415300e+00 5.415300e+00 1.920000e+01
    endloop
  endfacet
  facet normal 0.000000e+00 0.000000e+00 1.000000e+00
    outer loop
      vertex -5.403004e-01 6.000000e+00 1.920000e+01
      vertex -2.000000e+00 6.000000e+00 1.920000e+01
      vertex -1.415300e+00 5.415300e+00 1.920000e+01
    endloop
  endfacet
  facet normal -7.864243e-01 5.254722e-01 3.246781e-01
    outer loop
      vertex -2.527000e+00 3.875099e+00 1.900000e+01
      vertex 2.000000e+00 2.000000e+00 3.300000e+01
      vertex -2.000000e+00 4.540300e+00 1.920000e+01
    endloop
  endfacet
  facet normal -7.864243e-01 5.254722e-01 3.246781e-01
    outer loop
      vertex -2.527000e+00 3.875099e+00 1.900000e+01
      vertex -2.000000e+00 4.540300e+00 1.920000e+01
      vertex -2.000000e+00 4.663900e+00 1.900000e+01
    endloop
  endfacet
  facet normal -7.864243e-01 5.254722e-01 3.246781e-01
    outer loop
      vertex -2.000000e+00 4.540300e+00 1.920000e+01
      vertex 2.000000e+00 2.000000e+00 3.300000e+01
      vertex -1.415300e+00 5.415300e+00 1.920000e+01
    endloop
  endfacet
  facet normal 0.000000e+00 0.000000e+00 -1.000000e+00
    outer loop
      vertex -2.851200e+00 1.754601e+00 1.900000e+01
      vertex -2.586500e+00 3.000000e+00 1.900000e+01
      vertex -2.527000e+00 1.248999e-01 1.900000e+01
    endloop
  endfacet
  facet normal 0.000000e+00 0.000000e+00 -1.000000e+00
    outer loop
      vertex -2.527000e+00 3.875099e+00 1.900000e+01
      vertex -2.586500e+00 3.000000e+00 1.900000e+01
      vertex -2.645700e+00 3.278601e+00 1.900000e+01
    endloop
  endfacet
  facet normal 0.000000e+00 0.000000e+00 -1.000000e+00
    outer loop
      vertex -2.527000e+00 1.248999e-01 1.900000e+01
      vertex -2.586500e+00 3.000000e+00 1.900000e+01
      vertex -2.527000e+00 3.875099e+00 1.900000e+01
    endloop
  endfacet
  facet normal 0.000000e+00 0.000000e+00 -1.000000e+00
    outer loop
      vertex -2.527000e+00 1.248999e-01 1.900000e+01
      vertex -2.527000e+00 3.875099e+00 1.900000e+01
      vertex -2.000000e+00 4.663900e+00 1.900000e+01
    endloop
  endfacet
  facet normal 0.000000e+00 0.000000e+00 -1.000000e+00
    outer loop
      vertex -2.527000e+00 1.248999e-01 1.900000e+01
      vertex -2.000000e+00 4.663900e+00 1.900000e+01
      vertex -2.000000e+00 -6.639004e-01 1.900000e+01
    endloop
  endfacet
  facet normal -7.864243e-01 -5.254722e-01 3.246781e-01
    outer loop
      vertex -2.527000e+00 1.248999e-01 1.900000e+01
      vertex -2.000000e+00 -5.403004e-01 1.920000e+01
      vertex 2.000000e+00 2.000000e+00 3.300000e+01
    endloop
  endfacet
  facet normal -7.864243e-01 -5.254722e-01 3.246781e-01
    outer loop
      vertex -2.527000e+00 1.248999e-01 1.900000e+01
      vertex -2.000000e+00 -6.639004e-01 1.900000e+01
      vertex -2.000000e+00 -5.403004e-01 1.920000e+01
    endloop
  endfacet
  facet normal -7.864243e-01 -5.254722e-01 3.246781e-01
    outer loop
      vertex -1.415300e+00 -1.415300e+00 1.920000e+01
      vertex 2.000000e+00 2.000000e+00 3.300000e+01
      vertex -2.000000e+00 -5.403004e-01 1.920000e+01
    endloop
  endfacet
  facet normal 0.000000e+00 0.000000e+00 1.000000e+00
    outer loop
      vertex -1.415300e+00 -1.415300e+00 1.920000e+01
      vertex -2.000000e+00 -2.000000e+00 1.920000e+01
      vertex -5.403004e-01 -2.000000e+00 1.920000e+01
    endloop
  endfacet
  facet normal 0.000000e+00 0.000000e+00 1.000000e+00
    outer loop
      vertex -2.000000e+00 -5.403004e-01 1.920000e+01
      vertex -2.000000e+00 -2.000000e+00 1.920000e+01
      vertex -1.415300e+00 -1.415300e+00 1.920000e+01
    endloop
  endfacet
  facet normal 0.000000e+00 -1.000000e+00 0.000000e+00
    outer loop
      vertex -2.000000e+00 -2.000000e+00 1.920000e+01
      vertex -2.000000e+00 -2.000000e+00 1.420000e+01
      vertex 6.000000e+00 -2.000000e+00 1.420000e+01
    endloop
  endfacet
  facet normal 0.000000e+00 -1.000000e+00 0.000000e+00
    outer loop
      vertex -6.639004e-01 -2.000000e+00 1.900000e+01
      vertex -2.000000e+00 -2.000000e+00 1.920000e+01
      vertex 6.000000e+00 -2.000000e+00 1.420000e+01
    endloop
  endfacet
  facet normal 0.000000e+00 -1.000000e+00 0.000000e+00
    outer loop
      vertex 6.000000e+00 -2.000000e+00 1.920000e+01
      vertex 4.663900e+00 -2.000000e+00 1.900000e+01
      vertex 6.000000e+00 -2.000000e+00 1.420000e+01
    endloop
  endfacet
  facet normal 0.000000e+00 -1.000000e+00 0.000000e+00
    outer loop
      vertex 6.000000e+00 -2.000000e+00 1.920000e+01
      vertex 4.540300e+00 -2.000000e+00 1.920000e+01
      vertex 4.663900e+00 -2.000000e+00 1.900000e+01
    endloop
  endfacet
  facet normal 0.000000e+00 -1.000000e+00 0.000000e+00
    outer loop
      vertex -5.403004e-01 -2.000000e+00 1.920000e+01
      vertex -2.000000e+00 -2.000000e+00 1.920000e+01
      vertex -6.639004e-01 -2.000000e+00 1.900000e+01
    endloop
  endfacet
  facet normal 0.000000e+00 -1.000000e+00 0.000000e+00
    outer loop
      vertex 4.663900e+00 -2.000000e+00 1.900000e+01
      vertex -6.639004e-01 -2.000000e+00 1.900000e+01
      vertex 6.000000e+00 -2.000000e+00 1.420000e+01
    endloop
  endfacet
  facet normal 0.000000e+00 0.000000e+00 1.000000e+00
    outer loop
      vertex -2.000000e+00 -2.000000e+00 1.420000e+01
      vertex -2.000000e+00 -4.682100e+00 1.420000e+01
      vertex -1.326200e+00 -3.673800e+00 1.420000e+01
    endloop
  endfacet
  facet normal 0.000000e+00 0.000000e+00 1.000000e+00
    outer loop
      vertex 6.000000e+00 -4.440892e-16 1.420000e+01
      vertex 6.000000e+00 -2.000000e+00 1.420000e+01
      vertex 6.200001e+00 -4.440892e-16 1.420000e+01
    endloop
  endfacet
  facet normal 0.000000e+00 0.000000e+00 1.000000e+00
    outer loop
      vertex 1.998997e-01 -2.654100e+00 1.420000e+01
      vertex -2.000000e+00 -2.000000e+00 1.420000e+01
      vertex -1.326200e+00 -3.673800e+00 1.420000e+01
    endloop
  endfacet
  facet normal 0.000000e+00 0.000000e+00 1.000000e+00
    outer loop
      vertex 1.998997e-01 -2.654100e+00 1.420000e+01
      vertex 2.000000e+00 -2.296000e+00 1.420000e+01
      vertex -2.000000e+00 -2.000000e+00 1.420000e+01
    endloop
  endfacet
  facet normal 0.000000e+00 0.000000e+00 1.000000e+00
    outer loop
      vertex 6.200001e+00 -4.981500e+00 1.420000e+01
      vertex 6.000000e+00 -2.000000e+00 1.420000e+01
      vertex 5.326200e+00 -3.673800e+00 1.420000e+01
    endloop
  endfacet
  facet normal 0.000000e+00 0.000000e+00 1.000000e+00
    outer loop
      vertex 6.200001e+00 -4.981500e+00 1.420000e+01
      vertex 6.200001e+00 -4.440892e-16 1.420000e+01
      vertex 6.000000e+00 -2.000000e+00 1.420000e+01
    endloop
  endfacet
  facet normal 0.000000e+00 0.000000e+00 1.000000e+00
    outer loop
      vertex 6.000000e+00 -2.000000e+00 1.420000e+01
      vertex 3.800100e+00 -2.654100e+00 1.420000e+01
      vertex 5.326200e+00 -3.673800e+00 1.420000e+01
    endloop
  endfacet
  facet normal 0.000000e+00 0.000000e+00 1.000000e+00
    outer loop
      vertex 6.000000e+00 -2.000000e+00 1.420000e+01
      vertex 2.000000e+00 -2.296000e+00 1.420000e+01
      vertex 3.800100e+00 -2.654100e+00 1.420000e+01
    endloop
  endfacet
  facet normal 0.000000e+00 0.000000e+00 1.000000e+00
    outer loop
      vertex 6.000000e+00 -2.000000e+00 1.420000e+01
      vertex -2.000000e+00 -2.000000e+00 1.420000e+01
      vertex 2.000000e+00 -2.296000e+00 1.420000e+01
    endloop
  endfacet
  facet normal -7.522747e-01 5.026538e-01 4.259368e-01
    outer loop
      vertex -2.434600e+00 -5.163120e+00 1.400000e+01
      vertex 2.000000e+00 -7.000000e+00 2.400000e+01
      vertex -4.449997e-01 -5.949860e+00 1.844240e+01
    endloop
  endfacet
  facet normal -7.522747e-01 5.026538e-01 4.259368e-01
    outer loop
      vertex -2.434600e+00 -5.163120e+00 1.400000e+01
      vertex -4.449997e-01 -5.949860e+00 1.844240e+01
      vertex -1.347200e+00 -5.230420e+00 1.600000e+01
    endloop
  endfacet
  facet normal -7.522747e-01 5.026538e-01 4.259368e-01
    outer loop
      vertex -2.000000e+00 -4.682100e+00 1.420000e+01
      vertex -1.347200e+00 -5.230420e+00 1.600000e+01
      vertex -7.152996e-01 -4.284700e+00 1.600000e+01
    endloop
  endfacet
  facet normal -7.522747e-01 5.026538e-01 4.259368e-01
    outer loop
      vertex -2.434600e+00 -5.163120e+00 1.400000e+01
      vertex -1.347200e+00 -5.230420e+00 1.600000e+01
      vertex -2.000000e+00 -4.682100e+00 1.420000e+01
    endloop
  endfacet
  facet normal -7.522747e-01 5.026538e-01 4.259368e-01
    outer loop
      vertex -2.434600e+00 -5.163120e+00 1.400000e+01
      vertex -2.000000e+00 -4.682100e+00 1.420000e+01
      vertex -2.000000e+00 -4.512700e+00 1.400000e+01
    endloop
  endfacet
  facet normal -7.522747e-01 5.026538e-01 4.259368e-01
    outer loop
      vertex -4.449997e-01 -5.949860e+00 1.844240e+01
      vertex 2.000000e+00 -7.000000e+00 2.400000e+01
      vertex 6.906004e-01 -5.690640e+00 2.014230e+01
    endloop
  endfacet
  facet normal -7.522747e-01 5.026538e-01 4.259368e-01
    outer loop
      vertex -2.000000e+00 -4.682100e+00 1.420000e+01
      vertex -7.152996e-01 -4.284700e+00 1.600000e+01
      vertex -1.326200e+00 -3.673800e+00 1.420000e+01
    endloop
  endfacet
  facet normal 0.000000e+00 0.000000e+00 -1.000000e+00
    outer loop
      vertex -2.800000e+00 -7.000000e+00 1.400000e+01
      vertex -2.434600e+00 -5.163120e+00 1.400000e+01
      vertex -2.434600e+00 -8.836880e+00 1.400000e+01
    endloop
  endfacet
  facet normal 0.000000e+00 0.000000e+00 -1.000000e+00
    outer loop
      vertex -2.434600e+00 -8.836880e+00 1.400000e+01
      vertex -2.434600e+00 -5.163120e+00 1.400000e+01
      vertex -2.000000e+00 -4.512700e+00 1.400000e+01
    endloop
  endfacet
  facet normal 0.000000e+00 0.000000e+00 -1.000000e+00
    outer loop
      vertex -2.434600e+00 -8.836880e+00 1.400000e+01
      vertex -2.000000e+00 -4.512700e+00 1.400000e+01
      vertex -2.000000e+00 -9.487340e+00 1.400000e+01
    endloop
  endfacet
  facet normal -7.522747e-01 -5.026538e-01 4.259368e-01
    outer loop
      vertex -2.434600e+00 -8.836880e+00 1.400000e+01
      vertex -2.000000e+00 -9.317860e+00 1.420000e+01
      vertex 2.000000e+00 -7.000000e+00 2.400000e+01
    endloop
  endfacet
  facet normal -7.522747e-01 -5.026538e-01 4.259368e-01
    outer loop
      vertex -2.434600e+00 -8.836880e+00 1.400000e+01
      vertex -2.000000e+00 -9.487340e+00 1.400000e+01
      vertex -2.000000e+00 -9.317860e+00 1.420000e+01
    endloop
  endfacet
  facet normal -7.522747e-01 -5.026538e-01 4.259368e-01
    outer loop
      vertex -1.326200e+00 -1.032623e+01 1.420000e+01
      vertex 2.000000e+00 -7.000000e+00 2.400000e+01
      vertex -2.000000e+00 -9.317860e+00 1.420000e+01
    endloop
  endfacet
  facet normal 8.873683e-01 -1.765081e-01 4.259371e-01
    outer loop
      vertex 6.799999e+00 -7.000000e+00 1.400000e+01
      vertex 2.000000e+00 -7.000000e+00 2.400000e+01
      vertex 6.434601e+00 -8.836880e+00 1.400000e+01
    endloop
  endfacet
  facet normal 7.522747e-01 -5.026538e-01 4.259368e-01
    outer loop
      vertex 6.200001e+00 -9.018540e+00 1.420000e+01
      vertex 2.000000e+00 -7.000000e+00 2.400000e+01
      vertex 5.326200e+00 -1.032623e+01 1.420000e+01
    endloop
  endfacet
  facet normal 7.522747e-01 -5.026538e-01 4.259368e-01
    outer loop
      vertex 6.434601e+00 -8.836880e+00 1.400000e+01
      vertex 2.000000e+00 -7.000000e+00 2.400000e+01
      vertex 6.200001e+00 -9.018540e+00 1.420000e+01
    endloop
  endfacet
  facet normal 7.522747e-01 -5.026538e-01 4.259368e-01
    outer loop
      vertex 6.200001e+00 -9.018540e+00 1.420000e+01
      vertex 6.200001e+00 -9.188020e+00 1.400000e+01
      vertex 6.434601e+00 -8.836880e+00 1.400000e+01
    endloop
  endfacet
  facet normal 1.765081e-01 -8.873683e-01 4.259371e-01
    outer loop
      vertex 2.000000e+00 -7.000000e+00 2.400000e+01
      vertex 2.000000e+00 -1.180000e+01 1.400000e+01
      vertex 3.836901e+00 -1.143462e+01 1.400000e+01
    endloop
  endfacet
  facet normal -1.765081e-01 -8.873683e-01 4.259371e-01
    outer loop
      vertex 2.000000e+00 -7.000000e+00 2.400000e+01
      vertex 1.631002e-01 -1.143462e+01 1.400000e+01
      vertex 2.000000e+00 -1.180000e+01 1.400000e+01
    endloop
  endfacet
  facet normal -8.873683e-01 -1.765081e-01 4.259371e-01
    outer loop
      vertex 2.000000e+00 -7.000000e+00 2.400000e+01
      vertex -2.800000e+00 -7.000000e+00 1.400000e+01
      vertex -2.434600e+00 -8.836880e+00 1.400000e+01
    endloop
  endfacet
  facet normal -8.873683e-01 1.765081e-01 4.259371e-01
    outer loop
      vertex -2.434600e+00 -5.163120e+00 1.400000e+01
      vertex -2.800000e+00 -7.000000e+00 1.400000e+01
      vertex 2.000000e+00 -7.000000e+00 2.400000e+01
    endloop
  endfacet
  facet normal -5.026538e-01 7.522747e-01 4.259368e-01
    outer loop
      vertex 6.906004e-01 -5.690640e+00 2.014230e+01
      vertex 2.000000e+00 -7.000000e+00 2.400000e+01
      vertex 1.247000e+00 -5.563660e+00 2.057450e+01
    endloop
  endfacet
  facet normal -5.026538e-01 7.522747e-01 4.259368e-01
    outer loop
      vertex 1.247000e+00 -5.563660e+00 2.057450e+01
      vertex 2.000000e+00 -7.000000e+00 2.400000e+01
      vertex 1.332001e+00 -5.387200e+00 2.036320e+01
    endloop
  endfacet
  facet normal -1.765081e-01 8.873683e-01 4.259371e-01
    outer loop
      vertex 2.000000e+00 -4.000000e+00 1.775000e+01
      vertex 1.332001e+00 -5.387200e+00 2.036320e+01
      vertex 2.000000e+00 -7.000000e+00 2.400000e+01
    endloop
  endfacet
  facet normal 1.765081e-01 8.873683e-01 4.259371e-01
    outer loop
      vertex 2.000000e+00 -7.000000e+00 2.400000e+01
      vertex 3.800100e+00 -2.654100e+00 1.420000e+01
      vertex 2.000000e+00 -4.000000e+00 1.775000e+01
    endloop
  endfacet
  facet normal 1.765081e-01 8.873683e-01 4.259371e-01
    outer loop
      vertex 2.000000e+00 -4.000000e+00 1.775000e+01
      vertex 3.800100e+00 -2.654100e+00 1.420000e+01
      vertex 2.000000e+00 -2.296000e+00 1.420000e+01
    endloop
  endfacet
  facet normal 5.026538e-01 7.522747e-01 4.259368e-01
    outer loop
      vertex 3.800100e+00 -2.654100e+00 1.420000e+01
      vertex 2.000000e+00 -7.000000e+00 2.400000e+01
      vertex 5.326200e+00 -3.673800e+00 1.420000e+01
    endloop
  endfacet
  facet normal 7.522747e-01 5.026538e-01 4.259368e-01
    outer loop
      vertex 6.200001e+00 -4.981500e+00 1.420000e+01
      vertex 2.000000e+00 -7.000000e+00 2.400000e+01
      vertex 6.434601e+00 -5.163120e+00 1.400000e+01
    endloop
  endfacet
  facet normal 7.522747e-01 5.026538e-01 4.259368e-01
    outer loop
      vertex 5.326200e+00 -3.673800e+00 1.420000e+01
      vertex 2.000000e+00 -7.000000e+00 2.400000e+01
      vertex 6.200001e+00 -4.981500e+00 1.420000e+01
    endloop
  endfacet
  facet normal 7.522747e-01 5.026538e-01 4.259368e-01
    outer loop
      vertex 6.200001e+00 -4.812000e+00 1.400000e+01
      vertex 6.200001e+00 -4.981500e+00 1.420000e+01
      vertex 6.434601e+00 -5.163120e+00 1.400000e+01
    endloop
  endfacet
  facet normal 8.873683e-01 1.765081e-01 4.259371e-01
    outer loop
      vertex 6.434601e+00 -5.163120e+00 1.400000e+01
      vertex 2.000000e+00 -7.000000e+00 2.400000e+01
      vertex 6.799999e+00 -7.000000e+00 1.400000e+01
    endloop
  endfacet
  facet normal 0.000000e+00 0.000000e+00 -1.000000e+00
    outer loop
      vertex 6.200001e+00 -9.188020e+00 1.400000e+01
      vertex 6.200001e+00 -4.812000e+00 1.400000e+01
      vertex 6.434601e+00 -8.836880e+00 1.400000e+01
    endloop
  endfacet
  facet normal 0.000000e+00 0.000000e+00 -1.000000e+00
    outer loop
      vertex 6.434601e+00 -8.836880e+00 1.400000e+01
      vertex 6.200001e+00 -4.812000e+00 1.400000e+01
      vertex 6.434601e+00 -5.163120e+00 1.400000e+01
    endloop
  endfacet
  facet normal 0.000000e+00 0.000000e+00 -1.000000e+00
    outer loop
      vertex 6.434601e+00 -8.836880e+00 1.400000e+01
      vertex 6.434601e+00 -5.163120e+00 1.400000e+01
      vertex 6.799999e+00 -7.000000e+00 1.400000e+01
    endloop
  endfacet
  facet normal 0.000000e+00 1.000000e+00 0.000000e+00
    outer loop
      vertex 6.000000e+00 -4.440892e-16 1.200000e+00
      vertex 6.000000e+00 -4.440892e-16 1.420000e+01
      vertex 6.200001e+00 -4.440892e-16 1.200000e+00
    endloop
  endfacet
  facet normal 0.000000e+00 1.000000e+00 0.000000e+00
    outer loop
      vertex 6.200001e+00 -4.440892e-16 1.200000e+00
      vertex 6.000000e+00 -4.440892e-16 1.420000e+01
      vertex 6.200001e+00 -4.440892e-16 1.420000e+01
    endloop
  endfacet
  facet normal -9.510566e-01 3.090169e-01 0.000000e+00
    outer loop
      vertex 6.200001e+00 -9.384460e+00 1.200000e+00
      vertex 6.200001e+00 -9.384460e+00 6.000000e+00
      vertex 6.572901e+00 -8.236640e+00 1.200000e+00
    endloop
  endfacet
  facet normal -9.510566e-01 3.090169e-01 -1.520719e-16
    outer loop
      vertex 6.572901e+00 -8.236640e+00 1.200000e+00
      vertex 6.200001e+00 -9.384460e+00 6.000000e+00
      vertex 6.470699e+00 -8.551260e+00 6.000000e+00
    endloop
  endfacet
  facet normal -9.510566e-01 3.090169e-01 0.000000e+00
    outer loop
      vertex 6.572901e+00 -8.236640e+00 1.200000e+00
      vertex 6.470699e+00 -8.551260e+00 6.000000e+00
      vertex 6.572901e+00 -8.236640e+00 6.057360e+00
    endloop
  endfacet
  facet normal 0.000000e+00 0.000000e+00 -1.000000e+00
    outer loop
      vertex 6.470699e+00 -8.551260e+00 6.000000e+00
      vertex 6.200001e+00 -9.384460e+00 6.000000e+00
      vertex 6.200001e+00 -9.067080e+00 6.000000e+00
    endloop
  endfacet
  facet normal -6.352741e-01 3.334170e-01 -6.966060e-01
    outer loop
      vertex 6.200001e+00 -9.067080e+00 6.000000e+00
      vertex 6.200001e+00 -7.519420e+00 6.740760e+00
      vertex 6.470699e+00 -8.551260e+00 6.000000e+00
    endloop
  endfacet
  facet normal -6.352741e-01 3.334170e-01 -6.966060e-01
    outer loop
      vertex 6.674601e+00 -8.162780e+00 6.000000e+00
      vertex 6.200001e+00 -7.519420e+00 6.740760e+00
      vertex 6.754499e+00 -8.010630e+00 6.000000e+00
    endloop
  endfacet
  facet normal -6.352741e-01 3.334170e-01 -6.966060e-01
    outer loop
      vertex 6.572901e+00 -8.236640e+00 6.057360e+00
      vertex 6.200001e+00 -7.519420e+00 6.740760e+00
      vertex 6.674601e+00 -8.162780e+00 6.000000e+00
    endloop
  endfacet
  facet normal -6.352741e-01 3.334170e-01 -6.966060e-01
    outer loop
      vertex 6.470699e+00 -8.551260e+00 6.000000e+00
      vertex 6.200001e+00 -7.519420e+00 6.740760e+00
      vertex 6.572901e+00 -8.236640e+00 6.057360e+00
    endloop
  endfacet
  facet normal -4.075601e-01 5.904531e-01 -6.966060e-01
    outer loop
      vertex 6.200001e+00 -7.519420e+00 6.740760e+00
      vertex 6.200001e+00 -7.213570e+00 7.000000e+00
      vertex 6.754499e+00 -8.010630e+00 6.000000e+00
    endloop
  endfacet
  facet normal -4.075601e-01 5.904531e-01 -6.966060e-01
    outer loop
      vertex 6.754499e+00 -8.010630e+00 6.000000e+00
      vertex 6.200001e+00 -7.213570e+00 7.000000e+00
      vertex 7.581600e+00 -6.259940e+00 7.000000e+00
    endloop
  endfacet
  facet normal -5.680649e-01 8.229837e-01 0.000000e+00
    outer loop
      vertex 6.200001e+00 -7.213570e+00 7.000000e+00
      vertex 6.200001e+00 -7.213570e+00 9.000000e+00
      vertex 7.581600e+00 -6.259940e+00 7.000000e+00
    endloop
  endfacet
  facet normal -5.680649e-01 8.229837e-01 0.000000e+00
    outer loop
      vertex 7.581600e+00 -6.259940e+00 7.000000e+00
      vertex 6.200001e+00 -7.213570e+00 9.000000e+00
      vertex 7.581600e+00 -6.259940e+00 9.000000e+00
    endloop
  endfacet
  facet normal -4.592102e-01 6.652813e-01 5.886653e-01
    outer loop
      vertex 6.200001e+00 -7.376510e+00 9.184140e+00
      vertex 8.113501e+00 -7.662460e+00 1.100000e+01
      vertex 6.200001e+00 -7.213570e+00 9.000000e+00
    endloop
  endfacet
  facet normal -4.592102e-01 6.652813e-01 5.886653e-01
    outer loop
      vertex 6.200001e+00 -7.213570e+00 9.000000e+00
      vertex 8.113501e+00 -7.662460e+00 1.100000e+01
      vertex 7.581600e+00 -6.259940e+00 9.000000e+00
    endloop
  endfacet
  facet normal -4.592102e-01 6.652813e-01 5.886653e-01
    outer loop
      vertex 6.200001e+00 -7.519420e+00 9.345650e+00
      vertex 7.128700e+00 -8.342190e+00 1.100000e+01
      vertex 6.200001e+00 -7.376510e+00 9.184140e+00
    endloop
  endfacet
  facet normal -4.592102e-01 6.652813e-01 5.886653e-01
    outer loop
      vertex 6.200001e+00 -7.376510e+00 9.184140e+00
      vertex 7.128700e+00 -8.342190e+00 1.100000e+01
      vertex 8.113501e+00 -7.662460e+00 1.100000e+01
    endloop
  endfacet
  facet normal -7.157823e-01 3.756712e-01 5.886653e-01
    outer loop
      vertex 6.200001e+00 -7.519420e+00 9.345650e+00
      vertex 6.200001e+00 -8.665480e+00 1.007700e+01
      vertex 7.128700e+00 -8.342190e+00 1.100000e+01
    endloop
  endfacet
  facet normal -7.157820e-01 3.756721e-01 5.886651e-01
    outer loop
      vertex 6.200001e+00 -9.309860e+00 1.048830e+01
      vertex 6.572599e+00 -9.401710e+00 1.100000e+01
      vertex 6.200001e+00 -8.665480e+00 1.007700e+01
    endloop
  endfacet
  facet normal -7.157820e-01 3.756721e-01 5.886651e-01
    outer loop
      vertex 6.200001e+00 -8.665480e+00 1.007700e+01
      vertex 6.572599e+00 -9.401710e+00 1.100000e+01
      vertex 7.128700e+00 -8.342190e+00 1.100000e+01
    endloop
  endfacet
  facet normal -8.083770e-01 0.000000e+00 5.886650e-01
    outer loop
      vertex 6.200001e+00 -1.069014e+01 1.048830e+01
      vertex 6.572599e+00 -1.059829e+01 1.100000e+01
      vertex 6.200001e+00 -9.309860e+00 1.048830e+01
    endloop
  endfacet
  facet normal -8.083770e-01 0.000000e+00 5.886650e-01
    outer loop
      vertex 6.200001e+00 -9.309860e+00 1.048830e+01
      vertex 6.572599e+00 -1.059829e+01 1.100000e+01
      vertex 6.572599e+00 -9.401710e+00 1.100000e+01
    endloop
  endfacet
  facet normal 0.000000e+00 0.000000e+00 1.000000e+00
    outer loop
      vertex 6.572599e+00 -9.401710e+00 1.100000e+01
      vertex 6.572599e+00 -1.059829e+01 1.100000e+01
      vertex 7.128700e+00 -1.165781e+01 1.100000e+01
    endloop
  endfacet
  facet normal 0.000000e+00 0.000000e+00 1.000000e+00
    outer loop
      vertex 9.301300e+00 -1.248177e+01 1.100000e+01
      vertex 6.572599e+00 -9.401710e+00 1.100000e+01
      vertex 8.113501e+00 -1.233754e+01 1.100000e+01
    endloop
  endfacet
  facet normal 0.000000e+00 0.000000e+00 1.000000e+00
    outer loop
      vertex 8.113501e+00 -1.233754e+01 1.100000e+01
      vertex 6.572599e+00 -9.401710e+00 1.100000e+01
      vertex 7.128700e+00 -1.165781e+01 1.100000e+01
    endloop
  endfacet
  facet normal 0.000000e+00 0.000000e+00 1.000000e+00
    outer loop
      vertex 1.042020e+01 -1.205746e+01 1.100000e+01
      vertex 6.572599e+00 -9.401710e+00 1.100000e+01
      vertex 9.301300e+00 -1.248177e+01 1.100000e+01
    endloop
  endfacet
  facet normal 0.000000e+00 0.000000e+00 1.000000e+00
    outer loop
      vertex 1.121360e+01 -1.116181e+01 1.100000e+01
      vertex 6.572599e+00 -9.401710e+00 1.100000e+01
      vertex 1.042020e+01 -1.205746e+01 1.100000e+01
    endloop
  endfacet
  facet normal 0.000000e+00 0.000000e+00 1.000000e+00
    outer loop
      vertex 1.150000e+01 -1.000000e+01 1.100000e+01
      vertex 6.572599e+00 -9.401710e+00 1.100000e+01
      vertex 1.121360e+01 -1.116181e+01 1.100000e+01
    endloop
  endfacet
  facet normal 0.000000e+00 0.000000e+00 1.000000e+00
    outer loop
      vertex 1.121360e+01 -8.838190e+00 1.100000e+01
      vertex 6.572599e+00 -9.401710e+00 1.100000e+01
      vertex 1.150000e+01 -1.000000e+01 1.100000e+01
    endloop
  endfacet
  facet normal 0.000000e+00 0.000000e+00 1.000000e+00
    outer loop
      vertex 1.042020e+01 -7.942540e+00 1.100000e+01
      vertex 6.572599e+00 -9.401710e+00 1.100000e+01
      vertex 1.121360e+01 -8.838190e+00 1.100000e+01
    endloop
  endfacet
  facet normal 0.000000e+00 0.000000e+00 1.000000e+00
    outer loop
      vertex 9.301300e+00 -7.518230e+00 1.100000e+01
      vertex 6.572599e+00 -9.401710e+00 1.100000e+01
      vertex 1.042020e+01 -7.942540e+00 1.100000e+01
    endloop
  endfacet
  facet normal 0.000000e+00 0.000000e+00 1.000000e+00
    outer loop
      vertex 8.113501e+00 -7.662460e+00 1.100000e+01
      vertex 6.572599e+00 -9.401710e+00 1.100000e+01
      vertex 9.301300e+00 -7.518230e+00 1.100000e+01
    endloop
  endfacet
  facet normal 0.000000e+00 0.000000e+00 1.000000e+00
    outer loop
      vertex 7.128700e+00 -8.342190e+00 1.100000e+01
      vertex 6.572599e+00 -9.401710e+00 1.100000e+01
      vertex 8.113501e+00 -7.662460e+00 1.100000e+01
    endloop
  endfacet
  facet normal -7.157820e-01 -3.756721e-01 5.886651e-01
    outer loop
      vertex 6.572599e+00 -1.059829e+01 1.100000e+01
      vertex 6.006001e+00 -1.265249e+01 9.000000e+00
      vertex 7.128700e+00 -1.165781e+01 1.100000e+01
    endloop
  endfacet
  facet normal -4.592102e-01 -6.652813e-01 5.886653e-01
    outer loop
      vertex 7.128700e+00 -1.165781e+01 1.100000e+01
      vertex 6.006001e+00 -1.265249e+01 9.000000e+00
      vertex 7.581600e+00 -1.374006e+01 9.000000e+00
    endloop
  endfacet
  facet normal -5.680649e-01 -8.229837e-01 0.000000e+00
    outer loop
      vertex 6.006001e+00 -1.265249e+01 9.000000e+00
      vertex 6.006001e+00 -1.265249e+01 7.000000e+00
      vertex 7.581600e+00 -1.374006e+01 7.000000e+00
    endloop
  endfacet
  facet normal -5.680649e-01 -8.229837e-01 0.000000e+00
    outer loop
      vertex 7.581600e+00 -1.374006e+01 9.000000e+00
      vertex 6.006001e+00 -1.265249e+01 9.000000e+00
      vertex 7.581600e+00 -1.374006e+01 7.000000e+00
    endloop
  endfacet
  facet normal -4.075601e-01 -5.904531e-01 -6.966060e-01
    outer loop
      vertex 7.581600e+00 -1.374006e+01 7.000000e+00
      vertex 6.006001e+00 -1.265249e+01 7.000000e+00
      vertex 7.936199e+00 -1.280505e+01 6.000000e+00
    endloop
  endfacet
  facet normal -4.075601e-01 -5.904531e-01 -6.966060e-01
    outer loop
      vertex 7.936199e+00 -1.280505e+01 6.000000e+00
      vertex 6.006001e+00 -1.265249e+01 7.000000e+00
      vertex 6.754499e+00 -1.198937e+01 6.000000e+00
    endloop
  endfacet
  facet normal -8.647930e-02 -7.122229e-01 -6.966060e-01
    outer loop
      vertex 9.482100e+00 -1.397083e+01 7.000000e+00
      vertex 7.581600e+00 -1.374006e+01 7.000000e+00
      vertex 9.361601e+00 -1.297813e+01 6.000000e+00
    endloop
  endfacet
  facet normal -1.205360e-01 -9.927090e-01 0.000000e+00
    outer loop
      vertex 7.581600e+00 -1.374006e+01 9.000000e+00
      vertex 7.581600e+00 -1.374006e+01 7.000000e+00
      vertex 9.482100e+00 -1.397083e+01 7.000000e+00
    endloop
  endfacet
  facet normal -1.205360e-01 -9.927090e-01 0.000000e+00
    outer loop
      vertex 9.482100e+00 -1.397083e+01 9.000000e+00
      vertex 7.581600e+00 -1.374006e+01 9.000000e+00
      vertex 9.482100e+00 -1.397083e+01 7.000000e+00
    endloop
  endfacet
  facet normal 3.546051e-01 -9.350162e-01 0.000000e+00
    outer loop
      vertex 9.482100e+00 -1.397083e+01 9.000000e+00
      vertex 9.482100e+00 -1.397083e+01 7.000000e+00
      vertex 1.127230e+01 -1.329194e+01 7.000000e+00
    endloop
  endfacet
  facet normal 3.546051e-01 -9.350162e-01 0.000000e+00
    outer loop
      vertex 1.127230e+01 -1.329194e+01 9.000000e+00
      vertex 9.482100e+00 -1.397083e+01 9.000000e+00
      vertex 1.127230e+01 -1.329194e+01 7.000000e+00
    endloop
  endfacet
  facet normal 2.544130e-01 -6.708310e-01 -6.966059e-01
    outer loop
      vertex 1.127230e+01 -1.329194e+01 7.000000e+00
      vertex 9.482100e+00 -1.397083e+01 7.000000e+00
      vertex 1.070420e+01 -1.246895e+01 6.000000e+00
    endloop
  endfacet
  facet normal 7.485107e-01 -6.631227e-01 0.000000e+00
    outer loop
      vertex 1.127230e+01 -1.329194e+01 9.000000e+00
      vertex 1.127230e+01 -1.329194e+01 7.000000e+00
      vertex 1.254180e+01 -1.185889e+01 7.000000e+00
    endloop
  endfacet
  facet normal 7.485107e-01 -6.631227e-01 0.000000e+00
    outer loop
      vertex 1.254180e+01 -1.185889e+01 9.000000e+00
      vertex 1.127230e+01 -1.329194e+01 9.000000e+00
      vertex 1.254180e+01 -1.185889e+01 7.000000e+00
    endloop
  endfacet
  facet normal 5.370219e-01 -4.757601e-01 -6.966060e-01
    outer loop
      vertex 1.254180e+01 -1.185889e+01 7.000000e+00
      vertex 1.127230e+01 -1.329194e+01 7.000000e+00
      vertex 1.165640e+01 -1.139417e+01 6.000000e+00
    endloop
  endfacet
  facet normal 9.709418e-01 -2.393159e-01 0.000000e+00
    outer loop
      vertex 1.254180e+01 -1.185889e+01 9.000000e+00
      vertex 1.254180e+01 -1.185889e+01 7.000000e+00
      vertex 1.300000e+01 -1.000000e+01 7.000000e+00
    endloop
  endfacet
  facet normal 9.709418e-01 -2.393159e-01 0.000000e+00
    outer loop
      vertex 1.300000e+01 -1.000000e+01 9.000000e+00
      vertex 1.254180e+01 -1.185889e+01 9.000000e+00
      vertex 1.300000e+01 -1.000000e+01 7.000000e+00
    endloop
  endfacet
  facet normal 9.709418e-01 2.393159e-01 0.000000e+00
    outer loop
      vertex 1.300000e+01 -1.000000e+01 7.000000e+00
      vertex 1.254180e+01 -8.141110e+00 7.000000e+00
      vertex 1.254180e+01 -8.141110e+00 9.000000e+00
    endloop
  endfacet
  facet normal 9.709418e-01 2.393159e-01 0.000000e+00
    outer loop
      vertex 1.300000e+01 -1.000000e+01 9.000000e+00
      vertex 1.300000e+01 -1.000000e+01 7.000000e+00
      vertex 1.254180e+01 -8.141110e+00 9.000000e+00
    endloop
  endfacet
  facet normal 6.966060e-01 1.716980e-01 -6.966060e-01
    outer loop
      vertex 1.300000e+01 -1.000000e+01 7.000000e+00
      vertex 1.165640e+01 -8.605830e+00 6.000000e+00
      vertex 1.254180e+01 -8.141110e+00 7.000000e+00
    endloop
  endfacet
  facet normal 7.485107e-01 6.631227e-01 0.000000e+00
    outer loop
      vertex 1.254180e+01 -8.141110e+00 7.000000e+00
      vertex 1.127230e+01 -6.708070e+00 7.000000e+00
      vertex 1.127230e+01 -6.708070e+00 9.000000e+00
    endloop
  endfacet
  facet normal 7.485107e-01 6.631227e-01 0.000000e+00
    outer loop
      vertex 1.254180e+01 -8.141110e+00 9.000000e+00
      vertex 1.254180e+01 -8.141110e+00 7.000000e+00
      vertex 1.127230e+01 -6.708070e+00 9.000000e+00
    endloop
  endfacet
  facet normal 6.050791e-01 5.360531e-01 5.886651e-01
    outer loop
      vertex 1.127230e+01 -6.708070e+00 9.000000e+00
      vertex 1.121360e+01 -8.838190e+00 1.100000e+01
      vertex 1.254180e+01 -8.141110e+00 9.000000e+00
    endloop
  endfacet
  facet normal 6.050791e-01 5.360531e-01 5.886651e-01
    outer loop
      vertex 1.127230e+01 -6.708070e+00 9.000000e+00
      vertex 1.042020e+01 -7.942540e+00 1.100000e+01
      vertex 1.121360e+01 -8.838190e+00 1.100000e+01
    endloop
  endfacet
  facet normal -9.743881e-02 8.024831e-01 5.886651e-01
    outer loop
      vertex 7.581600e+00 -6.259940e+00 9.000000e+00
      vertex 9.301300e+00 -7.518230e+00 1.100000e+01
      vertex 8.000000e+00 -6.209130e+00 9.000000e+00
    endloop
  endfacet
  facet normal -9.743881e-02 8.024831e-01 5.886651e-01
    outer loop
      vertex 8.000000e+00 -6.209130e+00 9.000000e+00
      vertex 9.301300e+00 -7.518230e+00 1.100000e+01
      vertex 9.482100e+00 -6.029170e+00 9.000000e+00
    endloop
  endfacet
  facet normal 2.866540e-01 7.558460e-01 5.886649e-01
    outer loop
      vertex 9.482100e+00 -6.029170e+00 9.000000e+00
      vertex 9.301300e+00 -7.518230e+00 1.100000e+01
      vertex 1.042020e+01 -7.942540e+00 1.100000e+01
    endloop
  endfacet
  facet normal -1.205360e-01 9.927090e-01 0.000000e+00
    outer loop
      vertex 7.581600e+00 -6.259940e+00 7.000000e+00
      vertex 7.581600e+00 -6.259940e+00 9.000000e+00
      vertex 8.000000e+00 -6.209130e+00 7.000000e+00
    endloop
  endfacet
  facet normal -1.205360e-01 9.927090e-01 0.000000e+00
    outer loop
      vertex 8.000000e+00 -6.209130e+00 7.000000e+00
      vertex 7.581600e+00 -6.259940e+00 9.000000e+00
      vertex 8.000000e+00 -6.209130e+00 9.000000e+00
    endloop
  endfacet
  facet normal 0.000000e+00 0.000000e+00 -1.000000e+00
    outer loop
      vertex 6.200001e+00 -4.440892e-16 1.100000e+01
      vertex 6.709101e+00 1.900000e+00 1.100000e+01
      vertex 6.709101e+00 -1.900000e+00 1.100000e+01
    endloop
  endfacet
  facet normal 0.000000e+00 0.000000e+00 -1.000000e+00
    outer loop
      vertex 6.709101e+00 -1.900000e+00 1.100000e+01
      vertex 6.709101e+00 1.900000e+00 1.100000e+01
      vertex 7.000000e+00 2.190901e+00 1.100000e+01
    endloop
  endfacet
  facet normal 0.000000e+00 0.000000e+00 -1.000000e+00
    outer loop
      vertex 6.709101e+00 -1.900000e+00 1.100000e+01
      vertex 7.000000e+00 2.190901e+00 1.100000e+01
      vertex 7.000000e+00 -2.190900e+00 1.100000e+01
    endloop
  endfacet
  facet normal 8.779292e-01 -2.352401e-01 4.170161e-01
    outer loop
      vertex 1.380000e+01 -4.440892e-16 1.100000e+01
      vertex 1.000000e+01 -4.440892e-16 1.900000e+01
      vertex 1.329090e+01 -1.900000e+00 1.100000e+01
    endloop
  endfacet
  facet normal 2.352401e-01 -8.779292e-01 4.170161e-01
    outer loop
      vertex 1.000000e+01 -4.440892e-16 1.900000e+01
      vertex 1.000000e+01 -3.800000e+00 1.100000e+01
      vertex 1.190000e+01 -3.290900e+00 1.100000e+01
    endloop
  endfacet
  facet normal -2.352401e-01 -8.779292e-01 4.170161e-01
    outer loop
      vertex 1.000000e+01 -4.440892e-16 1.900000e+01
      vertex 8.100000e+00 -3.290900e+00 1.100000e+01
      vertex 1.000000e+01 -3.800000e+00 1.100000e+01
    endloop
  endfacet
  facet normal -8.779292e-01 -2.352401e-01 4.170161e-01
    outer loop
      vertex 1.000000e+01 -4.440892e-16 1.900000e+01
      vertex 6.200001e+00 -4.440892e-16 1.100000e+01
      vertex 6.709101e+00 -1.900000e+00 1.100000e+01
    endloop
  endfacet
  facet normal -8.779292e-01 2.352401e-01 4.170161e-01
    outer loop
      vertex 6.709101e+00 1.900000e+00 1.100000e+01
      vertex 6.200001e+00 -4.440892e-16 1.100000e+01
      vertex 1.000000e+01 -4.440892e-16 1.900000e+01
    endloop
  endfacet
  facet normal -2.352401e-01 8.779292e-01 4.170161e-01
    outer loop
      vertex 8.100000e+00 3.290899e+00 1.100000e+01
      vertex 1.000000e+01 -4.440892e-16 1.900000e+01
      vertex 8.983999e+00 3.527800e+00 1.100000e+01
    endloop
  endfacet
  facet normal -2.352401e-01 8.779292e-01 4.170161e-01
    outer loop
      vertex 9.850000e+00 3.527800e+00 1.148850e+01
      vertex 1.000000e+01 -4.440892e-16 1.900000e+01
      vertex 1.000000e+01 3.787600e+00 1.102620e+01
    endloop
  endfacet
  facet normal -2.352401e-01 8.779292e-01 4.170161e-01
    outer loop
      vertex 8.983999e+00 3.527800e+00 1.100000e+01
      vertex 1.000000e+01 -4.440892e-16 1.900000e+01
      vertex 9.850000e+00 3.527800e+00 1.148850e+01
    endloop
  endfacet
  facet normal 2.352401e-01 8.779292e-01 4.170161e-01
    outer loop
      vertex 1.000000e+01 -4.440892e-16 1.900000e+01
      vertex 1.190000e+01 3.290899e+00 1.100000e+01
      vertex 1.000000e+01 3.787600e+00 1.102620e+01
    endloop
  endfacet
  facet normal 2.352401e-01 8.779292e-01 4.170161e-01
    outer loop
      vertex 1.000000e+01 3.787600e+00 1.102620e+01
      vertex 1.190000e+01 3.290899e+00 1.100000e+01
      vertex 1.000620e+01 3.798300e+00 1.100000e+01
    endloop
  endfacet
  facet normal 8.779292e-01 2.352401e-01 4.170161e-01
    outer loop
      vertex 1.329090e+01 1.900000e+00 1.100000e+01
      vertex 1.000000e+01 -4.440892e-16 1.900000e+01
      vertex 1.380000e+01 -4.440892e-16 1.100000e+01
    endloop
  endfacet
  facet normal -8.647930e-02 7.122229e-01 -6.966060e-01
    outer loop
      vertex 7.581600e+00 -6.259940e+00 7.000000e+00
      vertex 8.000000e+00 -6.209130e+00 7.000000e+00
      vertex 7.936199e+00 -7.194950e+00 6.000000e+00
    endloop
  endfacet
  facet normal -8.647930e-02 7.122229e-01 -6.966060e-01
    outer loop
      vertex 7.936199e+00 -7.194950e+00 6.000000e+00
      vertex 8.000000e+00 -6.209130e+00 7.000000e+00
      vertex 8.000000e+00 -7.146830e+00 6.041280e+00
    endloop
  endfacet
  facet normal -8.647960e-02 7.122229e-01 -6.966060e-01
    outer loop
      vertex 8.000000e+00 -7.187200e+00 6.000000e+00
      vertex 7.936199e+00 -7.194950e+00 6.000000e+00
      vertex 8.000000e+00 -7.146830e+00 6.041280e+00
    endloop
  endfacet
  facet normal 0.000000e+00 0.000000e+00 -1.000000e+00
    outer loop
      vertex 6.674601e+00 -8.162780e+00 6.000000e+00
      vertex 6.754499e+00 -8.010630e+00 6.000000e+00
      vertex 8.000000e+00 -7.199830e+00 6.000000e+00
    endloop
  endfacet
  facet normal 0.000000e+00 0.000000e+00 -1.000000e+00
    outer loop
      vertex 8.000000e+00 -7.199830e+00 6.000000e+00
      vertex 6.754499e+00 -8.010630e+00 6.000000e+00
      vertex 7.936199e+00 -7.194950e+00 6.000000e+00
    endloop
  endfacet
  facet normal 0.000000e+00 0.000000e+00 -1.000000e+00
    outer loop
      vertex 8.000000e+00 -7.199830e+00 6.000000e+00
      vertex 7.936199e+00 -7.194950e+00 6.000000e+00
      vertex 8.000000e+00 -7.187200e+00 6.000000e+00
    endloop
  endfacet
  facet normal -5.877851e-01 8.090171e-01 0.000000e+00
    outer loop
      vertex 6.572901e+00 -8.236640e+00 1.200000e+00
      vertex 6.572901e+00 -8.236640e+00 6.057360e+00
      vertex 8.000000e+00 -7.199830e+00 1.200000e+00
    endloop
  endfacet
  facet normal -5.877851e-01 8.090171e-01 6.430010e-16
    outer loop
      vertex 8.000000e+00 -7.199830e+00 1.200000e+00
      vertex 6.572901e+00 -8.236640e+00 6.057360e+00
      vertex 6.674601e+00 -8.162780e+00 6.000000e+00
    endloop
  endfacet
  facet normal -5.877851e-01 8.090171e-01 0.000000e+00
    outer loop
      vertex 8.000000e+00 -7.199830e+00 1.200000e+00
      vertex 6.674601e+00 -8.162780e+00 6.000000e+00
      vertex 8.000000e+00 -7.199830e+00 6.000000e+00
    endloop
  endfacet
  facet normal 5.877851e-01 -8.090171e-01 0.000000e+00
    outer loop
      vertex -8.623390e+00 8.200001e+00 6.061500e+00
      vertex -8.623390e+00 8.200001e+00 1.200000e+00
      vertex -8.572950e+00 8.236601e+00 1.200000e+00
    endloop
  endfacet
  facet normal 5.877851e-01 -8.090171e-01 0.000000e+00
    outer loop
      vertex -8.572950e+00 8.236601e+00 6.075360e+00
      vertex -8.623390e+00 8.200001e+00 6.061500e+00
      vertex -8.572950e+00 8.236601e+00 1.200000e+00
    endloop
  endfacet
  facet normal 9.510566e-01 -3.090169e-01 0.000000e+00
    outer loop
      vertex -8.572950e+00 8.236601e+00 6.075360e+00
      vertex -8.572950e+00 8.236601e+00 1.200000e+00
      vertex -8.324920e+00 9.000000e+00 1.200000e+00
    endloop
  endfacet
  facet normal 9.510566e-01 -3.090169e-01 -1.439859e-16
    outer loop
      vertex -8.516330e+00 8.410900e+00 6.000000e+00
      vertex -8.572950e+00 8.236601e+00 6.075360e+00
      vertex -8.324920e+00 9.000000e+00 1.200000e+00
    endloop
  endfacet
  facet normal 9.510566e-01 -3.090169e-01 0.000000e+00
    outer loop
      vertex -8.324920e+00 9.000000e+00 6.000000e+00
      vertex -8.516330e+00 8.410900e+00 6.000000e+00
      vertex -8.324920e+00 9.000000e+00 1.200000e+00
    endloop
  endfacet
  facet normal 0.000000e+00 -1.000000e+00 0.000000e+00
    outer loop
      vertex -8.324920e+00 9.000000e+00 6.000000e+00
      vertex -8.324920e+00 9.000000e+00 1.200000e+00
      vertex 6.324900e+00 9.000000e+00 1.200000e+00
    endloop
  endfacet
  facet normal 0.000000e+00 -1.000000e+00 0.000000e+00
    outer loop
      vertex -8.246480e+00 9.000000e+00 6.000000e+00
      vertex -8.324920e+00 9.000000e+00 6.000000e+00
      vertex 6.324900e+00 9.000000e+00 1.200000e+00
    endloop
  endfacet
  facet normal 0.000000e+00 -1.000000e+00 0.000000e+00
    outer loop
      vertex 6.235201e+00 9.000000e+00 6.000000e+00
      vertex -8.246480e+00 9.000000e+00 6.000000e+00
      vertex 6.324900e+00 9.000000e+00 1.200000e+00
    endloop
  endfacet
  facet normal 0.000000e+00 -1.000000e+00 0.000000e+00
    outer loop
      vertex 6.324900e+00 9.000000e+00 6.000000e+00
      vertex 6.235201e+00 9.000000e+00 6.000000e+00
      vertex 6.324900e+00 9.000000e+00 1.200000e+00
    endloop
  endfacet
  facet normal 0.000000e+00 -1.000000e+00 0.000000e+00
    outer loop
      vertex 3.000000e+00 9.000000e+00 8.000000e+00
      vertex -7.246480e+00 9.000000e+00 7.000000e+00
      vertex -7.708520e+00 9.000000e+00 6.537950e+00
    endloop
  endfacet
  facet normal 0.000000e+00 -1.000000e+00 0.000000e+00
    outer loop
      vertex 5.138700e+00 9.000000e+00 7.000000e+00
      vertex 5.138700e+00 9.000000e+00 9.000000e+00
      vertex 3.000000e+00 9.000000e+00 8.000000e+00
    endloop
  endfacet
  facet normal 0.000000e+00 -1.000000e+00 0.000000e+00
    outer loop
      vertex -7.708520e+00 9.000000e+00 6.537950e+00
      vertex 5.184099e+00 9.000000e+00 6.958590e+00
      vertex 5.138700e+00 9.000000e+00 7.000000e+00
    endloop
  endfacet
  facet normal 0.000000e+00 -1.000000e+00 0.000000e+00
    outer loop
      vertex -7.708520e+00 9.000000e+00 6.537950e+00
      vertex 5.138700e+00 9.000000e+00 7.000000e+00
      vertex 3.000000e+00 9.000000e+00 8.000000e+00
    endloop
  endfacet
  facet normal 0.000000e+00 -1.000000e+00 0.000000e+00
    outer loop
      vertex 5.184099e+00 9.000000e+00 6.958590e+00
      vertex -8.246480e+00 9.000000e+00 6.000000e+00
      vertex 6.235201e+00 9.000000e+00 6.000000e+00
    endloop
  endfacet
  facet normal 0.000000e+00 -1.000000e+00 0.000000e+00
    outer loop
      vertex -7.708520e+00 9.000000e+00 6.537950e+00
      vertex -8.246480e+00 9.000000e+00 6.000000e+00
      vertex 5.184099e+00 9.000000e+00 6.958590e+00
    endloop
  endfacet
  facet normal 0.000000e+00 -1.000000e+00 0.000000e+00
    outer loop
      vertex 3.914200e+00 9.000000e+00 9.000000e+00
      vertex 3.000000e+00 9.000000e+00 8.000000e+00
      vertex 5.138700e+00 9.000000e+00 9.000000e+00
    endloop
  endfacet
  facet normal 0.000000e+00 -1.000000e+00 0.000000e+00
    outer loop
      vertex 3.000000e+00 9.000000e+00 9.000000e+00
      vertex 3.000000e+00 9.000000e+00 8.000000e+00
      vertex 3.914200e+00 9.000000e+00 9.000000e+00
    endloop
  endfacet
  facet normal 0.000000e+00 -1.000000e+00 0.000000e+00
    outer loop
      vertex 3.000000e+00 9.000000e+00 8.000000e+00
      vertex -7.246480e+00 9.000000e+00 8.000000e+00
      vertex -7.246480e+00 9.000000e+00 7.000000e+00
    endloop
  endfacet
  facet normal -9.510566e-01 -3.090169e-01 -0.000000e+00
    outer loop
      vertex 6.324900e+00 9.000000e+00 1.200000e+00
      vertex 6.572901e+00 8.236601e+00 1.200000e+00
      vertex 6.324900e+00 9.000000e+00 6.000000e+00
    endloop
  endfacet
  facet normal -9.510566e-01 -3.090169e-01 0.000000e+00
    outer loop
      vertex 6.470699e+00 8.551300e+00 6.000000e+00
      vertex 6.572901e+00 8.236601e+00 1.200000e+00
      vertex 6.572901e+00 8.236601e+00 6.057360e+00
    endloop
  endfacet
  facet normal -9.510566e-01 -3.090169e-01 1.852999e-16
    outer loop
      vertex 6.324900e+00 9.000000e+00 6.000000e+00
      vertex 6.572901e+00 8.236601e+00 1.200000e+00
      vertex 6.470699e+00 8.551300e+00 6.000000e+00
    endloop
  endfacet
  facet normal -5.877851e-01 -8.090171e-01 0.000000e+00
    outer loop
      vertex 6.572901e+00 8.236601e+00 6.057360e+00
      vertex 6.572901e+00 8.236601e+00 1.200000e+00
      vertex 8.000000e+00 7.199800e+00 1.200000e+00
    endloop
  endfacet
  facet normal -5.877851e-01 -8.090171e-01 -4.670040e-15
    outer loop
      vertex 6.674601e+00 8.162800e+00 6.000000e+00
      vertex 6.572901e+00 8.236601e+00 6.057360e+00
      vertex 8.000000e+00 7.199800e+00 1.200000e+00
    endloop
  endfacet
  facet normal -5.877851e-01 -8.090171e-01 0.000000e+00
    outer loop
      vertex 8.000000e+00 7.199800e+00 6.000000e+00
      vertex 6.674601e+00 8.162800e+00 6.000000e+00
      vertex 8.000000e+00 7.199800e+00 1.200000e+00
    endloop
  endfacet
  facet normal 1.000000e+00 0.000000e+00 0.000000e+00
    outer loop
      vertex 6.000000e+00 5.500000e+00 1.800000e+01
      vertex 6.000000e+00 5.555599e+00 1.800000e+01
      vertex 6.000000e+00 -2.000000e+00 1.920000e+01
    endloop
  endfacet
  facet normal 1.000000e+00 0.000000e+00 0.000000e+00
    outer loop
      vertex 6.000000e+00 -2.000000e+00 1.920000e+01
      vertex 6.000000e+00 -2.000000e+00 1.420000e+01
      vertex 6.000000e+00 -4.440892e-16 1.420000e+01
    endloop
  endfacet
  facet normal 1.000000e+00 0.000000e+00 0.000000e+00
    outer loop
      vertex 6.000000e+00 6.000000e+00 1.200000e+00
      vertex 6.000000e+00 -2.000000e+00 1.920000e+01
      vertex 6.000000e+00 -4.440892e-16 1.420000e+01
    endloop
  endfacet
  facet normal 1.000000e+00 0.000000e+00 0.000000e+00
    outer loop
      vertex 6.000000e+00 -4.440892e-16 1.200000e+00
      vertex 6.000000e+00 6.000000e+00 1.200000e+00
      vertex 6.000000e+00 -4.440892e-16 1.420000e+01
    endloop
  endfacet
  facet normal 1.000000e+00 0.000000e+00 0.000000e+00
    outer loop
      vertex 6.000000e+00 -6.639004e-01 1.900000e+01
      vertex 6.000000e+00 -5.403004e-01 1.920000e+01
      vertex 6.000000e+00 -2.000000e+00 1.920000e+01
    endloop
  endfacet
  facet normal 1.000000e+00 0.000000e+00 0.000000e+00
    outer loop
      vertex 6.000000e+00 6.000000e+00 1.200000e+00
      vertex 6.000000e+00 5.500000e+00 9.000000e+00
      vertex 6.000000e+00 -2.000000e+00 1.920000e+01
    endloop
  endfacet
  facet normal 1.000000e+00 0.000000e+00 0.000000e+00
    outer loop
      vertex 6.000000e+00 6.000000e+00 1.200000e+00
      vertex 6.000000e+00 6.000000e+00 9.000000e+00
      vertex 6.000000e+00 5.500000e+00 9.000000e+00
    endloop
  endfacet
  facet normal 1.000000e+00 0.000000e+00 0.000000e+00
    outer loop
      vertex 6.000000e+00 5.555599e+00 1.800000e+01
      vertex 6.000000e+00 5.888901e+00 1.920000e+01
      vertex 6.000000e+00 4.540300e+00 1.920000e+01
    endloop
  endfacet
  facet normal 1.000000e+00 0.000000e+00 0.000000e+00
    outer loop
      vertex 6.000000e+00 5.555599e+00 1.800000e+01
      vertex 6.000000e+00 4.540300e+00 1.920000e+01
      vertex 6.000000e+00 4.663900e+00 1.900000e+01
    endloop
  endfacet
  facet normal 1.000000e+00 0.000000e+00 0.000000e+00
    outer loop
      vertex 6.000000e+00 5.555599e+00 1.800000e+01
      vertex 6.000000e+00 -6.639004e-01 1.900000e+01
      vertex 6.000000e+00 -2.000000e+00 1.920000e+01
    endloop
  endfacet
  facet normal 1.000000e+00 0.000000e+00 0.000000e+00
    outer loop
      vertex 6.000000e+00 5.555599e+00 1.800000e+01
      vertex 6.000000e+00 4.663900e+00 1.900000e+01
      vertex 6.000000e+00 -6.639004e-01 1.900000e+01
    endloop
  endfacet
  facet normal 1.000000e+00 0.000000e+00 0.000000e+00
    outer loop
      vertex 6.000000e+00 5.500000e+00 9.000000e+00
      vertex 6.000000e+00 5.500000e+00 1.800000e+01
      vertex 6.000000e+00 -2.000000e+00 1.920000e+01
    endloop
  endfacet
  facet normal 0.000000e+00 1.000000e+00 0.000000e+00
    outer loop
      vertex 5.000000e+00 6.000000e+00 1.200000e+00
      vertex 5.000000e+00 6.000000e+00 9.000000e+00
      vertex 6.000000e+00 6.000000e+00 1.200000e+00
    endloop
  endfacet
  facet normal 0.000000e+00 1.000000e+00 0.000000e+00
    outer loop
      vertex 6.000000e+00 6.000000e+00 1.200000e+00
      vertex 5.000000e+00 6.000000e+00 9.000000e+00
      vertex 6.000000e+00 6.000000e+00 9.000000e+00
    endloop
  endfacet
  facet normal 1.000000e+00 0.000000e+00 0.000000e+00
    outer loop
      vertex 5.000000e+00 6.000000e+00 9.000000e+00
      vertex 5.000000e+00 6.000000e+00 1.200000e+00
      vertex 5.000000e+00 8.200001e+00 1.200000e+00
    endloop
  endfacet
  facet normal 1.000000e+00 0.000000e+00 0.000000e+00
    outer loop
      vertex 5.000000e+00 8.200001e+00 9.000000e+00
      vertex 5.000000e+00 6.000000e+00 9.000000e+00
      vertex 5.000000e+00 8.200001e+00 1.200000e+00
    endloop
  endfacet
  facet normal 0.000000e+00 0.000000e+00 -1.000000e+00
    outer loop
      vertex 6.674601e+00 8.162800e+00 6.000000e+00
      vertex 8.000000e+00 7.199800e+00 6.000000e+00
      vertex 6.754499e+00 8.010599e+00 6.000000e+00
    endloop
  endfacet
  facet normal 0.000000e+00 0.000000e+00 -1.000000e+00
    outer loop
      vertex 6.754499e+00 8.010599e+00 6.000000e+00
      vertex 8.000000e+00 7.199800e+00 6.000000e+00
      vertex 8.000000e+00 7.187201e+00 6.000000e+00
    endloop
  endfacet
  facet normal 0.000000e+00 0.000000e+00 -1.000000e+00
    outer loop
      vertex 6.754499e+00 8.010599e+00 6.000000e+00
      vertex 8.000000e+00 7.187201e+00 6.000000e+00
      vertex 7.936199e+00 7.195000e+00 6.000000e+00
    endloop
  endfacet
  facet normal -8.647960e-02 -7.122229e-01 -6.966060e-01
    outer loop
      vertex 8.000000e+00 6.438999e+00 6.764940e+00
      vertex 7.581600e+00 6.259899e+00 7.000000e+00
      vertex 7.936199e+00 7.195000e+00 6.000000e+00
    endloop
  endfacet
  facet normal -8.647960e-02 -7.122229e-01 -6.966060e-01
    outer loop
      vertex 8.000000e+00 7.187201e+00 6.000000e+00
      vertex 8.000000e+00 6.438999e+00 6.764940e+00
      vertex 7.936199e+00 7.195000e+00 6.000000e+00
    endloop
  endfacet
  facet normal -8.647930e-02 -7.122229e-01 -6.966060e-01
    outer loop
      vertex 8.000000e+00 6.209101e+00 7.000000e+00
      vertex 7.581600e+00 6.259899e+00 7.000000e+00
      vertex 8.000000e+00 6.438999e+00 6.764940e+00
    endloop
  endfacet
  facet normal -1.205360e-01 -9.927090e-01 0.000000e+00
    outer loop
      vertex 7.581600e+00 6.259899e+00 9.000000e+00
      vertex 7.581600e+00 6.259899e+00 7.000000e+00
      vertex 8.000000e+00 6.209101e+00 7.000000e+00
    endloop
  endfacet
  facet normal -1.205360e-01 -9.927090e-01 -5.018190e-16
    outer loop
      vertex 7.998199e+00 6.209299e+00 8.700000e+00
      vertex 7.581600e+00 6.259899e+00 9.000000e+00
      vertex 8.000000e+00 6.209101e+00 7.000000e+00
    endloop
  endfacet
  facet normal -1.205360e-01 -9.927090e-01 0.000000e+00
    outer loop
      vertex 8.000000e+00 6.209101e+00 8.700000e+00
      vertex 7.998199e+00 6.209299e+00 8.700000e+00
      vertex 8.000000e+00 6.209101e+00 7.000000e+00
    endloop
  endfacet
  facet normal -1.205360e-01 -9.927090e-01 8.005460e-15
    outer loop
      vertex 7.998199e+00 6.209299e+00 8.700000e+00
      vertex 7.769800e+00 6.237101e+00 9.000000e+00
      vertex 7.581600e+00 6.259899e+00 9.000000e+00
    endloop
  endfacet
  facet normal -1.205360e-01 -9.927090e-01 -0.000000e+00
    outer loop
      vertex 7.998199e+00 6.209299e+00 8.700000e+00
      vertex 7.998199e+00 6.209299e+00 9.000000e+00
      vertex 7.769800e+00 6.237101e+00 9.000000e+00
    endloop
  endfacet
  facet normal 0.000000e+00 0.000000e+00 -1.000000e+00
    outer loop
      vertex 7.299999e+00 5.000000e+00 8.700000e+00
      vertex 7.998199e+00 6.209299e+00 8.700000e+00
      vertex 8.000000e+00 3.787600e+00 8.700000e+00
    endloop
  endfacet
  facet normal 0.000000e+00 0.000000e+00 -1.000000e+00
    outer loop
      vertex 8.000000e+00 3.787600e+00 8.700000e+00
      vertex 7.998199e+00 6.209299e+00 8.700000e+00
      vertex 8.000000e+00 6.209101e+00 8.700000e+00
    endloop
  endfacet
  facet normal -8.660253e-01 -5.000002e-01 -0.000000e+00
    outer loop
      vertex 7.299999e+00 5.000000e+00 8.700000e+00
      vertex 8.000000e+00 3.787600e+00 8.700000e+00
      vertex 7.299999e+00 5.000000e+00 1.440000e+01
    endloop
  endfacet
  facet normal -8.660253e-01 -5.000002e-01 0.000000e+00
    outer loop
      vertex 7.299999e+00 5.000000e+00 1.440000e+01
      vertex 8.000000e+00 3.787600e+00 8.700000e+00
      vertex 8.000000e+00 3.787600e+00 9.000000e+00
    endloop
  endfacet
  facet normal -8.660253e-01 -5.000002e-01 -1.124100e-15
    outer loop
      vertex 7.299999e+00 5.000000e+00 1.440000e+01
      vertex 8.000000e+00 3.787600e+00 9.000000e+00
      vertex 8.150000e+00 3.527800e+00 9.000000e+00
    endloop
  endfacet
  facet normal -8.660253e-01 -5.000002e-01 0.000000e+00
    outer loop
      vertex 8.030199e+00 3.735300e+00 1.440000e+01
      vertex 8.150000e+00 3.527800e+00 9.000000e+00
      vertex 8.150000e+00 3.527800e+00 1.440000e+01
    endloop
  endfacet
  facet normal -8.660253e-01 -5.000002e-01 -3.497601e-17
    outer loop
      vertex 7.922199e+00 3.922199e+00 1.425780e+01
      vertex 8.150000e+00 3.527800e+00 9.000000e+00
      vertex 8.030199e+00 3.735300e+00 1.440000e+01
    endloop
  endfacet
  facet normal -8.660253e-01 -5.000002e-01 -2.186281e-16
    outer loop
      vertex 7.299999e+00 5.000000e+00 1.440000e+01
      vertex 8.150000e+00 3.527800e+00 9.000000e+00
      vertex 7.922199e+00 3.922199e+00 1.425780e+01
    endloop
  endfacet
  facet normal -8.660253e-01 -5.000002e-01 -6.129202e-14
    outer loop
      vertex 7.299999e+00 5.000000e+00 1.440000e+01
      vertex 7.922199e+00 3.922199e+00 1.425780e+01
      vertex 7.491600e+00 4.668100e+00 1.437940e+01
    endloop
  endfacet
  facet normal -8.660253e-01 -5.000002e-01 1.351361e-13
    outer loop
      vertex 7.299999e+00 5.000000e+00 1.440000e+01
      vertex 7.491600e+00 4.668100e+00 1.437940e+01
      vertex 7.418900e+00 4.794100e+00 1.440000e+01
    endloop
  endfacet
  facet normal 0.000000e+00 -1.000000e+00 0.000000e+00
    outer loop
      vertex 8.983999e+00 3.527800e+00 1.100000e+01
      vertex 8.150000e+00 3.527800e+00 9.000000e+00
      vertex 9.850000e+00 3.527800e+00 9.000000e+00
    endloop
  endfacet
  facet normal 0.000000e+00 -1.000000e+00 0.000000e+00
    outer loop
      vertex 8.983999e+00 3.527800e+00 1.100000e+01
      vertex 9.850000e+00 3.527800e+00 1.148850e+01
      vertex 8.150000e+00 3.527800e+00 1.440000e+01
    endloop
  endfacet
  facet normal 0.000000e+00 -1.000000e+00 0.000000e+00
    outer loop
      vertex 8.150000e+00 3.527800e+00 1.440000e+01
      vertex 8.150000e+00 3.527800e+00 9.000000e+00
      vertex 8.983999e+00 3.527800e+00 1.100000e+01
    endloop
  endfacet
  facet normal 0.000000e+00 -1.000000e+00 0.000000e+00
    outer loop
      vertex 9.000000e+00 3.527800e+00 1.420580e+01
      vertex 8.150000e+00 3.527800e+00 1.440000e+01
      vertex 9.850000e+00 3.527800e+00 1.148850e+01
    endloop
  endfacet
  facet normal 0.000000e+00 -1.000000e+00 0.000000e+00
    outer loop
      vertex 9.850000e+00 3.527800e+00 1.440000e+01
      vertex 9.468800e+00 3.527800e+00 1.440000e+01
      vertex 9.850000e+00 3.527800e+00 1.148850e+01
    endloop
  endfacet
  facet normal 0.000000e+00 -1.000000e+00 0.000000e+00
    outer loop
      vertex 9.468800e+00 3.527800e+00 1.440000e+01
      vertex 9.346901e+00 3.527800e+00 1.434950e+01
      vertex 9.850000e+00 3.527800e+00 1.148850e+01
    endloop
  endfacet
  facet normal 0.000000e+00 -1.000000e+00 0.000000e+00
    outer loop
      vertex 9.346901e+00 3.527800e+00 1.434950e+01
      vertex 9.000000e+00 3.527800e+00 1.420580e+01
      vertex 9.850000e+00 3.527800e+00 1.148850e+01
    endloop
  endfacet
  facet normal 0.000000e+00 -1.000000e+00 0.000000e+00
    outer loop
      vertex 9.000000e+00 3.527800e+00 1.420580e+01
      vertex 8.531200e+00 3.527800e+00 1.440000e+01
      vertex 8.150000e+00 3.527800e+00 1.440000e+01
    endloop
  endfacet
  facet normal 0.000000e+00 -1.000000e+00 0.000000e+00
    outer loop
      vertex 9.850000e+00 3.527800e+00 1.100000e+01
      vertex 8.983999e+00 3.527800e+00 1.100000e+01
      vertex 9.850000e+00 3.527800e+00 9.000000e+00
    endloop
  endfacet
  facet normal 8.660253e-01 -5.000002e-01 0.000000e+00
    outer loop
      vertex 9.850000e+00 3.527800e+00 1.100000e+01
      vertex 9.850000e+00 3.527800e+00 9.000000e+00
      vertex 1.070000e+01 5.000000e+00 9.000000e+00
    endloop
  endfacet
  facet normal 8.660253e-01 -5.000002e-01 3.331361e-15
    outer loop
      vertex 1.000620e+01 3.798300e+00 1.100000e+01
      vertex 9.850000e+00 3.527800e+00 1.100000e+01
      vertex 1.070000e+01 5.000000e+00 9.000000e+00
    endloop
  endfacet
  facet normal 8.660253e-01 -5.000002e-01 0.000000e+00
    outer loop
      vertex 9.850000e+00 3.527800e+00 1.440000e+01
      vertex 9.850000e+00 3.527800e+00 1.148850e+01
      vertex 9.969801e+00 3.735300e+00 1.440000e+01
    endloop
  endfacet
  facet normal 8.660253e-01 -5.000002e-01 0.000000e+00
    outer loop
      vertex 1.070000e+01 5.000000e+00 1.440000e+01
      vertex 1.000000e+01 3.787600e+00 1.102620e+01
      vertex 1.070000e+01 5.000000e+00 9.000000e+00
    endloop
  endfacet
  facet normal 8.660253e-01 -5.000002e-01 -3.968751e-13
    outer loop
      vertex 1.000000e+01 3.787600e+00 1.102620e+01
      vertex 1.000620e+01 3.798300e+00 1.100000e+01
      vertex 1.070000e+01 5.000000e+00 9.000000e+00
    endloop
  endfacet
  facet normal 8.660253e-01 -5.000002e-01 1.442641e-16
    outer loop
      vertex 9.850000e+00 3.527800e+00 1.148850e+01
      vertex 1.007780e+01 3.922199e+00 1.425780e+01
      vertex 9.969801e+00 3.735300e+00 1.440000e+01
    endloop
  endfacet
  facet normal 8.660253e-01 -5.000002e-01 -8.901153e-16
    outer loop
      vertex 9.850000e+00 3.527800e+00 1.148850e+01
      vertex 1.026720e+01 4.250401e+00 1.431130e+01
      vertex 1.007780e+01 3.922199e+00 1.425780e+01
    endloop
  endfacet
  facet normal 8.660253e-01 -5.000002e-01 1.039100e-15
    outer loop
      vertex 9.850000e+00 3.527800e+00 1.148850e+01
      vertex 1.058110e+01 4.794100e+00 1.440000e+01
      vertex 1.026720e+01 4.250401e+00 1.431130e+01
    endloop
  endfacet
  facet normal 8.660253e-01 -5.000002e-01 -3.398681e-15
    outer loop
      vertex 9.850000e+00 3.527800e+00 1.148850e+01
      vertex 1.070000e+01 5.000000e+00 1.440000e+01
      vertex 1.058110e+01 4.794100e+00 1.440000e+01
    endloop
  endfacet
  facet normal 8.660253e-01 -5.000002e-01 2.108981e-15
    outer loop
      vertex 9.850000e+00 3.527800e+00 1.148850e+01
      vertex 1.000000e+01 3.787600e+00 1.102620e+01
      vertex 1.070000e+01 5.000000e+00 1.440000e+01
    endloop
  endfacet
  facet normal 8.660253e-01 5.000002e-01 0.000000e+00
    outer loop
      vertex 9.993799e+00 6.223200e+00 9.000000e+00
      vertex 9.850000e+00 6.472200e+00 9.389780e+00
      vertex 9.850000e+00 6.472200e+00 1.440000e+01
    endloop
  endfacet
  facet normal 8.660253e-01 5.000002e-01 1.655340e-16
    outer loop
      vertex 1.007780e+01 6.077801e+00 1.425780e+01
      vertex 9.993799e+00 6.223200e+00 9.000000e+00
      vertex 9.969801e+00 6.264700e+00 1.440000e+01
    endloop
  endfacet
  facet normal 8.660253e-01 5.000002e-01 1.594000e-16
    outer loop
      vertex 9.969801e+00 6.264700e+00 1.440000e+01
      vertex 9.993799e+00 6.223200e+00 9.000000e+00
      vertex 9.850000e+00 6.472200e+00 1.440000e+01
    endloop
  endfacet
  facet normal 8.660253e-01 5.000002e-01 1.670511e-16
    outer loop
      vertex 1.050840e+01 5.331900e+00 1.437940e+01
      vertex 9.993799e+00 6.223200e+00 9.000000e+00
      vertex 1.007780e+01 6.077801e+00 1.425780e+01
    endloop
  endfacet
  facet normal 8.660253e-01 5.000002e-01 -3.238041e-15
    outer loop
      vertex 1.058110e+01 5.205900e+00 1.440000e+01
      vertex 9.993799e+00 6.223200e+00 9.000000e+00
      vertex 1.050840e+01 5.331900e+00 1.437940e+01
    endloop
  endfacet
  facet normal 8.660253e-01 5.000002e-01 2.679031e-15
    outer loop
      vertex 1.070000e+01 5.000000e+00 1.440000e+01
      vertex 9.993799e+00 6.223200e+00 9.000000e+00
      vertex 1.058110e+01 5.205900e+00 1.440000e+01
    endloop
  endfacet
  facet normal 8.660253e-01 5.000002e-01 0.000000e+00
    outer loop
      vertex 1.070000e+01 5.000000e+00 9.000000e+00
      vertex 9.993799e+00 6.223200e+00 9.000000e+00
      vertex 1.070000e+01 5.000000e+00 1.440000e+01
    endloop
  endfacet
  facet normal 2.866540e-01 -7.558460e-01 5.886649e-01
    outer loop
      vertex 1.042020e+01 7.942499e+00 1.100000e+01
      vertex 9.301300e+00 7.518200e+00 1.100000e+01
      vertex 1.127230e+01 6.708099e+00 9.000000e+00
    endloop
  endfacet
  facet normal 6.050791e-01 -5.360531e-01 5.886651e-01
    outer loop
      vertex 1.254180e+01 8.141100e+00 9.000000e+00
      vertex 1.042020e+01 7.942499e+00 1.100000e+01
      vertex 1.127230e+01 6.708099e+00 9.000000e+00
    endloop
  endfacet
  facet normal 7.485107e-01 -6.631227e-01 0.000000e+00
    outer loop
      vertex 1.127230e+01 6.708099e+00 9.000000e+00
      vertex 1.127230e+01 6.708099e+00 7.000000e+00
      vertex 1.254180e+01 8.141100e+00 7.000000e+00
    endloop
  endfacet
  facet normal 7.485107e-01 -6.631227e-01 0.000000e+00
    outer loop
      vertex 1.254180e+01 8.141100e+00 9.000000e+00
      vertex 1.127230e+01 6.708099e+00 9.000000e+00
      vertex 1.254180e+01 8.141100e+00 7.000000e+00
    endloop
  endfacet
  facet normal 0.000000e+00 1.000000e+00 0.000000e+00
    outer loop
      vertex 8.150000e+00 6.472200e+00 9.383510e+00
      vertex 8.150000e+00 6.472200e+00 1.440000e+01
      vertex 9.110901e+00 6.472200e+00 9.542560e+00
    endloop
  endfacet
  facet normal 0.000000e+00 1.000000e+00 0.000000e+00
    outer loop
      vertex 9.110901e+00 6.472200e+00 9.542560e+00
      vertex 8.150000e+00 6.472200e+00 1.440000e+01
      vertex 8.531200e+00 6.472200e+00 1.440000e+01
    endloop
  endfacet
  facet normal 0.000000e+00 1.000000e+00 0.000000e+00
    outer loop
      vertex 9.110901e+00 6.472200e+00 9.542560e+00
      vertex 8.531200e+00 6.472200e+00 1.440000e+01
      vertex 8.653099e+00 6.472200e+00 1.434950e+01
    endloop
  endfacet
  facet normal 0.000000e+00 1.000000e+00 0.000000e+00
    outer loop
      vertex 9.110901e+00 6.472200e+00 9.542560e+00
      vertex 8.653099e+00 6.472200e+00 1.434950e+01
      vertex 9.000000e+00 6.472200e+00 1.420580e+01
    endloop
  endfacet
  facet normal 0.000000e+00 1.000000e+00 0.000000e+00
    outer loop
      vertex 9.110901e+00 6.472200e+00 9.542560e+00
      vertex 9.000000e+00 6.472200e+00 1.420580e+01
      vertex 9.468800e+00 6.472200e+00 1.440000e+01
    endloop
  endfacet
  facet normal 0.000000e+00 1.000000e+00 0.000000e+00
    outer loop
      vertex 9.110901e+00 6.472200e+00 9.542560e+00
      vertex 9.468800e+00 6.472200e+00 1.440000e+01
      vertex 9.850000e+00 6.472200e+00 1.440000e+01
    endloop
  endfacet
  facet normal 0.000000e+00 1.000000e+00 0.000000e+00
    outer loop
      vertex 9.428301e+00 6.472200e+00 9.595110e+00
      vertex 9.850000e+00 6.472200e+00 1.440000e+01
      vertex 9.850000e+00 6.472200e+00 9.389780e+00
    endloop
  endfacet
  facet normal 0.000000e+00 1.000000e+00 0.000000e+00
    outer loop
      vertex 9.110901e+00 6.472200e+00 9.542560e+00
      vertex 9.850000e+00 6.472200e+00 1.440000e+01
      vertex 9.428301e+00 6.472200e+00 9.595110e+00
    endloop
  endfacet
  facet normal -9.743872e-02 -8.024831e-01 5.886651e-01
    outer loop
      vertex 8.348400e+00 7.633900e+00 1.100000e+01
      vertex 8.278601e+00 7.465401e+00 1.075880e+01
      vertex 9.110901e+00 6.472200e+00 9.542560e+00
    endloop
  endfacet
  facet normal -9.743872e-02 -8.024831e-01 5.886651e-01
    outer loop
      vertex 9.301300e+00 7.518200e+00 1.100000e+01
      vertex 8.348400e+00 7.633900e+00 1.100000e+01
      vertex 9.428301e+00 6.472200e+00 9.595110e+00
    endloop
  endfacet
  facet normal -9.743872e-02 -8.024831e-01 5.886651e-01
    outer loop
      vertex 9.428301e+00 6.472200e+00 9.595110e+00
      vertex 8.348400e+00 7.633900e+00 1.100000e+01
      vertex 9.110901e+00 6.472200e+00 9.542560e+00
    endloop
  endfacet
  facet normal 0.000000e+00 0.000000e+00 1.000000e+00
    outer loop
      vertex 8.500000e+00 8.000000e+00 1.100000e+01
      vertex 9.301300e+00 7.518200e+00 1.100000e+01
      vertex 7.767799e+00 9.767799e+00 1.100000e+01
    endloop
  endfacet
  facet normal 0.000000e+00 0.000000e+00 1.000000e+00
    outer loop
      vertex 6.572599e+00 1.059830e+01 1.100000e+01
      vertex 6.572599e+00 1.026280e+01 1.100000e+01
      vertex 7.767799e+00 9.767799e+00 1.100000e+01
    endloop
  endfacet
  facet normal 0.000000e+00 0.000000e+00 1.000000e+00
    outer loop
      vertex 1.042020e+01 7.942499e+00 1.100000e+01
      vertex 6.572599e+00 1.059830e+01 1.100000e+01
      vertex 7.767799e+00 9.767799e+00 1.100000e+01
    endloop
  endfacet
  facet normal 0.000000e+00 0.000000e+00 1.000000e+00
    outer loop
      vertex 8.348400e+00 7.633900e+00 1.100000e+01
      vertex 9.301300e+00 7.518200e+00 1.100000e+01
      vertex 8.500000e+00 8.000000e+00 1.100000e+01
    endloop
  endfacet
  facet normal 0.000000e+00 0.000000e+00 1.000000e+00
    outer loop
      vertex 9.301300e+00 7.518200e+00 1.100000e+01
      vertex 1.042020e+01 7.942499e+00 1.100000e+01
      vertex 7.767799e+00 9.767799e+00 1.100000e+01
    endloop
  endfacet
  facet normal 0.000000e+00 0.000000e+00 1.000000e+00
    outer loop
      vertex 1.042020e+01 7.942499e+00 1.100000e+01
      vertex 1.121360e+01 8.838200e+00 1.100000e+01
      vertex 6.572599e+00 1.059830e+01 1.100000e+01
    endloop
  endfacet
  facet normal 0.000000e+00 0.000000e+00 1.000000e+00
    outer loop
      vertex 1.121360e+01 8.838200e+00 1.100000e+01
      vertex 1.150000e+01 1.000000e+01 1.100000e+01
      vertex 6.572599e+00 1.059830e+01 1.100000e+01
    endloop
  endfacet
  facet normal 0.000000e+00 0.000000e+00 1.000000e+00
    outer loop
      vertex 1.150000e+01 1.000000e+01 1.100000e+01
      vertex 1.121360e+01 1.116180e+01 1.100000e+01
      vertex 6.572599e+00 1.059830e+01 1.100000e+01
    endloop
  endfacet
  facet normal 0.000000e+00 0.000000e+00 1.000000e+00
    outer loop
      vertex 1.121360e+01 1.116180e+01 1.100000e+01
      vertex 1.042020e+01 1.205750e+01 1.100000e+01
      vertex 6.572599e+00 1.059830e+01 1.100000e+01
    endloop
  endfacet
  facet normal 0.000000e+00 0.000000e+00 1.000000e+00
    outer loop
      vertex 1.042020e+01 1.205750e+01 1.100000e+01
      vertex 9.301300e+00 1.248180e+01 1.100000e+01
      vertex 6.572599e+00 1.059830e+01 1.100000e+01
    endloop
  endfacet
  facet normal 0.000000e+00 0.000000e+00 1.000000e+00
    outer loop
      vertex 9.301300e+00 1.248180e+01 1.100000e+01
      vertex 8.113501e+00 1.233750e+01 1.100000e+01
      vertex 6.572599e+00 1.059830e+01 1.100000e+01
    endloop
  endfacet
  facet normal 0.000000e+00 0.000000e+00 1.000000e+00
    outer loop
      vertex 8.113501e+00 1.233750e+01 1.100000e+01
      vertex 7.128700e+00 1.165780e+01 1.100000e+01
      vertex 6.572599e+00 1.059830e+01 1.100000e+01
    endloop
  endfacet
  facet normal 5.370219e-01 -4.757601e-01 -6.966060e-01
    outer loop
      vertex 1.254180e+01 8.141100e+00 7.000000e+00
      vertex 1.127230e+01 6.708099e+00 7.000000e+00
      vertex 1.165640e+01 8.605801e+00 6.000000e+00
    endloop
  endfacet
  facet normal 9.709418e-01 -2.393159e-01 0.000000e+00
    outer loop
      vertex 1.254180e+01 8.141100e+00 9.000000e+00
      vertex 1.254180e+01 8.141100e+00 7.000000e+00
      vertex 1.300000e+01 1.000000e+01 7.000000e+00
    endloop
  endfacet
  facet normal 9.709418e-01 -2.393159e-01 0.000000e+00
    outer loop
      vertex 1.300000e+01 1.000000e+01 9.000000e+00
      vertex 1.254180e+01 8.141100e+00 9.000000e+00
      vertex 1.300000e+01 1.000000e+01 7.000000e+00
    endloop
  endfacet
  facet normal 9.709418e-01 2.393159e-01 0.000000e+00
    outer loop
      vertex 1.300000e+01 1.000000e+01 7.000000e+00
      vertex 1.254180e+01 1.185890e+01 7.000000e+00
      vertex 1.254180e+01 1.185890e+01 9.000000e+00
    endloop
  endfacet
  facet normal 9.709418e-01 2.393159e-01 0.000000e+00
    outer loop
      vertex 1.300000e+01 1.000000e+01 9.000000e+00
      vertex 1.300000e+01 1.000000e+01 7.000000e+00
      vertex 1.254180e+01 1.185890e+01 9.000000e+00
    endloop
  endfacet
  facet normal 6.966060e-01 1.716980e-01 -6.966060e-01
    outer loop
      vertex 1.300000e+01 1.000000e+01 7.000000e+00
      vertex 1.165640e+01 1.139420e+01 6.000000e+00
      vertex 1.254180e+01 1.185890e+01 7.000000e+00
    endloop
  endfacet
  facet normal 7.485107e-01 6.631227e-01 0.000000e+00
    outer loop
      vertex 1.254180e+01 1.185890e+01 7.000000e+00
      vertex 1.127230e+01 1.329190e+01 7.000000e+00
      vertex 1.127230e+01 1.329190e+01 9.000000e+00
    endloop
  endfacet
  facet normal 7.485107e-01 6.631227e-01 0.000000e+00
    outer loop
      vertex 1.254180e+01 1.185890e+01 9.000000e+00
      vertex 1.254180e+01 1.185890e+01 7.000000e+00
      vertex 1.127230e+01 1.329190e+01 9.000000e+00
    endloop
  endfacet
  facet normal 5.370219e-01 4.757601e-01 -6.966060e-01
    outer loop
      vertex 1.254180e+01 1.185890e+01 7.000000e+00
      vertex 1.070420e+01 1.246900e+01 6.000000e+00
      vertex 1.127230e+01 1.329190e+01 7.000000e+00
    endloop
  endfacet
  facet normal 3.546051e-01 9.350162e-01 0.000000e+00
    outer loop
      vertex 9.482100e+00 1.397080e+01 7.000000e+00
      vertex 9.482100e+00 1.397080e+01 9.000000e+00
      vertex 1.127230e+01 1.329190e+01 7.000000e+00
    endloop
  endfacet
  facet normal 3.546051e-01 9.350162e-01 0.000000e+00
    outer loop
      vertex 1.127230e+01 1.329190e+01 7.000000e+00
      vertex 9.482100e+00 1.397080e+01 9.000000e+00
      vertex 1.127230e+01 1.329190e+01 9.000000e+00
    endloop
  endfacet
  facet normal 2.544130e-01 6.708310e-01 -6.966059e-01
    outer loop
      vertex 1.127230e+01 1.329190e+01 7.000000e+00
      vertex 9.361601e+00 1.297810e+01 6.000000e+00
      vertex 9.482100e+00 1.397080e+01 7.000000e+00
    endloop
  endfacet
  facet normal -1.205360e-01 9.927090e-01 0.000000e+00
    outer loop
      vertex 7.581600e+00 1.374010e+01 7.000000e+00
      vertex 7.581600e+00 1.374010e+01 9.000000e+00
      vertex 9.482100e+00 1.397080e+01 7.000000e+00
    endloop
  endfacet
  facet normal -1.205360e-01 9.927090e-01 0.000000e+00
    outer loop
      vertex 9.482100e+00 1.397080e+01 7.000000e+00
      vertex 7.581600e+00 1.374010e+01 9.000000e+00
      vertex 9.482100e+00 1.397080e+01 9.000000e+00
    endloop
  endfacet
  facet normal -8.647930e-02 7.122229e-01 -6.966060e-01
    outer loop
      vertex 7.936199e+00 1.280500e+01 6.000000e+00
      vertex 7.581600e+00 1.374010e+01 7.000000e+00
      vertex 9.482100e+00 1.397080e+01 7.000000e+00
    endloop
  endfacet
  facet normal -5.680649e-01 8.229837e-01 0.000000e+00
    outer loop
      vertex 6.006001e+00 1.265250e+01 7.000000e+00
      vertex 6.006001e+00 1.265250e+01 9.000000e+00
      vertex 7.581600e+00 1.374010e+01 7.000000e+00
    endloop
  endfacet
  facet normal -5.680649e-01 8.229837e-01 0.000000e+00
    outer loop
      vertex 7.581600e+00 1.374010e+01 7.000000e+00
      vertex 6.006001e+00 1.265250e+01 9.000000e+00
      vertex 7.581600e+00 1.374010e+01 9.000000e+00
    endloop
  endfacet
  facet normal -4.592102e-01 6.652813e-01 5.886653e-01
    outer loop
      vertex 7.581600e+00 1.374010e+01 9.000000e+00
      vertex 6.006001e+00 1.265250e+01 9.000000e+00
      vertex 8.113501e+00 1.233750e+01 1.100000e+01
    endloop
  endfacet
  facet normal -4.592102e-01 6.652813e-01 5.886653e-01
    outer loop
      vertex 8.113501e+00 1.233750e+01 1.100000e+01
      vertex 6.006001e+00 1.265250e+01 9.000000e+00
      vertex 7.128700e+00 1.165780e+01 1.100000e+01
    endloop
  endfacet
  facet normal -8.083770e-01 0.000000e+00 5.886650e-01
    outer loop
      vertex 5.116199e+00 1.013390e+01 9.000000e+00
      vertex 6.000000e+00 1.050000e+01 1.021360e+01
      vertex 5.116199e+00 1.095730e+01 9.000000e+00
    endloop
  endfacet
  facet normal -8.083770e-01 -8.009460e-14 5.886650e-01
    outer loop
      vertex 5.116199e+00 1.095730e+01 9.000000e+00
      vertex 6.000000e+00 1.050000e+01 1.021360e+01
      vertex 6.572599e+00 1.026280e+01 1.100000e+01
    endloop
  endfacet
  facet normal -8.083770e-01 0.000000e+00 5.886650e-01
    outer loop
      vertex 5.116199e+00 1.095730e+01 9.000000e+00
      vertex 6.572599e+00 1.026280e+01 1.100000e+01
      vertex 6.572599e+00 1.059830e+01 1.100000e+01
    endloop
  endfacet
  facet normal -7.157820e-01 3.756721e-01 5.886651e-01
    outer loop
      vertex 7.128700e+00 1.165780e+01 1.100000e+01
      vertex 5.116199e+00 1.095730e+01 9.000000e+00
      vertex 6.572599e+00 1.059830e+01 1.100000e+01
    endloop
  endfacet
  facet normal -3.826829e-01 9.238798e-01 0.000000e+00
    outer loop
      vertex 4.232201e+00 9.767799e+00 9.000000e+00
      vertex 4.232201e+00 9.767799e+00 1.800000e+01
      vertex 5.116199e+00 1.013390e+01 9.000000e+00
    endloop
  endfacet
  facet normal -3.826829e-01 9.238798e-01 6.935570e-17
    outer loop
      vertex 5.116199e+00 1.013390e+01 9.000000e+00
      vertex 4.232201e+00 9.767799e+00 1.800000e+01
      vertex 6.000000e+00 1.050000e+01 1.800000e+01
    endloop
  endfacet
  facet normal -3.826829e-01 9.238798e-01 0.000000e+00
    outer loop
      vertex 5.116199e+00 1.013390e+01 9.000000e+00
      vertex 6.000000e+00 1.050000e+01 1.800000e+01
      vertex 6.000000e+00 1.050000e+01 1.021360e+01
    endloop
  endfacet
  facet normal 0.000000e+00 0.000000e+00 -1.000000e+00
    outer loop
      vertex 3.582800e+00 8.200001e+00 9.000000e+00
      vertex 3.914200e+00 9.000000e+00 9.000000e+00
      vertex 5.000000e+00 8.200001e+00 9.000000e+00
    endloop
  endfacet
  facet normal 0.000000e+00 0.000000e+00 -1.000000e+00
    outer loop
      vertex 6.000000e+00 6.000000e+00 9.000000e+00
      vertex 6.006001e+00 7.347500e+00 9.000000e+00
      vertex 6.000000e+00 5.500000e+00 9.000000e+00
    endloop
  endfacet
  facet normal 0.000000e+00 0.000000e+00 -1.000000e+00
    outer loop
      vertex 7.767799e+00 6.232201e+00 9.000000e+00
      vertex 7.581600e+00 6.259899e+00 9.000000e+00
      vertex 7.769800e+00 6.237101e+00 9.000000e+00
    endloop
  endfacet
  facet normal 0.000000e+00 0.000000e+00 -1.000000e+00
    outer loop
      vertex 6.000000e+00 5.500000e+00 9.000000e+00
      vertex 7.581600e+00 6.259899e+00 9.000000e+00
      vertex 7.767799e+00 6.232201e+00 9.000000e+00
    endloop
  endfacet
  facet normal 0.000000e+00 0.000000e+00 -1.000000e+00
    outer loop
      vertex 6.006001e+00 7.347500e+00 9.000000e+00
      vertex 7.581600e+00 6.259899e+00 9.000000e+00
      vertex 6.000000e+00 5.500000e+00 9.000000e+00
    endloop
  endfacet
  facet normal 0.000000e+00 0.000000e+00 -1.000000e+00
    outer loop
      vertex 5.000000e+00 8.200001e+00 9.000000e+00
      vertex 6.000000e+00 6.000000e+00 9.000000e+00
      vertex 5.000000e+00 6.000000e+00 9.000000e+00
    endloop
  endfacet
  facet normal 0.000000e+00 0.000000e+00 -1.000000e+00
    outer loop
      vertex 5.000000e+00 8.200001e+00 9.000000e+00
      vertex 6.006001e+00 7.347500e+00 9.000000e+00
      vertex 6.000000e+00 6.000000e+00 9.000000e+00
    endloop
  endfacet
  facet normal 0.000000e+00 0.000000e+00 -1.000000e+00
    outer loop
      vertex 5.138700e+00 9.000000e+00 9.000000e+00
      vertex 6.006001e+00 7.347500e+00 9.000000e+00
      vertex 5.000000e+00 8.200001e+00 9.000000e+00
    endloop
  endfacet
  facet normal 0.000000e+00 0.000000e+00 -1.000000e+00
    outer loop
      vertex 5.138700e+00 9.000000e+00 9.000000e+00
      vertex 5.000000e+00 8.200001e+00 9.000000e+00
      vertex 3.914200e+00 9.000000e+00 9.000000e+00
    endloop
  endfacet
  facet normal 9.510566e-01 3.090169e-01 0.000000e+00
    outer loop
      vertex 3.000000e+00 9.000000e+00 9.000000e+00
      vertex 2.427099e+00 1.076340e+01 9.000000e+00
      vertex 2.427099e+00 1.076340e+01 1.350000e+01
    endloop
  endfacet
  facet normal 9.510566e-01 3.090169e-01 0.000000e+00
    outer loop
      vertex 3.000000e+00 9.000000e+00 1.350000e+01
      vertex 3.000000e+00 9.000000e+00 9.000000e+00
      vertex 2.427099e+00 1.076340e+01 1.350000e+01
    endloop
  endfacet
  facet normal 5.877851e-01 8.090171e-01 0.000000e+00
    outer loop
      vertex 9.271002e-01 1.185320e+01 9.000000e+00
      vertex 9.271002e-01 1.185320e+01 1.350000e+01
      vertex 2.427099e+00 1.076340e+01 9.000000e+00
    endloop
  endfacet
  facet normal 5.877851e-01 8.090171e-01 0.000000e+00
    outer loop
      vertex 2.427099e+00 1.076340e+01 9.000000e+00
      vertex 9.271002e-01 1.185320e+01 1.350000e+01
      vertex 2.427099e+00 1.076340e+01 1.350000e+01
    endloop
  endfacet
  facet normal 0.000000e+00 1.000000e+00 0.000000e+00
    outer loop
      vertex -9.271002e-01 1.185320e+01 9.000000e+00
      vertex -9.271002e-01 1.185320e+01 1.350000e+01
      vertex 9.271002e-01 1.185320e+01 9.000000e+00
    endloop
  endfacet
  facet normal 0.000000e+00 1.000000e+00 0.000000e+00
    outer loop
      vertex 9.271002e-01 1.185320e+01 9.000000e+00
      vertex -9.271002e-01 1.185320e+01 1.350000e+01
      vertex 9.271002e-01 1.185320e+01 1.350000e+01
    endloop
  endfacet
  facet normal -5.877851e-01 8.090171e-01 0.000000e+00
    outer loop
      vertex -2.427100e+00 1.076340e+01 9.000000e+00
      vertex -2.427100e+00 1.076340e+01 1.350000e+01
      vertex -9.271002e-01 1.185320e+01 9.000000e+00
    endloop
  endfacet
  facet normal -5.877851e-01 8.090171e-01 0.000000e+00
    outer loop
      vertex -9.271002e-01 1.185320e+01 9.000000e+00
      vertex -2.427100e+00 1.076340e+01 1.350000e+01
      vertex -9.271002e-01 1.185320e+01 1.350000e+01
    endloop
  endfacet
  facet normal -9.510566e-01 3.090169e-01 0.000000e+00
    outer loop
      vertex -2.780200e+00 9.676500e+00 9.000000e+00
      vertex -2.780200e+00 9.676500e+00 1.350000e+01
      vertex -2.427100e+00 1.076340e+01 9.000000e+00
    endloop
  endfacet
  facet normal -9.510566e-01 3.090169e-01 0.000000e+00
    outer loop
      vertex -2.427100e+00 1.076340e+01 9.000000e+00
      vertex -2.780200e+00 9.676500e+00 1.350000e+01
      vertex -2.427100e+00 1.076340e+01 1.350000e+01
    endloop
  endfacet
  facet normal 9.238798e-01 3.826829e-01 0.000000e+00
    outer loop
      vertex -3.210700e+00 1.071590e+01 1.501650e+01
      vertex -3.232200e+00 1.076780e+01 9.000000e+00
      vertex -3.232200e+00 1.076780e+01 1.700000e+01
    endloop
  endfacet
  facet normal 9.238798e-01 3.826829e-01 -3.107219e-14
    outer loop
      vertex -3.205000e+00 1.070190e+01 1.700000e+01
      vertex -3.210700e+00 1.071590e+01 1.698350e+01
      vertex -3.232200e+00 1.076780e+01 1.700000e+01
    endloop
  endfacet
  facet normal 9.238798e-01 3.826829e-01 2.474019e-16
    outer loop
      vertex -2.780200e+00 9.676500e+00 9.000000e+00
      vertex -3.232200e+00 1.076780e+01 9.000000e+00
      vertex -3.210700e+00 1.071590e+01 1.501650e+01
    endloop
  endfacet
  facet normal 9.238798e-01 3.826829e-01 0.000000e+00
    outer loop
      vertex -2.780200e+00 9.676500e+00 1.350000e+01
      vertex -2.780200e+00 9.676500e+00 9.000000e+00
      vertex -3.029600e+00 1.027850e+01 1.449970e+01
    endloop
  endfacet
  facet normal 9.238798e-01 3.826829e-01 0.000000e+00
    outer loop
      vertex -2.679100e+00 9.432400e+00 1.350000e+01
      vertex -2.780200e+00 9.676500e+00 1.350000e+01
      vertex -3.029600e+00 1.027850e+01 1.449970e+01
    endloop
  endfacet
  facet normal 9.238798e-01 3.826829e-01 0.000000e+00
    outer loop
      vertex -3.210700e+00 1.071590e+01 1.698350e+01
      vertex -3.210700e+00 1.071590e+01 1.501650e+01
      vertex -3.232200e+00 1.076780e+01 1.700000e+01
    endloop
  endfacet
  facet normal 9.238798e-01 3.826829e-01 -5.540510e-16
    outer loop
      vertex -3.210700e+00 1.071590e+01 1.501650e+01
      vertex -3.029600e+00 1.027850e+01 1.449970e+01
      vertex -2.780200e+00 9.676500e+00 9.000000e+00
    endloop
  endfacet
  facet normal 3.826829e-01 9.238798e-01 0.000000e+00
    outer loop
      vertex -5.000000e+00 1.150000e+01 9.000000e+00
      vertex -5.000000e+00 1.150000e+01 1.700000e+01
      vertex -3.232200e+00 1.076780e+01 9.000000e+00
    endloop
  endfacet
  facet normal 3.826829e-01 9.238798e-01 0.000000e+00
    outer loop
      vertex -3.232200e+00 1.076780e+01 9.000000e+00
      vertex -5.000000e+00 1.150000e+01 1.700000e+01
      vertex -3.232200e+00 1.076780e+01 1.700000e+01
    endloop
  endfacet
  facet normal -3.826829e-01 9.238798e-01 0.000000e+00
    outer loop
      vertex -6.767770e+00 1.076780e+01 9.000000e+00
      vertex -6.767770e+00 1.076780e+01 1.700000e+01
      vertex -5.000000e+00 1.150000e+01 9.000000e+00
    endloop
  endfacet
  facet normal -3.826829e-01 9.238798e-01 0.000000e+00
    outer loop
      vertex -5.000000e+00 1.150000e+01 9.000000e+00
      vertex -6.767770e+00 1.076780e+01 1.700000e+01
      vertex -5.000000e+00 1.150000e+01 1.700000e+01
    endloop
  endfacet
  facet normal -9.238798e-01 3.826829e-01 0.000000e+00
    outer loop
      vertex -7.500000e+00 9.000000e+00 9.338030e+00
      vertex -7.500000e+00 9.000000e+00 1.700000e+01
      vertex -7.117420e+00 9.923599e+00 9.131460e+00
    endloop
  endfacet
  facet normal -9.238798e-01 3.826829e-01 -4.280220e-17
    outer loop
      vertex -7.117420e+00 9.923599e+00 9.131460e+00
      vertex -7.500000e+00 9.000000e+00 1.700000e+01
      vertex -6.767770e+00 1.076780e+01 1.700000e+01
    endloop
  endfacet
  facet normal -9.238798e-01 3.826829e-01 0.000000e+00
    outer loop
      vertex -7.117420e+00 9.923599e+00 9.131460e+00
      vertex -6.767770e+00 1.076780e+01 1.700000e+01
      vertex -6.767770e+00 1.076780e+01 9.000000e+00
    endloop
  endfacet
  facet normal -9.238798e-01 3.826829e-01 -8.389829e-15
    outer loop
      vertex -7.085790e+00 1.000000e+01 9.114380e+00
      vertex -6.767770e+00 1.076780e+01 9.000000e+00
      vertex -7.032000e+00 1.012980e+01 9.000000e+00
    endloop
  endfacet
  facet normal -9.238798e-01 3.826829e-01 7.095360e-14
    outer loop
      vertex -7.117420e+00 9.923599e+00 9.131460e+00
      vertex -6.767770e+00 1.076780e+01 9.000000e+00
      vertex -7.085790e+00 1.000000e+01 9.114380e+00
    endloop
  endfacet
  facet normal 7.848871e-01 1.934570e-01 5.886651e-01
    outer loop
      vertex -7.458180e+00 1.185890e+01 9.000000e+00
      vertex -8.500000e+00 1.000000e+01 1.100000e+01
      vertex -7.085790e+00 1.000000e+01 9.114380e+00
    endloop
  endfacet
  facet normal 7.848871e-01 1.934570e-01 5.886651e-01
    outer loop
      vertex -7.032000e+00 1.012980e+01 9.000000e+00
      vertex -7.458180e+00 1.185890e+01 9.000000e+00
      vertex -7.085790e+00 1.000000e+01 9.114380e+00
    endloop
  endfacet
  facet normal 7.848871e-01 1.934570e-01 5.886651e-01
    outer loop
      vertex -7.458180e+00 1.185890e+01 9.000000e+00
      vertex -8.786360e+00 1.116180e+01 1.100000e+01
      vertex -8.500000e+00 1.000000e+01 1.100000e+01
    endloop
  endfacet
  facet normal 2.866540e-01 7.558460e-01 5.886649e-01
    outer loop
      vertex -8.727740e+00 1.329190e+01 9.000000e+00
      vertex -1.051785e+01 1.397080e+01 9.000000e+00
      vertex -9.579840e+00 1.205750e+01 1.100000e+01
    endloop
  endfacet
  facet normal 3.546051e-01 9.350162e-01 0.000000e+00
    outer loop
      vertex -1.051785e+01 1.397080e+01 7.000000e+00
      vertex -1.051785e+01 1.397080e+01 9.000000e+00
      vertex -8.727740e+00 1.329190e+01 7.000000e+00
    endloop
  endfacet
  facet normal 3.546051e-01 9.350162e-01 0.000000e+00
    outer loop
      vertex -8.727740e+00 1.329190e+01 7.000000e+00
      vertex -1.051785e+01 1.397080e+01 9.000000e+00
      vertex -8.727740e+00 1.329190e+01 9.000000e+00
    endloop
  endfacet
  facet normal 6.050791e-01 5.360531e-01 5.886651e-01
    outer loop
      vertex -8.727740e+00 1.329190e+01 9.000000e+00
      vertex -9.579840e+00 1.205750e+01 1.100000e+01
      vertex -8.786360e+00 1.116180e+01 1.100000e+01
    endloop
  endfacet
  facet normal 0.000000e+00 0.000000e+00 1.000000e+00
    outer loop
      vertex -1.342735e+01 1.059830e+01 1.100000e+01
      vertex -1.342735e+01 9.401699e+00 1.100000e+01
      vertex -1.287128e+01 8.342199e+00 1.100000e+01
    endloop
  endfacet
  facet normal 0.000000e+00 0.000000e+00 1.000000e+00
    outer loop
      vertex -1.069866e+01 7.518200e+00 1.100000e+01
      vertex -1.342735e+01 1.059830e+01 1.100000e+01
      vertex -1.188651e+01 7.662500e+00 1.100000e+01
    endloop
  endfacet
  facet normal 0.000000e+00 0.000000e+00 1.000000e+00
    outer loop
      vertex -1.188651e+01 7.662500e+00 1.100000e+01
      vertex -1.342735e+01 1.059830e+01 1.100000e+01
      vertex -1.287128e+01 8.342199e+00 1.100000e+01
    endloop
  endfacet
  facet normal 0.000000e+00 0.000000e+00 1.000000e+00
    outer loop
      vertex -9.579840e+00 7.942499e+00 1.100000e+01
      vertex -1.342735e+01 1.059830e+01 1.100000e+01
      vertex -1.069866e+01 7.518200e+00 1.100000e+01
    endloop
  endfacet
  facet normal 0.000000e+00 0.000000e+00 1.000000e+00
    outer loop
      vertex -8.786360e+00 8.838200e+00 1.100000e+01
      vertex -1.342735e+01 1.059830e+01 1.100000e+01
      vertex -9.579840e+00 7.942499e+00 1.100000e+01
    endloop
  endfacet
  facet normal 0.000000e+00 0.000000e+00 1.000000e+00
    outer loop
      vertex -8.500000e+00 1.000000e+01 1.100000e+01
      vertex -1.342735e+01 1.059830e+01 1.100000e+01
      vertex -8.786360e+00 8.838200e+00 1.100000e+01
    endloop
  endfacet
  facet normal 0.000000e+00 0.000000e+00 1.000000e+00
    outer loop
      vertex -8.786360e+00 1.116180e+01 1.100000e+01
      vertex -1.342735e+01 1.059830e+01 1.100000e+01
      vertex -8.500000e+00 1.000000e+01 1.100000e+01
    endloop
  endfacet
  facet normal 0.000000e+00 0.000000e+00 1.000000e+00
    outer loop
      vertex -9.579840e+00 1.205750e+01 1.100000e+01
      vertex -1.342735e+01 1.059830e+01 1.100000e+01
      vertex -8.786360e+00 1.116180e+01 1.100000e+01
    endloop
  endfacet
  facet normal 0.000000e+00 0.000000e+00 1.000000e+00
    outer loop
      vertex -1.069866e+01 1.248180e+01 1.100000e+01
      vertex -1.342735e+01 1.059830e+01 1.100000e+01
      vertex -9.579840e+00 1.205750e+01 1.100000e+01
    endloop
  endfacet
  facet normal 0.000000e+00 0.000000e+00 1.000000e+00
    outer loop
      vertex -1.188651e+01 1.233750e+01 1.100000e+01
      vertex -1.342735e+01 1.059830e+01 1.100000e+01
      vertex -1.069866e+01 1.248180e+01 1.100000e+01
    endloop
  endfacet
  facet normal 0.000000e+00 0.000000e+00 1.000000e+00
    outer loop
      vertex -1.287128e+01 1.165780e+01 1.100000e+01
      vertex -1.342735e+01 1.059830e+01 1.100000e+01
      vertex -1.188651e+01 1.233750e+01 1.100000e+01
    endloop
  endfacet
  facet normal 2.544130e-01 6.708310e-01 -6.966059e-01
    outer loop
      vertex -8.727740e+00 1.329190e+01 7.000000e+00
      vertex -1.063839e+01 1.297810e+01 6.000000e+00
      vertex -1.051785e+01 1.397080e+01 7.000000e+00
    endloop
  endfacet
  facet normal -1.205360e-01 9.927090e-01 0.000000e+00
    outer loop
      vertex -1.241842e+01 1.374010e+01 7.000000e+00
      vertex -1.241842e+01 1.374010e+01 9.000000e+00
      vertex -1.051785e+01 1.397080e+01 7.000000e+00
    endloop
  endfacet
  facet normal -1.205360e-01 9.927090e-01 0.000000e+00
    outer loop
      vertex -1.051785e+01 1.397080e+01 7.000000e+00
      vertex -1.241842e+01 1.374010e+01 9.000000e+00
      vertex -1.051785e+01 1.397080e+01 9.000000e+00
    endloop
  endfacet
  facet normal -8.647930e-02 7.122229e-01 -6.966060e-01
    outer loop
      vertex -1.206381e+01 1.280500e+01 6.000000e+00
      vertex -1.241842e+01 1.374010e+01 7.000000e+00
      vertex -1.051785e+01 1.397080e+01 7.000000e+00
    endloop
  endfacet
  facet normal -4.075610e-01 5.904528e-01 -6.966057e-01
    outer loop
      vertex -1.206381e+01 1.280500e+01 6.000000e+00
      vertex -1.324553e+01 1.198940e+01 6.000000e+00
      vertex -1.241842e+01 1.374010e+01 7.000000e+00
    endloop
  endfacet
  facet normal -4.075601e-01 5.904531e-01 -6.966060e-01
    outer loop
      vertex -1.324553e+01 1.198940e+01 6.000000e+00
      vertex -1.399404e+01 1.265250e+01 7.000000e+00
      vertex -1.241842e+01 1.374010e+01 7.000000e+00
    endloop
  endfacet
  facet normal -6.352741e-01 3.334170e-01 -6.966060e-01
    outer loop
      vertex -1.391282e+01 1.071790e+01 6.000000e+00
      vertex -1.488377e+01 1.095730e+01 7.000000e+00
      vertex -1.399404e+01 1.265250e+01 7.000000e+00
    endloop
  endfacet
  facet normal -8.854561e-01 4.647231e-01 0.000000e+00
    outer loop
      vertex -1.488377e+01 1.095730e+01 7.000000e+00
      vertex -1.488377e+01 1.095730e+01 9.000000e+00
      vertex -1.399404e+01 1.265250e+01 7.000000e+00
    endloop
  endfacet
  facet normal -8.854561e-01 4.647231e-01 0.000000e+00
    outer loop
      vertex -1.399404e+01 1.265250e+01 7.000000e+00
      vertex -1.488377e+01 1.095730e+01 9.000000e+00
      vertex -1.399404e+01 1.265250e+01 9.000000e+00
    endloop
  endfacet
  facet normal -5.680649e-01 8.229837e-01 0.000000e+00
    outer loop
      vertex -1.399404e+01 1.265250e+01 7.000000e+00
      vertex -1.399404e+01 1.265250e+01 9.000000e+00
      vertex -1.241842e+01 1.374010e+01 7.000000e+00
    endloop
  endfacet
  facet normal -5.680649e-01 8.229837e-01 0.000000e+00
    outer loop
      vertex -1.241842e+01 1.374010e+01 7.000000e+00
      vertex -1.399404e+01 1.265250e+01 9.000000e+00
      vertex -1.241842e+01 1.374010e+01 9.000000e+00
    endloop
  endfacet
  facet normal -1.000000e+00 -0.000000e+00 -0.000000e+00
    outer loop
      vertex -1.488377e+01 9.042700e+00 7.000000e+00
      vertex -1.488377e+01 9.042700e+00 9.000000e+00
      vertex -1.488377e+01 1.095730e+01 7.000000e+00
    endloop
  endfacet
  facet normal -1.000000e+00 0.000000e+00 0.000000e+00
    outer loop
      vertex -1.488377e+01 1.095730e+01 7.000000e+00
      vertex -1.488377e+01 9.042700e+00 9.000000e+00
      vertex -1.488377e+01 1.095730e+01 9.000000e+00
    endloop
  endfacet
  facet normal -8.854561e-01 -4.647231e-01 -0.000000e+00
    outer loop
      vertex -1.488377e+01 9.042700e+00 7.000000e+00
      vertex -1.399404e+01 7.347500e+00 7.000000e+00
      vertex -1.488377e+01 9.042700e+00 9.000000e+00
    endloop
  endfacet
  facet normal -8.854561e-01 -4.647231e-01 0.000000e+00
    outer loop
      vertex -1.488377e+01 9.042700e+00 9.000000e+00
      vertex -1.399404e+01 7.347500e+00 7.000000e+00
      vertex -1.399404e+01 7.347500e+00 9.000000e+00
    endloop
  endfacet
  facet normal -6.352741e-01 -3.334170e-01 -6.966060e-01
    outer loop
      vertex -1.399404e+01 7.347500e+00 7.000000e+00
      vertex -1.488377e+01 9.042700e+00 7.000000e+00
      vertex -1.324553e+01 8.010599e+00 6.000000e+00
    endloop
  endfacet
  facet normal -4.075601e-01 -5.904531e-01 -6.966060e-01
    outer loop
      vertex -1.206381e+01 7.195000e+00 6.000000e+00
      vertex -1.399404e+01 7.347500e+00 7.000000e+00
      vertex -1.324553e+01 8.010599e+00 6.000000e+00
    endloop
  endfacet
  facet normal -4.075601e-01 -5.904531e-01 -6.966060e-01
    outer loop
      vertex -1.241842e+01 6.259899e+00 7.000000e+00
      vertex -1.399404e+01 7.347500e+00 7.000000e+00
      vertex -1.206381e+01 7.195000e+00 6.000000e+00
    endloop
  endfacet
  facet normal -5.680649e-01 -8.229837e-01 0.000000e+00
    outer loop
      vertex -1.399404e+01 7.347500e+00 9.000000e+00
      vertex -1.399404e+01 7.347500e+00 7.000000e+00
      vertex -1.241842e+01 6.259899e+00 7.000000e+00
    endloop
  endfacet
  facet normal -5.680649e-01 -8.229837e-01 0.000000e+00
    outer loop
      vertex -1.241842e+01 6.259899e+00 9.000000e+00
      vertex -1.399404e+01 7.347500e+00 9.000000e+00
      vertex -1.241842e+01 6.259899e+00 7.000000e+00
    endloop
  endfacet
  facet normal -4.592102e-01 -6.652813e-01 5.886653e-01
    outer loop
      vertex -1.287128e+01 8.342199e+00 1.100000e+01
      vertex -1.399404e+01 7.347500e+00 9.000000e+00
      vertex -1.241842e+01 6.259899e+00 9.000000e+00
    endloop
  endfacet
  facet normal -4.592102e-01 -6.652813e-01 5.886653e-01
    outer loop
      vertex -1.188651e+01 7.662500e+00 1.100000e+01
      vertex -1.287128e+01 8.342199e+00 1.100000e+01
      vertex -1.241842e+01 6.259899e+00 9.000000e+00
    endloop
  endfacet
  facet normal -9.743872e-02 8.024831e-01 5.886651e-01
    outer loop
      vertex -1.069866e+01 -7.518230e+00 1.100000e+01
      vertex -1.241842e+01 -6.259940e+00 9.000000e+00
      vertex -1.188651e+01 -7.662460e+00 1.100000e+01
    endloop
  endfacet
  facet normal -4.592102e-01 6.652813e-01 5.886653e-01
    outer loop
      vertex -1.241842e+01 -6.259940e+00 9.000000e+00
      vertex -1.399404e+01 -7.347510e+00 9.000000e+00
      vertex -1.188651e+01 -7.662460e+00 1.100000e+01
    endloop
  endfacet
  facet normal -5.680649e-01 8.229837e-01 0.000000e+00
    outer loop
      vertex -1.399404e+01 -7.347510e+00 7.000000e+00
      vertex -1.399404e+01 -7.347510e+00 9.000000e+00
      vertex -1.241842e+01 -6.259940e+00 7.000000e+00
    endloop
  endfacet
  facet normal -5.680649e-01 8.229837e-01 0.000000e+00
    outer loop
      vertex -1.241842e+01 -6.259940e+00 7.000000e+00
      vertex -1.399404e+01 -7.347510e+00 9.000000e+00
      vertex -1.241842e+01 -6.259940e+00 9.000000e+00
    endloop
  endfacet
  facet normal -4.075601e-01 5.904531e-01 -6.966060e-01
    outer loop
      vertex -1.324553e+01 -8.010630e+00 6.000000e+00
      vertex -1.399404e+01 -7.347510e+00 7.000000e+00
      vertex -1.241842e+01 -6.259940e+00 7.000000e+00
    endloop
  endfacet
  facet normal -4.075610e-01 5.904528e-01 -6.966057e-01
    outer loop
      vertex -1.206381e+01 -7.194950e+00 6.000000e+00
      vertex -1.324553e+01 -8.010630e+00 6.000000e+00
      vertex -1.241842e+01 -6.259940e+00 7.000000e+00
    endloop
  endfacet
  facet normal -8.083770e-01 0.000000e+00 5.886650e-01
    outer loop
      vertex -1.488377e+01 -1.095726e+01 9.000000e+00
      vertex -1.342735e+01 -1.059829e+01 1.100000e+01
      vertex -1.488377e+01 -9.042740e+00 9.000000e+00
    endloop
  endfacet
  facet normal -8.083770e-01 0.000000e+00 5.886650e-01
    outer loop
      vertex -1.488377e+01 -9.042740e+00 9.000000e+00
      vertex -1.342735e+01 -1.059829e+01 1.100000e+01
      vertex -1.342735e+01 -9.401710e+00 1.100000e+01
    endloop
  endfacet
  facet normal -7.157823e-01 3.756712e-01 5.886653e-01
    outer loop
      vertex -1.399404e+01 -7.347510e+00 9.000000e+00
      vertex -1.488377e+01 -9.042740e+00 9.000000e+00
      vertex -1.287128e+01 -8.342190e+00 1.100000e+01
    endloop
  endfacet
  facet normal -7.157820e-01 3.756721e-01 5.886651e-01
    outer loop
      vertex -1.287128e+01 -8.342190e+00 1.100000e+01
      vertex -1.488377e+01 -9.042740e+00 9.000000e+00
      vertex -1.342735e+01 -9.401710e+00 1.100000e+01
    endloop
  endfacet
  facet normal -7.157823e-01 -3.756712e-01 5.886653e-01
    outer loop
      vertex -1.342735e+01 -1.059829e+01 1.100000e+01
      vertex -1.488377e+01 -1.095726e+01 9.000000e+00
      vertex -1.399404e+01 -1.265249e+01 9.000000e+00
    endloop
  endfacet
  facet normal -7.157820e-01 -3.756721e-01 5.886651e-01
    outer loop
      vertex -1.342735e+01 -1.059829e+01 1.100000e+01
      vertex -1.399404e+01 -1.265249e+01 9.000000e+00
      vertex -1.287128e+01 -1.165781e+01 1.100000e+01
    endloop
  endfacet
  facet normal -4.592102e-01 -6.652813e-01 5.886653e-01
    outer loop
      vertex -1.287128e+01 -1.165781e+01 1.100000e+01
      vertex -1.399404e+01 -1.265249e+01 9.000000e+00
      vertex -1.241842e+01 -1.374006e+01 9.000000e+00
    endloop
  endfacet
  facet normal -4.592102e-01 -6.652813e-01 5.886653e-01
    outer loop
      vertex -1.188651e+01 -1.233754e+01 1.100000e+01
      vertex -1.287128e+01 -1.165781e+01 1.100000e+01
      vertex -1.241842e+01 -1.374006e+01 9.000000e+00
    endloop
  endfacet
  facet normal -9.743881e-02 -8.024831e-01 5.886651e-01
    outer loop
      vertex -1.188651e+01 -1.233754e+01 1.100000e+01
      vertex -1.241842e+01 -1.374006e+01 9.000000e+00
      vertex -1.051785e+01 -1.397083e+01 9.000000e+00
    endloop
  endfacet
  facet normal -9.743872e-02 -8.024831e-01 5.886651e-01
    outer loop
      vertex -1.069866e+01 -1.248177e+01 1.100000e+01
      vertex -1.188651e+01 -1.233754e+01 1.100000e+01
      vertex -1.051785e+01 -1.397083e+01 9.000000e+00
    endloop
  endfacet
  facet normal 2.866540e-01 -7.558460e-01 5.886649e-01
    outer loop
      vertex -8.727740e+00 -1.329194e+01 9.000000e+00
      vertex -1.069866e+01 -1.248177e+01 1.100000e+01
      vertex -1.051785e+01 -1.397083e+01 9.000000e+00
    endloop
  endfacet
  facet normal -4.592102e-01 6.652813e-01 5.886653e-01
    outer loop
      vertex -1.188651e+01 -7.662460e+00 1.100000e+01
      vertex -1.399404e+01 -7.347510e+00 9.000000e+00
      vertex -1.287128e+01 -8.342190e+00 1.100000e+01
    endloop
  endfacet
  facet normal 2.866540e-01 -7.558460e-01 5.886649e-01
    outer loop
      vertex -9.579840e+00 -1.205746e+01 1.100000e+01
      vertex -1.069866e+01 -1.248177e+01 1.100000e+01
      vertex -8.727740e+00 -1.329194e+01 9.000000e+00
    endloop
  endfacet
  facet normal 6.050791e-01 5.360531e-01 5.886651e-01
    outer loop
      vertex -9.110390e+00 -7.262430e+00 9.898140e+00
      vertex -9.579840e+00 -7.942540e+00 1.100000e+01
      vertex -8.786360e+00 -8.838190e+00 1.100000e+01
    endloop
  endfacet
  facet normal 6.050791e-01 5.360531e-01 5.886651e-01
    outer loop
      vertex -8.749850e+00 -7.511300e+00 9.754170e+00
      vertex -9.110390e+00 -7.262430e+00 9.898140e+00
      vertex -8.786360e+00 -8.838190e+00 1.100000e+01
    endloop
  endfacet
  facet normal 7.848871e-01 -1.934570e-01 5.886651e-01
    outer loop
      vertex -8.500000e+00 1.000000e+01 1.100000e+01
      vertex -8.786360e+00 8.838200e+00 1.100000e+01
      vertex -7.117420e+00 9.923599e+00 9.131460e+00
    endloop
  endfacet
  facet normal 7.848871e-01 -1.934570e-01 5.886651e-01
    outer loop
      vertex -7.085790e+00 1.000000e+01 9.114380e+00
      vertex -8.500000e+00 1.000000e+01 1.100000e+01
      vertex -7.117420e+00 9.923599e+00 9.131460e+00
    endloop
  endfacet
  facet normal 7.848871e-01 -1.934570e-01 5.886651e-01
    outer loop
      vertex -7.500000e+00 9.000000e+00 9.338030e+00
      vertex -8.786360e+00 8.838200e+00 1.100000e+01
      vertex -7.570390e+00 8.200001e+00 9.168970e+00
    endloop
  endfacet
  facet normal 7.848871e-01 -1.934570e-01 5.886651e-01
    outer loop
      vertex -7.117420e+00 9.923599e+00 9.131460e+00
      vertex -8.786360e+00 8.838200e+00 1.100000e+01
      vertex -7.500000e+00 9.000000e+00 9.338030e+00
    endloop
  endfacet
  facet normal 7.848871e-01 -1.934570e-01 5.886651e-01
    outer loop
      vertex -7.341060e+00 8.616301e+00 9.000000e+00
      vertex -7.570390e+00 8.200001e+00 9.168970e+00
      vertex -7.443660e+00 8.200001e+00 9.000000e+00
    endloop
  endfacet
  facet normal 7.848871e-01 -1.934570e-01 5.886651e-01
    outer loop
      vertex -7.341060e+00 8.616301e+00 9.000000e+00
      vertex -7.500000e+00 9.000000e+00 9.338030e+00
      vertex -7.570390e+00 8.200001e+00 9.168970e+00
    endloop
  endfacet
  facet normal 0.000000e+00 0.000000e+00 -1.000000e+00
    outer loop
      vertex -7.341060e+00 8.616301e+00 8.000000e+00
      vertex -7.246480e+00 9.000000e+00 8.000000e+00
      vertex -7.168630e+00 8.200001e+00 8.000000e+00
    endloop
  endfacet
  facet normal 0.000000e+00 0.000000e+00 -1.000000e+00
    outer loop
      vertex -7.168630e+00 8.200001e+00 8.000000e+00
      vertex -7.246480e+00 9.000000e+00 8.000000e+00
      vertex 3.000000e+00 9.000000e+00 8.000000e+00
    endloop
  endfacet
  facet normal 0.000000e+00 0.000000e+00 -1.000000e+00
    outer loop
      vertex -2.740100e+00 8.200001e+00 8.000000e+00
      vertex 3.000000e+00 9.000000e+00 8.000000e+00
      vertex 2.740101e+00 8.200001e+00 8.000000e+00
    endloop
  endfacet
  facet normal 0.000000e+00 0.000000e+00 -1.000000e+00
    outer loop
      vertex -2.780200e+00 8.323500e+00 8.000000e+00
      vertex 3.000000e+00 9.000000e+00 8.000000e+00
      vertex -2.740100e+00 8.200001e+00 8.000000e+00
    endloop
  endfacet
  facet normal 0.000000e+00 0.000000e+00 -1.000000e+00
    outer loop
      vertex -7.168630e+00 8.200001e+00 8.000000e+00
      vertex 3.000000e+00 9.000000e+00 8.000000e+00
      vertex -2.780200e+00 8.323500e+00 8.000000e+00
    endloop
  endfacet
  facet normal 0.000000e+00 0.000000e+00 -1.000000e+00
    outer loop
      vertex -7.168630e+00 8.200001e+00 8.000000e+00
      vertex -2.780200e+00 8.323500e+00 8.000000e+00
      vertex -2.831400e+00 8.200001e+00 8.000000e+00
    endloop
  endfacet
  facet normal 9.709418e-01 -2.393159e-01 0.000000e+00
    outer loop
      vertex -7.443660e+00 8.200001e+00 9.000000e+00
      vertex -7.443660e+00 8.200001e+00 7.000000e+00
      vertex -7.246480e+00 9.000000e+00 7.000000e+00
    endloop
  endfacet
  facet normal 9.709418e-01 -2.393159e-01 -5.380689e-15
    outer loop
      vertex -7.341060e+00 8.616301e+00 8.000000e+00
      vertex -7.443660e+00 8.200001e+00 9.000000e+00
      vertex -7.246480e+00 9.000000e+00 7.000000e+00
    endloop
  endfacet
  facet normal 9.709418e-01 -2.393159e-01 0.000000e+00
    outer loop
      vertex -7.246480e+00 9.000000e+00 8.000000e+00
      vertex -7.341060e+00 8.616301e+00 8.000000e+00
      vertex -7.246480e+00 9.000000e+00 7.000000e+00
    endloop
  endfacet
  facet normal 9.709418e-01 -2.393159e-01 0.000000e+00
    outer loop
      vertex -7.341060e+00 8.616301e+00 8.000000e+00
      vertex -7.341060e+00 8.616301e+00 9.000000e+00
      vertex -7.443660e+00 8.200001e+00 9.000000e+00
    endloop
  endfacet
  facet normal 6.966060e-01 -1.716980e-01 -6.966060e-01
    outer loop
      vertex -7.475340e+00 8.200001e+00 6.968320e+00
      vertex -7.708520e+00 9.000000e+00 6.537950e+00
      vertex -7.246480e+00 9.000000e+00 7.000000e+00
    endloop
  endfacet
  facet normal 6.966060e-01 -1.716980e-01 -6.966060e-01
    outer loop
      vertex -7.443660e+00 8.200001e+00 7.000000e+00
      vertex -7.475340e+00 8.200001e+00 6.968320e+00
      vertex -7.246480e+00 9.000000e+00 7.000000e+00
    endloop
  endfacet
  facet normal 6.966060e-01 -1.716980e-01 -6.966060e-01
    outer loop
      vertex -7.570390e+00 8.200001e+00 6.873270e+00
      vertex -8.343630e+00 8.605801e+00 6.000000e+00
      vertex -8.246480e+00 9.000000e+00 6.000000e+00
    endloop
  endfacet
  facet normal 6.966060e-01 -1.716980e-01 -6.966060e-01
    outer loop
      vertex -7.475340e+00 8.200001e+00 6.968320e+00
      vertex -7.570390e+00 8.200001e+00 6.873270e+00
      vertex -7.708520e+00 9.000000e+00 6.537950e+00
    endloop
  endfacet
  facet normal 6.966060e-01 -1.716980e-01 -6.966060e-01
    outer loop
      vertex -7.708520e+00 9.000000e+00 6.537950e+00
      vertex -7.570390e+00 8.200001e+00 6.873270e+00
      vertex -8.246480e+00 9.000000e+00 6.000000e+00
    endloop
  endfacet
  facet normal 5.370219e-01 -4.757601e-01 -6.966060e-01
    outer loop
      vertex -7.570390e+00 8.200001e+00 6.873270e+00
      vertex -8.425770e+00 8.200001e+00 6.213850e+00
      vertex -8.343630e+00 8.605801e+00 6.000000e+00
    endloop
  endfacet
  facet normal 5.370219e-01 -4.757601e-01 -6.966060e-01
    outer loop
      vertex -8.623390e+00 8.200001e+00 6.061500e+00
      vertex -8.572950e+00 8.236601e+00 6.075360e+00
      vertex -8.425770e+00 8.200001e+00 6.213850e+00
    endloop
  endfacet
  facet normal 5.370219e-01 -4.757601e-01 -6.966060e-01
    outer loop
      vertex -8.425770e+00 8.200001e+00 6.213850e+00
      vertex -8.572950e+00 8.236601e+00 6.075360e+00
      vertex -8.516330e+00 8.410900e+00 6.000000e+00
    endloop
  endfacet
  facet normal 5.370219e-01 -4.757601e-01 -6.966060e-01
    outer loop
      vertex -8.425770e+00 8.200001e+00 6.213850e+00
      vertex -8.516330e+00 8.410900e+00 6.000000e+00
      vertex -8.343630e+00 8.605801e+00 6.000000e+00
    endloop
  endfacet
  facet normal -8.773536e-01 3.634118e-01 3.133408e-01
    outer loop
      vertex -6.767770e+00 1.076780e+01 1.700000e+01
      vertex -7.500000e+00 9.000000e+00 1.700000e+01
      vertex -5.000000e+00 9.000000e+00 2.400000e+01
    endloop
  endfacet
  facet normal -8.773536e-01 -3.634118e-01 3.133408e-01
    outer loop
      vertex -5.000000e+00 9.000000e+00 2.400000e+01
      vertex -7.500000e+00 9.000000e+00 1.700000e+01
      vertex -6.767770e+00 7.232201e+00 1.700000e+01
    endloop
  endfacet
  facet normal -3.634118e-01 -8.773536e-01 3.133408e-01
    outer loop
      vertex -5.683560e+00 7.051600e+00 1.775160e+01
      vertex -6.767770e+00 7.232201e+00 1.700000e+01
      vertex -5.000000e+00 6.500000e+00 1.700000e+01
    endloop
  endfacet
  facet normal -3.634118e-01 -8.773536e-01 3.133408e-01
    outer loop
      vertex -5.743780e+00 7.208799e+00 1.812210e+01
      vertex -6.767770e+00 7.232201e+00 1.700000e+01
      vertex -5.729720e+00 7.172100e+00 1.803560e+01
    endloop
  endfacet
  facet normal -3.634118e-01 -8.773536e-01 3.133408e-01
    outer loop
      vertex -5.000000e+00 9.000000e+00 2.400000e+01
      vertex -6.767770e+00 7.232201e+00 1.700000e+01
      vertex -5.743780e+00 7.208799e+00 1.812210e+01
    endloop
  endfacet
  facet normal -3.634118e-01 -8.773536e-01 3.133408e-01
    outer loop
      vertex -5.000000e+00 9.000000e+00 2.400000e+01
      vertex -5.432180e+00 7.079800e+00 1.812210e+01
      vertex -5.000000e+00 6.500000e+00 1.700000e+01
    endloop
  endfacet
  facet normal -3.634118e-01 -8.773536e-01 3.133408e-01
    outer loop
      vertex -5.000000e+00 9.000000e+00 2.400000e+01
      vertex -5.636140e+00 7.197500e+00 1.821530e+01
      vertex -5.432180e+00 7.079800e+00 1.812210e+01
    endloop
  endfacet
  facet normal -3.634118e-01 -8.773536e-01 3.133408e-01
    outer loop
      vertex -5.729720e+00 7.172100e+00 1.803560e+01
      vertex -6.767770e+00 7.232201e+00 1.700000e+01
      vertex -5.683560e+00 7.051600e+00 1.775160e+01
    endloop
  endfacet
  facet normal -3.634118e-01 -8.773536e-01 3.133408e-01
    outer loop
      vertex -5.743780e+00 7.208799e+00 1.812210e+01
      vertex -5.636140e+00 7.197500e+00 1.821530e+01
      vertex -5.000000e+00 9.000000e+00 2.400000e+01
    endloop
  endfacet
  facet normal -3.634118e-01 -8.773536e-01 3.133408e-01
    outer loop
      vertex -5.432180e+00 7.079800e+00 1.812210e+01
      vertex -5.683560e+00 7.051600e+00 1.775160e+01
      vertex -5.000000e+00 6.500000e+00 1.700000e+01
    endloop
  endfacet
  facet normal 3.634118e-01 -8.773536e-01 3.133408e-01
    outer loop
      vertex -5.000000e+00 9.000000e+00 2.400000e+01
      vertex -5.000000e+00 6.500000e+00 1.700000e+01
      vertex -3.232200e+00 7.232201e+00 1.700000e+01
    endloop
  endfacet
  facet normal 8.773536e-01 -3.634118e-01 3.133408e-01
    outer loop
      vertex -2.943700e+00 9.000000e+00 1.824240e+01
      vertex -5.000000e+00 9.000000e+00 2.400000e+01
      vertex -3.232200e+00 7.232201e+00 1.700000e+01
    endloop
  endfacet
  facet normal 8.773536e-01 -3.634118e-01 3.133408e-01
    outer loop
      vertex -3.205000e+00 7.298100e+00 1.700000e+01
      vertex -2.943700e+00 9.000000e+00 1.824240e+01
      vertex -3.232200e+00 7.232201e+00 1.700000e+01
    endloop
  endfacet
  facet normal -8.436101e-01 -2.260451e-01 4.870580e-01
    outer loop
      vertex -3.210700e+00 7.284100e+00 1.698350e+01
      vertex -3.178800e+00 7.164700e+00 1.698350e+01
      vertex -3.205000e+00 7.298100e+00 1.700000e+01
    endloop
  endfacet
  facet normal -8.436101e-01 -2.260451e-01 4.870580e-01
    outer loop
      vertex -3.205000e+00 7.298100e+00 1.700000e+01
      vertex -3.178800e+00 7.164700e+00 1.698350e+01
      vertex -2.687000e+00 9.000000e+00 1.868700e+01
    endloop
  endfacet
  facet normal -8.436101e-01 -2.260451e-01 4.870580e-01
    outer loop
      vertex -3.205000e+00 7.298100e+00 1.700000e+01
      vertex -2.687000e+00 9.000000e+00 1.868700e+01
      vertex -2.943700e+00 9.000000e+00 1.824240e+01
    endloop
  endfacet
  facet normal -9.659258e-01 -2.588190e-01 -0.000000e+00
    outer loop
      vertex -3.210700e+00 7.284100e+00 1.501650e+01
      vertex -3.178800e+00 7.164700e+00 1.501650e+01
      vertex -3.210700e+00 7.284100e+00 1.698350e+01
    endloop
  endfacet
  facet normal -9.659258e-01 -2.588190e-01 0.000000e+00
    outer loop
      vertex -3.210700e+00 7.284100e+00 1.698350e+01
      vertex -3.178800e+00 7.164700e+00 1.501650e+01
      vertex -3.178800e+00 7.164700e+00 1.698350e+01
    endloop
  endfacet
  facet normal -8.436101e-01 -2.260451e-01 -4.870580e-01
    outer loop
      vertex -3.210700e+00 7.284100e+00 1.501650e+01
      vertex -2.842800e+00 8.172300e+00 1.396700e+01
      vertex -3.178800e+00 7.164700e+00 1.501650e+01
    endloop
  endfacet
  facet normal -8.436101e-01 -2.260451e-01 -4.870580e-01
    outer loop
      vertex -3.178800e+00 7.164700e+00 1.501650e+01
      vertex -2.842800e+00 8.172300e+00 1.396700e+01
      vertex -2.474500e+00 7.804001e+00 1.350000e+01
    endloop
  endfacet
  facet normal -8.436101e-01 -2.260451e-01 -4.870580e-01
    outer loop
      vertex -3.178800e+00 7.164700e+00 1.501650e+01
      vertex -2.474500e+00 7.804001e+00 1.350000e+01
      vertex -2.420500e+00 7.602501e+00 1.350000e+01
    endloop
  endfacet
  facet normal -8.436101e-01 -2.260451e-01 -4.870580e-01
    outer loop
      vertex -2.474500e+00 7.804001e+00 1.350000e+01
      vertex -2.842800e+00 8.172300e+00 1.396700e+01
      vertex -2.679100e+00 8.567600e+00 1.350000e+01
    endloop
  endfacet
  facet normal 0.000000e+00 0.000000e+00 1.000000e+00
    outer loop
      vertex -2.679100e+00 8.567600e+00 1.350000e+01
      vertex -2.780200e+00 8.323500e+00 1.350000e+01
      vertex -2.427100e+00 7.236601e+00 1.350000e+01
    endloop
  endfacet
  facet normal 0.000000e+00 0.000000e+00 1.000000e+00
    outer loop
      vertex -2.420500e+00 7.602501e+00 1.350000e+01
      vertex -2.679100e+00 8.567600e+00 1.350000e+01
      vertex -2.427100e+00 7.236601e+00 1.350000e+01
    endloop
  endfacet
  facet normal 0.000000e+00 0.000000e+00 1.000000e+00
    outer loop
      vertex -1.397500e+00 1.142050e+01 1.350000e+01
      vertex -1.196000e+00 1.147450e+01 1.350000e+01
      vertex -9.271002e-01 1.185320e+01 1.350000e+01
    endloop
  endfacet
  facet normal 0.000000e+00 0.000000e+00 1.000000e+00
    outer loop
      vertex -2.014999e-01 6.259001e+00 1.350000e+01
      vertex -1.397500e+00 6.579500e+00 1.350000e+01
      vertex -9.271002e-01 6.146799e+00 1.350000e+01
    endloop
  endfacet
  facet normal 0.000000e+00 0.000000e+00 1.000000e+00
    outer loop
      vertex 1.195999e+00 6.525499e+00 1.350000e+01
      vertex 2.220446e-16 6.205000e+00 1.350000e+01
      vertex 9.271002e-01 6.146799e+00 1.350000e+01
    endloop
  endfacet
  facet normal 0.000000e+00 0.000000e+00 1.000000e+00
    outer loop
      vertex 2.420500e+00 7.602501e+00 1.350000e+01
      vertex 1.397499e+00 6.579500e+00 1.350000e+01
      vertex 2.427099e+00 7.236601e+00 1.350000e+01
    endloop
  endfacet
  facet normal 0.000000e+00 0.000000e+00 1.000000e+00
    outer loop
      vertex 2.795000e+00 9.000000e+00 1.350000e+01
      vertex 2.740999e+00 8.798500e+00 1.350000e+01
      vertex 3.000000e+00 9.000000e+00 1.350000e+01
    endloop
  endfacet
  facet normal 0.000000e+00 0.000000e+00 1.000000e+00
    outer loop
      vertex 1.397499e+00 1.142050e+01 1.350000e+01
      vertex 2.420500e+00 1.039750e+01 1.350000e+01
      vertex 2.427099e+00 1.076340e+01 1.350000e+01
    endloop
  endfacet
  facet normal 0.000000e+00 0.000000e+00 1.000000e+00
    outer loop
      vertex 2.014999e-01 1.174100e+01 1.350000e+01
      vertex 1.397499e+00 1.142050e+01 1.350000e+01
      vertex 9.271002e-01 1.185320e+01 1.350000e+01
    endloop
  endfacet
  facet normal 0.000000e+00 0.000000e+00 1.000000e+00
    outer loop
      vertex -2.780200e+00 9.676500e+00 1.350000e+01
      vertex -2.679100e+00 9.432400e+00 1.350000e+01
      vertex -2.427100e+00 1.076340e+01 1.350000e+01
    endloop
  endfacet
  facet normal 0.000000e+00 0.000000e+00 1.000000e+00
    outer loop
      vertex -1.196000e+00 1.147450e+01 1.350000e+01
      vertex 2.220446e-16 1.179500e+01 1.350000e+01
      vertex -9.271002e-01 1.185320e+01 1.350000e+01
    endloop
  endfacet
  facet normal 0.000000e+00 0.000000e+00 1.000000e+00
    outer loop
      vertex -2.427100e+00 1.076340e+01 1.350000e+01
      vertex -1.397500e+00 1.142050e+01 1.350000e+01
      vertex -9.271002e-01 1.185320e+01 1.350000e+01
    endloop
  endfacet
  facet normal 0.000000e+00 0.000000e+00 1.000000e+00
    outer loop
      vertex -2.427100e+00 1.076340e+01 1.350000e+01
      vertex -2.420500e+00 1.039750e+01 1.350000e+01
      vertex -1.397500e+00 1.142050e+01 1.350000e+01
    endloop
  endfacet
  facet normal 0.000000e+00 0.000000e+00 1.000000e+00
    outer loop
      vertex -9.271002e-01 1.185320e+01 1.350000e+01
      vertex 2.220446e-16 1.179500e+01 1.350000e+01
      vertex 9.271002e-01 1.185320e+01 1.350000e+01
    endloop
  endfacet
  facet normal 0.000000e+00 0.000000e+00 1.000000e+00
    outer loop
      vertex 2.220446e-16 1.179500e+01 1.350000e+01
      vertex 2.014999e-01 1.174100e+01 1.350000e+01
      vertex 9.271002e-01 1.185320e+01 1.350000e+01
    endloop
  endfacet
  facet normal 0.000000e+00 0.000000e+00 1.000000e+00
    outer loop
      vertex 9.271002e-01 1.185320e+01 1.350000e+01
      vertex 1.397499e+00 1.142050e+01 1.350000e+01
      vertex 2.427099e+00 1.076340e+01 1.350000e+01
    endloop
  endfacet
  facet normal 0.000000e+00 0.000000e+00 1.000000e+00
    outer loop
      vertex 2.427099e+00 1.076340e+01 1.350000e+01
      vertex 2.420500e+00 1.039750e+01 1.350000e+01
      vertex 3.000000e+00 9.000000e+00 1.350000e+01
    endloop
  endfacet
  facet normal 0.000000e+00 0.000000e+00 1.000000e+00
    outer loop
      vertex 2.420500e+00 1.039750e+01 1.350000e+01
      vertex 2.474501e+00 1.019600e+01 1.350000e+01
      vertex 3.000000e+00 9.000000e+00 1.350000e+01
    endloop
  endfacet
  facet normal 0.000000e+00 0.000000e+00 1.000000e+00
    outer loop
      vertex 2.474501e+00 1.019600e+01 1.350000e+01
      vertex 2.795000e+00 9.000000e+00 1.350000e+01
      vertex 3.000000e+00 9.000000e+00 1.350000e+01
    endloop
  endfacet
  facet normal 0.000000e+00 0.000000e+00 1.000000e+00
    outer loop
      vertex 3.000000e+00 9.000000e+00 1.350000e+01
      vertex 2.740999e+00 8.798500e+00 1.350000e+01
      vertex 2.427099e+00 7.236601e+00 1.350000e+01
    endloop
  endfacet
  facet normal 0.000000e+00 0.000000e+00 1.000000e+00
    outer loop
      vertex 2.740999e+00 8.798500e+00 1.350000e+01
      vertex 2.420500e+00 7.602501e+00 1.350000e+01
      vertex 2.427099e+00 7.236601e+00 1.350000e+01
    endloop
  endfacet
  facet normal 0.000000e+00 0.000000e+00 1.000000e+00
    outer loop
      vertex 2.427099e+00 7.236601e+00 1.350000e+01
      vertex 1.397499e+00 6.579500e+00 1.350000e+01
      vertex 9.271002e-01 6.146799e+00 1.350000e+01
    endloop
  endfacet
  facet normal 0.000000e+00 0.000000e+00 1.000000e+00
    outer loop
      vertex 1.397499e+00 6.579500e+00 1.350000e+01
      vertex 1.195999e+00 6.525499e+00 1.350000e+01
      vertex 9.271002e-01 6.146799e+00 1.350000e+01
    endloop
  endfacet
  facet normal 0.000000e+00 0.000000e+00 1.000000e+00
    outer loop
      vertex 9.271002e-01 6.146799e+00 1.350000e+01
      vertex 2.220446e-16 6.205000e+00 1.350000e+01
      vertex -9.271002e-01 6.146799e+00 1.350000e+01
    endloop
  endfacet
  facet normal 0.000000e+00 0.000000e+00 1.000000e+00
    outer loop
      vertex 2.220446e-16 6.205000e+00 1.350000e+01
      vertex -2.014999e-01 6.259001e+00 1.350000e+01
      vertex -9.271002e-01 6.146799e+00 1.350000e+01
    endloop
  endfacet
  facet normal 0.000000e+00 0.000000e+00 1.000000e+00
    outer loop
      vertex -9.271002e-01 6.146799e+00 1.350000e+01
      vertex -1.397500e+00 6.579500e+00 1.350000e+01
      vertex -2.427100e+00 7.236601e+00 1.350000e+01
    endloop
  endfacet
  facet normal 0.000000e+00 0.000000e+00 1.000000e+00
    outer loop
      vertex -1.397500e+00 6.579500e+00 1.350000e+01
      vertex -2.420500e+00 7.602501e+00 1.350000e+01
      vertex -2.427100e+00 7.236601e+00 1.350000e+01
    endloop
  endfacet
  facet normal 0.000000e+00 0.000000e+00 1.000000e+00
    outer loop
      vertex -2.474500e+00 7.804001e+00 1.350000e+01
      vertex -2.679100e+00 8.567600e+00 1.350000e+01
      vertex -2.420500e+00 7.602501e+00 1.350000e+01
    endloop
  endfacet
  facet normal 0.000000e+00 0.000000e+00 1.000000e+00
    outer loop
      vertex -2.679100e+00 9.432400e+00 1.350000e+01
      vertex -2.420500e+00 1.039750e+01 1.350000e+01
      vertex -2.427100e+00 1.076340e+01 1.350000e+01
    endloop
  endfacet
  facet normal 0.000000e+00 0.000000e+00 1.000000e+00
    outer loop
      vertex 3.555599e+00 8.000000e+00 1.800000e+01
      vertex 3.500000e+00 8.000000e+00 1.800000e+01
      vertex 4.232201e+00 6.232201e+00 1.800000e+01
    endloop
  endfacet
  facet normal 0.000000e+00 0.000000e+00 1.000000e+00
    outer loop
      vertex 4.271500e+00 6.271500e+00 1.800000e+01
      vertex 3.555599e+00 8.000000e+00 1.800000e+01
      vertex 4.232201e+00 6.232201e+00 1.800000e+01
    endloop
  endfacet
  facet normal 0.000000e+00 0.000000e+00 1.000000e+00
    outer loop
      vertex 4.792900e+00 6.000000e+00 1.800000e+01
      vertex 4.271500e+00 6.271500e+00 1.800000e+01
      vertex 4.232201e+00 6.232201e+00 1.800000e+01
    endloop
  endfacet
  facet normal 0.000000e+00 0.000000e+00 1.000000e+00
    outer loop
      vertex 4.232201e+00 9.767799e+00 1.800000e+01
      vertex 3.500000e+00 8.000000e+00 1.800000e+01
      vertex 3.555599e+00 8.000000e+00 1.800000e+01
    endloop
  endfacet
  facet normal 0.000000e+00 0.000000e+00 1.000000e+00
    outer loop
      vertex 6.000000e+00 1.044440e+01 1.800000e+01
      vertex 4.232201e+00 9.767799e+00 1.800000e+01
      vertex 4.271500e+00 9.728500e+00 1.800000e+01
    endloop
  endfacet
  facet normal 0.000000e+00 0.000000e+00 1.000000e+00
    outer loop
      vertex 6.000000e+00 1.050000e+01 1.800000e+01
      vertex 4.232201e+00 9.767799e+00 1.800000e+01
      vertex 6.000000e+00 1.044440e+01 1.800000e+01
    endloop
  endfacet
  facet normal 0.000000e+00 0.000000e+00 1.000000e+00
    outer loop
      vertex 7.767799e+00 9.767799e+00 1.800000e+01
      vertex 6.000000e+00 1.044440e+01 1.800000e+01
      vertex 7.728500e+00 9.728500e+00 1.800000e+01
    endloop
  endfacet
  facet normal 0.000000e+00 0.000000e+00 1.000000e+00
    outer loop
      vertex 8.500000e+00 8.000000e+00 1.800000e+01
      vertex 7.728500e+00 9.728500e+00 1.800000e+01
      vertex 8.444401e+00 8.000000e+00 1.800000e+01
    endloop
  endfacet
  facet normal 0.000000e+00 0.000000e+00 1.000000e+00
    outer loop
      vertex 7.767799e+00 6.232201e+00 1.800000e+01
      vertex 8.444401e+00 8.000000e+00 1.800000e+01
      vertex 7.728500e+00 6.271500e+00 1.800000e+01
    endloop
  endfacet
  facet normal 0.000000e+00 0.000000e+00 1.000000e+00
    outer loop
      vertex 6.000000e+00 5.500000e+00 1.800000e+01
      vertex 7.728500e+00 6.271500e+00 1.800000e+01
      vertex 6.000000e+00 5.555599e+00 1.800000e+01
    endloop
  endfacet
  facet normal 0.000000e+00 0.000000e+00 1.000000e+00
    outer loop
      vertex 7.767799e+00 6.232201e+00 1.800000e+01
      vertex 7.728500e+00 6.271500e+00 1.800000e+01
      vertex 6.000000e+00 5.500000e+00 1.800000e+01
    endloop
  endfacet
  facet normal 0.000000e+00 0.000000e+00 1.000000e+00
    outer loop
      vertex 8.500000e+00 8.000000e+00 1.800000e+01
      vertex 8.444401e+00 8.000000e+00 1.800000e+01
      vertex 7.767799e+00 6.232201e+00 1.800000e+01
    endloop
  endfacet
  facet normal 0.000000e+00 0.000000e+00 1.000000e+00
    outer loop
      vertex 7.767799e+00 9.767799e+00 1.800000e+01
      vertex 7.728500e+00 9.728500e+00 1.800000e+01
      vertex 8.500000e+00 8.000000e+00 1.800000e+01
    endloop
  endfacet
  facet normal 0.000000e+00 0.000000e+00 1.000000e+00
    outer loop
      vertex 6.000000e+00 1.050000e+01 1.800000e+01
      vertex 6.000000e+00 1.044440e+01 1.800000e+01
      vertex 7.767799e+00 9.767799e+00 1.800000e+01
    endloop
  endfacet
  facet normal 0.000000e+00 0.000000e+00 1.000000e+00
    outer loop
      vertex 4.927000e+00 6.000000e+00 1.800000e+01
      vertex 4.271500e+00 6.271500e+00 1.800000e+01
      vertex 4.792900e+00 6.000000e+00 1.800000e+01
    endloop
  endfacet
  facet normal 0.000000e+00 0.000000e+00 1.000000e+00
    outer loop
      vertex 3.555599e+00 8.000000e+00 1.800000e+01
      vertex 4.271500e+00 9.728500e+00 1.800000e+01
      vertex 4.232201e+00 9.767799e+00 1.800000e+01
    endloop
  endfacet
  facet normal -3.706719e-01 -8.948807e-01 2.485779e-01
    outer loop
      vertex 6.000000e+00 8.000000e+00 2.680000e+01
      vertex 4.271500e+00 6.271500e+00 1.800000e+01
      vertex 4.927000e+00 6.000000e+00 1.800000e+01
    endloop
  endfacet
  facet normal -3.706719e-01 -8.948807e-01 2.485779e-01
    outer loop
      vertex 6.000000e+00 5.888901e+00 1.920000e+01
      vertex 6.000000e+00 8.000000e+00 2.680000e+01
      vertex 5.731800e+00 6.000000e+00 1.920000e+01
    endloop
  endfacet
  facet normal -3.706719e-01 -8.948807e-01 2.485779e-01
    outer loop
      vertex 5.731800e+00 6.000000e+00 1.920000e+01
      vertex 6.000000e+00 8.000000e+00 2.680000e+01
      vertex 4.927000e+00 6.000000e+00 1.800000e+01
    endloop
  endfacet
  facet normal 0.000000e+00 0.000000e+00 1.000000e+00
    outer loop
      vertex 5.731800e+00 6.000000e+00 1.920000e+01
      vertex 4.540300e+00 6.000000e+00 1.920000e+01
      vertex 5.415300e+00 5.415300e+00 1.920000e+01
    endloop
  endfacet
  facet normal 0.000000e+00 0.000000e+00 1.000000e+00
    outer loop
      vertex 6.000000e+00 4.540300e+00 1.920000e+01
      vertex 5.731800e+00 6.000000e+00 1.920000e+01
      vertex 5.415300e+00 5.415300e+00 1.920000e+01
    endloop
  endfacet
  facet normal 0.000000e+00 0.000000e+00 1.000000e+00
    outer loop
      vertex 6.000000e+00 4.540300e+00 1.920000e+01
      vertex 6.000000e+00 5.888901e+00 1.920000e+01
      vertex 5.731800e+00 6.000000e+00 1.920000e+01
    endloop
  endfacet
  facet normal 5.254722e-01 7.864243e-01 3.246781e-01
    outer loop
      vertex 2.000000e+00 2.000000e+00 3.300000e+01
      vertex 4.540300e+00 6.000000e+00 1.920000e+01
      vertex 3.875099e+00 6.527000e+00 1.900000e+01
    endloop
  endfacet
  facet normal 5.254722e-01 7.864243e-01 3.246781e-01
    outer loop
      vertex 2.000000e+00 2.000000e+00 3.300000e+01
      vertex 5.415300e+00 5.415300e+00 1.920000e+01
      vertex 4.540300e+00 6.000000e+00 1.920000e+01
    endloop
  endfacet
  facet normal 5.254722e-01 7.864243e-01 3.246781e-01
    outer loop
      vertex 4.663900e+00 6.000000e+00 1.900000e+01
      vertex 3.875099e+00 6.527000e+00 1.900000e+01
      vertex 4.540300e+00 6.000000e+00 1.920000e+01
    endloop
  endfacet
  facet normal 0.000000e+00 0.000000e+00 -1.000000e+00
    outer loop
      vertex -6.639004e-01 6.000000e+00 1.900000e+01
      vertex 1.248999e-01 6.527000e+00 1.900000e+01
      vertex 4.663900e+00 6.000000e+00 1.900000e+01
    endloop
  endfacet
  facet normal 0.000000e+00 0.000000e+00 -1.000000e+00
    outer loop
      vertex 4.663900e+00 6.000000e+00 1.900000e+01
      vertex 1.248999e-01 6.527000e+00 1.900000e+01
      vertex 2.000000e+00 6.900000e+00 1.900000e+01
    endloop
  endfacet
  facet normal 0.000000e+00 0.000000e+00 -1.000000e+00
    outer loop
      vertex 4.663900e+00 6.000000e+00 1.900000e+01
      vertex 2.000000e+00 6.900000e+00 1.900000e+01
      vertex 3.875099e+00 6.527000e+00 1.900000e+01
    endloop
  endfacet
  facet normal -5.254722e-01 7.864243e-01 3.246781e-01
    outer loop
      vertex -1.415300e+00 5.415300e+00 1.920000e+01
      vertex 2.000000e+00 2.000000e+00 3.300000e+01
      vertex -5.403004e-01 6.000000e+00 1.920000e+01
    endloop
  endfacet
  facet normal -5.254722e-01 7.864243e-01 3.246781e-01
    outer loop
      vertex -5.403004e-01 6.000000e+00 1.920000e+01
      vertex 2.000000e+00 2.000000e+00 3.300000e+01
      vertex 1.248999e-01 6.527000e+00 1.900000e+01
    endloop
  endfacet
  facet normal -5.254722e-01 7.864243e-01 3.246781e-01
    outer loop
      vertex -5.403004e-01 6.000000e+00 1.920000e+01
      vertex 1.248999e-01 6.527000e+00 1.900000e+01
      vertex -6.639004e-01 6.000000e+00 1.900000e+01
    endloop
  endfacet
  facet normal -2.260451e-01 -8.436101e-01 4.870580e-01
    outer loop
      vertex -1.343500e+00 6.673000e+00 1.868700e+01
      vertex -1.732100e+00 6.000000e+00 1.734100e+01
      vertex -6.704998e-01 6.000000e+00 1.783370e+01
    endloop
  endfacet
  facet normal -2.260451e-01 -8.436101e-01 4.870580e-01
    outer loop
      vertex 2.220446e-16 6.313000e+00 1.868700e+01
      vertex -1.343500e+00 6.673000e+00 1.868700e+01
      vertex -6.704998e-01 6.000000e+00 1.783370e+01
    endloop
  endfacet
  facet normal -2.260451e-01 -8.436101e-01 4.870580e-01
    outer loop
      vertex 2.220446e-16 6.000000e+00 1.814490e+01
      vertex 2.220446e-16 6.313000e+00 1.868700e+01
      vertex -6.704998e-01 6.000000e+00 1.783370e+01
    endloop
  endfacet
  facet normal 2.260451e-01 -8.436101e-01 4.870580e-01
    outer loop
      vertex 2.220446e-16 6.313000e+00 1.868700e+01
      vertex 2.220446e-16 6.000000e+00 1.814490e+01
      vertex 1.168100e+00 6.000000e+00 1.760280e+01
    endloop
  endfacet
  facet normal 2.260451e-01 -8.436101e-01 4.870580e-01
    outer loop
      vertex 1.343500e+00 6.673000e+00 1.868700e+01
      vertex 2.220446e-16 6.313000e+00 1.868700e+01
      vertex 1.168100e+00 6.000000e+00 1.760280e+01
    endloop
  endfacet
  facet normal 2.260451e-01 -8.436101e-01 4.870580e-01
    outer loop
      vertex 1.732100e+00 6.000000e+00 1.734100e+01
      vertex 1.343500e+00 6.673000e+00 1.868700e+01
      vertex 1.168100e+00 6.000000e+00 1.760280e+01
    endloop
  endfacet
  facet normal 6.175655e-01 -6.175655e-01 4.870583e-01
    outer loop
      vertex 2.327000e+00 7.656500e+00 1.868700e+01
      vertex 1.343500e+00 6.673000e+00 1.868700e+01
      vertex 1.732100e+00 6.000000e+00 1.734100e+01
    endloop
  endfacet
  facet normal 6.175655e-01 -6.175655e-01 4.870583e-01
    outer loop
      vertex 3.178801e+00 7.164700e+00 1.698350e+01
      vertex 2.327000e+00 7.656500e+00 1.868700e+01
      vertex 2.014000e+00 6.000000e+00 1.698350e+01
    endloop
  endfacet
  facet normal 6.175655e-01 -6.175655e-01 4.870583e-01
    outer loop
      vertex 2.014000e+00 6.000000e+00 1.698350e+01
      vertex 2.327000e+00 7.656500e+00 1.868700e+01
      vertex 1.732100e+00 6.000000e+00 1.734100e+01
    endloop
  endfacet
  facet normal 7.071068e-01 -7.071068e-01 0.000000e+00
    outer loop
      vertex 2.014000e+00 6.000000e+00 1.698350e+01
      vertex 2.014000e+00 6.000000e+00 1.501650e+01
      vertex 3.178801e+00 7.164700e+00 1.501650e+01
    endloop
  endfacet
  facet normal 7.071068e-01 -7.071068e-01 0.000000e+00
    outer loop
      vertex 3.178801e+00 7.164700e+00 1.698350e+01
      vertex 2.014000e+00 6.000000e+00 1.698350e+01
      vertex 3.178801e+00 7.164700e+00 1.501650e+01
    endloop
  endfacet
  facet normal 6.175655e-01 -6.175655e-01 -4.870583e-01
    outer loop
      vertex 1.732100e+00 6.000000e+00 1.465900e+01
      vertex 1.397499e+00 6.579500e+00 1.350000e+01
      vertex 2.420500e+00 7.602501e+00 1.350000e+01
    endloop
  endfacet
  facet normal 6.175655e-01 -6.175655e-01 -4.870583e-01
    outer loop
      vertex 2.014000e+00 6.000000e+00 1.501650e+01
      vertex 1.732100e+00 6.000000e+00 1.465900e+01
      vertex 3.178801e+00 7.164700e+00 1.501650e+01
    endloop
  endfacet
  facet normal 6.175655e-01 -6.175655e-01 -4.870583e-01
    outer loop
      vertex 3.178801e+00 7.164700e+00 1.501650e+01
      vertex 1.732100e+00 6.000000e+00 1.465900e+01
      vertex 2.420500e+00 7.602501e+00 1.350000e+01
    endloop
  endfacet
  facet normal 2.260451e-01 -8.436101e-01 -4.870580e-01
    outer loop
      vertex 1.732100e+00 6.000000e+00 1.465900e+01
      vertex 6.704998e-01 6.000000e+00 1.416630e+01
      vertex 1.195999e+00 6.525499e+00 1.350000e+01
    endloop
  endfacet
  facet normal 2.260451e-01 -8.436101e-01 -4.870580e-01
    outer loop
      vertex 1.397499e+00 6.579500e+00 1.350000e+01
      vertex 1.732100e+00 6.000000e+00 1.465900e+01
      vertex 1.195999e+00 6.525499e+00 1.350000e+01
    endloop
  endfacet
  facet normal 2.260451e-01 -8.436101e-01 -4.870580e-01
    outer loop
      vertex 6.704998e-01 6.000000e+00 1.416630e+01
      vertex 2.220446e-16 6.000000e+00 1.385510e+01
      vertex 2.220446e-16 6.205000e+00 1.350000e+01
    endloop
  endfacet
  facet normal 2.260451e-01 -8.436101e-01 -4.870580e-01
    outer loop
      vertex 1.195999e+00 6.525499e+00 1.350000e+01
      vertex 6.704998e-01 6.000000e+00 1.416630e+01
      vertex 2.220446e-16 6.205000e+00 1.350000e+01
    endloop
  endfacet
  facet normal -2.260451e-01 -8.436101e-01 -4.870580e-01
    outer loop
      vertex 2.220446e-16 6.000000e+00 1.385510e+01
      vertex -1.168100e+00 6.000000e+00 1.439720e+01
      vertex -2.014999e-01 6.259001e+00 1.350000e+01
    endloop
  endfacet
  facet normal -2.260451e-01 -8.436101e-01 -4.870580e-01
    outer loop
      vertex 2.220446e-16 6.205000e+00 1.350000e+01
      vertex 2.220446e-16 6.000000e+00 1.385510e+01
      vertex -2.014999e-01 6.259001e+00 1.350000e+01
    endloop
  endfacet
  facet normal -2.260451e-01 -8.436101e-01 -4.870580e-01
    outer loop
      vertex -1.168100e+00 6.000000e+00 1.439720e+01
      vertex -1.732100e+00 6.000000e+00 1.465900e+01
      vertex -1.397500e+00 6.579500e+00 1.350000e+01
    endloop
  endfacet
  facet normal -2.260451e-01 -8.436101e-01 -4.870580e-01
    outer loop
      vertex -2.014999e-01 6.259001e+00 1.350000e+01
      vertex -1.168100e+00 6.000000e+00 1.439720e+01
      vertex -1.397500e+00 6.579500e+00 1.350000e+01
    endloop
  endfacet
  facet normal -5.680649e-01 -8.229837e-01 0.000000e+00
    outer loop
      vertex -9.994040e+00 -6.652490e+00 1.650000e+01
      vertex -9.994040e+00 -6.652490e+00 9.545280e+00
      vertex -9.110390e+00 -7.262430e+00 9.898140e+00
    endloop
  endfacet
  facet normal -5.680649e-01 -8.229837e-01 8.650507e-17
    outer loop
      vertex -8.749850e+00 -7.511300e+00 9.754170e+00
      vertex -9.994040e+00 -6.652490e+00 1.650000e+01
      vertex -9.110390e+00 -7.262430e+00 9.898140e+00
    endloop
  endfacet
  facet normal -5.680649e-01 -8.229837e-01 -3.136869e-17
    outer loop
      vertex -8.749850e+00 -7.511300e+00 9.754170e+00
      vertex -8.418420e+00 -7.740070e+00 9.621820e+00
      vertex -9.994040e+00 -6.652490e+00 1.650000e+01
    endloop
  endfacet
  facet normal -5.680649e-01 -8.229837e-01 -0.000000e+00
    outer loop
      vertex -8.418420e+00 -7.740070e+00 9.621820e+00
      vertex -8.418420e+00 -7.740070e+00 1.650000e+01
      vertex -9.994040e+00 -6.652490e+00 1.650000e+01
    endloop
  endfacet
  facet normal 0.000000e+00 0.000000e+00 1.000000e+00
    outer loop
      vertex -1.074506e+01 -4.923100e+00 1.650000e+01
      vertex -1.088377e+01 -4.957300e+00 1.650000e+01
      vertex -9.994040e+00 -6.652490e+00 1.650000e+01
    endloop
  endfacet
  facet normal 0.000000e+00 0.000000e+00 1.000000e+00
    outer loop
      vertex -9.887110e+00 -6.557760e+00 1.650000e+01
      vertex -1.074506e+01 -4.923100e+00 1.650000e+01
      vertex -9.994040e+00 -6.652490e+00 1.650000e+01
    endloop
  endfacet
  facet normal 0.000000e+00 0.000000e+00 1.000000e+00
    outer loop
      vertex -8.367760e+00 -7.606490e+00 1.650000e+01
      vertex -9.887110e+00 -6.557760e+00 1.650000e+01
      vertex -8.418420e+00 -7.740070e+00 1.650000e+01
    endloop
  endfacet
  facet normal 0.000000e+00 0.000000e+00 1.000000e+00
    outer loop
      vertex -6.318930e+00 -7.747050e+00 1.650000e+01
      vertex -6.535070e+00 -7.829020e+00 1.650000e+01
      vertex -6.588760e+00 -7.962230e+00 1.650000e+01
    endloop
  endfacet
  facet normal 0.000000e+00 0.000000e+00 1.000000e+00
    outer loop
      vertex -6.588760e+00 -7.962230e+00 1.650000e+01
      vertex -8.367760e+00 -7.606490e+00 1.650000e+01
      vertex -8.418420e+00 -7.740070e+00 1.650000e+01
    endloop
  endfacet
  facet normal 0.000000e+00 0.000000e+00 1.000000e+00
    outer loop
      vertex -8.418420e+00 -7.740070e+00 1.650000e+01
      vertex -9.887110e+00 -6.557760e+00 1.650000e+01
      vertex -9.994040e+00 -6.652490e+00 1.650000e+01
    endloop
  endfacet
  facet normal 0.000000e+00 0.000000e+00 1.000000e+00
    outer loop
      vertex -1.088377e+01 -3.042700e+00 1.650000e+01
      vertex -1.088377e+01 -4.957300e+00 1.650000e+01
      vertex -1.074506e+01 -4.923100e+00 1.650000e+01
    endloop
  endfacet
  facet normal 0.000000e+00 0.000000e+00 1.000000e+00
    outer loop
      vertex -9.887110e+00 -1.442200e+00 1.650000e+01
      vertex -1.088377e+01 -3.042700e+00 1.650000e+01
      vertex -1.074506e+01 -3.076900e+00 1.650000e+01
    endloop
  endfacet
  facet normal 0.000000e+00 0.000000e+00 1.000000e+00
    outer loop
      vertex -9.994040e+00 -1.347500e+00 1.650000e+01
      vertex -1.088377e+01 -3.042700e+00 1.650000e+01
      vertex -9.887110e+00 -1.442200e+00 1.650000e+01
    endloop
  endfacet
  facet normal 0.000000e+00 0.000000e+00 1.000000e+00
    outer loop
      vertex -8.766210e+00 -5.000000e-01 1.650000e+01
      vertex -9.887110e+00 -1.442200e+00 1.650000e+01
      vertex -8.644130e+00 -5.843000e-01 1.650000e+01
    endloop
  endfacet
  facet normal 0.000000e+00 0.000000e+00 1.000000e+00
    outer loop
      vertex -9.994040e+00 -1.347500e+00 1.650000e+01
      vertex -9.887110e+00 -1.442200e+00 1.650000e+01
      vertex -8.766210e+00 -5.000000e-01 1.650000e+01
    endloop
  endfacet
  facet normal 0.000000e+00 0.000000e+00 1.000000e+00
    outer loop
      vertex -6.535070e+00 -7.829020e+00 1.650000e+01
      vertex -8.367760e+00 -7.606490e+00 1.650000e+01
      vertex -6.588760e+00 -7.962230e+00 1.650000e+01
    endloop
  endfacet
  facet normal 0.000000e+00 0.000000e+00 1.000000e+00
    outer loop
      vertex -1.074506e+01 -4.923100e+00 1.650000e+01
      vertex -1.074506e+01 -3.076900e+00 1.650000e+01
      vertex -1.088377e+01 -3.042700e+00 1.650000e+01
    endloop
  endfacet
  facet normal 3.417000e-01 -9.009899e-01 2.673170e-01
    outer loop
      vertex -6.318930e+00 -7.747050e+00 1.650000e+01
      vertex -7.000000e+00 -4.000000e+00 3.000000e+01
      vertex -6.535070e+00 -7.829020e+00 1.650000e+01
    endloop
  endfacet
  facet normal 3.417000e-01 -9.009899e-01 2.673170e-01
    outer loop
      vertex -5.445040e+00 -7.050140e+00 1.773190e+01
      vertex -7.000000e+00 -4.000000e+00 3.000000e+01
      vertex -6.318930e+00 -7.747050e+00 1.650000e+01
    endloop
  endfacet
  facet normal 3.417000e-01 -9.009899e-01 2.673170e-01
    outer loop
      vertex -4.808900e+00 -7.174370e+00 1.650000e+01
      vertex -7.000000e+00 -4.000000e+00 3.000000e+01
      vertex -5.445040e+00 -7.050140e+00 1.773190e+01
    endloop
  endfacet
  facet normal 3.417000e-01 -9.009899e-01 2.673170e-01
    outer loop
      vertex -4.808900e+00 -7.174370e+00 1.650000e+01
      vertex -5.445040e+00 -7.050140e+00 1.773190e+01
      vertex -4.843400e+00 -7.187460e+00 1.650000e+01
    endloop
  endfacet
  facet normal 0.000000e+00 0.000000e+00 1.000000e+00
    outer loop
      vertex -6.673230e+00 -9.805780e+00 1.850000e+01
      vertex -6.801940e+00 -9.867770e+00 1.850000e+01
      vertex -5.445040e+00 -1.094986e+01 1.850000e+01
    endloop
  endfacet
  facet normal 0.000000e+00 0.000000e+00 1.000000e+00
    outer loop
      vertex -5.413250e+00 -7.189420e+00 1.850000e+01
      vertex -3.842100e+00 -7.548030e+00 1.850000e+01
      vertex -3.753000e+00 -7.436340e+00 1.850000e+01
    endloop
  endfacet
  facet normal 0.000000e+00 0.000000e+00 1.000000e+00
    outer loop
      vertex -3.842100e+00 -7.548030e+00 1.850000e+01
      vertex -3.142900e+00 -9.000000e+00 1.850000e+01
      vertex -3.000000e+00 -9.000000e+00 1.850000e+01
    endloop
  endfacet
  facet normal 0.000000e+00 0.000000e+00 1.000000e+00
    outer loop
      vertex -6.801940e+00 -8.132230e+00 1.850000e+01
      vertex -6.801940e+00 -9.867770e+00 1.850000e+01
      vertex -6.673230e+00 -9.805780e+00 1.850000e+01
    endloop
  endfacet
  facet normal 0.000000e+00 0.000000e+00 1.000000e+00
    outer loop
      vertex -5.445040e+00 -7.050140e+00 1.850000e+01
      vertex -5.413250e+00 -7.189420e+00 1.850000e+01
      vertex -3.753000e+00 -7.436340e+00 1.850000e+01
    endloop
  endfacet
  facet normal 0.000000e+00 0.000000e+00 1.000000e+00
    outer loop
      vertex -5.445040e+00 -7.050140e+00 1.850000e+01
      vertex -6.801940e+00 -8.132230e+00 1.850000e+01
      vertex -5.413250e+00 -7.189420e+00 1.850000e+01
    endloop
  endfacet
  facet normal 0.000000e+00 0.000000e+00 1.000000e+00
    outer loop
      vertex -3.753000e+00 -7.436340e+00 1.850000e+01
      vertex -3.842100e+00 -7.548030e+00 1.850000e+01
      vertex -3.000000e+00 -9.000000e+00 1.850000e+01
    endloop
  endfacet
  facet normal 0.000000e+00 0.000000e+00 1.000000e+00
    outer loop
      vertex -3.000000e+00 -9.000000e+00 1.850000e+01
      vertex -3.142900e+00 -9.000000e+00 1.850000e+01
      vertex -3.753000e+00 -1.056366e+01 1.850000e+01
    endloop
  endfacet
  facet normal 0.000000e+00 0.000000e+00 1.000000e+00
    outer loop
      vertex -3.142900e+00 -9.000000e+00 1.850000e+01
      vertex -3.842100e+00 -1.045197e+01 1.850000e+01
      vertex -3.753000e+00 -1.056366e+01 1.850000e+01
    endloop
  endfacet
  facet normal 0.000000e+00 0.000000e+00 1.000000e+00
    outer loop
      vertex -3.753000e+00 -1.056366e+01 1.850000e+01
      vertex -5.413250e+00 -1.081058e+01 1.850000e+01
      vertex -5.445040e+00 -1.094986e+01 1.850000e+01
    endloop
  endfacet
  facet normal 0.000000e+00 0.000000e+00 1.000000e+00
    outer loop
      vertex -3.842100e+00 -1.045197e+01 1.850000e+01
      vertex -5.413250e+00 -1.081058e+01 1.850000e+01
      vertex -3.753000e+00 -1.056366e+01 1.850000e+01
    endloop
  endfacet
  facet normal 0.000000e+00 0.000000e+00 1.000000e+00
    outer loop
      vertex -5.413250e+00 -1.081058e+01 1.850000e+01
      vertex -6.673230e+00 -9.805780e+00 1.850000e+01
      vertex -5.445040e+00 -1.094986e+01 1.850000e+01
    endloop
  endfacet
  facet normal 0.000000e+00 0.000000e+00 1.000000e+00
    outer loop
      vertex -6.673230e+00 -9.805780e+00 1.850000e+01
      vertex -6.673230e+00 -8.194220e+00 1.850000e+01
      vertex -6.801940e+00 -8.132230e+00 1.850000e+01
    endloop
  endfacet
  facet normal 0.000000e+00 0.000000e+00 1.000000e+00
    outer loop
      vertex -6.673230e+00 -8.194220e+00 1.850000e+01
      vertex -5.413250e+00 -7.189420e+00 1.850000e+01
      vertex -6.801940e+00 -8.132230e+00 1.850000e+01
    endloop
  endfacet
  facet normal 0.000000e+00 0.000000e+00 1.000000e+00
    outer loop
      vertex -3.584700e+00 -2.207500e+00 1.650000e+01
      vertex -3.458200e+00 -2.141100e+00 1.650000e+01
      vertex -4.808900e+00 -8.255997e-01 1.650000e+01
    endloop
  endfacet
  facet normal 0.000000e+00 0.000000e+00 1.000000e+00
    outer loop
      vertex -5.276360e+00 -5.000000e-01 1.650000e+01
      vertex -5.471940e+00 -5.741997e-01 1.650000e+01
      vertex -4.808900e+00 -8.255997e-01 1.650000e+01
    endloop
  endfacet
  facet normal 0.000000e+00 0.000000e+00 1.000000e+00
    outer loop
      vertex -3.142900e+00 -4.000000e+00 1.650000e+01
      vertex -3.000000e+00 -4.000000e+00 1.650000e+01
      vertex -3.584700e+00 -2.207500e+00 1.650000e+01
    endloop
  endfacet
  facet normal 0.000000e+00 0.000000e+00 1.000000e+00
    outer loop
      vertex -4.727700e+00 -7.081003e-01 1.650000e+01
      vertex -5.276360e+00 -5.000000e-01 1.650000e+01
      vertex -4.808900e+00 -8.255997e-01 1.650000e+01
    endloop
  endfacet
  facet normal 0.000000e+00 0.000000e+00 1.000000e+00
    outer loop
      vertex -3.584700e+00 -5.792500e+00 1.650000e+01
      vertex -3.458200e+00 -5.858890e+00 1.650000e+01
      vertex -3.142900e+00 -4.000000e+00 1.650000e+01
    endloop
  endfacet
  facet normal 0.000000e+00 0.000000e+00 1.000000e+00
    outer loop
      vertex -4.808900e+00 -7.174370e+00 1.650000e+01
      vertex -4.670200e+00 -7.226990e+00 1.650000e+01
      vertex -3.584700e+00 -5.792500e+00 1.650000e+01
    endloop
  endfacet
  facet normal 0.000000e+00 0.000000e+00 1.000000e+00
    outer loop
      vertex -4.843400e+00 -7.187460e+00 1.650000e+01
      vertex -4.670200e+00 -7.226990e+00 1.650000e+01
      vertex -4.808900e+00 -7.174370e+00 1.650000e+01
    endloop
  endfacet
  facet normal 0.000000e+00 0.000000e+00 1.000000e+00
    outer loop
      vertex -4.670200e+00 -7.226990e+00 1.650000e+01
      vertex -3.458200e+00 -5.858890e+00 1.650000e+01
      vertex -3.584700e+00 -5.792500e+00 1.650000e+01
    endloop
  endfacet
  facet normal 0.000000e+00 0.000000e+00 1.000000e+00
    outer loop
      vertex -3.458200e+00 -5.858890e+00 1.650000e+01
      vertex -3.000000e+00 -4.000000e+00 1.650000e+01
      vertex -3.142900e+00 -4.000000e+00 1.650000e+01
    endloop
  endfacet
  facet normal 0.000000e+00 0.000000e+00 1.000000e+00
    outer loop
      vertex -3.000000e+00 -4.000000e+00 1.650000e+01
      vertex -3.458200e+00 -2.141100e+00 1.650000e+01
      vertex -3.584700e+00 -2.207500e+00 1.650000e+01
    endloop
  endfacet
  facet normal 0.000000e+00 0.000000e+00 1.000000e+00
    outer loop
      vertex -3.458200e+00 -2.141100e+00 1.650000e+01
      vertex -4.727700e+00 -7.081003e-01 1.650000e+01
      vertex -4.808900e+00 -8.255997e-01 1.650000e+01
    endloop
  endfacet
  facet normal 4.634089e-01 -8.026480e-01 -3.755110e-01
    outer loop
      vertex -5.465870e+00 -9.857998e-01 1.787980e+01
      vertex -5.637160e+00 -6.367998e-01 1.692240e+01
      vertex -4.986700e+00 -3.900995e-01 1.719780e+01
    endloop
  endfacet
  facet normal 4.634089e-01 -8.026480e-01 -3.755110e-01
    outer loop
      vertex -5.422510e+00 -1.074200e+00 1.812210e+01
      vertex -5.465870e+00 -9.857998e-01 1.787980e+01
      vertex -4.986700e+00 -3.900995e-01 1.719780e+01
    endloop
  endfacet
  facet normal 4.634089e-01 -8.026480e-01 -3.755110e-01
    outer loop
      vertex -4.046800e+00 -2.798996e-01 1.812210e+01
      vertex -5.422510e+00 -1.074200e+00 1.812210e+01
      vertex -4.727700e+00 -2.918997e-01 1.730750e+01
    endloop
  endfacet
  facet normal 4.634089e-01 -8.026480e-01 -3.755110e-01
    outer loop
      vertex -4.727700e+00 -2.918997e-01 1.730750e+01
      vertex -5.422510e+00 -1.074200e+00 1.812210e+01
      vertex -4.986700e+00 -3.900995e-01 1.719780e+01
    endloop
  endfacet
  facet normal 4.634089e-01 -8.026480e-01 -3.755110e-01
    outer loop
      vertex -4.046800e+00 -2.798996e-01 1.812210e+01
      vertex -4.727700e+00 -2.918997e-01 1.730750e+01
      vertex -4.384600e+00 9.529972e-02 1.690310e+01
    endloop
  endfacet
  facet normal 3.417000e-01 9.009899e-01 2.673170e-01
    outer loop
      vertex -5.636140e+00 -1.197500e+00 1.881090e+01
      vertex -7.000000e+00 -4.000000e+00 3.000000e+01
      vertex -5.422510e+00 -1.074200e+00 1.812210e+01
    endloop
  endfacet
  facet normal 3.417000e-01 9.009899e-01 2.673170e-01
    outer loop
      vertex -5.422510e+00 -1.074200e+00 1.812210e+01
      vertex -4.808900e+00 -8.255997e-01 1.650000e+01
      vertex -5.465870e+00 -9.857998e-01 1.787980e+01
    endloop
  endfacet
  facet normal 3.417000e-01 9.009899e-01 2.673170e-01
    outer loop
      vertex -7.000000e+00 -4.000000e+00 3.000000e+01
      vertex -4.808900e+00 -8.255997e-01 1.650000e+01
      vertex -5.422510e+00 -1.074200e+00 1.812210e+01
    endloop
  endfacet
  facet normal 3.417000e-01 9.009899e-01 2.673170e-01
    outer loop
      vertex -7.000000e+00 -4.000000e+00 3.000000e+01
      vertex -5.636140e+00 -1.197500e+00 1.881090e+01
      vertex -6.289750e+00 -1.266200e+00 1.987790e+01
    endloop
  endfacet
  facet normal 3.417000e-01 9.009899e-01 2.673170e-01
    outer loop
      vertex -7.000000e+00 -4.000000e+00 3.000000e+01
      vertex -6.289750e+00 -1.266200e+00 1.987790e+01
      vertex -6.660180e+00 -1.201300e+00 2.013270e+01
    endloop
  endfacet
  facet normal 3.417000e-01 9.009899e-01 2.673170e-01
    outer loop
      vertex -5.465870e+00 -9.857998e-01 1.787980e+01
      vertex -4.808900e+00 -8.255997e-01 1.650000e+01
      vertex -5.471940e+00 -5.741997e-01 1.650000e+01
    endloop
  endfacet
  facet normal 3.417000e-01 9.009899e-01 2.673170e-01
    outer loop
      vertex -5.465870e+00 -9.857998e-01 1.787980e+01
      vertex -5.471940e+00 -5.741997e-01 1.650000e+01
      vertex -5.637160e+00 -6.367998e-01 1.692240e+01
    endloop
  endfacet
  facet normal 7.498112e-01 -5.447702e-01 -3.755111e-01
    outer loop
      vertex -4.046800e+00 -2.798996e-01 1.812210e+01
      vertex -4.384600e+00 9.529972e-02 1.690310e+01
      vertex -3.761600e+00 7.987003e-01 1.712690e+01
    endloop
  endfacet
  facet normal 7.498112e-01 -5.447702e-01 -3.755111e-01
    outer loop
      vertex -2.968000e+00 1.204901e+00 1.812210e+01
      vertex -4.046800e+00 -2.798996e-01 1.812210e+01
      vertex -3.761600e+00 7.987003e-01 1.712690e+01
    endloop
  endfacet
  facet normal 7.498112e-01 -5.447702e-01 -3.755111e-01
    outer loop
      vertex -3.395500e+00 1.395201e+00 1.699230e+01
      vertex -2.968000e+00 1.204901e+00 1.812210e+01
      vertex -3.458200e+00 1.141100e+00 1.723590e+01
    endloop
  endfacet
  facet normal 7.498112e-01 -5.447702e-01 -3.755111e-01
    outer loop
      vertex -3.458200e+00 1.141100e+00 1.723590e+01
      vertex -2.968000e+00 1.204901e+00 1.812210e+01
      vertex -3.761600e+00 7.987003e-01 1.712690e+01
    endloop
  endfacet
  facet normal 9.065649e-01 -1.926960e-01 -3.755110e-01
    outer loop
      vertex -2.968000e+00 1.204901e+00 1.812210e+01
      vertex -3.395500e+00 1.395201e+00 1.699230e+01
      vertex -3.156000e+00 2.367001e+00 1.707190e+01
    endloop
  endfacet
  facet normal 9.065645e-01 -1.926959e-01 -3.755118e-01
    outer loop
      vertex -2.968000e+00 1.204901e+00 1.812210e+01
      vertex -3.156000e+00 2.367001e+00 1.707190e+01
      vertex -3.000000e+00 3.000000e+00 1.712370e+01
    endloop
  endfacet
  facet normal 9.065645e-01 -1.926959e-01 -3.755118e-01
    outer loop
      vertex -2.586500e+00 3.000000e+00 1.812210e+01
      vertex -2.968000e+00 1.204901e+00 1.812210e+01
      vertex -3.000000e+00 3.000000e+00 1.712370e+01
    endloop
  endfacet
  facet normal 9.065645e-01 1.926959e-01 -3.755118e-01
    outer loop
      vertex -3.000000e+00 3.000000e+00 1.712370e+01
      vertex -3.250100e+00 4.014601e+00 1.704060e+01
      vertex -2.586500e+00 3.000000e+00 1.812210e+01
    endloop
  endfacet
  facet normal 9.065649e-01 1.926960e-01 -3.755110e-01
    outer loop
      vertex -3.250100e+00 4.014601e+00 1.704060e+01
      vertex -3.395500e+00 4.604799e+00 1.699230e+01
      vertex -2.968000e+00 4.795099e+00 1.812210e+01
    endloop
  endfacet
  facet normal 9.065649e-01 1.926960e-01 -3.755110e-01
    outer loop
      vertex -2.586500e+00 3.000000e+00 1.812210e+01
      vertex -3.250100e+00 4.014601e+00 1.704060e+01
      vertex -2.968000e+00 4.795099e+00 1.812210e+01
    endloop
  endfacet
  facet normal 7.498112e-01 5.447702e-01 -3.755111e-01
    outer loop
      vertex -3.458200e+00 4.858900e+00 1.723590e+01
      vertex -3.979400e+00 5.447201e+00 1.704860e+01
      vertex -2.968000e+00 4.795099e+00 1.812210e+01
    endloop
  endfacet
  facet normal 7.498112e-01 5.447702e-01 -3.755111e-01
    outer loop
      vertex -3.395500e+00 4.604799e+00 1.699230e+01
      vertex -3.458200e+00 4.858900e+00 1.723590e+01
      vertex -2.968000e+00 4.795099e+00 1.812210e+01
    endloop
  endfacet
  facet normal 7.498112e-01 5.447702e-01 -3.755111e-01
    outer loop
      vertex -3.979400e+00 5.447201e+00 1.704860e+01
      vertex -4.384600e+00 5.904699e+00 1.690310e+01
      vertex -4.046800e+00 6.279900e+00 1.812210e+01
    endloop
  endfacet
  facet normal 7.498112e-01 5.447702e-01 -3.755111e-01
    outer loop
      vertex -2.968000e+00 4.795099e+00 1.812210e+01
      vertex -3.979400e+00 5.447201e+00 1.704860e+01
      vertex -4.046800e+00 6.279900e+00 1.812210e+01
    endloop
  endfacet
  facet normal 4.634089e-01 8.026480e-01 -3.755110e-01
    outer loop
      vertex -5.144880e+00 6.450100e+00 1.713080e+01
      vertex -4.046800e+00 6.279900e+00 1.812210e+01
      vertex -4.727700e+00 6.291901e+00 1.730750e+01
    endloop
  endfacet
  facet normal 4.634089e-01 8.026480e-01 -3.755110e-01
    outer loop
      vertex -4.727700e+00 6.291901e+00 1.730750e+01
      vertex -4.046800e+00 6.279900e+00 1.812210e+01
      vertex -4.384600e+00 5.904699e+00 1.690310e+01
    endloop
  endfacet
  facet normal 4.634089e-01 8.026480e-01 -3.755110e-01
    outer loop
      vertex -5.798450e+00 6.698000e+00 1.685410e+01
      vertex -5.683560e+00 7.051600e+00 1.775160e+01
      vertex -5.144880e+00 6.450100e+00 1.713080e+01
    endloop
  endfacet
  facet normal 4.634089e-01 8.026480e-01 -3.755110e-01
    outer loop
      vertex -5.144880e+00 6.450100e+00 1.713080e+01
      vertex -5.683560e+00 7.051600e+00 1.775160e+01
      vertex -5.432180e+00 7.079800e+00 1.812210e+01
    endloop
  endfacet
  facet normal 4.634089e-01 8.026480e-01 -3.755110e-01
    outer loop
      vertex -5.144880e+00 6.450100e+00 1.713080e+01
      vertex -5.432180e+00 7.079800e+00 1.812210e+01
      vertex -4.046800e+00 6.279900e+00 1.812210e+01
    endloop
  endfacet
  facet normal 9.687848e-02 9.217408e-01 -3.755109e-01
    outer loop
      vertex -6.498390e+00 6.963499e+00 1.732510e+01
      vertex -5.729720e+00 7.172100e+00 1.803560e+01
      vertex -5.798450e+00 6.698000e+00 1.685410e+01
    endloop
  endfacet
  facet normal 9.687848e-02 9.217408e-01 -3.755109e-01
    outer loop
      vertex -5.798450e+00 6.698000e+00 1.685410e+01
      vertex -5.729720e+00 7.172100e+00 1.803560e+01
      vertex -5.683560e+00 7.051600e+00 1.775160e+01
    endloop
  endfacet
  facet normal 9.687889e-02 9.217408e-01 -3.755110e-01
    outer loop
      vertex -7.461340e+00 7.389400e+00 1.812210e+01
      vertex -5.743780e+00 7.208799e+00 1.812210e+01
      vertex -7.406020e+00 6.863001e+00 1.684430e+01
    endloop
  endfacet
  facet normal 9.687889e-02 9.217408e-01 -3.755110e-01
    outer loop
      vertex -7.406020e+00 6.863001e+00 1.684430e+01
      vertex -5.743780e+00 7.208799e+00 1.812210e+01
      vertex -5.729720e+00 7.172100e+00 1.803560e+01
    endloop
  endfacet
  facet normal 9.687889e-02 9.217408e-01 -3.755110e-01
    outer loop
      vertex -6.517850e+00 6.970800e+00 1.733820e+01
      vertex -5.729720e+00 7.172100e+00 1.803560e+01
      vertex -6.498390e+00 6.963499e+00 1.732510e+01
    endloop
  endfacet
  facet normal 9.687889e-02 9.217408e-01 -3.755110e-01
    outer loop
      vertex -7.406020e+00 6.863001e+00 1.684430e+01
      vertex -5.729720e+00 7.172100e+00 1.803560e+01
      vertex -6.517850e+00 6.970800e+00 1.733820e+01
    endloop
  endfacet
  facet normal -2.864021e-01 8.814563e-01 -3.755111e-01
    outer loop
      vertex -7.406020e+00 6.863001e+00 1.684430e+01
      vertex -8.229690e+00 6.763000e+00 1.723780e+01
      vertex -7.461340e+00 7.389400e+00 1.812210e+01
    endloop
  endfacet
  facet normal -2.864030e-01 8.814560e-01 -3.755111e-01
    outer loop
      vertex -9.206770e+00 6.822201e+00 1.812210e+01
      vertex -7.461340e+00 7.389400e+00 1.812210e+01
      vertex -8.418420e+00 6.740101e+00 1.732790e+01
    endloop
  endfacet
  facet normal -2.864030e-01 8.814560e-01 -3.755111e-01
    outer loop
      vertex -9.206770e+00 6.822201e+00 1.812210e+01
      vertex -8.418420e+00 6.740101e+00 1.732790e+01
      vertex -8.948200e+00 6.374399e+00 1.687360e+01
    endloop
  endfacet
  facet normal -2.864030e-01 8.814560e-01 -3.755111e-01
    outer loop
      vertex -8.418420e+00 6.740101e+00 1.732790e+01
      vertex -7.461340e+00 7.389400e+00 1.812210e+01
      vertex -8.229690e+00 6.763000e+00 1.723780e+01
    endloop
  endfacet
  facet normal -6.201621e-01 6.887600e-01 -3.755111e-01
    outer loop
      vertex -8.948200e+00 6.374399e+00 1.687360e+01
      vertex -9.692910e+00 5.860300e+00 1.716070e+01
      vertex -9.206770e+00 6.822201e+00 1.812210e+01
    endloop
  endfacet
  facet normal -6.201621e-01 6.887600e-01 -3.755111e-01
    outer loop
      vertex -1.057062e+01 5.594200e+00 1.812210e+01
      vertex -9.206770e+00 6.822201e+00 1.812210e+01
      vertex -9.994040e+00 5.652500e+00 1.727680e+01
    endloop
  endfacet
  facet normal -6.201621e-01 6.887600e-01 -3.755111e-01
    outer loop
      vertex -1.057062e+01 5.594200e+00 1.812210e+01
      vertex -9.994040e+00 5.652500e+00 1.727680e+01
      vertex -1.017535e+01 5.306999e+00 1.694260e+01
    endloop
  endfacet
  facet normal -6.201621e-01 6.887600e-01 -3.755111e-01
    outer loop
      vertex -9.994040e+00 5.652500e+00 1.727680e+01
      vertex -9.206770e+00 6.822201e+00 1.812210e+01
      vertex -9.692910e+00 5.860300e+00 1.716070e+01
    endloop
  endfacet
  facet normal -8.466902e-01 3.769711e-01 -3.755111e-01
    outer loop
      vertex -1.017535e+01 5.306999e+00 1.694260e+01
      vertex -1.062701e+01 4.446501e+00 1.709700e+01
      vertex -1.057062e+01 5.594200e+00 1.812210e+01
    endloop
  endfacet
  facet normal -8.466905e-01 3.769702e-01 -3.755112e-01
    outer loop
      vertex -1.131709e+01 3.917601e+00 1.812210e+01
      vertex -1.057062e+01 5.594200e+00 1.812210e+01
      vertex -1.088377e+01 3.957300e+00 1.718480e+01
    endloop
  endfacet
  facet normal -8.466905e-01 3.769702e-01 -3.755112e-01
    outer loop
      vertex -1.131709e+01 3.917601e+00 1.812210e+01
      vertex -1.088377e+01 3.957300e+00 1.718480e+01
      vertex -1.088377e+01 3.825500e+00 1.705260e+01
    endloop
  endfacet
  facet normal -8.466905e-01 3.769702e-01 -3.755112e-01
    outer loop
      vertex -1.088377e+01 3.957300e+00 1.718480e+01
      vertex -1.057062e+01 5.594200e+00 1.812210e+01
      vertex -1.062701e+01 4.446501e+00 1.709700e+01
    endloop
  endfacet
  facet normal -9.268180e-01 -0.000000e+00 -3.755110e-01
    outer loop
      vertex -1.131709e+01 2.082399e+00 1.812210e+01
      vertex -1.131709e+01 3.917601e+00 1.812210e+01
      vertex -1.088377e+01 2.174500e+00 1.705260e+01
    endloop
  endfacet
  facet normal -9.268180e-01 -0.000000e+00 -3.755110e-01
    outer loop
      vertex -1.088377e+01 2.174500e+00 1.705260e+01
      vertex -1.131709e+01 3.917601e+00 1.812210e+01
      vertex -1.088377e+01 3.825500e+00 1.705260e+01
    endloop
  endfacet
  facet normal -8.466902e-01 -3.769711e-01 -3.755111e-01
    outer loop
      vertex -1.131709e+01 2.082399e+00 1.812210e+01
      vertex -1.088377e+01 2.042700e+00 1.718480e+01
      vertex -1.045514e+01 1.226000e+00 1.703820e+01
    endloop
  endfacet
  facet normal -8.466902e-01 -3.769711e-01 -3.755111e-01
    outer loop
      vertex -1.131709e+01 2.082399e+00 1.812210e+01
      vertex -1.088377e+01 2.174500e+00 1.705260e+01
      vertex -1.088377e+01 2.042700e+00 1.718480e+01
    endloop
  endfacet
  facet normal -8.466905e-01 -3.769702e-01 -3.755112e-01
    outer loop
      vertex -1.131709e+01 2.082399e+00 1.812210e+01
      vertex -1.045514e+01 1.226000e+00 1.703820e+01
      vertex -1.057062e+01 4.057999e-01 1.812210e+01
    endloop
  endfacet
  facet normal -8.466905e-01 -3.769702e-01 -3.755112e-01
    outer loop
      vertex -1.057062e+01 4.057999e-01 1.812210e+01
      vertex -1.045514e+01 1.226000e+00 1.703820e+01
      vertex -1.017535e+01 6.929998e-01 1.694260e+01
    endloop
  endfacet
  facet normal -6.201621e-01 -6.887600e-01 -3.755111e-01
    outer loop
      vertex -9.994040e+00 3.474998e-01 1.727680e+01
      vertex -1.057062e+01 4.057999e-01 1.812210e+01
      vertex -1.017535e+01 6.929998e-01 1.694260e+01
    endloop
  endfacet
  facet normal -6.201621e-01 -6.887600e-01 -3.755111e-01
    outer loop
      vertex -9.475290e+00 -1.060009e-02 1.707680e+01
      vertex -1.057062e+01 4.057999e-01 1.812210e+01
      vertex -9.994040e+00 3.474998e-01 1.727680e+01
    endloop
  endfacet
  facet normal -6.201621e-01 -6.887600e-01 -3.755111e-01
    outer loop
      vertex -9.206770e+00 -8.221998e-01 1.812210e+01
      vertex -1.057062e+01 4.057999e-01 1.812210e+01
      vertex -9.475290e+00 -1.060009e-02 1.707680e+01
    endloop
  endfacet
  facet normal -6.201621e-01 -6.887600e-01 -3.755111e-01
    outer loop
      vertex -8.948200e+00 -3.744001e-01 1.687360e+01
      vertex -9.206770e+00 -8.221998e-01 1.812210e+01
      vertex -9.475290e+00 -1.060009e-02 1.707680e+01
    endloop
  endfacet
  facet normal -2.864021e-01 -8.814563e-01 -3.755111e-01
    outer loop
      vertex -8.461690e+00 -7.806997e-01 1.745640e+01
      vertex -9.206770e+00 -8.221998e-01 1.812210e+01
      vertex -8.948200e+00 -3.744001e-01 1.687360e+01
    endloop
  endfacet
  facet normal -2.864021e-01 -8.814563e-01 -3.755111e-01
    outer loop
      vertex -8.448200e+00 -7.194996e-01 1.730240e+01
      vertex -8.461690e+00 -7.806997e-01 1.745640e+01
      vertex -8.948200e+00 -3.744001e-01 1.687360e+01
    endloop
  endfacet
  facet normal -5.473921e-01 7.930343e-01 2.673171e-01
    outer loop
      vertex -8.448200e+00 -7.194996e-01 1.730240e+01
      vertex -8.644130e+00 -5.843000e-01 1.650000e+01
      vertex -8.461690e+00 -7.806997e-01 1.745640e+01
    endloop
  endfacet
  facet normal -5.473921e-01 7.930343e-01 2.673171e-01
    outer loop
      vertex -9.887110e+00 -1.442200e+00 1.650000e+01
      vertex -7.000000e+00 -4.000000e+00 3.000000e+01
      vertex -8.520010e+00 -1.045400e+00 1.812210e+01
    endloop
  endfacet
  facet normal -5.473921e-01 7.930343e-01 2.673171e-01
    outer loop
      vertex -9.887110e+00 -1.442200e+00 1.650000e+01
      vertex -8.520010e+00 -1.045400e+00 1.812210e+01
      vertex -8.644130e+00 -5.843000e-01 1.650000e+01
    endloop
  endfacet
  facet normal -5.473921e-01 7.930343e-01 2.673171e-01
    outer loop
      vertex -8.520010e+00 -1.045400e+00 1.812210e+01
      vertex -7.000000e+00 -4.000000e+00 3.000000e+01
      vertex -8.064400e+00 -1.193400e+00 1.949420e+01
    endloop
  endfacet
  facet normal -5.473921e-01 7.930343e-01 2.673171e-01
    outer loop
      vertex -8.461690e+00 -7.806997e-01 1.745640e+01
      vertex -8.644130e+00 -5.843000e-01 1.650000e+01
      vertex -8.520010e+00 -1.045400e+00 1.812210e+01
    endloop
  endfacet
  facet normal -8.436101e-01 -2.260451e-01 4.870580e-01
    outer loop
      vertex -2.687000e+00 9.000000e+00 1.868700e+01
      vertex -3.178800e+00 7.164700e+00 1.698350e+01
      vertex -2.327000e+00 7.656500e+00 1.868700e+01
    endloop
  endfacet
  facet normal -4.955722e-01 -1.327880e-01 8.583563e-01
    outer loop
      vertex -9.834995e-01 9.000000e+00 1.967050e+01
      vertex -2.687000e+00 9.000000e+00 1.868700e+01
      vertex -2.327000e+00 7.656500e+00 1.868700e+01
    endloop
  endfacet
  facet normal -4.955722e-01 -1.327880e-01 8.583563e-01
    outer loop
      vertex -9.834995e-01 9.000000e+00 1.967050e+01
      vertex -2.327000e+00 7.656500e+00 1.868700e+01
      vertex -8.516998e-01 8.508200e+00 1.967050e+01
    endloop
  endfacet
  facet normal -3.627841e-01 -3.627841e-01 8.583562e-01
    outer loop
      vertex -8.516998e-01 8.508200e+00 1.967050e+01
      vertex -2.327000e+00 7.656500e+00 1.868700e+01
      vertex -1.343500e+00 6.673000e+00 1.868700e+01
    endloop
  endfacet
  facet normal -3.627841e-01 -3.627841e-01 8.583562e-01
    outer loop
      vertex -4.918003e-01 8.148300e+00 1.967050e+01
      vertex -8.516998e-01 8.508200e+00 1.967050e+01
      vertex -1.343500e+00 6.673000e+00 1.868700e+01
    endloop
  endfacet
  facet normal -1.327880e-01 -4.955722e-01 8.583563e-01
    outer loop
      vertex -4.918003e-01 8.148300e+00 1.967050e+01
      vertex -1.343500e+00 6.673000e+00 1.868700e+01
      vertex 2.220446e-16 6.313000e+00 1.868700e+01
    endloop
  endfacet
  facet normal 9.276509e-01 -1.845210e-01 3.246780e-01
    outer loop
      vertex 3.786501e+00 1.881701e+00 2.782850e+01
      vertex 2.000000e+00 2.000000e+00 3.300000e+01
      vertex 3.786501e+00 1.260000e+00 2.747520e+01
    endloop
  endfacet
  facet normal 9.276509e-01 -1.845210e-01 3.246780e-01
    outer loop
      vertex 4.150600e+00 2.000000e+00 2.685530e+01
      vertex 2.000000e+00 2.000000e+00 3.300000e+01
      vertex 3.786501e+00 1.881701e+00 2.782850e+01
    endloop
  endfacet
  facet normal 7.864243e-01 -5.254722e-01 3.246781e-01
    outer loop
      vertex 3.786501e+00 1.260000e+00 2.747520e+01
      vertex 2.000000e+00 2.000000e+00 3.300000e+01
      vertex 3.786501e+00 2.135000e-01 2.578160e+01
    endloop
  endfacet
  facet normal 5.254722e-01 -7.864243e-01 3.246781e-01
    outer loop
      vertex 3.786501e+00 1.183004e-01 2.555100e+01
      vertex 2.000000e+00 2.000000e+00 3.300000e+01
      vertex 3.875099e+00 -2.527000e+00 1.900000e+01
    endloop
  endfacet
  facet normal 5.254722e-01 -7.864243e-01 3.246781e-01
    outer loop
      vertex 3.927500e+00 7.250023e-02 2.521170e+01
      vertex 3.875099e+00 -2.527000e+00 1.900000e+01
      vertex 4.540300e+00 -2.000000e+00 1.920000e+01
    endloop
  endfacet
  facet normal 5.254722e-01 -7.864243e-01 3.246781e-01
    outer loop
      vertex 4.663900e+00 -2.000000e+00 1.900000e+01
      vertex 4.540300e+00 -2.000000e+00 1.920000e+01
      vertex 3.875099e+00 -2.527000e+00 1.900000e+01
    endloop
  endfacet
  facet normal 5.254722e-01 -7.864243e-01 3.246781e-01
    outer loop
      vertex 3.927500e+00 7.250023e-02 2.521170e+01
      vertex 3.786501e+00 1.183004e-01 2.555100e+01
      vertex 3.875099e+00 -2.527000e+00 1.900000e+01
    endloop
  endfacet
  facet normal 5.254722e-01 -7.864243e-01 3.246781e-01
    outer loop
      vertex 3.786501e+00 2.135000e-01 2.578160e+01
      vertex 2.000000e+00 2.000000e+00 3.300000e+01
      vertex 3.786501e+00 1.183004e-01 2.555100e+01
    endloop
  endfacet
  facet normal 5.254722e-01 -7.864243e-01 3.246781e-01
    outer loop
      vertex 4.540300e+00 -2.000000e+00 1.920000e+01
      vertex 5.415300e+00 -1.415300e+00 1.920000e+01
      vertex 3.927500e+00 7.250023e-02 2.521170e+01
    endloop
  endfacet
  facet normal 1.845210e-01 -9.276509e-01 3.246780e-01
    outer loop
      vertex 2.000000e+00 2.000000e+00 3.300000e+01
      vertex 2.000000e+00 -2.900000e+00 1.900000e+01
      vertex 3.875099e+00 -2.527000e+00 1.900000e+01
    endloop
  endfacet
  facet normal -1.845210e-01 -9.276509e-01 3.246780e-01
    outer loop
      vertex 2.000000e+00 2.000000e+00 3.300000e+01
      vertex 2.560997e-01 -2.210200e+00 1.997980e+01
      vertex 1.247000e+00 -2.436300e+00 1.989680e+01
    endloop
  endfacet
  facet normal -1.845210e-01 -9.276509e-01 3.246780e-01
    outer loop
      vertex 1.414101e+00 -2.783500e+00 1.900000e+01
      vertex 2.000000e+00 2.000000e+00 3.300000e+01
      vertex 1.247000e+00 -2.436300e+00 1.989680e+01
    endloop
  endfacet
  facet normal -1.845210e-01 -9.276509e-01 3.246780e-01
    outer loop
      vertex 1.414101e+00 -2.783500e+00 1.900000e+01
      vertex 2.000000e+00 -2.900000e+00 1.900000e+01
      vertex 2.000000e+00 2.000000e+00 3.300000e+01
    endloop
  endfacet
  facet normal -5.254722e-01 -7.864243e-01 3.246781e-01
    outer loop
      vertex -4.449997e-01 -2.050100e+00 1.923270e+01
      vertex 2.560997e-01 -2.210200e+00 1.997980e+01
      vertex 2.000000e+00 2.000000e+00 3.300000e+01
    endloop
  endfacet
  facet normal -5.254722e-01 -7.864243e-01 3.246781e-01
    outer loop
      vertex 2.000000e+00 2.000000e+00 3.300000e+01
      vertex -1.415300e+00 -1.415300e+00 1.920000e+01
      vertex -5.403004e-01 -2.000000e+00 1.920000e+01
    endloop
  endfacet
  facet normal -5.254722e-01 -7.864243e-01 3.246781e-01
    outer loop
      vertex -5.106001e-01 -2.102400e+00 1.900000e+01
      vertex 2.000000e+00 2.000000e+00 3.300000e+01
      vertex -5.403004e-01 -2.000000e+00 1.920000e+01
    endloop
  endfacet
  facet normal -5.254722e-01 -7.864243e-01 3.246781e-01
    outer loop
      vertex -6.639004e-01 -2.000000e+00 1.900000e+01
      vertex -5.106001e-01 -2.102400e+00 1.900000e+01
      vertex -5.403004e-01 -2.000000e+00 1.920000e+01
    endloop
  endfacet
  facet normal -5.254722e-01 -7.864243e-01 3.246781e-01
    outer loop
      vertex -5.106001e-01 -2.102400e+00 1.900000e+01
      vertex -4.449997e-01 -2.050100e+00 1.923270e+01
      vertex 2.000000e+00 2.000000e+00 3.300000e+01
    endloop
  endfacet
  facet normal -9.276509e-01 -1.845210e-01 3.246780e-01
    outer loop
      vertex -2.851200e+00 1.754601e+00 1.900000e+01
      vertex -2.527000e+00 1.248999e-01 1.900000e+01
      vertex -2.799000e+00 2.000000e+00 1.928850e+01
    endloop
  endfacet
  facet normal -9.276509e-01 -1.845210e-01 3.246780e-01
    outer loop
      vertex -2.799000e+00 2.000000e+00 1.928850e+01
      vertex -2.527000e+00 1.248999e-01 1.900000e+01
      vertex 2.000000e+00 2.000000e+00 3.300000e+01
    endloop
  endfacet
  facet normal -9.276509e-01 1.845210e-01 3.246780e-01
    outer loop
      vertex -2.799000e+00 2.000000e+00 1.928850e+01
      vertex 2.000000e+00 2.000000e+00 3.300000e+01
      vertex -2.586500e+00 3.000000e+00 1.932750e+01
    endloop
  endfacet
  facet normal -9.276509e-01 1.845210e-01 3.246780e-01
    outer loop
      vertex -2.586500e+00 3.000000e+00 1.932750e+01
      vertex 2.000000e+00 2.000000e+00 3.300000e+01
      vertex -2.527000e+00 3.875099e+00 1.900000e+01
    endloop
  endfacet
  facet normal -9.276509e-01 1.845210e-01 3.246780e-01
    outer loop
      vertex -2.586500e+00 3.000000e+00 1.932750e+01
      vertex -2.527000e+00 3.875099e+00 1.900000e+01
      vertex -2.645700e+00 3.278601e+00 1.900000e+01
    endloop
  endfacet
  facet normal -1.845210e-01 9.276509e-01 3.246780e-01
    outer loop
      vertex 2.000000e+00 6.900000e+00 1.900000e+01
      vertex 1.248999e-01 6.527000e+00 1.900000e+01
      vertex 2.000000e+00 2.000000e+00 3.300000e+01
    endloop
  endfacet
  facet normal 1.845210e-01 9.276509e-01 3.246780e-01
    outer loop
      vertex 2.000000e+00 6.900000e+00 1.900000e+01
      vertex 2.000000e+00 2.000000e+00 3.300000e+01
      vertex 3.875099e+00 6.527000e+00 1.900000e+01
    endloop
  endfacet
  facet normal 7.864243e-01 5.254722e-01 3.246781e-01
    outer loop
      vertex 6.000000e+00 4.540300e+00 1.920000e+01
      vertex 2.000000e+00 2.000000e+00 3.300000e+01
      vertex 6.527000e+00 3.875099e+00 1.900000e+01
    endloop
  endfacet
  facet normal 7.864243e-01 5.254722e-01 3.246781e-01
    outer loop
      vertex 5.415300e+00 5.415300e+00 1.920000e+01
      vertex 2.000000e+00 2.000000e+00 3.300000e+01
      vertex 6.000000e+00 4.540300e+00 1.920000e+01
    endloop
  endfacet
  facet normal 7.864243e-01 5.254722e-01 3.246781e-01
    outer loop
      vertex 6.000000e+00 4.663900e+00 1.900000e+01
      vertex 6.000000e+00 4.540300e+00 1.920000e+01
      vertex 6.527000e+00 3.875099e+00 1.900000e+01
    endloop
  endfacet
  facet normal 9.276509e-01 1.845210e-01 3.246780e-01
    outer loop
      vertex 6.527000e+00 3.875099e+00 1.900000e+01
      vertex 2.000000e+00 2.000000e+00 3.300000e+01
      vertex 4.150600e+00 2.000000e+00 2.685530e+01
    endloop
  endfacet
  facet normal 9.276509e-01 1.845210e-01 3.246780e-01
    outer loop
      vertex 5.773500e+00 2.000000e+00 2.221870e+01
      vertex 6.527000e+00 3.875099e+00 1.900000e+01
      vertex 5.463499e+00 2.426600e+00 2.286180e+01
    endloop
  endfacet
  facet normal 9.276509e-01 1.845210e-01 3.246780e-01
    outer loop
      vertex 5.463499e+00 2.426600e+00 2.286180e+01
      vertex 6.527000e+00 3.875099e+00 1.900000e+01
      vertex 4.150600e+00 2.000000e+00 2.685530e+01
    endloop
  endfacet
  facet normal 9.276509e-01 1.845210e-01 3.246780e-01
    outer loop
      vertex 6.900000e+00 2.000000e+00 1.900000e+01
      vertex 6.527000e+00 3.875099e+00 1.900000e+01
      vertex 5.773500e+00 2.000000e+00 2.221870e+01
    endloop
  endfacet
  facet normal 9.781476e-01 2.079119e-01 0.000000e+00
    outer loop
      vertex -2.586500e+00 3.000000e+00 1.812210e+01
      vertex -2.968000e+00 4.795099e+00 1.812210e+01
      vertex -2.968000e+00 4.795099e+00 1.987790e+01
    endloop
  endfacet
  facet normal 9.781476e-01 2.079119e-01 9.048824e-16
    outer loop
      vertex -2.645700e+00 3.278601e+00 1.900000e+01
      vertex -2.586500e+00 3.000000e+00 1.812210e+01
      vertex -2.968000e+00 4.795099e+00 1.987790e+01
    endloop
  endfacet
  facet normal 9.781476e-01 2.079119e-01 0.000000e+00
    outer loop
      vertex -2.586500e+00 3.000000e+00 1.987790e+01
      vertex -2.586500e+00 3.000000e+00 1.932750e+01
      vertex -2.968000e+00 4.795099e+00 1.987790e+01
    endloop
  endfacet
  facet normal 9.781476e-01 2.079119e-01 -1.357389e-15
    outer loop
      vertex -2.586500e+00 3.000000e+00 1.932750e+01
      vertex -2.645700e+00 3.278601e+00 1.900000e+01
      vertex -2.968000e+00 4.795099e+00 1.987790e+01
    endloop
  endfacet
  facet normal 9.781476e-01 2.079119e-01 0.000000e+00
    outer loop
      vertex -2.586500e+00 3.000000e+00 1.900000e+01
      vertex -2.586500e+00 3.000000e+00 1.812210e+01
      vertex -2.645700e+00 3.278601e+00 1.900000e+01
    endloop
  endfacet
  facet normal 9.781476e-01 -2.079119e-01 -3.072749e-16
    outer loop
      vertex -2.851200e+00 1.754601e+00 1.900000e+01
      vertex -2.968000e+00 1.204901e+00 1.812210e+01
      vertex -2.586500e+00 3.000000e+00 1.812210e+01
    endloop
  endfacet
  facet normal 9.781476e-01 -2.079119e-01 -1.794189e-15
    outer loop
      vertex -2.799000e+00 2.000000e+00 1.928850e+01
      vertex -2.586500e+00 3.000000e+00 1.932750e+01
      vertex -2.968000e+00 1.204901e+00 1.987790e+01
    endloop
  endfacet
  facet normal 9.781476e-01 -2.079119e-01 0.000000e+00
    outer loop
      vertex -2.968000e+00 1.204901e+00 1.987790e+01
      vertex -2.968000e+00 1.204901e+00 1.812210e+01
      vertex -2.851200e+00 1.754601e+00 1.900000e+01
    endloop
  endfacet
  facet normal 9.781476e-01 -2.079119e-01 0.000000e+00
    outer loop
      vertex -2.586500e+00 3.000000e+00 1.987790e+01
      vertex -2.968000e+00 1.204901e+00 1.987790e+01
      vertex -2.586500e+00 3.000000e+00 1.932750e+01
    endloop
  endfacet
  facet normal 9.781476e-01 -2.079119e-01 1.496399e-15
    outer loop
      vertex -2.851200e+00 1.754601e+00 1.900000e+01
      vertex -2.799000e+00 2.000000e+00 1.928850e+01
      vertex -2.968000e+00 1.204901e+00 1.987790e+01
    endloop
  endfacet
  facet normal 9.781476e-01 -2.079119e-01 0.000000e+00
    outer loop
      vertex -2.586500e+00 3.000000e+00 1.900000e+01
      vertex -2.851200e+00 1.754601e+00 1.900000e+01
      vertex -2.586500e+00 3.000000e+00 1.812210e+01
    endloop
  endfacet
  facet normal 0.000000e+00 0.000000e+00 -1.000000e+00
    outer loop
      vertex 1.247000e+00 -2.436300e+00 1.900000e+01
      vertex 3.875099e+00 -2.527000e+00 1.900000e+01
      vertex 2.000000e+00 -2.900000e+00 1.900000e+01
    endloop
  endfacet
  facet normal 0.000000e+00 0.000000e+00 -1.000000e+00
    outer loop
      vertex -4.449997e-01 -2.050100e+00 1.900000e+01
      vertex 3.875099e+00 -2.527000e+00 1.900000e+01
      vertex 1.247000e+00 -2.436300e+00 1.900000e+01
    endloop
  endfacet
  facet normal 0.000000e+00 0.000000e+00 -1.000000e+00
    outer loop
      vertex -4.449997e-01 -2.050100e+00 1.900000e+01
      vertex 4.663900e+00 -2.000000e+00 1.900000e+01
      vertex 3.875099e+00 -2.527000e+00 1.900000e+01
    endloop
  endfacet
  facet normal 0.000000e+00 0.000000e+00 -1.000000e+00
    outer loop
      vertex -6.639004e-01 -2.000000e+00 1.900000e+01
      vertex 4.663900e+00 -2.000000e+00 1.900000e+01
      vertex -4.449997e-01 -2.050100e+00 1.900000e+01
    endloop
  endfacet
  facet normal 0.000000e+00 0.000000e+00 -1.000000e+00
    outer loop
      vertex -6.639004e-01 -2.000000e+00 1.900000e+01
      vertex -4.449997e-01 -2.050100e+00 1.900000e+01
      vertex -5.106001e-01 -2.102400e+00 1.900000e+01
    endloop
  endfacet
  facet normal 0.000000e+00 0.000000e+00 -1.000000e+00
    outer loop
      vertex 1.247000e+00 -2.436300e+00 1.900000e+01
      vertex 2.000000e+00 -2.900000e+00 1.900000e+01
      vertex 1.414101e+00 -2.783500e+00 1.900000e+01
    endloop
  endfacet
  facet normal 0.000000e+00 0.000000e+00 1.000000e+00
    outer loop
      vertex 5.415300e+00 -1.415300e+00 1.920000e+01
      vertex 4.540300e+00 -2.000000e+00 1.920000e+01
      vertex 6.000000e+00 -2.000000e+00 1.920000e+01
    endloop
  endfacet
  facet normal 0.000000e+00 0.000000e+00 1.000000e+00
    outer loop
      vertex 6.000000e+00 -5.403004e-01 1.920000e+01
      vertex 5.415300e+00 -1.415300e+00 1.920000e+01
      vertex 6.000000e+00 -2.000000e+00 1.920000e+01
    endloop
  endfacet
  facet normal -1.765081e-01 8.873683e-01 4.259371e-01
    outer loop
      vertex 1.998997e-01 -2.654100e+00 1.420000e+01
      vertex 5.305004e-01 -3.452300e+00 1.600000e+01
      vertex 2.000000e+00 -2.296000e+00 1.420000e+01
    endloop
  endfacet
  facet normal -1.765081e-01 8.873683e-01 4.259371e-01
    outer loop
      vertex 2.000000e+00 -2.296000e+00 1.420000e+01
      vertex 5.305004e-01 -3.452300e+00 1.600000e+01
      vertex 1.630800e+00 -3.233400e+00 1.600000e+01
    endloop
  endfacet
  facet normal -1.765081e-01 8.873683e-01 4.259371e-01
    outer loop
      vertex 2.000000e+00 -2.296000e+00 1.420000e+01
      vertex 1.630800e+00 -3.233400e+00 1.600000e+01
      vertex 2.000000e+00 -4.000000e+00 1.775000e+01
    endloop
  endfacet
  facet normal -5.026538e-01 7.522747e-01 4.259368e-01
    outer loop
      vertex -1.326200e+00 -3.673800e+00 1.420000e+01
      vertex -7.152996e-01 -4.284700e+00 1.600000e+01
      vertex 1.998997e-01 -2.654100e+00 1.420000e+01
    endloop
  endfacet
  facet normal -5.026538e-01 7.522747e-01 4.259368e-01
    outer loop
      vertex 1.998997e-01 -2.654100e+00 1.420000e+01
      vertex -7.152996e-01 -4.284700e+00 1.600000e+01
      vertex 5.305004e-01 -3.452300e+00 1.600000e+01
    endloop
  endfacet
  facet normal -0.000000e+00 -0.000000e+00 -1.000000e+00
    outer loop
      vertex -1.801900e+00 -4.867800e+00 1.600000e+01
      vertex -1.801900e+00 -3.132200e+00 1.600000e+01
      vertex -1.347200e+00 -5.230420e+00 1.600000e+01
    endloop
  endfacet
  facet normal 0.000000e+00 0.000000e+00 -1.000000e+00
    outer loop
      vertex -1.347200e+00 -5.230420e+00 1.600000e+01
      vertex -1.801900e+00 -3.132200e+00 1.600000e+01
      vertex -4.449997e-01 -2.050100e+00 1.600000e+01
    endloop
  endfacet
  facet normal 0.000000e+00 0.000000e+00 -1.000000e+00
    outer loop
      vertex -7.152996e-01 -4.284700e+00 1.600000e+01
      vertex -4.449997e-01 -2.050100e+00 1.600000e+01
      vertex 1.247000e+00 -2.436300e+00 1.600000e+01
    endloop
  endfacet
  facet normal 0.000000e+00 0.000000e+00 -1.000000e+00
    outer loop
      vertex 5.305004e-01 -3.452300e+00 1.600000e+01
      vertex 1.247000e+00 -2.436300e+00 1.600000e+01
      vertex 1.630800e+00 -3.233400e+00 1.600000e+01
    endloop
  endfacet
  facet normal 0.000000e+00 0.000000e+00 -1.000000e+00
    outer loop
      vertex -1.347200e+00 -5.230420e+00 1.600000e+01
      vertex -4.449997e-01 -2.050100e+00 1.600000e+01
      vertex -7.152996e-01 -4.284700e+00 1.600000e+01
    endloop
  endfacet
  facet normal 0.000000e+00 0.000000e+00 -1.000000e+00
    outer loop
      vertex -7.152996e-01 -4.284700e+00 1.600000e+01
      vertex 1.247000e+00 -2.436300e+00 1.600000e+01
      vertex 5.305004e-01 -3.452300e+00 1.600000e+01
    endloop
  endfacet
  facet normal -6.234901e-01 -7.818312e-01 0.000000e+00
    outer loop
      vertex -1.801900e+00 -4.867800e+00 2.370000e+01
      vertex -1.801900e+00 -4.867800e+00 1.600000e+01
      vertex -1.347200e+00 -5.230420e+00 1.600000e+01
    endloop
  endfacet
  facet normal -6.234901e-01 -7.818312e-01 0.000000e+00
    outer loop
      vertex -4.449997e-01 -5.949860e+00 2.370000e+01
      vertex -1.801900e+00 -4.867800e+00 2.370000e+01
      vertex -4.449997e-01 -5.949860e+00 1.844240e+01
    endloop
  endfacet
  facet normal -6.234901e-01 -7.818312e-01 -1.861230e-17
    outer loop
      vertex -4.449997e-01 -5.949860e+00 1.844240e+01
      vertex -1.801900e+00 -4.867800e+00 2.370000e+01
      vertex -1.347200e+00 -5.230420e+00 1.600000e+01
    endloop
  endfacet
  facet normal 2.225210e-01 -9.749279e-01 0.000000e+00
    outer loop
      vertex -4.449997e-01 -5.949860e+00 2.370000e+01
      vertex -4.449997e-01 -5.949860e+00 1.844240e+01
      vertex 6.906004e-01 -5.690640e+00 2.014230e+01
    endloop
  endfacet
  facet normal 2.225210e-01 -9.749279e-01 1.003190e-15
    outer loop
      vertex 1.247000e+00 -5.563660e+00 2.057450e+01
      vertex -4.449997e-01 -5.949860e+00 2.370000e+01
      vertex 6.906004e-01 -5.690640e+00 2.014230e+01
    endloop
  endfacet
  facet normal 2.225210e-01 -9.749279e-01 0.000000e+00
    outer loop
      vertex 1.247000e+00 -5.563660e+00 2.057450e+01
      vertex 1.247000e+00 -5.563660e+00 2.370000e+01
      vertex -4.449997e-01 -5.949860e+00 2.370000e+01
    endloop
  endfacet
  facet normal 9.009688e-01 -4.338839e-01 0.000000e+00
    outer loop
      vertex 1.247000e+00 -5.563660e+00 2.370000e+01
      vertex 1.247000e+00 -5.563660e+00 2.057450e+01
      vertex 1.332001e+00 -5.387200e+00 2.036320e+01
    endloop
  endfacet
  facet normal 9.009688e-01 -4.338839e-01 6.903609e-16
    outer loop
      vertex 2.000000e+00 -4.000000e+00 1.775000e+01
      vertex 1.247000e+00 -5.563660e+00 2.370000e+01
      vertex 1.332001e+00 -5.387200e+00 2.036320e+01
    endloop
  endfacet
  facet normal 9.009688e-01 -4.338839e-01 0.000000e+00
    outer loop
      vertex 2.000000e+00 -4.000000e+00 1.775000e+01
      vertex 2.000000e+00 -4.000000e+00 2.370000e+01
      vertex 1.247000e+00 -5.563660e+00 2.370000e+01
    endloop
  endfacet
  facet normal 9.009688e-01 4.338839e-01 0.000000e+00
    outer loop
      vertex 1.630800e+00 -3.233400e+00 1.600000e+01
      vertex 1.247000e+00 -2.436300e+00 1.600000e+01
      vertex 1.247000e+00 -2.436300e+00 1.900000e+01
    endloop
  endfacet
  facet normal 9.009688e-01 4.338839e-01 1.553880e-15
    outer loop
      vertex 1.247000e+00 -2.436300e+00 2.370000e+01
      vertex 1.630800e+00 -3.233400e+00 1.600000e+01
      vertex 1.414101e+00 -2.783500e+00 1.900000e+01
    endloop
  endfacet
  facet normal 9.009688e-01 4.338839e-01 -1.620880e-15
    outer loop
      vertex 1.414101e+00 -2.783500e+00 1.900000e+01
      vertex 1.630800e+00 -3.233400e+00 1.600000e+01
      vertex 1.247000e+00 -2.436300e+00 1.900000e+01
    endloop
  endfacet
  facet normal 9.009688e-01 4.338839e-01 0.000000e+00
    outer loop
      vertex 1.247000e+00 -2.436300e+00 2.370000e+01
      vertex 1.414101e+00 -2.783500e+00 1.900000e+01
      vertex 1.247000e+00 -2.436300e+00 1.989680e+01
    endloop
  endfacet
  facet normal 9.009688e-01 4.338839e-01 -2.770700e-16
    outer loop
      vertex 2.000000e+00 -4.000000e+00 2.370000e+01
      vertex 1.630800e+00 -3.233400e+00 1.600000e+01
      vertex 1.247000e+00 -2.436300e+00 2.370000e+01
    endloop
  endfacet
  facet normal 9.009688e-01 4.338839e-01 0.000000e+00
    outer loop
      vertex 2.000000e+00 -4.000000e+00 1.775000e+01
      vertex 1.630800e+00 -3.233400e+00 1.600000e+01
      vertex 2.000000e+00 -4.000000e+00 2.370000e+01
    endloop
  endfacet
  facet normal -4.075610e-01 5.904528e-01 -6.966057e-01
    outer loop
      vertex 7.936199e+00 -7.194950e+00 6.000000e+00
      vertex 6.754499e+00 -8.010630e+00 6.000000e+00
      vertex 7.581600e+00 -6.259940e+00 7.000000e+00
    endloop
  endfacet
  facet normal -9.743872e-02 8.024831e-01 5.886651e-01
    outer loop
      vertex 9.301300e+00 -7.518230e+00 1.100000e+01
      vertex 7.581600e+00 -6.259940e+00 9.000000e+00
      vertex 8.113501e+00 -7.662460e+00 1.100000e+01
    endloop
  endfacet
  facet normal 7.848871e-01 1.934570e-01 5.886651e-01
    outer loop
      vertex 1.254180e+01 -8.141110e+00 9.000000e+00
      vertex 1.121360e+01 -8.838190e+00 1.100000e+01
      vertex 1.150000e+01 -1.000000e+01 1.100000e+01
    endloop
  endfacet
  facet normal 7.848871e-01 1.934570e-01 5.886651e-01
    outer loop
      vertex 1.254180e+01 -8.141110e+00 9.000000e+00
      vertex 1.150000e+01 -1.000000e+01 1.100000e+01
      vertex 1.300000e+01 -1.000000e+01 9.000000e+00
    endloop
  endfacet
  facet normal 7.848871e-01 -1.934570e-01 5.886651e-01
    outer loop
      vertex 1.150000e+01 -1.000000e+01 1.100000e+01
      vertex 1.121360e+01 -1.116181e+01 1.100000e+01
      vertex 1.300000e+01 -1.000000e+01 9.000000e+00
    endloop
  endfacet
  facet normal 7.848871e-01 -1.934570e-01 5.886651e-01
    outer loop
      vertex 1.300000e+01 -1.000000e+01 9.000000e+00
      vertex 1.121360e+01 -1.116181e+01 1.100000e+01
      vertex 1.254180e+01 -1.185889e+01 9.000000e+00
    endloop
  endfacet
  facet normal 6.050791e-01 -5.360531e-01 5.886651e-01
    outer loop
      vertex 1.121360e+01 -1.116181e+01 1.100000e+01
      vertex 1.042020e+01 -1.205746e+01 1.100000e+01
      vertex 1.254180e+01 -1.185889e+01 9.000000e+00
    endloop
  endfacet
  facet normal 6.050791e-01 -5.360531e-01 5.886651e-01
    outer loop
      vertex 1.254180e+01 -1.185889e+01 9.000000e+00
      vertex 1.042020e+01 -1.205746e+01 1.100000e+01
      vertex 1.127230e+01 -1.329194e+01 9.000000e+00
    endloop
  endfacet
  facet normal 2.866540e-01 -7.558460e-01 5.886649e-01
    outer loop
      vertex 1.042020e+01 -1.205746e+01 1.100000e+01
      vertex 9.301300e+00 -1.248177e+01 1.100000e+01
      vertex 1.127230e+01 -1.329194e+01 9.000000e+00
    endloop
  endfacet
  facet normal 2.866540e-01 -7.558460e-01 5.886649e-01
    outer loop
      vertex 1.127230e+01 -1.329194e+01 9.000000e+00
      vertex 9.301300e+00 -1.248177e+01 1.100000e+01
      vertex 9.482100e+00 -1.397083e+01 9.000000e+00
    endloop
  endfacet
  facet normal -9.743872e-02 -8.024831e-01 5.886651e-01
    outer loop
      vertex 9.301300e+00 -1.248177e+01 1.100000e+01
      vertex 8.113501e+00 -1.233754e+01 1.100000e+01
      vertex 9.482100e+00 -1.397083e+01 9.000000e+00
    endloop
  endfacet
  facet normal -9.743881e-02 -8.024831e-01 5.886651e-01
    outer loop
      vertex 8.113501e+00 -1.233754e+01 1.100000e+01
      vertex 7.581600e+00 -1.374006e+01 9.000000e+00
      vertex 9.482100e+00 -1.397083e+01 9.000000e+00
    endloop
  endfacet
  facet normal -4.592102e-01 -6.652813e-01 5.886653e-01
    outer loop
      vertex 8.113501e+00 -1.233754e+01 1.100000e+01
      vertex 7.128700e+00 -1.165781e+01 1.100000e+01
      vertex 7.581600e+00 -1.374006e+01 9.000000e+00
    endloop
  endfacet
  facet normal 0.000000e+00 0.000000e+00 -1.000000e+00
    outer loop
      vertex -8.516330e+00 8.410900e+00 6.000000e+00
      vertex -8.324920e+00 9.000000e+00 6.000000e+00
      vertex -8.343630e+00 8.605801e+00 6.000000e+00
    endloop
  endfacet
  facet normal 0.000000e+00 0.000000e+00 -1.000000e+00
    outer loop
      vertex -8.343630e+00 8.605801e+00 6.000000e+00
      vertex -8.324920e+00 9.000000e+00 6.000000e+00
      vertex -8.246480e+00 9.000000e+00 6.000000e+00
    endloop
  endfacet
  facet normal -8.854561e-01 -4.647231e-01 -0.000000e+00
    outer loop
      vertex 5.138700e+00 9.000000e+00 7.000000e+00
      vertex 6.006001e+00 7.347500e+00 7.000000e+00
      vertex 5.138700e+00 9.000000e+00 9.000000e+00
    endloop
  endfacet
  facet normal -8.854561e-01 -4.647231e-01 0.000000e+00
    outer loop
      vertex 5.138700e+00 9.000000e+00 9.000000e+00
      vertex 6.006001e+00 7.347500e+00 7.000000e+00
      vertex 6.006001e+00 7.347500e+00 9.000000e+00
    endloop
  endfacet
  facet normal -6.352741e-01 -3.334170e-01 -6.966060e-01
    outer loop
      vertex 5.138700e+00 9.000000e+00 7.000000e+00
      vertex 5.184099e+00 9.000000e+00 6.958590e+00
      vertex 6.006001e+00 7.347500e+00 7.000000e+00
    endloop
  endfacet
  facet normal -6.352741e-01 -3.334170e-01 -6.966060e-01
    outer loop
      vertex 6.006001e+00 7.347500e+00 7.000000e+00
      vertex 5.184099e+00 9.000000e+00 6.958590e+00
      vertex 6.754499e+00 8.010599e+00 6.000000e+00
    endloop
  endfacet
  facet normal -6.352741e-01 -3.334170e-01 -6.966060e-01
    outer loop
      vertex 5.184099e+00 9.000000e+00 6.958590e+00
      vertex 6.235201e+00 9.000000e+00 6.000000e+00
      vertex 6.470699e+00 8.551300e+00 6.000000e+00
    endloop
  endfacet
  facet normal -6.352741e-01 -3.334170e-01 -6.966060e-01
    outer loop
      vertex 5.184099e+00 9.000000e+00 6.958590e+00
      vertex 6.470699e+00 8.551300e+00 6.000000e+00
      vertex 6.572901e+00 8.236601e+00 6.057360e+00
    endloop
  endfacet
  facet normal -6.352741e-01 -3.334170e-01 -6.966060e-01
    outer loop
      vertex 5.184099e+00 9.000000e+00 6.958590e+00
      vertex 6.572901e+00 8.236601e+00 6.057360e+00
      vertex 6.754499e+00 8.010599e+00 6.000000e+00
    endloop
  endfacet
  facet normal -6.352741e-01 -3.334170e-01 -6.966060e-01
    outer loop
      vertex 6.572901e+00 8.236601e+00 6.057360e+00
      vertex 6.674601e+00 8.162800e+00 6.000000e+00
      vertex 6.754499e+00 8.010599e+00 6.000000e+00
    endloop
  endfacet
  facet normal 0.000000e+00 0.000000e+00 -1.000000e+00
    outer loop
      vertex 6.470699e+00 8.551300e+00 6.000000e+00
      vertex 6.235201e+00 9.000000e+00 6.000000e+00
      vertex 6.324900e+00 9.000000e+00 6.000000e+00
    endloop
  endfacet
  facet normal 7.864243e-01 -5.254722e-01 3.246781e-01
    outer loop
      vertex 5.016899e+00 -2.814999e-01 2.200000e+01
      vertex 3.927500e+00 7.250023e-02 2.521170e+01
      vertex 5.415300e+00 -1.415300e+00 1.920000e+01
    endloop
  endfacet
  facet normal 7.864243e-01 -5.254722e-01 3.246781e-01
    outer loop
      vertex 6.000000e+00 -5.403004e-01 1.920000e+01
      vertex 5.016899e+00 -2.814999e-01 2.200000e+01
      vertex 5.415300e+00 -1.415300e+00 1.920000e+01
    endloop
  endfacet
  facet normal 7.864243e-01 -5.254722e-01 3.246781e-01
    outer loop
      vertex 6.527000e+00 1.248999e-01 1.900000e+01
      vertex 6.000000e+00 -5.403004e-01 1.920000e+01
      vertex 6.000000e+00 -6.639004e-01 1.900000e+01
    endloop
  endfacet
  facet normal 7.864243e-01 -5.254722e-01 3.246781e-01
    outer loop
      vertex 5.556900e+00 5.267000e-01 2.200000e+01
      vertex 6.000000e+00 -5.403004e-01 1.920000e+01
      vertex 6.527000e+00 1.248999e-01 1.900000e+01
    endloop
  endfacet
  facet normal 7.864243e-01 -5.254722e-01 3.246781e-01
    outer loop
      vertex 5.556900e+00 5.267000e-01 2.200000e+01
      vertex 5.016899e+00 -2.814999e-01 2.200000e+01
      vertex 6.000000e+00 -5.403004e-01 1.920000e+01
    endloop
  endfacet
  facet normal 0.000000e+00 0.000000e+00 -1.000000e+00
    outer loop
      vertex 6.000000e+00 -6.639004e-01 1.900000e+01
      vertex 6.000000e+00 4.663900e+00 1.900000e+01
      vertex 6.527000e+00 1.248999e-01 1.900000e+01
    endloop
  endfacet
  facet normal 0.000000e+00 0.000000e+00 -1.000000e+00
    outer loop
      vertex 6.527000e+00 1.248999e-01 1.900000e+01
      vertex 6.000000e+00 4.663900e+00 1.900000e+01
      vertex 6.527000e+00 3.875099e+00 1.900000e+01
    endloop
  endfacet
  facet normal 0.000000e+00 0.000000e+00 -1.000000e+00
    outer loop
      vertex 6.527000e+00 1.248999e-01 1.900000e+01
      vertex 6.527000e+00 3.875099e+00 1.900000e+01
      vertex 6.900000e+00 2.000000e+00 1.900000e+01
    endloop
  endfacet
  facet normal 3.706719e-01 -8.948807e-01 2.485779e-01
    outer loop
      vertex 6.000000e+00 5.888901e+00 1.920000e+01
      vertex 6.000000e+00 5.555599e+00 1.800000e+01
      vertex 7.728500e+00 6.271500e+00 1.800000e+01
    endloop
  endfacet
  facet normal 3.706719e-01 -8.948807e-01 2.485779e-01
    outer loop
      vertex 6.000000e+00 8.000000e+00 2.680000e+01
      vertex 6.000000e+00 5.888901e+00 1.920000e+01
      vertex 7.728500e+00 6.271500e+00 1.800000e+01
    endloop
  endfacet
  facet normal 3.826829e-01 -9.238798e-01 0.000000e+00
    outer loop
      vertex 6.000000e+00 5.500000e+00 1.800000e+01
      vertex 6.000000e+00 5.500000e+00 9.000000e+00
      vertex 7.767799e+00 6.232201e+00 9.000000e+00
    endloop
  endfacet
  facet normal 3.826829e-01 -9.238798e-01 5.823898e-16
    outer loop
      vertex 7.083300e+00 5.948700e+00 1.504330e+01
      vertex 6.000000e+00 5.500000e+00 1.800000e+01
      vertex 7.767799e+00 6.232201e+00 9.000000e+00
    endloop
  endfacet
  facet normal 3.826829e-01 -9.238798e-01 0.000000e+00
    outer loop
      vertex 7.767799e+00 6.232201e+00 1.447620e+01
      vertex 7.567301e+00 6.149200e+00 1.464230e+01
      vertex 7.767799e+00 6.232201e+00 9.000000e+00
    endloop
  endfacet
  facet normal 3.826829e-01 -9.238798e-01 3.898040e-16
    outer loop
      vertex 7.567301e+00 6.149200e+00 1.464230e+01
      vertex 7.083300e+00 5.948700e+00 1.504330e+01
      vertex 7.767799e+00 6.232201e+00 9.000000e+00
    endloop
  endfacet
  facet normal 3.826829e-01 -9.238798e-01 -1.990660e-15
    outer loop
      vertex 7.767799e+00 6.232201e+00 1.752380e+01
      vertex 6.000000e+00 5.500000e+00 1.800000e+01
      vertex 7.083300e+00 5.948700e+00 1.695670e+01
    endloop
  endfacet
  facet normal 3.826829e-01 -9.238798e-01 0.000000e+00
    outer loop
      vertex 7.767799e+00 6.232201e+00 1.800000e+01
      vertex 6.000000e+00 5.500000e+00 1.800000e+01
      vertex 7.767799e+00 6.232201e+00 1.752380e+01
    endloop
  endfacet
  facet normal 3.826829e-01 -9.238798e-01 0.000000e+00
    outer loop
      vertex 7.083300e+00 5.948700e+00 1.504330e+01
      vertex 7.083300e+00 5.948700e+00 1.695670e+01
      vertex 6.000000e+00 5.500000e+00 1.800000e+01
    endloop
  endfacet
  facet normal -4.075601e-01 -5.904531e-01 -6.966060e-01
    outer loop
      vertex 7.936199e+00 7.195000e+00 6.000000e+00
      vertex 6.006001e+00 7.347500e+00 7.000000e+00
      vertex 6.754499e+00 8.010599e+00 6.000000e+00
    endloop
  endfacet
  facet normal -4.075601e-01 -5.904531e-01 -6.966060e-01
    outer loop
      vertex 7.581600e+00 6.259899e+00 7.000000e+00
      vertex 6.006001e+00 7.347500e+00 7.000000e+00
      vertex 7.936199e+00 7.195000e+00 6.000000e+00
    endloop
  endfacet
  facet normal -5.680649e-01 -8.229837e-01 0.000000e+00
    outer loop
      vertex 6.006001e+00 7.347500e+00 9.000000e+00
      vertex 6.006001e+00 7.347500e+00 7.000000e+00
      vertex 7.581600e+00 6.259899e+00 7.000000e+00
    endloop
  endfacet
  facet normal -5.680649e-01 -8.229837e-01 0.000000e+00
    outer loop
      vertex 7.581600e+00 6.259899e+00 9.000000e+00
      vertex 6.006001e+00 7.347500e+00 9.000000e+00
      vertex 7.581600e+00 6.259899e+00 7.000000e+00
    endloop
  endfacet
  facet normal 9.238798e-01 -3.826829e-01 0.000000e+00
    outer loop
      vertex 7.767799e+00 6.232201e+00 1.447620e+01
      vertex 7.767799e+00 6.232201e+00 9.000000e+00
      vertex 7.769800e+00 6.237101e+00 9.000000e+00
    endloop
  endfacet
  facet normal 9.238798e-01 -3.826829e-01 2.683229e-15
    outer loop
      vertex 8.348400e+00 7.633900e+00 1.100000e+01
      vertex 7.767799e+00 6.232201e+00 1.447620e+01
      vertex 8.278601e+00 7.465401e+00 1.075880e+01
    endloop
  endfacet
  facet normal 9.238798e-01 -3.826829e-01 -3.156859e-16
    outer loop
      vertex 8.278601e+00 7.465401e+00 1.075880e+01
      vertex 7.767799e+00 6.232201e+00 1.447620e+01
      vertex 7.769800e+00 6.237101e+00 9.000000e+00
    endloop
  endfacet
  facet normal 9.238798e-01 -3.826829e-01 -1.826340e-15
    outer loop
      vertex 8.500000e+00 8.000000e+00 1.100000e+01
      vertex 7.767799e+00 6.232201e+00 1.447620e+01
      vertex 8.348400e+00 7.633900e+00 1.100000e+01
    endloop
  endfacet
  facet normal 9.238798e-01 -3.826829e-01 1.177600e-15
    outer loop
      vertex 8.051300e+00 6.916700e+00 1.504330e+01
      vertex 7.767799e+00 6.232201e+00 1.447620e+01
      vertex 8.500000e+00 8.000000e+00 1.100000e+01
    endloop
  endfacet
  facet normal 9.238798e-01 -3.826829e-01 0.000000e+00
    outer loop
      vertex 7.767799e+00 6.232201e+00 1.800000e+01
      vertex 7.767799e+00 6.232201e+00 1.752380e+01
      vertex 8.500000e+00 8.000000e+00 1.800000e+01
    endloop
  endfacet
  facet normal 9.238798e-01 -3.826829e-01 -9.885899e-15
    outer loop
      vertex 7.767799e+00 6.232201e+00 1.752380e+01
      vertex 7.850800e+00 6.432699e+00 1.735770e+01
      vertex 8.500000e+00 8.000000e+00 1.800000e+01
    endloop
  endfacet
  facet normal 9.238798e-01 -3.826829e-01 -1.207020e-15
    outer loop
      vertex 7.850800e+00 6.432699e+00 1.735770e+01
      vertex 8.051300e+00 6.916700e+00 1.695670e+01
      vertex 8.500000e+00 8.000000e+00 1.800000e+01
    endloop
  endfacet
  facet normal 9.238798e-01 -3.826829e-01 0.000000e+00
    outer loop
      vertex 8.500000e+00 8.000000e+00 1.800000e+01
      vertex 8.051300e+00 6.916700e+00 1.504330e+01
      vertex 8.500000e+00 8.000000e+00 1.100000e+01
    endloop
  endfacet
  facet normal 9.238798e-01 -3.826829e-01 0.000000e+00
    outer loop
      vertex 8.051300e+00 6.916700e+00 1.695670e+01
      vertex 8.051300e+00 6.916700e+00 1.504330e+01
      vertex 8.500000e+00 8.000000e+00 1.800000e+01
    endloop
  endfacet
  facet normal -9.743881e-02 -8.024831e-01 5.886651e-01
    outer loop
      vertex 8.278601e+00 7.465401e+00 1.075880e+01
      vertex 7.769800e+00 6.237101e+00 9.000000e+00
      vertex 7.998199e+00 6.209299e+00 9.000000e+00
    endloop
  endfacet
  facet normal -9.743881e-02 -8.024831e-01 5.886651e-01
    outer loop
      vertex 9.110901e+00 6.472200e+00 9.542560e+00
      vertex 8.278601e+00 7.465401e+00 1.075880e+01
      vertex 8.150000e+00 6.472200e+00 9.383510e+00
    endloop
  endfacet
  facet normal -9.743881e-02 -8.024831e-01 5.886651e-01
    outer loop
      vertex 8.150000e+00 6.472200e+00 9.383510e+00
      vertex 8.278601e+00 7.465401e+00 1.075880e+01
      vertex 7.998199e+00 6.209299e+00 9.000000e+00
    endloop
  endfacet
  facet normal -8.660253e-01 5.000002e-01 0.000000e+00
    outer loop
      vertex 7.299999e+00 5.000000e+00 8.700000e+00
      vertex 7.299999e+00 5.000000e+00 1.440000e+01
      vertex 7.998199e+00 6.209299e+00 8.700000e+00
    endloop
  endfacet
  facet normal -8.660253e-01 5.000002e-01 3.326921e-16
    outer loop
      vertex 7.998199e+00 6.209299e+00 8.700000e+00
      vertex 7.299999e+00 5.000000e+00 1.440000e+01
      vertex 7.418900e+00 5.205900e+00 1.440000e+01
    endloop
  endfacet
  facet normal -8.660253e-01 5.000002e-01 5.188952e-16
    outer loop
      vertex 7.998199e+00 6.209299e+00 8.700000e+00
      vertex 7.418900e+00 5.205900e+00 1.440000e+01
      vertex 7.732800e+00 5.749599e+00 1.431130e+01
    endloop
  endfacet
  facet normal -8.660253e-01 5.000002e-01 -7.485912e-17
    outer loop
      vertex 7.998199e+00 6.209299e+00 8.700000e+00
      vertex 7.732800e+00 5.749599e+00 1.431130e+01
      vertex 7.922199e+00 6.077801e+00 1.425780e+01
    endloop
  endfacet
  facet normal -8.660253e-01 5.000002e-01 1.010710e-16
    outer loop
      vertex 7.922199e+00 6.077801e+00 1.425780e+01
      vertex 8.030199e+00 6.264700e+00 1.440000e+01
      vertex 7.998199e+00 6.209299e+00 9.000000e+00
    endloop
  endfacet
  facet normal -8.660253e-01 5.000002e-01 0.000000e+00
    outer loop
      vertex 7.922199e+00 6.077801e+00 1.425780e+01
      vertex 7.998199e+00 6.209299e+00 9.000000e+00
      vertex 7.998199e+00 6.209299e+00 8.700000e+00
    endloop
  endfacet
  facet normal -8.660253e-01 5.000002e-01 1.209240e-16
    outer loop
      vertex 7.998199e+00 6.209299e+00 9.000000e+00
      vertex 8.030199e+00 6.264700e+00 1.440000e+01
      vertex 8.150000e+00 6.472200e+00 1.440000e+01
    endloop
  endfacet
  facet normal -8.660253e-01 5.000002e-01 0.000000e+00
    outer loop
      vertex 7.998199e+00 6.209299e+00 9.000000e+00
      vertex 8.150000e+00 6.472200e+00 1.440000e+01
      vertex 8.150000e+00 6.472200e+00 9.383510e+00
    endloop
  endfacet
  facet normal 0.000000e+00 0.000000e+00 1.000000e+00
    outer loop
      vertex 7.333599e+00 5.000000e+00 1.440000e+01
      vertex 7.299999e+00 5.000000e+00 1.440000e+01
      vertex 7.418900e+00 4.794100e+00 1.440000e+01
    endloop
  endfacet
  facet normal 0.000000e+00 0.000000e+00 1.000000e+00
    outer loop
      vertex 7.418900e+00 5.205900e+00 1.440000e+01
      vertex 7.299999e+00 5.000000e+00 1.440000e+01
      vertex 7.333599e+00 5.000000e+00 1.440000e+01
    endloop
  endfacet
  facet normal -6.785982e-01 -2.810851e-01 -6.785982e-01
    outer loop
      vertex 6.690300e+00 5.000000e+00 1.504330e+01
      vertex 7.418900e+00 4.794100e+00 1.440000e+01
      vertex 7.491600e+00 4.668100e+00 1.437940e+01
    endloop
  endfacet
  facet normal -6.785982e-01 -2.810851e-01 -6.785982e-01
    outer loop
      vertex 6.690300e+00 5.000000e+00 1.504330e+01
      vertex 7.333599e+00 5.000000e+00 1.440000e+01
      vertex 7.418900e+00 4.794100e+00 1.440000e+01
    endloop
  endfacet
  facet normal -6.785980e-01 -2.810840e-01 -6.785990e-01
    outer loop
      vertex 6.690300e+00 5.000000e+00 1.504330e+01
      vertex 7.491600e+00 4.668100e+00 1.437940e+01
      vertex 7.366800e+00 3.366800e+00 1.504330e+01
    endloop
  endfacet
  facet normal -6.785980e-01 -2.810840e-01 -6.785990e-01
    outer loop
      vertex 7.366800e+00 3.366800e+00 1.504330e+01
      vertex 7.491600e+00 4.668100e+00 1.437940e+01
      vertex 7.922199e+00 3.922199e+00 1.425780e+01
    endloop
  endfacet
  facet normal -2.810849e-01 -6.785977e-01 -6.785989e-01
    outer loop
      vertex 7.366800e+00 3.366800e+00 1.504330e+01
      vertex 8.030199e+00 3.735300e+00 1.440000e+01
      vertex 8.143299e+00 3.688400e+00 1.440000e+01
    endloop
  endfacet
  facet normal -2.810849e-01 -6.785977e-01 -6.785989e-01
    outer loop
      vertex 7.366800e+00 3.366800e+00 1.504330e+01
      vertex 7.922199e+00 3.922199e+00 1.425780e+01
      vertex 8.030199e+00 3.735300e+00 1.440000e+01
    endloop
  endfacet
  facet normal 0.000000e+00 0.000000e+00 1.000000e+00
    outer loop
      vertex 8.143299e+00 3.688400e+00 1.440000e+01
      vertex 8.030199e+00 3.735300e+00 1.440000e+01
      vertex 8.150000e+00 3.527800e+00 1.440000e+01
    endloop
  endfacet
  facet normal 0.000000e+00 0.000000e+00 1.000000e+00
    outer loop
      vertex 8.531200e+00 3.527800e+00 1.440000e+01
      vertex 8.143299e+00 3.688400e+00 1.440000e+01
      vertex 8.150000e+00 3.527800e+00 1.440000e+01
    endloop
  endfacet
  facet normal -2.810851e-01 -6.785982e-01 -6.785982e-01
    outer loop
      vertex 9.000000e+00 2.690300e+00 1.504330e+01
      vertex 7.366800e+00 3.366800e+00 1.504330e+01
      vertex 8.143299e+00 3.688400e+00 1.440000e+01
    endloop
  endfacet
  facet normal -2.810851e-01 -6.785982e-01 -6.785982e-01
    outer loop
      vertex 9.000000e+00 3.527800e+00 1.420580e+01
      vertex 9.000000e+00 2.690300e+00 1.504330e+01
      vertex 8.531200e+00 3.527800e+00 1.440000e+01
    endloop
  endfacet
  facet normal -2.810851e-01 -6.785982e-01 -6.785982e-01
    outer loop
      vertex 8.531200e+00 3.527800e+00 1.440000e+01
      vertex 9.000000e+00 2.690300e+00 1.504330e+01
      vertex 8.143299e+00 3.688400e+00 1.440000e+01
    endloop
  endfacet
  facet normal 2.810851e-01 -6.785982e-01 -6.785982e-01
    outer loop
      vertex 9.346901e+00 3.527800e+00 1.434950e+01
      vertex 9.000000e+00 2.690300e+00 1.504330e+01
      vertex 9.000000e+00 3.527800e+00 1.420580e+01
    endloop
  endfacet
  facet normal 2.810840e-01 -6.785980e-01 -6.785990e-01
    outer loop
      vertex 9.000000e+00 2.690300e+00 1.504330e+01
      vertex 9.346901e+00 3.527800e+00 1.434950e+01
      vertex 1.063320e+01 3.366800e+00 1.504330e+01
    endloop
  endfacet
  facet normal 2.810840e-01 -6.785980e-01 -6.785990e-01
    outer loop
      vertex 1.063320e+01 3.366800e+00 1.504330e+01
      vertex 9.346901e+00 3.527800e+00 1.434950e+01
      vertex 9.468800e+00 3.527800e+00 1.440000e+01
    endloop
  endfacet
  facet normal 2.810840e-01 -6.785980e-01 -6.785990e-01
    outer loop
      vertex 1.063320e+01 3.366800e+00 1.504330e+01
      vertex 9.468800e+00 3.527800e+00 1.440000e+01
      vertex 9.969801e+00 3.735300e+00 1.440000e+01
    endloop
  endfacet
  facet normal 2.810840e-01 -6.785980e-01 -6.785990e-01
    outer loop
      vertex 9.969801e+00 3.735300e+00 1.440000e+01
      vertex 1.007780e+01 3.922199e+00 1.425780e+01
      vertex 1.063320e+01 3.366800e+00 1.504330e+01
    endloop
  endfacet
  facet normal 0.000000e+00 0.000000e+00 1.000000e+00
    outer loop
      vertex 9.969801e+00 3.735300e+00 1.440000e+01
      vertex 9.468800e+00 3.527800e+00 1.440000e+01
      vertex 9.850000e+00 3.527800e+00 1.440000e+01
    endloop
  endfacet
  facet normal 6.785977e-01 -2.810849e-01 -6.785989e-01
    outer loop
      vertex 1.063320e+01 3.366800e+00 1.504330e+01
      vertex 1.007780e+01 3.922199e+00 1.425780e+01
      vertex 1.026720e+01 4.250401e+00 1.431130e+01
    endloop
  endfacet
  facet normal 6.785982e-01 -2.810851e-01 -6.785982e-01
    outer loop
      vertex 1.063320e+01 3.366800e+00 1.504330e+01
      vertex 1.026720e+01 4.250401e+00 1.431130e+01
      vertex 1.058110e+01 4.794100e+00 1.440000e+01
    endloop
  endfacet
  facet normal 6.785982e-01 -2.810851e-01 -6.785982e-01
    outer loop
      vertex 1.066640e+01 5.000000e+00 1.440000e+01
      vertex 1.063320e+01 3.366800e+00 1.504330e+01
      vertex 1.058110e+01 4.794100e+00 1.440000e+01
    endloop
  endfacet
  facet normal 6.785982e-01 -2.810851e-01 -6.785982e-01
    outer loop
      vertex 1.066640e+01 5.000000e+00 1.440000e+01
      vertex 1.130970e+01 5.000000e+00 1.504330e+01
      vertex 1.063320e+01 3.366800e+00 1.504330e+01
    endloop
  endfacet
  facet normal 0.000000e+00 0.000000e+00 1.000000e+00
    outer loop
      vertex 1.070000e+01 5.000000e+00 1.440000e+01
      vertex 1.058110e+01 5.205900e+00 1.440000e+01
      vertex 1.066640e+01 5.000000e+00 1.440000e+01
    endloop
  endfacet
  facet normal 0.000000e+00 0.000000e+00 1.000000e+00
    outer loop
      vertex 1.058110e+01 4.794100e+00 1.440000e+01
      vertex 1.070000e+01 5.000000e+00 1.440000e+01
      vertex 1.066640e+01 5.000000e+00 1.440000e+01
    endloop
  endfacet
  facet normal 6.785982e-01 2.810851e-01 -6.785982e-01
    outer loop
      vertex 1.058110e+01 5.205900e+00 1.440000e+01
      vertex 1.050840e+01 5.331900e+00 1.437940e+01
      vertex 1.130970e+01 5.000000e+00 1.504330e+01
    endloop
  endfacet
  facet normal 6.785982e-01 2.810851e-01 -6.785982e-01
    outer loop
      vertex 1.066640e+01 5.000000e+00 1.440000e+01
      vertex 1.058110e+01 5.205900e+00 1.440000e+01
      vertex 1.130970e+01 5.000000e+00 1.504330e+01
    endloop
  endfacet
  facet normal 6.785980e-01 2.810840e-01 -6.785990e-01
    outer loop
      vertex 1.007780e+01 6.077801e+00 1.425780e+01
      vertex 1.063320e+01 6.633200e+00 1.504330e+01
      vertex 1.050840e+01 5.331900e+00 1.437940e+01
    endloop
  endfacet
  facet normal 6.785980e-01 2.810840e-01 -6.785990e-01
    outer loop
      vertex 1.050840e+01 5.331900e+00 1.437940e+01
      vertex 1.063320e+01 6.633200e+00 1.504330e+01
      vertex 1.130970e+01 5.000000e+00 1.504330e+01
    endloop
  endfacet
  facet normal 2.810849e-01 6.785977e-01 -6.785989e-01
    outer loop
      vertex 9.856701e+00 6.311600e+00 1.440000e+01
      vertex 1.063320e+01 6.633200e+00 1.504330e+01
      vertex 9.969801e+00 6.264700e+00 1.440000e+01
    endloop
  endfacet
  facet normal 2.810849e-01 6.785977e-01 -6.785989e-01
    outer loop
      vertex 9.969801e+00 6.264700e+00 1.440000e+01
      vertex 1.063320e+01 6.633200e+00 1.504330e+01
      vertex 1.007780e+01 6.077801e+00 1.425780e+01
    endloop
  endfacet
  facet normal 0.000000e+00 0.000000e+00 1.000000e+00
    outer loop
      vertex 9.850000e+00 6.472200e+00 1.440000e+01
      vertex 9.468800e+00 6.472200e+00 1.440000e+01
      vertex 9.856701e+00 6.311600e+00 1.440000e+01
    endloop
  endfacet
  facet normal 0.000000e+00 0.000000e+00 1.000000e+00
    outer loop
      vertex 9.969801e+00 6.264700e+00 1.440000e+01
      vertex 9.850000e+00 6.472200e+00 1.440000e+01
      vertex 9.856701e+00 6.311600e+00 1.440000e+01
    endloop
  endfacet
  facet normal 6.050791e-01 -5.360531e-01 5.886651e-01
    outer loop
      vertex 1.121360e+01 8.838200e+00 1.100000e+01
      vertex 1.042020e+01 7.942499e+00 1.100000e+01
      vertex 1.254180e+01 8.141100e+00 9.000000e+00
    endloop
  endfacet
  facet normal 7.848871e-01 -1.934570e-01 5.886651e-01
    outer loop
      vertex 1.300000e+01 1.000000e+01 9.000000e+00
      vertex 1.121360e+01 8.838200e+00 1.100000e+01
      vertex 1.254180e+01 8.141100e+00 9.000000e+00
    endloop
  endfacet
  facet normal 2.810851e-01 6.785982e-01 -6.785982e-01
    outer loop
      vertex 9.000000e+00 6.472200e+00 1.420580e+01
      vertex 9.000000e+00 7.309700e+00 1.504330e+01
      vertex 9.468800e+00 6.472200e+00 1.440000e+01
    endloop
  endfacet
  facet normal 2.810851e-01 6.785982e-01 -6.785982e-01
    outer loop
      vertex 9.468800e+00 6.472200e+00 1.440000e+01
      vertex 9.000000e+00 7.309700e+00 1.504330e+01
      vertex 1.063320e+01 6.633200e+00 1.504330e+01
    endloop
  endfacet
  facet normal 2.810851e-01 6.785982e-01 -6.785982e-01
    outer loop
      vertex 9.468800e+00 6.472200e+00 1.440000e+01
      vertex 1.063320e+01 6.633200e+00 1.504330e+01
      vertex 9.856701e+00 6.311600e+00 1.440000e+01
    endloop
  endfacet
  facet normal -2.810851e-01 6.785982e-01 -6.785982e-01
    outer loop
      vertex 9.000000e+00 6.472200e+00 1.420580e+01
      vertex 8.653099e+00 6.472200e+00 1.434950e+01
      vertex 9.000000e+00 7.309700e+00 1.504330e+01
    endloop
  endfacet
  facet normal -2.810840e-01 6.785980e-01 -6.785990e-01
    outer loop
      vertex 7.767799e+00 6.232201e+00 1.447620e+01
      vertex 8.051300e+00 6.916700e+00 1.504330e+01
      vertex 7.922199e+00 6.077801e+00 1.425780e+01
    endloop
  endfacet
  facet normal -2.810840e-01 6.785980e-01 -6.785990e-01
    outer loop
      vertex 8.030199e+00 6.264700e+00 1.440000e+01
      vertex 8.051300e+00 6.916700e+00 1.504330e+01
      vertex 9.000000e+00 7.309700e+00 1.504330e+01
    endloop
  endfacet
  facet normal -2.810840e-01 6.785980e-01 -6.785990e-01
    outer loop
      vertex 8.531200e+00 6.472200e+00 1.440000e+01
      vertex 9.000000e+00 7.309700e+00 1.504330e+01
      vertex 8.653099e+00 6.472200e+00 1.434950e+01
    endloop
  endfacet
  facet normal -2.810840e-01 6.785980e-01 -6.785990e-01
    outer loop
      vertex 7.922199e+00 6.077801e+00 1.425780e+01
      vertex 8.051300e+00 6.916700e+00 1.504330e+01
      vertex 8.030199e+00 6.264700e+00 1.440000e+01
    endloop
  endfacet
  facet normal -2.810840e-01 6.785980e-01 -6.785990e-01
    outer loop
      vertex 8.030199e+00 6.264700e+00 1.440000e+01
      vertex 9.000000e+00 7.309700e+00 1.504330e+01
      vertex 8.531200e+00 6.472200e+00 1.440000e+01
    endloop
  endfacet
  facet normal 0.000000e+00 0.000000e+00 1.000000e+00
    outer loop
      vertex 8.150000e+00 6.472200e+00 1.440000e+01
      vertex 8.030199e+00 6.264700e+00 1.440000e+01
      vertex 8.531200e+00 6.472200e+00 1.440000e+01
    endloop
  endfacet
  facet normal -9.743872e-02 8.024831e-01 5.886651e-01
    outer loop
      vertex 9.301300e+00 1.248180e+01 1.100000e+01
      vertex 7.581600e+00 1.374010e+01 9.000000e+00
      vertex 8.113501e+00 1.233750e+01 1.100000e+01
    endloop
  endfacet
  facet normal -9.743881e-02 8.024831e-01 5.886651e-01
    outer loop
      vertex 9.482100e+00 1.397080e+01 9.000000e+00
      vertex 7.581600e+00 1.374010e+01 9.000000e+00
      vertex 9.301300e+00 1.248180e+01 1.100000e+01
    endloop
  endfacet
  facet normal 2.866540e-01 7.558460e-01 5.886649e-01
    outer loop
      vertex 9.482100e+00 1.397080e+01 9.000000e+00
      vertex 9.301300e+00 1.248180e+01 1.100000e+01
      vertex 1.042020e+01 1.205750e+01 1.100000e+01
    endloop
  endfacet
  facet normal 2.866540e-01 7.558460e-01 5.886649e-01
    outer loop
      vertex 1.127230e+01 1.329190e+01 9.000000e+00
      vertex 9.482100e+00 1.397080e+01 9.000000e+00
      vertex 1.042020e+01 1.205750e+01 1.100000e+01
    endloop
  endfacet
  facet normal 6.050791e-01 5.360531e-01 5.886651e-01
    outer loop
      vertex 1.127230e+01 1.329190e+01 9.000000e+00
      vertex 1.042020e+01 1.205750e+01 1.100000e+01
      vertex 1.121360e+01 1.116180e+01 1.100000e+01
    endloop
  endfacet
  facet normal 6.050791e-01 5.360531e-01 5.886651e-01
    outer loop
      vertex 1.127230e+01 1.329190e+01 9.000000e+00
      vertex 1.121360e+01 1.116180e+01 1.100000e+01
      vertex 1.254180e+01 1.185890e+01 9.000000e+00
    endloop
  endfacet
  facet normal 7.848871e-01 1.934570e-01 5.886651e-01
    outer loop
      vertex 1.254180e+01 1.185890e+01 9.000000e+00
      vertex 1.121360e+01 1.116180e+01 1.100000e+01
      vertex 1.150000e+01 1.000000e+01 1.100000e+01
    endloop
  endfacet
  facet normal 7.848871e-01 1.934570e-01 5.886651e-01
    outer loop
      vertex 1.254180e+01 1.185890e+01 9.000000e+00
      vertex 1.150000e+01 1.000000e+01 1.100000e+01
      vertex 1.300000e+01 1.000000e+01 9.000000e+00
    endloop
  endfacet
  facet normal 7.848871e-01 -1.934570e-01 5.886651e-01
    outer loop
      vertex 1.150000e+01 1.000000e+01 1.100000e+01
      vertex 1.121360e+01 8.838200e+00 1.100000e+01
      vertex 1.300000e+01 1.000000e+01 9.000000e+00
    endloop
  endfacet
  facet normal 9.238798e-01 3.826829e-01 0.000000e+00
    outer loop
      vertex 8.500000e+00 8.000000e+00 1.100000e+01
      vertex 7.767799e+00 9.767799e+00 1.100000e+01
      vertex 7.767799e+00 9.767799e+00 1.800000e+01
    endloop
  endfacet
  facet normal 9.238798e-01 3.826829e-01 0.000000e+00
    outer loop
      vertex 8.500000e+00 8.000000e+00 1.800000e+01
      vertex 8.500000e+00 8.000000e+00 1.100000e+01
      vertex 7.767799e+00 9.767799e+00 1.800000e+01
    endloop
  endfacet
  facet normal 3.826829e-01 9.238798e-01 0.000000e+00
    outer loop
      vertex 6.000000e+00 1.050000e+01 1.021360e+01
      vertex 6.000000e+00 1.050000e+01 1.800000e+01
      vertex 6.572599e+00 1.026280e+01 1.100000e+01
    endloop
  endfacet
  facet normal 3.826829e-01 9.238798e-01 -5.426060e-16
    outer loop
      vertex 6.572599e+00 1.026280e+01 1.100000e+01
      vertex 6.000000e+00 1.050000e+01 1.800000e+01
      vertex 7.767799e+00 9.767799e+00 1.800000e+01
    endloop
  endfacet
  facet normal 3.826829e-01 9.238798e-01 0.000000e+00
    outer loop
      vertex 6.572599e+00 1.026280e+01 1.100000e+01
      vertex 7.767799e+00 9.767799e+00 1.800000e+01
      vertex 7.767799e+00 9.767799e+00 1.100000e+01
    endloop
  endfacet
  facet normal -8.436101e-01 2.260451e-01 -4.870580e-01
    outer loop
      vertex -3.178800e+00 1.083530e+01 1.501650e+01
      vertex -2.420500e+00 1.039750e+01 1.350000e+01
      vertex -3.029600e+00 1.027850e+01 1.449970e+01
    endloop
  endfacet
  facet normal -8.436101e-01 2.260451e-01 -4.870580e-01
    outer loop
      vertex -3.029600e+00 1.027850e+01 1.449970e+01
      vertex -2.420500e+00 1.039750e+01 1.350000e+01
      vertex -2.679100e+00 9.432400e+00 1.350000e+01
    endloop
  endfacet
  facet normal -8.436101e-01 2.260451e-01 -4.870580e-01
    outer loop
      vertex -3.029600e+00 1.027850e+01 1.449970e+01
      vertex -3.210700e+00 1.071590e+01 1.501650e+01
      vertex -3.178800e+00 1.083530e+01 1.501650e+01
    endloop
  endfacet
  facet normal -9.659258e-01 2.588190e-01 0.000000e+00
    outer loop
      vertex -3.210700e+00 1.071590e+01 1.501650e+01
      vertex -3.210700e+00 1.071590e+01 1.698350e+01
      vertex -3.178800e+00 1.083530e+01 1.501650e+01
    endloop
  endfacet
  facet normal -9.659258e-01 2.588190e-01 0.000000e+00
    outer loop
      vertex -3.178800e+00 1.083530e+01 1.501650e+01
      vertex -3.210700e+00 1.071590e+01 1.698350e+01
      vertex -3.178800e+00 1.083530e+01 1.698350e+01
    endloop
  endfacet
  facet normal -8.436101e-01 2.260451e-01 4.870580e-01
    outer loop
      vertex -3.210700e+00 1.071590e+01 1.698350e+01
      vertex -3.205000e+00 1.070190e+01 1.700000e+01
      vertex -3.178800e+00 1.083530e+01 1.698350e+01
    endloop
  endfacet
  facet normal -8.436101e-01 2.260451e-01 4.870580e-01
    outer loop
      vertex -3.178800e+00 1.083530e+01 1.698350e+01
      vertex -3.205000e+00 1.070190e+01 1.700000e+01
      vertex -3.040400e+00 9.630100e+00 1.778240e+01
    endloop
  endfacet
  facet normal -8.436101e-01 2.260451e-01 4.870580e-01
    outer loop
      vertex -3.178800e+00 1.083530e+01 1.698350e+01
      vertex -3.040400e+00 9.630100e+00 1.778240e+01
      vertex -2.327000e+00 1.034350e+01 1.868700e+01
    endloop
  endfacet
  facet normal 8.773536e-01 3.634118e-01 3.133408e-01
    outer loop
      vertex -3.232200e+00 1.076780e+01 1.700000e+01
      vertex -5.000000e+00 9.000000e+00 2.400000e+01
      vertex -2.943700e+00 9.000000e+00 1.824240e+01
    endloop
  endfacet
  facet normal 8.773536e-01 3.634118e-01 3.133408e-01
    outer loop
      vertex -3.205000e+00 1.070190e+01 1.700000e+01
      vertex -3.232200e+00 1.076780e+01 1.700000e+01
      vertex -3.040400e+00 9.630100e+00 1.778240e+01
    endloop
  endfacet
  facet normal 8.773536e-01 3.634118e-01 3.133408e-01
    outer loop
      vertex -3.040400e+00 9.630100e+00 1.778240e+01
      vertex -3.232200e+00 1.076780e+01 1.700000e+01
      vertex -2.943700e+00 9.000000e+00 1.824240e+01
    endloop
  endfacet
  facet normal 3.634118e-01 8.773536e-01 3.133408e-01
    outer loop
      vertex -5.000000e+00 1.150000e+01 1.700000e+01
      vertex -5.000000e+00 9.000000e+00 2.400000e+01
      vertex -3.232200e+00 1.076780e+01 1.700000e+01
    endloop
  endfacet
  facet normal -3.634118e-01 8.773536e-01 3.133408e-01
    outer loop
      vertex -5.000000e+00 1.150000e+01 1.700000e+01
      vertex -6.767770e+00 1.076780e+01 1.700000e+01
      vertex -5.000000e+00 9.000000e+00 2.400000e+01
    endloop
  endfacet
  facet normal 2.866540e-01 7.558460e-01 5.886649e-01
    outer loop
      vertex -1.051785e+01 1.397080e+01 9.000000e+00
      vertex -1.069866e+01 1.248180e+01 1.100000e+01
      vertex -9.579840e+00 1.205750e+01 1.100000e+01
    endloop
  endfacet
  facet normal -9.743881e-02 8.024831e-01 5.886651e-01
    outer loop
      vertex -1.051785e+01 1.397080e+01 9.000000e+00
      vertex -1.241842e+01 1.374010e+01 9.000000e+00
      vertex -1.069866e+01 1.248180e+01 1.100000e+01
    endloop
  endfacet
  facet normal -8.083770e-01 0.000000e+00 5.886650e-01
    outer loop
      vertex -1.488377e+01 9.042700e+00 9.000000e+00
      vertex -1.342735e+01 9.401699e+00 1.100000e+01
      vertex -1.488377e+01 1.095730e+01 9.000000e+00
    endloop
  endfacet
  facet normal -8.083770e-01 0.000000e+00 5.886650e-01
    outer loop
      vertex -1.488377e+01 1.095730e+01 9.000000e+00
      vertex -1.342735e+01 9.401699e+00 1.100000e+01
      vertex -1.342735e+01 1.059830e+01 1.100000e+01
    endloop
  endfacet
  facet normal -7.157820e-01 3.756721e-01 5.886651e-01
    outer loop
      vertex -1.287128e+01 1.165780e+01 1.100000e+01
      vertex -1.488377e+01 1.095730e+01 9.000000e+00
      vertex -1.342735e+01 1.059830e+01 1.100000e+01
    endloop
  endfacet
  facet normal -7.157823e-01 3.756712e-01 5.886653e-01
    outer loop
      vertex -1.399404e+01 1.265250e+01 9.000000e+00
      vertex -1.488377e+01 1.095730e+01 9.000000e+00
      vertex -1.287128e+01 1.165780e+01 1.100000e+01
    endloop
  endfacet
  facet normal -4.592102e-01 6.652813e-01 5.886653e-01
    outer loop
      vertex -1.188651e+01 1.233750e+01 1.100000e+01
      vertex -1.399404e+01 1.265250e+01 9.000000e+00
      vertex -1.287128e+01 1.165780e+01 1.100000e+01
    endloop
  endfacet
  facet normal -4.592102e-01 6.652813e-01 5.886653e-01
    outer loop
      vertex -1.241842e+01 1.374010e+01 9.000000e+00
      vertex -1.399404e+01 1.265250e+01 9.000000e+00
      vertex -1.188651e+01 1.233750e+01 1.100000e+01
    endloop
  endfacet
  facet normal -9.743872e-02 8.024831e-01 5.886651e-01
    outer loop
      vertex -1.069866e+01 1.248180e+01 1.100000e+01
      vertex -1.241842e+01 1.374010e+01 9.000000e+00
      vertex -1.188651e+01 1.233750e+01 1.100000e+01
    endloop
  endfacet
  facet normal -7.157820e-01 -3.756721e-01 5.886651e-01
    outer loop
      vertex -1.342735e+01 9.401699e+00 1.100000e+01
      vertex -1.399404e+01 7.347500e+00 9.000000e+00
      vertex -1.287128e+01 8.342199e+00 1.100000e+01
    endloop
  endfacet
  facet normal -7.157823e-01 -3.756712e-01 5.886653e-01
    outer loop
      vertex -1.342735e+01 9.401699e+00 1.100000e+01
      vertex -1.488377e+01 9.042700e+00 9.000000e+00
      vertex -1.399404e+01 7.347500e+00 9.000000e+00
    endloop
  endfacet
  facet normal 4.999998e-01 8.660256e-01 0.000000e+00
    outer loop
      vertex -5.636140e+00 7.197500e+00 1.821530e+01
      vertex -5.636140e+00 7.197500e+00 1.987790e+01
      vertex -5.432180e+00 7.079800e+00 1.812210e+01
    endloop
  endfacet
  facet normal 4.999998e-01 8.660256e-01 6.970467e-16
    outer loop
      vertex -5.432180e+00 7.079800e+00 1.812210e+01
      vertex -5.636140e+00 7.197500e+00 1.987790e+01
      vertex -4.046800e+00 6.279900e+00 1.987790e+01
    endloop
  endfacet
  facet normal 4.999998e-01 8.660256e-01 0.000000e+00
    outer loop
      vertex -5.432180e+00 7.079800e+00 1.812210e+01
      vertex -4.046800e+00 6.279900e+00 1.987790e+01
      vertex -4.046800e+00 6.279900e+00 1.812210e+01
    endloop
  endfacet
  facet normal 1.045280e-01 9.945220e-01 0.000000e+00
    outer loop
      vertex -7.461340e+00 7.389400e+00 1.812210e+01
      vertex -7.461340e+00 7.389400e+00 1.987790e+01
      vertex -5.743780e+00 7.208799e+00 1.812210e+01
    endloop
  endfacet
  facet normal 1.045280e-01 9.945220e-01 4.082700e-16
    outer loop
      vertex -5.743780e+00 7.208799e+00 1.812210e+01
      vertex -7.461340e+00 7.389400e+00 1.987790e+01
      vertex -5.636140e+00 7.197500e+00 1.987790e+01
    endloop
  endfacet
  facet normal 1.045280e-01 9.945220e-01 0.000000e+00
    outer loop
      vertex -5.743780e+00 7.208799e+00 1.812210e+01
      vertex -5.636140e+00 7.197500e+00 1.987790e+01
      vertex -5.636140e+00 7.197500e+00 1.821530e+01
    endloop
  endfacet
  facet normal -8.436101e-01 2.260451e-01 4.870580e-01
    outer loop
      vertex -3.040400e+00 9.630100e+00 1.778240e+01
      vertex -2.943700e+00 9.000000e+00 1.824240e+01
      vertex -2.327000e+00 1.034350e+01 1.868700e+01
    endloop
  endfacet
  facet normal -8.436101e-01 2.260451e-01 4.870580e-01
    outer loop
      vertex -2.327000e+00 1.034350e+01 1.868700e+01
      vertex -2.943700e+00 9.000000e+00 1.824240e+01
      vertex -2.687000e+00 9.000000e+00 1.868700e+01
    endloop
  endfacet
  facet normal -4.955722e-01 1.327880e-01 8.583563e-01
    outer loop
      vertex -2.327000e+00 1.034350e+01 1.868700e+01
      vertex -2.687000e+00 9.000000e+00 1.868700e+01
      vertex -8.516998e-01 9.491800e+00 1.967050e+01
    endloop
  endfacet
  facet normal -4.955718e-01 1.327870e-01 8.583567e-01
    outer loop
      vertex -8.516998e-01 9.491800e+00 1.967050e+01
      vertex -2.687000e+00 9.000000e+00 1.868700e+01
      vertex -9.834995e-01 9.000000e+00 1.967050e+01
    endloop
  endfacet
  facet normal 8.436101e-01 -2.260451e-01 -4.870580e-01
    outer loop
      vertex 3.178801e+00 7.164700e+00 1.501650e+01
      vertex 2.420500e+00 7.602501e+00 1.350000e+01
      vertex 2.740999e+00 8.798500e+00 1.350000e+01
    endloop
  endfacet
  facet normal 8.436101e-01 -2.260451e-01 -4.870580e-01
    outer loop
      vertex 3.178801e+00 7.164700e+00 1.501650e+01
      vertex 2.740999e+00 8.798500e+00 1.350000e+01
      vertex 2.795000e+00 9.000000e+00 1.350000e+01
    endloop
  endfacet
  facet normal 8.436101e-01 -2.260451e-01 -4.870580e-01
    outer loop
      vertex 3.670500e+00 9.000000e+00 1.501650e+01
      vertex 3.178801e+00 7.164700e+00 1.501650e+01
      vertex 2.795000e+00 9.000000e+00 1.350000e+01
    endloop
  endfacet
  facet normal 8.436101e-01 2.260451e-01 -4.870580e-01
    outer loop
      vertex 2.795000e+00 9.000000e+00 1.350000e+01
      vertex 2.474501e+00 1.019600e+01 1.350000e+01
      vertex 3.670500e+00 9.000000e+00 1.501650e+01
    endloop
  endfacet
  facet normal 8.436101e-01 2.260451e-01 -4.870580e-01
    outer loop
      vertex 2.474501e+00 1.019600e+01 1.350000e+01
      vertex 2.420500e+00 1.039750e+01 1.350000e+01
      vertex 3.178801e+00 1.083530e+01 1.501650e+01
    endloop
  endfacet
  facet normal 8.436101e-01 2.260451e-01 -4.870580e-01
    outer loop
      vertex 3.670500e+00 9.000000e+00 1.501650e+01
      vertex 2.474501e+00 1.019600e+01 1.350000e+01
      vertex 3.178801e+00 1.083530e+01 1.501650e+01
    endloop
  endfacet
  facet normal 6.175655e-01 6.175655e-01 -4.870583e-01
    outer loop
      vertex 1.397499e+00 1.142050e+01 1.350000e+01
      vertex 1.835300e+00 1.217880e+01 1.501650e+01
      vertex 2.420500e+00 1.039750e+01 1.350000e+01
    endloop
  endfacet
  facet normal 6.175655e-01 6.175655e-01 -4.870583e-01
    outer loop
      vertex 2.420500e+00 1.039750e+01 1.350000e+01
      vertex 1.835300e+00 1.217880e+01 1.501650e+01
      vertex 3.178801e+00 1.083530e+01 1.501650e+01
    endloop
  endfacet
  facet normal 2.260451e-01 8.436101e-01 -4.870580e-01
    outer loop
      vertex 1.397499e+00 1.142050e+01 1.350000e+01
      vertex 2.014999e-01 1.174100e+01 1.350000e+01
      vertex 1.835300e+00 1.217880e+01 1.501650e+01
    endloop
  endfacet
  facet normal 2.260451e-01 8.436101e-01 -4.870580e-01
    outer loop
      vertex 2.220446e-16 1.179500e+01 1.350000e+01
      vertex 2.220446e-16 1.267050e+01 1.501650e+01
      vertex 2.014999e-01 1.174100e+01 1.350000e+01
    endloop
  endfacet
  facet normal 2.260451e-01 8.436101e-01 -4.870580e-01
    outer loop
      vertex 2.014999e-01 1.174100e+01 1.350000e+01
      vertex 2.220446e-16 1.267050e+01 1.501650e+01
      vertex 1.835300e+00 1.217880e+01 1.501650e+01
    endloop
  endfacet
  facet normal -2.260451e-01 8.436101e-01 -4.870580e-01
    outer loop
      vertex 2.220446e-16 1.179500e+01 1.350000e+01
      vertex -1.196000e+00 1.147450e+01 1.350000e+01
      vertex 2.220446e-16 1.267050e+01 1.501650e+01
    endloop
  endfacet
  facet normal -2.260451e-01 8.436101e-01 -4.870580e-01
    outer loop
      vertex -1.835300e+00 1.217880e+01 1.501650e+01
      vertex 2.220446e-16 1.267050e+01 1.501650e+01
      vertex -1.397500e+00 1.142050e+01 1.350000e+01
    endloop
  endfacet
  facet normal -2.260451e-01 8.436101e-01 -4.870580e-01
    outer loop
      vertex -1.397500e+00 1.142050e+01 1.350000e+01
      vertex 2.220446e-16 1.267050e+01 1.501650e+01
      vertex -1.196000e+00 1.147450e+01 1.350000e+01
    endloop
  endfacet
  facet normal -6.175655e-01 6.175655e-01 -4.870583e-01
    outer loop
      vertex -3.178800e+00 1.083530e+01 1.501650e+01
      vertex -1.835300e+00 1.217880e+01 1.501650e+01
      vertex -2.420500e+00 1.039750e+01 1.350000e+01
    endloop
  endfacet
  facet normal -6.175655e-01 6.175655e-01 -4.870583e-01
    outer loop
      vertex -2.420500e+00 1.039750e+01 1.350000e+01
      vertex -1.835300e+00 1.217880e+01 1.501650e+01
      vertex -1.397500e+00 1.142050e+01 1.350000e+01
    endloop
  endfacet
  facet normal 8.948807e-01 -3.706719e-01 2.485779e-01
    outer loop
      vertex 8.444401e+00 8.000000e+00 1.800000e+01
      vertex 6.000000e+00 8.000000e+00 2.680000e+01
      vertex 7.728500e+00 6.271500e+00 1.800000e+01
    endloop
  endfacet
  facet normal 8.948807e-01 3.706719e-01 2.485779e-01
    outer loop
      vertex 7.728500e+00 9.728500e+00 1.800000e+01
      vertex 6.000000e+00 8.000000e+00 2.680000e+01
      vertex 8.444401e+00 8.000000e+00 1.800000e+01
    endloop
  endfacet
  facet normal 3.706719e-01 8.948807e-01 2.485779e-01
    outer loop
      vertex 6.000000e+00 1.044440e+01 1.800000e+01
      vertex 6.000000e+00 8.000000e+00 2.680000e+01
      vertex 7.728500e+00 9.728500e+00 1.800000e+01
    endloop
  endfacet
  facet normal -3.706719e-01 8.948807e-01 2.485779e-01
    outer loop
      vertex 6.000000e+00 1.044440e+01 1.800000e+01
      vertex 4.271500e+00 9.728500e+00 1.800000e+01
      vertex 6.000000e+00 8.000000e+00 2.680000e+01
    endloop
  endfacet
  facet normal -8.948807e-01 3.706719e-01 2.485779e-01
    outer loop
      vertex 4.271500e+00 9.728500e+00 1.800000e+01
      vertex 3.555599e+00 8.000000e+00 1.800000e+01
      vertex 6.000000e+00 8.000000e+00 2.680000e+01
    endloop
  endfacet
  facet normal -8.948807e-01 -3.706719e-01 2.485779e-01
    outer loop
      vertex 6.000000e+00 8.000000e+00 2.680000e+01
      vertex 3.555599e+00 8.000000e+00 1.800000e+01
      vertex 4.271500e+00 6.271500e+00 1.800000e+01
    endloop
  endfacet
  facet normal -1.327870e-01 -4.955718e-01 8.583567e-01
    outer loop
      vertex 2.220446e-16 8.016500e+00 1.967050e+01
      vertex -4.918003e-01 8.148300e+00 1.967050e+01
      vertex 2.220446e-16 6.313000e+00 1.868700e+01
    endloop
  endfacet
  facet normal 1.327880e-01 -4.955722e-01 8.583563e-01
    outer loop
      vertex 2.220446e-16 8.016500e+00 1.967050e+01
      vertex 2.220446e-16 6.313000e+00 1.868700e+01
      vertex 1.343500e+00 6.673000e+00 1.868700e+01
    endloop
  endfacet
  facet normal 1.327880e-01 -4.955722e-01 8.583563e-01
    outer loop
      vertex 4.918003e-01 8.148300e+00 1.967050e+01
      vertex 2.220446e-16 8.016500e+00 1.967050e+01
      vertex 1.343500e+00 6.673000e+00 1.868700e+01
    endloop
  endfacet
  facet normal 3.627841e-01 -3.627841e-01 8.583562e-01
    outer loop
      vertex 8.516998e-01 8.508200e+00 1.967050e+01
      vertex 4.918003e-01 8.148300e+00 1.967050e+01
      vertex 1.343500e+00 6.673000e+00 1.868700e+01
    endloop
  endfacet
  facet normal 3.627841e-01 -3.627841e-01 8.583562e-01
    outer loop
      vertex 2.327000e+00 7.656500e+00 1.868700e+01
      vertex 8.516998e-01 8.508200e+00 1.967050e+01
      vertex 1.343500e+00 6.673000e+00 1.868700e+01
    endloop
  endfacet
  facet normal 8.436101e-01 -2.260451e-01 4.870580e-01
    outer loop
      vertex 2.687000e+00 9.000000e+00 1.868700e+01
      vertex 2.327000e+00 7.656500e+00 1.868700e+01
      vertex 3.670500e+00 9.000000e+00 1.698350e+01
    endloop
  endfacet
  facet normal 8.436101e-01 -2.260451e-01 4.870580e-01
    outer loop
      vertex 3.670500e+00 9.000000e+00 1.698350e+01
      vertex 2.327000e+00 7.656500e+00 1.868700e+01
      vertex 3.178801e+00 7.164700e+00 1.698350e+01
    endloop
  endfacet
  facet normal 4.955722e-01 -1.327880e-01 8.583563e-01
    outer loop
      vertex 2.687000e+00 9.000000e+00 1.868700e+01
      vertex 8.516998e-01 8.508200e+00 1.967050e+01
      vertex 2.327000e+00 7.656500e+00 1.868700e+01
    endloop
  endfacet
  facet normal 9.659258e-01 -2.588190e-01 0.000000e+00
    outer loop
      vertex 3.178801e+00 7.164700e+00 1.698350e+01
      vertex 3.178801e+00 7.164700e+00 1.501650e+01
      vertex 3.670500e+00 9.000000e+00 1.501650e+01
    endloop
  endfacet
  facet normal 9.659258e-01 -2.588190e-01 0.000000e+00
    outer loop
      vertex 3.670500e+00 9.000000e+00 1.698350e+01
      vertex 3.178801e+00 7.164700e+00 1.698350e+01
      vertex 3.670500e+00 9.000000e+00 1.501650e+01
    endloop
  endfacet
  facet normal -8.532332e-01 4.478111e-01 2.673171e-01
    outer loop
      vertex -9.887110e+00 -1.442200e+00 1.650000e+01
      vertex -1.074506e+01 -3.076900e+00 1.650000e+01
      vertex -7.000000e+00 -4.000000e+00 3.000000e+01
    endloop
  endfacet
  facet normal -9.636087e-01 0.000000e+00 2.673169e-01
    outer loop
      vertex -1.074506e+01 -3.076900e+00 1.650000e+01
      vertex -1.074506e+01 -4.923100e+00 1.650000e+01
      vertex -7.000000e+00 -4.000000e+00 3.000000e+01
    endloop
  endfacet
  facet normal -8.532332e-01 -4.478111e-01 2.673171e-01
    outer loop
      vertex -7.000000e+00 -4.000000e+00 3.000000e+01
      vertex -1.074506e+01 -4.923100e+00 1.650000e+01
      vertex -9.887110e+00 -6.557760e+00 1.650000e+01
    endloop
  endfacet
  facet normal -5.473921e-01 -7.930343e-01 2.673171e-01
    outer loop
      vertex -7.000000e+00 -4.000000e+00 3.000000e+01
      vertex -9.887110e+00 -6.557760e+00 1.650000e+01
      vertex -8.367760e+00 -7.606490e+00 1.650000e+01
    endloop
  endfacet
  facet normal -1.161500e-01 -9.565829e-01 2.673170e-01
    outer loop
      vertex -7.000000e+00 -4.000000e+00 3.000000e+01
      vertex -8.367760e+00 -7.606490e+00 1.650000e+01
      vertex -6.535070e+00 -7.829020e+00 1.650000e+01
    endloop
  endfacet
  facet normal 7.212710e-01 -6.389912e-01 2.673170e-01
    outer loop
      vertex -3.584700e+00 -5.792500e+00 1.650000e+01
      vertex -7.000000e+00 -4.000000e+00 3.000000e+01
      vertex -4.808900e+00 -7.174370e+00 1.650000e+01
    endloop
  endfacet
  facet normal 9.356079e-01 -2.306070e-01 2.673169e-01
    outer loop
      vertex -3.142900e+00 -4.000000e+00 1.650000e+01
      vertex -7.000000e+00 -4.000000e+00 3.000000e+01
      vertex -3.584700e+00 -5.792500e+00 1.650000e+01
    endloop
  endfacet
  facet normal -1.161500e-01 9.565829e-01 2.673170e-01
    outer loop
      vertex -8.064400e+00 -1.193400e+00 1.949420e+01
      vertex -7.000000e+00 -4.000000e+00 3.000000e+01
      vertex -7.824180e+00 -1.271500e+00 1.987790e+01
    endloop
  endfacet
  facet normal -1.161500e-01 9.565829e-01 2.673170e-01
    outer loop
      vertex -7.451120e+00 -1.292100e+00 2.011390e+01
      vertex -7.000000e+00 -4.000000e+00 3.000000e+01
      vertex -6.660180e+00 -1.201300e+00 2.013270e+01
    endloop
  endfacet
  facet normal -1.161500e-01 9.565829e-01 2.673170e-01
    outer loop
      vertex -7.590050e+00 -1.284400e+00 2.002600e+01
      vertex -7.000000e+00 -4.000000e+00 3.000000e+01
      vertex -7.451120e+00 -1.292100e+00 2.011390e+01
    endloop
  endfacet
  facet normal -1.161500e-01 9.565829e-01 2.673170e-01
    outer loop
      vertex -7.824180e+00 -1.271500e+00 1.987790e+01
      vertex -7.000000e+00 -4.000000e+00 3.000000e+01
      vertex -7.590050e+00 -1.284400e+00 2.002600e+01
    endloop
  endfacet
  facet normal 7.212710e-01 6.389912e-01 2.673170e-01
    outer loop
      vertex -4.808900e+00 -8.255997e-01 1.650000e+01
      vertex -7.000000e+00 -4.000000e+00 3.000000e+01
      vertex -3.584700e+00 -2.207500e+00 1.650000e+01
    endloop
  endfacet
  facet normal 9.356079e-01 2.306070e-01 2.673169e-01
    outer loop
      vertex -3.584700e+00 -2.207500e+00 1.650000e+01
      vertex -7.000000e+00 -4.000000e+00 3.000000e+01
      vertex -3.142900e+00 -4.000000e+00 1.650000e+01
    endloop
  endfacet
  facet normal -6.038049e-01 -7.571480e-01 2.492920e-01
    outer loop
      vertex -5.000000e+00 -9.000000e+00 2.500000e+01
      vertex -6.673230e+00 -9.805780e+00 1.850000e+01
      vertex -5.413250e+00 -1.081058e+01 1.850000e+01
    endloop
  endfacet
  facet normal -9.684281e-01 0.000000e+00 2.492930e-01
    outer loop
      vertex -6.673230e+00 -8.194220e+00 1.850000e+01
      vertex -6.673230e+00 -9.805780e+00 1.850000e+01
      vertex -5.000000e+00 -9.000000e+00 2.500000e+01
    endloop
  endfacet
  facet normal 2.154959e-01 -9.441475e-01 2.492929e-01
    outer loop
      vertex -5.000000e+00 -9.000000e+00 2.500000e+01
      vertex -5.413250e+00 -1.081058e+01 1.850000e+01
      vertex -3.842100e+00 -1.045197e+01 1.850000e+01
    endloop
  endfacet
  facet normal 8.725238e-01 -4.201849e-01 2.492929e-01
    outer loop
      vertex -3.142900e+00 -9.000000e+00 1.850000e+01
      vertex -5.000000e+00 -9.000000e+00 2.500000e+01
      vertex -3.842100e+00 -1.045197e+01 1.850000e+01
    endloop
  endfacet
  facet normal 8.725238e-01 4.201849e-01 2.492929e-01
    outer loop
      vertex -3.842100e+00 -7.548030e+00 1.850000e+01
      vertex -5.000000e+00 -9.000000e+00 2.500000e+01
      vertex -3.142900e+00 -9.000000e+00 1.850000e+01
    endloop
  endfacet
  facet normal 2.154959e-01 9.441475e-01 2.492929e-01
    outer loop
      vertex -3.842100e+00 -7.548030e+00 1.850000e+01
      vertex -5.413250e+00 -7.189420e+00 1.850000e+01
      vertex -5.000000e+00 -9.000000e+00 2.500000e+01
    endloop
  endfacet
  facet normal -6.038049e-01 7.571480e-01 2.492920e-01
    outer loop
      vertex -5.413250e+00 -7.189420e+00 1.850000e+01
      vertex -6.673230e+00 -8.194220e+00 1.850000e+01
      vertex -5.000000e+00 -9.000000e+00 2.500000e+01
    endloop
  endfacet
  facet normal 4.999998e-01 -8.660256e-01 0.000000e+00
    outer loop
      vertex -5.636140e+00 -1.197500e+00 1.987790e+01
      vertex -5.636140e+00 -1.197500e+00 1.881090e+01
      vertex -5.422510e+00 -1.074200e+00 1.812210e+01
    endloop
  endfacet
  facet normal 4.999998e-01 -8.660256e-01 0.000000e+00
    outer loop
      vertex -4.046800e+00 -2.798996e-01 1.987790e+01
      vertex -5.636140e+00 -1.197500e+00 1.987790e+01
      vertex -4.046800e+00 -2.798996e-01 1.812210e+01
    endloop
  endfacet
  facet normal 4.999998e-01 -8.660256e-01 -3.067759e-16
    outer loop
      vertex -4.046800e+00 -2.798996e-01 1.812210e+01
      vertex -5.636140e+00 -1.197500e+00 1.987790e+01
      vertex -5.422510e+00 -1.074200e+00 1.812210e+01
    endloop
  endfacet
  facet normal 8.090171e-01 -5.877851e-01 0.000000e+00
    outer loop
      vertex -4.046800e+00 -2.798996e-01 1.987790e+01
      vertex -4.046800e+00 -2.798996e-01 1.812210e+01
      vertex -2.968000e+00 1.204901e+00 1.812210e+01
    endloop
  endfacet
  facet normal 8.090171e-01 -5.877851e-01 0.000000e+00
    outer loop
      vertex -2.968000e+00 1.204901e+00 1.987790e+01
      vertex -4.046800e+00 -2.798996e-01 1.987790e+01
      vertex -2.968000e+00 1.204901e+00 1.812210e+01
    endloop
  endfacet
  facet normal 9.687889e-02 -9.217408e-01 3.755110e-01
    outer loop
      vertex -7.391110e+00 -7.210999e-01 2.150010e+01
      vertex -7.451120e+00 -1.292100e+00 2.011390e+01
      vertex -6.660180e+00 -1.201300e+00 2.013270e+01
    endloop
  endfacet
  facet normal 9.687889e-02 -9.217408e-01 3.755110e-01
    outer loop
      vertex -6.289750e+00 -1.266200e+00 1.987790e+01
      vertex -7.391110e+00 -7.210999e-01 2.150010e+01
      vertex -6.660180e+00 -1.201300e+00 2.013270e+01
    endloop
  endfacet
  facet normal 9.687889e-02 -9.217408e-01 3.755110e-01
    outer loop
      vertex -6.289750e+00 -1.266200e+00 1.987790e+01
      vertex -5.636140e+00 -1.197500e+00 1.987790e+01
      vertex -7.391110e+00 -7.210999e-01 2.150010e+01
    endloop
  endfacet
  facet normal 1.045280e-01 -9.945220e-01 0.000000e+00
    outer loop
      vertex -5.636140e+00 -1.197500e+00 1.987790e+01
      vertex -6.289750e+00 -1.266200e+00 1.987790e+01
      vertex -5.636140e+00 -1.197500e+00 1.881090e+01
    endloop
  endfacet
  facet normal 8.090171e-01 5.877851e-01 0.000000e+00
    outer loop
      vertex -2.968000e+00 4.795099e+00 1.812210e+01
      vertex -4.046800e+00 6.279900e+00 1.812210e+01
      vertex -4.046800e+00 6.279900e+00 1.987790e+01
    endloop
  endfacet
  facet normal 8.090171e-01 5.877851e-01 0.000000e+00
    outer loop
      vertex -2.968000e+00 4.795099e+00 1.987790e+01
      vertex -2.968000e+00 4.795099e+00 1.812210e+01
      vertex -4.046800e+00 6.279900e+00 1.987790e+01
    endloop
  endfacet
  facet normal -3.090172e-01 9.510565e-01 0.000000e+00
    outer loop
      vertex -9.206770e+00 6.822201e+00 1.812210e+01
      vertex -9.206770e+00 6.822201e+00 1.987790e+01
      vertex -7.461340e+00 7.389400e+00 1.812210e+01
    endloop
  endfacet
  facet normal -3.090172e-01 9.510565e-01 0.000000e+00
    outer loop
      vertex -7.461340e+00 7.389400e+00 1.812210e+01
      vertex -9.206770e+00 6.822201e+00 1.987790e+01
      vertex -7.461340e+00 7.389400e+00 1.987790e+01
    endloop
  endfacet
  facet normal -6.691303e-01 7.431452e-01 0.000000e+00
    outer loop
      vertex -1.057062e+01 5.594200e+00 1.812210e+01
      vertex -1.057062e+01 5.594200e+00 1.987790e+01
      vertex -9.206770e+00 6.822201e+00 1.812210e+01
    endloop
  endfacet
  facet normal -6.691303e-01 7.431452e-01 0.000000e+00
    outer loop
      vertex -9.206770e+00 6.822201e+00 1.812210e+01
      vertex -1.057062e+01 5.594200e+00 1.987790e+01
      vertex -9.206770e+00 6.822201e+00 1.987790e+01
    endloop
  endfacet
  facet normal -9.135458e-01 4.067359e-01 0.000000e+00
    outer loop
      vertex -1.131709e+01 3.917601e+00 1.812210e+01
      vertex -1.131709e+01 3.917601e+00 1.987790e+01
      vertex -1.057062e+01 5.594200e+00 1.812210e+01
    endloop
  endfacet
  facet normal -9.135458e-01 4.067359e-01 0.000000e+00
    outer loop
      vertex -1.057062e+01 5.594200e+00 1.812210e+01
      vertex -1.131709e+01 3.917601e+00 1.987790e+01
      vertex -1.057062e+01 5.594200e+00 1.987790e+01
    endloop
  endfacet
  facet normal -1.000000e+00 -0.000000e+00 -0.000000e+00
    outer loop
      vertex -1.131709e+01 2.082399e+00 1.812210e+01
      vertex -1.131709e+01 2.082399e+00 1.987790e+01
      vertex -1.131709e+01 3.917601e+00 1.812210e+01
    endloop
  endfacet
  facet normal -1.000000e+00 0.000000e+00 0.000000e+00
    outer loop
      vertex -1.131709e+01 3.917601e+00 1.812210e+01
      vertex -1.131709e+01 2.082399e+00 1.987790e+01
      vertex -1.131709e+01 3.917601e+00 1.987790e+01
    endloop
  endfacet
  facet normal -9.135458e-01 -4.067359e-01 -0.000000e+00
    outer loop
      vertex -1.131709e+01 2.082399e+00 1.812210e+01
      vertex -1.057062e+01 4.057999e-01 1.812210e+01
      vertex -1.131709e+01 2.082399e+00 1.987790e+01
    endloop
  endfacet
  facet normal -9.135458e-01 -4.067359e-01 0.000000e+00
    outer loop
      vertex -1.131709e+01 2.082399e+00 1.987790e+01
      vertex -1.057062e+01 4.057999e-01 1.812210e+01
      vertex -1.057062e+01 4.057999e-01 1.987790e+01
    endloop
  endfacet
  facet normal -6.691303e-01 -7.431452e-01 0.000000e+00
    outer loop
      vertex -1.057062e+01 4.057999e-01 1.987790e+01
      vertex -1.057062e+01 4.057999e-01 1.812210e+01
      vertex -9.206770e+00 -8.221998e-01 1.812210e+01
    endloop
  endfacet
  facet normal -6.691303e-01 -7.431452e-01 0.000000e+00
    outer loop
      vertex -9.206770e+00 -8.221998e-01 1.987790e+01
      vertex -1.057062e+01 4.057999e-01 1.987790e+01
      vertex -9.206770e+00 -8.221998e-01 1.812210e+01
    endloop
  endfacet
  facet normal -2.864030e-01 -8.814560e-01 -3.755111e-01
    outer loop
      vertex -8.520010e+00 -1.045400e+00 1.812210e+01
      vertex -9.206770e+00 -8.221998e-01 1.812210e+01
      vertex -8.461690e+00 -7.806997e-01 1.745640e+01
    endloop
  endfacet
  facet normal -3.090172e-01 -9.510565e-01 0.000000e+00
    outer loop
      vertex -9.206770e+00 -8.221998e-01 1.987790e+01
      vertex -9.206770e+00 -8.221998e-01 1.812210e+01
      vertex -8.520010e+00 -1.045400e+00 1.812210e+01
    endloop
  endfacet
  facet normal -3.090172e-01 -9.510565e-01 1.498181e-15
    outer loop
      vertex -7.824180e+00 -1.271500e+00 1.987790e+01
      vertex -9.206770e+00 -8.221998e-01 1.987790e+01
      vertex -8.064400e+00 -1.193400e+00 1.949420e+01
    endloop
  endfacet
  facet normal -3.090172e-01 -9.510565e-01 -2.852531e-17
    outer loop
      vertex -8.064400e+00 -1.193400e+00 1.949420e+01
      vertex -9.206770e+00 -8.221998e-01 1.987790e+01
      vertex -8.520010e+00 -1.045400e+00 1.812210e+01
    endloop
  endfacet
  facet normal 0.000000e+00 0.000000e+00 1.000000e+00
    outer loop
      vertex -8.516998e-01 9.491800e+00 1.967050e+01
      vertex -9.834995e-01 9.000000e+00 1.967050e+01
      vertex -8.516998e-01 8.508200e+00 1.967050e+01
    endloop
  endfacet
  facet normal 0.000000e+00 0.000000e+00 1.000000e+00
    outer loop
      vertex 2.220446e-16 8.016500e+00 1.967050e+01
      vertex -8.516998e-01 9.491800e+00 1.967050e+01
      vertex -4.918003e-01 8.148300e+00 1.967050e+01
    endloop
  endfacet
  facet normal 0.000000e+00 0.000000e+00 1.000000e+00
    outer loop
      vertex -4.918003e-01 8.148300e+00 1.967050e+01
      vertex -8.516998e-01 9.491800e+00 1.967050e+01
      vertex -8.516998e-01 8.508200e+00 1.967050e+01
    endloop
  endfacet
  facet normal 0.000000e+00 0.000000e+00 1.000000e+00
    outer loop
      vertex 4.918003e-01 8.148300e+00 1.967050e+01
      vertex -8.516998e-01 9.491800e+00 1.967050e+01
      vertex 2.220446e-16 8.016500e+00 1.967050e+01
    endloop
  endfacet
  facet normal 0.000000e+00 0.000000e+00 1.000000e+00
    outer loop
      vertex 8.516998e-01 8.508200e+00 1.967050e+01
      vertex -8.516998e-01 9.491800e+00 1.967050e+01
      vertex 4.918003e-01 8.148300e+00 1.967050e+01
    endloop
  endfacet
  facet normal 0.000000e+00 0.000000e+00 1.000000e+00
    outer loop
      vertex 9.834995e-01 9.000000e+00 1.967050e+01
      vertex -8.516998e-01 9.491800e+00 1.967050e+01
      vertex 8.516998e-01 8.508200e+00 1.967050e+01
    endloop
  endfacet
  facet normal 0.000000e+00 0.000000e+00 1.000000e+00
    outer loop
      vertex 8.516998e-01 9.491800e+00 1.967050e+01
      vertex -8.516998e-01 9.491800e+00 1.967050e+01
      vertex 9.834995e-01 9.000000e+00 1.967050e+01
    endloop
  endfacet
  facet normal 0.000000e+00 0.000000e+00 1.000000e+00
    outer loop
      vertex 4.918003e-01 9.851700e+00 1.967050e+01
      vertex -8.516998e-01 9.491800e+00 1.967050e+01
      vertex 8.516998e-01 9.491800e+00 1.967050e+01
    endloop
  endfacet
  facet normal 0.000000e+00 0.000000e+00 1.000000e+00
    outer loop
      vertex 2.220446e-16 9.983500e+00 1.967050e+01
      vertex -8.516998e-01 9.491800e+00 1.967050e+01
      vertex 4.918003e-01 9.851700e+00 1.967050e+01
    endloop
  endfacet
  facet normal 0.000000e+00 0.000000e+00 1.000000e+00
    outer loop
      vertex -4.918003e-01 9.851700e+00 1.967050e+01
      vertex -8.516998e-01 9.491800e+00 1.967050e+01
      vertex 2.220446e-16 9.983500e+00 1.967050e+01
    endloop
  endfacet
  facet normal -3.090172e-01 9.510565e-01 0.000000e+00
    outer loop
      vertex 3.786501e+00 1.881701e+00 2.782850e+01
      vertex 3.786501e+00 1.881701e+00 2.900000e+01
      vertex 4.150600e+00 2.000000e+00 2.685530e+01
    endloop
  endfacet
  facet normal -3.090172e-01 9.510565e-01 1.299661e-15
    outer loop
      vertex 4.150600e+00 2.000000e+00 2.685530e+01
      vertex 3.786501e+00 1.881701e+00 2.900000e+01
      vertex 5.463499e+00 2.426600e+00 2.900000e+01
    endloop
  endfacet
  facet normal -3.090172e-01 9.510565e-01 0.000000e+00
    outer loop
      vertex 4.150600e+00 2.000000e+00 2.685530e+01
      vertex 5.463499e+00 2.426600e+00 2.900000e+01
      vertex 5.463499e+00 2.426600e+00 2.286180e+01
    endloop
  endfacet
  facet normal -1.000000e+00 0.000000e+00 0.000000e+00
    outer loop
      vertex 3.786501e+00 1.183004e-01 2.555100e+01
      vertex 3.786501e+00 1.183004e-01 2.900000e+01
      vertex 3.786501e+00 2.135000e-01 2.578160e+01
    endloop
  endfacet
  facet normal -1.000000e+00 0.000000e+00 0.000000e+00
    outer loop
      vertex 3.786501e+00 2.135000e-01 2.578160e+01
      vertex 3.786501e+00 1.183004e-01 2.900000e+01
      vertex 3.786501e+00 1.881701e+00 2.900000e+01
    endloop
  endfacet
  facet normal -1.000000e+00 0.000000e+00 0.000000e+00
    outer loop
      vertex 3.786501e+00 1.881701e+00 2.900000e+01
      vertex 3.786501e+00 1.881701e+00 2.782850e+01
      vertex 3.786501e+00 1.260000e+00 2.747520e+01
    endloop
  endfacet
  facet normal -1.000000e+00 0.000000e+00 0.000000e+00
    outer loop
      vertex 3.786501e+00 2.135000e-01 2.578160e+01
      vertex 3.786501e+00 1.881701e+00 2.900000e+01
      vertex 3.786501e+00 1.260000e+00 2.747520e+01
    endloop
  endfacet
  facet normal -3.090172e-01 -9.510565e-01 0.000000e+00
    outer loop
      vertex 3.786501e+00 1.183004e-01 2.900000e+01
      vertex 3.786501e+00 1.183004e-01 2.555100e+01
      vertex 3.927500e+00 7.250023e-02 2.521170e+01
    endloop
  endfacet
  facet normal -3.090172e-01 -9.510565e-01 2.860321e-16
    outer loop
      vertex 5.016899e+00 -2.814999e-01 2.200000e+01
      vertex 3.786501e+00 1.183004e-01 2.900000e+01
      vertex 3.927500e+00 7.250023e-02 2.521170e+01
    endloop
  endfacet
  facet normal -3.090172e-01 -9.510565e-01 3.167912e-16
    outer loop
      vertex 5.016899e+00 -2.814999e-01 2.200000e+01
      vertex 5.463499e+00 -4.266005e-01 2.200000e+01
      vertex 3.786501e+00 1.183004e-01 2.900000e+01
    endloop
  endfacet
  facet normal -3.090172e-01 -9.510565e-01 -0.000000e+00
    outer loop
      vertex 5.463499e+00 -4.266005e-01 2.200000e+01
      vertex 5.463499e+00 -4.266005e-01 2.900000e+01
      vertex 3.786501e+00 1.183004e-01 2.900000e+01
    endloop
  endfacet
  facet normal 2.225210e-01 9.749279e-01 0.000000e+00
    outer loop
      vertex -4.449997e-01 -2.050100e+00 1.923270e+01
      vertex -4.449997e-01 -2.050100e+00 2.370000e+01
      vertex 2.560997e-01 -2.210200e+00 1.997980e+01
    endloop
  endfacet
  facet normal 2.225210e-01 9.749279e-01 1.078340e-16
    outer loop
      vertex 2.560997e-01 -2.210200e+00 1.997980e+01
      vertex -4.449997e-01 -2.050100e+00 2.370000e+01
      vertex 1.247000e+00 -2.436300e+00 2.370000e+01
    endloop
  endfacet
  facet normal 2.225210e-01 9.749279e-01 0.000000e+00
    outer loop
      vertex 2.560997e-01 -2.210200e+00 1.997980e+01
      vertex 1.247000e+00 -2.436300e+00 2.370000e+01
      vertex 1.247000e+00 -2.436300e+00 1.989680e+01
    endloop
  endfacet
  facet normal -6.234901e-01 7.818312e-01 0.000000e+00
    outer loop
      vertex -1.801900e+00 -3.132200e+00 1.600000e+01
      vertex -1.801900e+00 -3.132200e+00 2.370000e+01
      vertex -4.449997e-01 -2.050100e+00 1.600000e+01
    endloop
  endfacet
  facet normal -6.234901e-01 7.818312e-01 0.000000e+00
    outer loop
      vertex -4.449997e-01 -2.050100e+00 1.923270e+01
      vertex -1.801900e+00 -3.132200e+00 2.370000e+01
      vertex -4.449997e-01 -2.050100e+00 2.370000e+01
    endloop
  endfacet
  facet normal -6.234901e-01 7.818312e-01 6.153421e-17
    outer loop
      vertex -5.106001e-01 -2.102400e+00 1.900000e+01
      vertex -1.801900e+00 -3.132200e+00 2.370000e+01
      vertex -4.449997e-01 -2.050100e+00 1.923270e+01
    endloop
  endfacet
  facet normal -6.234901e-01 7.818312e-01 -1.691260e-17
    outer loop
      vertex -4.449997e-01 -2.050100e+00 1.600000e+01
      vertex -1.801900e+00 -3.132200e+00 2.370000e+01
      vertex -5.106001e-01 -2.102400e+00 1.900000e+01
    endloop
  endfacet
  facet normal -6.234901e-01 7.818312e-01 0.000000e+00
    outer loop
      vertex -4.449997e-01 -2.050100e+00 1.600000e+01
      vertex -5.106001e-01 -2.102400e+00 1.900000e+01
      vertex -4.449997e-01 -2.050100e+00 1.900000e+01
    endloop
  endfacet
  facet normal 9.276509e-01 -1.845210e-01 3.246780e-01
    outer loop
      vertex 5.833500e+00 1.917299e+00 2.200000e+01
      vertex 5.556900e+00 5.267000e-01 2.200000e+01
      vertex 6.527000e+00 1.248999e-01 1.900000e+01
    endloop
  endfacet
  facet normal 9.276509e-01 -1.845210e-01 3.246780e-01
    outer loop
      vertex 5.773500e+00 2.000000e+00 2.221870e+01
      vertex 5.833500e+00 1.917299e+00 2.200000e+01
      vertex 6.900000e+00 2.000000e+00 1.900000e+01
    endloop
  endfacet
  facet normal 9.276509e-01 -1.845210e-01 3.246780e-01
    outer loop
      vertex 6.900000e+00 2.000000e+00 1.900000e+01
      vertex 5.833500e+00 1.917299e+00 2.200000e+01
      vertex 6.527000e+00 1.248999e-01 1.900000e+01
    endloop
  endfacet
  facet normal 8.090171e-01 5.877851e-01 0.000000e+00
    outer loop
      vertex 5.773500e+00 2.000000e+00 2.221870e+01
      vertex 5.463499e+00 2.426600e+00 2.286180e+01
      vertex 5.463499e+00 2.426600e+00 2.900000e+01
    endloop
  endfacet
  facet normal 8.090171e-01 5.877851e-01 0.000000e+00
    outer loop
      vertex 6.500000e+00 1.000000e+00 2.200000e+01
      vertex 5.773500e+00 2.000000e+00 2.221870e+01
      vertex 6.500000e+00 1.000000e+00 2.900000e+01
    endloop
  endfacet
  facet normal 8.090171e-01 5.877851e-01 1.867930e-16
    outer loop
      vertex 6.500000e+00 1.000000e+00 2.900000e+01
      vertex 5.773500e+00 2.000000e+00 2.221870e+01
      vertex 5.463499e+00 2.426600e+00 2.900000e+01
    endloop
  endfacet
  facet normal 8.090171e-01 5.877851e-01 -1.036030e-14
    outer loop
      vertex 5.833500e+00 1.917299e+00 2.200000e+01
      vertex 5.773500e+00 2.000000e+00 2.221870e+01
      vertex 6.500000e+00 1.000000e+00 2.200000e+01
    endloop
  endfacet
  facet normal 9.065649e-01 -1.926960e-01 3.755110e-01
    outer loop
      vertex -2.586500e+00 3.000000e+00 1.987790e+01
      vertex -3.581900e+00 1.478100e+00 2.150010e+01
      vertex -2.968000e+00 1.204901e+00 1.987790e+01
    endloop
  endfacet
  facet normal 9.065645e-01 -1.926959e-01 3.755118e-01
    outer loop
      vertex -3.258400e+00 3.000000e+00 2.150010e+01
      vertex -3.581900e+00 1.478100e+00 2.150010e+01
      vertex -2.586500e+00 3.000000e+00 1.987790e+01
    endloop
  endfacet
  facet normal 9.065645e-01 1.926959e-01 3.755118e-01
    outer loop
      vertex -2.968000e+00 4.795099e+00 1.987790e+01
      vertex -3.258400e+00 3.000000e+00 2.150010e+01
      vertex -2.586500e+00 3.000000e+00 1.987790e+01
    endloop
  endfacet
  facet normal 9.065649e-01 1.926960e-01 3.755110e-01
    outer loop
      vertex -2.968000e+00 4.795099e+00 1.987790e+01
      vertex -3.581900e+00 4.521900e+00 2.150010e+01
      vertex -3.258400e+00 3.000000e+00 2.150010e+01
    endloop
  endfacet
  facet normal 7.498112e-01 5.447702e-01 3.755111e-01
    outer loop
      vertex -2.968000e+00 4.795099e+00 1.987790e+01
      vertex -4.046800e+00 6.279900e+00 1.987790e+01
      vertex -3.581900e+00 4.521900e+00 2.150010e+01
    endloop
  endfacet
  facet normal 7.498112e-01 -5.447702e-01 3.755111e-01
    outer loop
      vertex -2.968000e+00 1.204901e+00 1.987790e+01
      vertex -4.496400e+00 2.194004e-01 2.150010e+01
      vertex -4.046800e+00 -2.798996e-01 1.987790e+01
    endloop
  endfacet
  facet normal 7.498112e-01 -5.447702e-01 3.755111e-01
    outer loop
      vertex -3.581900e+00 1.478100e+00 2.150010e+01
      vertex -4.496400e+00 2.194004e-01 2.150010e+01
      vertex -2.968000e+00 1.204901e+00 1.987790e+01
    endloop
  endfacet
  facet normal 2.225210e-01 9.749279e-01 0.000000e+00
    outer loop
      vertex -4.449997e-01 -2.050100e+00 1.600000e+01
      vertex -4.449997e-01 -2.050100e+00 1.900000e+01
      vertex 1.247000e+00 -2.436300e+00 1.600000e+01
    endloop
  endfacet
  facet normal 2.225210e-01 9.749279e-01 0.000000e+00
    outer loop
      vertex 1.247000e+00 -2.436300e+00 1.600000e+01
      vertex -4.449997e-01 -2.050100e+00 1.900000e+01
      vertex 1.247000e+00 -2.436300e+00 1.900000e+01
    endloop
  endfacet
  facet normal -1.000000e+00 -0.000000e+00 -0.000000e+00
    outer loop
      vertex -1.801900e+00 -4.867800e+00 1.600000e+01
      vertex -1.801900e+00 -4.867800e+00 2.370000e+01
      vertex -1.801900e+00 -3.132200e+00 1.600000e+01
    endloop
  endfacet
  facet normal -1.000000e+00 0.000000e+00 0.000000e+00
    outer loop
      vertex -1.801900e+00 -3.132200e+00 1.600000e+01
      vertex -1.801900e+00 -4.867800e+00 2.370000e+01
      vertex -1.801900e+00 -3.132200e+00 2.370000e+01
    endloop
  endfacet
  facet normal -9.755591e-01 0.000000e+00 2.197370e-01
    outer loop
      vertex -1.801900e+00 -3.132200e+00 2.370000e+01
      vertex -1.801900e+00 -4.867800e+00 2.370000e+01
      vertex 2.220446e-16 -4.000000e+00 3.170000e+01
    endloop
  endfacet
  facet normal -6.082510e-01 -7.627230e-01 2.197370e-01
    outer loop
      vertex 2.220446e-16 -4.000000e+00 3.170000e+01
      vertex -1.801900e+00 -4.867800e+00 2.370000e+01
      vertex -4.449997e-01 -5.949860e+00 2.370000e+01
    endloop
  endfacet
  facet normal 2.170820e-01 -9.511000e-01 2.197370e-01
    outer loop
      vertex 2.220446e-16 -4.000000e+00 3.170000e+01
      vertex -4.449997e-01 -5.949860e+00 2.370000e+01
      vertex 1.247000e+00 -5.563660e+00 2.370000e+01
    endloop
  endfacet
  facet normal 8.789484e-01 -4.232792e-01 2.197371e-01
    outer loop
      vertex 2.000000e+00 -4.000000e+00 2.370000e+01
      vertex 2.220446e-16 -4.000000e+00 3.170000e+01
      vertex 1.247000e+00 -5.563660e+00 2.370000e+01
    endloop
  endfacet
  facet normal 8.789484e-01 4.232792e-01 2.197371e-01
    outer loop
      vertex 1.247000e+00 -2.436300e+00 2.370000e+01
      vertex 2.220446e-16 -4.000000e+00 3.170000e+01
      vertex 2.000000e+00 -4.000000e+00 2.370000e+01
    endloop
  endfacet
  facet normal 2.170820e-01 9.511000e-01 2.197370e-01
    outer loop
      vertex 1.247000e+00 -2.436300e+00 2.370000e+01
      vertex -4.449997e-01 -2.050100e+00 2.370000e+01
      vertex 2.220446e-16 -4.000000e+00 3.170000e+01
    endloop
  endfacet
  facet normal 0.000000e+00 0.000000e+00 -1.000000e+00
    outer loop
      vertex 5.016899e+00 -2.814999e-01 2.200000e+01
      vertex 5.556900e+00 5.267000e-01 2.200000e+01
      vertex 5.463499e+00 -4.266005e-01 2.200000e+01
    endloop
  endfacet
  facet normal 0.000000e+00 0.000000e+00 -1.000000e+00
    outer loop
      vertex 5.463499e+00 -4.266005e-01 2.200000e+01
      vertex 5.556900e+00 5.267000e-01 2.200000e+01
      vertex 5.833500e+00 1.917299e+00 2.200000e+01
    endloop
  endfacet
  facet normal 0.000000e+00 0.000000e+00 -1.000000e+00
    outer loop
      vertex 5.463499e+00 -4.266005e-01 2.200000e+01
      vertex 5.833500e+00 1.917299e+00 2.200000e+01
      vertex 6.500000e+00 1.000000e+00 2.200000e+01
    endloop
  endfacet
  facet normal -2.810849e-01 6.785977e-01 6.785989e-01
    outer loop
      vertex 7.850800e+00 6.432699e+00 1.735770e+01
      vertex 7.767799e+00 6.232201e+00 1.752380e+01
      vertex 8.323500e+00 5.676500e+00 1.830970e+01
    endloop
  endfacet
  facet normal -2.810849e-01 6.785977e-01 6.785989e-01
    outer loop
      vertex 9.000000e+00 5.956699e+00 1.830970e+01
      vertex 7.850800e+00 6.432699e+00 1.735770e+01
      vertex 8.323500e+00 5.676500e+00 1.830970e+01
    endloop
  endfacet
  facet normal -6.785980e-01 2.810840e-01 6.785990e-01
    outer loop
      vertex 7.083300e+00 5.948700e+00 1.695670e+01
      vertex 6.690300e+00 5.000000e+00 1.695670e+01
      vertex 8.323500e+00 5.676500e+00 1.830970e+01
    endloop
  endfacet
  facet normal -6.785980e-01 2.810840e-01 6.785990e-01
    outer loop
      vertex 7.767799e+00 6.232201e+00 1.752380e+01
      vertex 7.083300e+00 5.948700e+00 1.695670e+01
      vertex 8.323500e+00 5.676500e+00 1.830970e+01
    endloop
  endfacet
  facet normal -9.238798e-01 3.826829e-01 0.000000e+00
    outer loop
      vertex 6.690300e+00 5.000000e+00 1.504330e+01
      vertex 6.690300e+00 5.000000e+00 1.695670e+01
      vertex 7.083300e+00 5.948700e+00 1.504330e+01
    endloop
  endfacet
  facet normal -9.238798e-01 3.826829e-01 0.000000e+00
    outer loop
      vertex 7.083300e+00 5.948700e+00 1.504330e+01
      vertex 6.690300e+00 5.000000e+00 1.695670e+01
      vertex 7.083300e+00 5.948700e+00 1.695670e+01
    endloop
  endfacet
  facet normal -6.785982e-01 2.810851e-01 -6.785982e-01
    outer loop
      vertex 6.690300e+00 5.000000e+00 1.504330e+01
      vertex 7.083300e+00 5.948700e+00 1.504330e+01
      vertex 7.333599e+00 5.000000e+00 1.440000e+01
    endloop
  endfacet
  facet normal -6.785982e-01 2.810851e-01 -6.785982e-01
    outer loop
      vertex 7.333599e+00 5.000000e+00 1.440000e+01
      vertex 7.083300e+00 5.948700e+00 1.504330e+01
      vertex 7.567301e+00 6.149200e+00 1.464230e+01
    endloop
  endfacet
  facet normal -6.785982e-01 2.810851e-01 -6.785982e-01
    outer loop
      vertex 7.418900e+00 5.205900e+00 1.440000e+01
      vertex 7.567301e+00 6.149200e+00 1.464230e+01
      vertex 7.732800e+00 5.749599e+00 1.431130e+01
    endloop
  endfacet
  facet normal -6.785982e-01 2.810851e-01 -6.785982e-01
    outer loop
      vertex 7.333599e+00 5.000000e+00 1.440000e+01
      vertex 7.567301e+00 6.149200e+00 1.464230e+01
      vertex 7.418900e+00 5.205900e+00 1.440000e+01
    endloop
  endfacet
  facet normal -6.785977e-01 2.810849e-01 -6.785989e-01
    outer loop
      vertex 7.567301e+00 6.149200e+00 1.464230e+01
      vertex 7.767799e+00 6.232201e+00 1.447620e+01
      vertex 7.732800e+00 5.749599e+00 1.431130e+01
    endloop
  endfacet
  facet normal -6.785977e-01 2.810849e-01 -6.785989e-01
    outer loop
      vertex 7.732800e+00 5.749599e+00 1.431130e+01
      vertex 7.767799e+00 6.232201e+00 1.447620e+01
      vertex 7.922199e+00 6.077801e+00 1.425780e+01
    endloop
  endfacet
  facet normal -3.826829e-01 9.238798e-01 0.000000e+00
    outer loop
      vertex 8.051300e+00 6.916700e+00 1.504330e+01
      vertex 8.051300e+00 6.916700e+00 1.695670e+01
      vertex 9.000000e+00 7.309700e+00 1.504330e+01
    endloop
  endfacet
  facet normal -3.826829e-01 9.238798e-01 0.000000e+00
    outer loop
      vertex 9.000000e+00 7.309700e+00 1.504330e+01
      vertex 8.051300e+00 6.916700e+00 1.695670e+01
      vertex 9.000000e+00 7.309700e+00 1.695670e+01
    endloop
  endfacet
  facet normal -2.810851e-01 6.785982e-01 6.785982e-01
    outer loop
      vertex 7.850800e+00 6.432699e+00 1.735770e+01
      vertex 9.000000e+00 5.956699e+00 1.830970e+01
      vertex 8.051300e+00 6.916700e+00 1.695670e+01
    endloop
  endfacet
  facet normal -2.810851e-01 6.785982e-01 6.785982e-01
    outer loop
      vertex 8.051300e+00 6.916700e+00 1.695670e+01
      vertex 9.000000e+00 5.956699e+00 1.830970e+01
      vertex 9.000000e+00 7.309700e+00 1.695670e+01
    endloop
  endfacet
  facet normal -9.238798e-01 -3.826829e-01 -0.000000e+00
    outer loop
      vertex 6.690300e+00 5.000000e+00 1.504330e+01
      vertex 7.366800e+00 3.366800e+00 1.504330e+01
      vertex 6.690300e+00 5.000000e+00 1.695670e+01
    endloop
  endfacet
  facet normal -9.238798e-01 -3.826829e-01 0.000000e+00
    outer loop
      vertex 6.690300e+00 5.000000e+00 1.695670e+01
      vertex 7.366800e+00 3.366800e+00 1.504330e+01
      vertex 7.366800e+00 3.366800e+00 1.695670e+01
    endloop
  endfacet
  facet normal -3.826829e-01 -9.238798e-01 0.000000e+00
    outer loop
      vertex 7.366800e+00 3.366800e+00 1.695670e+01
      vertex 7.366800e+00 3.366800e+00 1.504330e+01
      vertex 9.000000e+00 2.690300e+00 1.504330e+01
    endloop
  endfacet
  facet normal -3.826829e-01 -9.238798e-01 0.000000e+00
    outer loop
      vertex 9.000000e+00 2.690300e+00 1.695670e+01
      vertex 7.366800e+00 3.366800e+00 1.695670e+01
      vertex 9.000000e+00 2.690300e+00 1.504330e+01
    endloop
  endfacet
  facet normal 3.826829e-01 -9.238798e-01 0.000000e+00
    outer loop
      vertex 9.000000e+00 2.690300e+00 1.695670e+01
      vertex 9.000000e+00 2.690300e+00 1.504330e+01
      vertex 1.063320e+01 3.366800e+00 1.504330e+01
    endloop
  endfacet
  facet normal 3.826829e-01 -9.238798e-01 0.000000e+00
    outer loop
      vertex 1.063320e+01 3.366800e+00 1.695670e+01
      vertex 9.000000e+00 2.690300e+00 1.695670e+01
      vertex 1.063320e+01 3.366800e+00 1.504330e+01
    endloop
  endfacet
  facet normal 9.238798e-01 -3.826829e-01 0.000000e+00
    outer loop
      vertex 1.063320e+01 3.366800e+00 1.695670e+01
      vertex 1.063320e+01 3.366800e+00 1.504330e+01
      vertex 1.130970e+01 5.000000e+00 1.504330e+01
    endloop
  endfacet
  facet normal 9.238798e-01 -3.826829e-01 0.000000e+00
    outer loop
      vertex 1.130970e+01 5.000000e+00 1.695670e+01
      vertex 1.063320e+01 3.366800e+00 1.695670e+01
      vertex 1.130970e+01 5.000000e+00 1.504330e+01
    endloop
  endfacet
  facet normal 9.238798e-01 3.826829e-01 0.000000e+00
    outer loop
      vertex 1.130970e+01 5.000000e+00 1.504330e+01
      vertex 1.063320e+01 6.633200e+00 1.504330e+01
      vertex 1.063320e+01 6.633200e+00 1.695670e+01
    endloop
  endfacet
  facet normal 9.238798e-01 3.826829e-01 0.000000e+00
    outer loop
      vertex 1.130970e+01 5.000000e+00 1.695670e+01
      vertex 1.130970e+01 5.000000e+00 1.504330e+01
      vertex 1.063320e+01 6.633200e+00 1.695670e+01
    endloop
  endfacet
  facet normal 3.826829e-01 9.238798e-01 0.000000e+00
    outer loop
      vertex 9.000000e+00 7.309700e+00 1.504330e+01
      vertex 9.000000e+00 7.309700e+00 1.695670e+01
      vertex 1.063320e+01 6.633200e+00 1.504330e+01
    endloop
  endfacet
  facet normal 3.826829e-01 9.238798e-01 0.000000e+00
    outer loop
      vertex 1.063320e+01 6.633200e+00 1.504330e+01
      vertex 9.000000e+00 7.309700e+00 1.695670e+01
      vertex 1.063320e+01 6.633200e+00 1.695670e+01
    endloop
  endfacet
  facet normal -7.071068e-01 7.071068e-01 0.000000e+00
    outer loop
      vertex -3.178800e+00 1.083530e+01 1.501650e+01
      vertex -3.178800e+00 1.083530e+01 1.698350e+01
      vertex -1.835300e+00 1.217880e+01 1.501650e+01
    endloop
  endfacet
  facet normal -7.071068e-01 7.071068e-01 0.000000e+00
    outer loop
      vertex -1.835300e+00 1.217880e+01 1.501650e+01
      vertex -3.178800e+00 1.083530e+01 1.698350e+01
      vertex -1.835300e+00 1.217880e+01 1.698350e+01
    endloop
  endfacet
  facet normal -6.175655e-01 6.175655e-01 4.870583e-01
    outer loop
      vertex -3.178800e+00 1.083530e+01 1.698350e+01
      vertex -2.327000e+00 1.034350e+01 1.868700e+01
      vertex -1.835300e+00 1.217880e+01 1.698350e+01
    endloop
  endfacet
  facet normal -6.175655e-01 6.175655e-01 4.870583e-01
    outer loop
      vertex -1.835300e+00 1.217880e+01 1.698350e+01
      vertex -2.327000e+00 1.034350e+01 1.868700e+01
      vertex -1.343500e+00 1.132700e+01 1.868700e+01
    endloop
  endfacet
  facet normal -3.627841e-01 3.627841e-01 8.583562e-01
    outer loop
      vertex -1.343500e+00 1.132700e+01 1.868700e+01
      vertex -2.327000e+00 1.034350e+01 1.868700e+01
      vertex -8.516998e-01 9.491800e+00 1.967050e+01
    endloop
  endfacet
  facet normal -3.627841e-01 3.627841e-01 8.583562e-01
    outer loop
      vertex -4.918003e-01 9.851700e+00 1.967050e+01
      vertex -1.343500e+00 1.132700e+01 1.868700e+01
      vertex -8.516998e-01 9.491800e+00 1.967050e+01
    endloop
  endfacet
  facet normal 7.498112e-01 5.447702e-01 3.755111e-01
    outer loop
      vertex -4.046800e+00 6.279900e+00 1.987790e+01
      vertex -4.496400e+00 5.780600e+00 2.150010e+01
      vertex -3.581900e+00 4.521900e+00 2.150010e+01
    endloop
  endfacet
  facet normal 4.634089e-01 8.026480e-01 3.755110e-01
    outer loop
      vertex -4.046800e+00 6.279900e+00 1.987790e+01
      vertex -5.636140e+00 7.197500e+00 1.987790e+01
      vertex -4.496400e+00 5.780600e+00 2.150010e+01
    endloop
  endfacet
  facet normal 4.634089e-01 8.026480e-01 3.755110e-01
    outer loop
      vertex -5.636140e+00 7.197500e+00 1.987790e+01
      vertex -5.843780e+00 6.558500e+00 2.150010e+01
      vertex -4.496400e+00 5.780600e+00 2.150010e+01
    endloop
  endfacet
  facet normal 9.687889e-02 9.217408e-01 3.755110e-01
    outer loop
      vertex -5.636140e+00 7.197500e+00 1.987790e+01
      vertex -7.461340e+00 7.389400e+00 1.987790e+01
      vertex -5.843780e+00 6.558500e+00 2.150010e+01
    endloop
  endfacet
  facet normal 9.687848e-02 9.217408e-01 3.755109e-01
    outer loop
      vertex -5.843780e+00 6.558500e+00 2.150010e+01
      vertex -7.461340e+00 7.389400e+00 1.987790e+01
      vertex -7.391110e+00 6.721100e+00 2.150010e+01
    endloop
  endfacet
  facet normal -2.864030e-01 8.814560e-01 3.755111e-01
    outer loop
      vertex -7.461340e+00 7.389400e+00 1.987790e+01
      vertex -9.206770e+00 6.822201e+00 1.987790e+01
      vertex -7.391110e+00 6.721100e+00 2.150010e+01
    endloop
  endfacet
  facet normal 9.659258e-01 2.588190e-01 0.000000e+00
    outer loop
      vertex 3.670500e+00 9.000000e+00 1.501650e+01
      vertex 3.178801e+00 1.083530e+01 1.501650e+01
      vertex 3.178801e+00 1.083530e+01 1.698350e+01
    endloop
  endfacet
  facet normal 9.659258e-01 2.588190e-01 0.000000e+00
    outer loop
      vertex 3.670500e+00 9.000000e+00 1.698350e+01
      vertex 3.670500e+00 9.000000e+00 1.501650e+01
      vertex 3.178801e+00 1.083530e+01 1.698350e+01
    endloop
  endfacet
  facet normal 7.071068e-01 7.071068e-01 0.000000e+00
    outer loop
      vertex 1.835300e+00 1.217880e+01 1.501650e+01
      vertex 1.835300e+00 1.217880e+01 1.698350e+01
      vertex 3.178801e+00 1.083530e+01 1.501650e+01
    endloop
  endfacet
  facet normal 7.071068e-01 7.071068e-01 0.000000e+00
    outer loop
      vertex 3.178801e+00 1.083530e+01 1.501650e+01
      vertex 1.835300e+00 1.217880e+01 1.698350e+01
      vertex 3.178801e+00 1.083530e+01 1.698350e+01
    endloop
  endfacet
  facet normal 2.588190e-01 9.659258e-01 0.000000e+00
    outer loop
      vertex 2.220446e-16 1.267050e+01 1.501650e+01
      vertex 2.220446e-16 1.267050e+01 1.698350e+01
      vertex 1.835300e+00 1.217880e+01 1.501650e+01
    endloop
  endfacet
  facet normal 2.588190e-01 9.659258e-01 0.000000e+00
    outer loop
      vertex 1.835300e+00 1.217880e+01 1.501650e+01
      vertex 2.220446e-16 1.267050e+01 1.698350e+01
      vertex 1.835300e+00 1.217880e+01 1.698350e+01
    endloop
  endfacet
  facet normal -2.588190e-01 9.659258e-01 0.000000e+00
    outer loop
      vertex -1.835300e+00 1.217880e+01 1.501650e+01
      vertex -1.835300e+00 1.217880e+01 1.698350e+01
      vertex 2.220446e-16 1.267050e+01 1.501650e+01
    endloop
  endfacet
  facet normal -2.588190e-01 9.659258e-01 0.000000e+00
    outer loop
      vertex 2.220446e-16 1.267050e+01 1.501650e+01
      vertex -1.835300e+00 1.217880e+01 1.698350e+01
      vertex 2.220446e-16 1.267050e+01 1.698350e+01
    endloop
  endfacet
  facet normal 4.955718e-01 -1.327870e-01 8.583567e-01
    outer loop
      vertex 9.834995e-01 9.000000e+00 1.967050e+01
      vertex 8.516998e-01 8.508200e+00 1.967050e+01
      vertex 2.687000e+00 9.000000e+00 1.868700e+01
    endloop
  endfacet
  facet normal 4.955722e-01 1.327880e-01 8.583563e-01
    outer loop
      vertex 2.327000e+00 1.034350e+01 1.868700e+01
      vertex 9.834995e-01 9.000000e+00 1.967050e+01
      vertex 2.687000e+00 9.000000e+00 1.868700e+01
    endloop
  endfacet
  facet normal 8.436101e-01 2.260451e-01 4.870580e-01
    outer loop
      vertex 3.178801e+00 1.083530e+01 1.698350e+01
      vertex 2.327000e+00 1.034350e+01 1.868700e+01
      vertex 2.687000e+00 9.000000e+00 1.868700e+01
    endloop
  endfacet
  facet normal 8.436101e-01 2.260451e-01 4.870580e-01
    outer loop
      vertex 3.178801e+00 1.083530e+01 1.698350e+01
      vertex 2.687000e+00 9.000000e+00 1.868700e+01
      vertex 3.670500e+00 9.000000e+00 1.698350e+01
    endloop
  endfacet
  facet normal -2.864030e-01 -8.814560e-01 3.755111e-01
    outer loop
      vertex -8.870810e+00 -2.403002e-01 2.150010e+01
      vertex -9.206770e+00 -8.221998e-01 1.987790e+01
      vertex -7.824180e+00 -1.271500e+00 1.987790e+01
    endloop
  endfacet
  facet normal -2.864030e-01 -8.814560e-01 3.755111e-01
    outer loop
      vertex -7.590050e+00 -1.284400e+00 2.002600e+01
      vertex -8.870810e+00 -2.403002e-01 2.150010e+01
      vertex -7.824180e+00 -1.271500e+00 1.987790e+01
    endloop
  endfacet
  facet normal -2.864021e-01 -8.814563e-01 3.755111e-01
    outer loop
      vertex -7.391110e+00 -7.210999e-01 2.150010e+01
      vertex -8.870810e+00 -2.403002e-01 2.150010e+01
      vertex -7.590050e+00 -1.284400e+00 2.002600e+01
    endloop
  endfacet
  facet normal -2.864021e-01 -8.814563e-01 3.755111e-01
    outer loop
      vertex -7.451120e+00 -1.292100e+00 2.011390e+01
      vertex -7.391110e+00 -7.210999e-01 2.150010e+01
      vertex -7.590050e+00 -1.284400e+00 2.002600e+01
    endloop
  endfacet
  facet normal 9.687848e-02 -9.217408e-01 3.755109e-01
    outer loop
      vertex -5.843780e+00 -5.585003e-01 2.150010e+01
      vertex -7.391110e+00 -7.210999e-01 2.150010e+01
      vertex -5.636140e+00 -1.197500e+00 1.987790e+01
    endloop
  endfacet
  facet normal 4.634089e-01 -8.026480e-01 3.755110e-01
    outer loop
      vertex -4.046800e+00 -2.798996e-01 1.987790e+01
      vertex -5.843780e+00 -5.585003e-01 2.150010e+01
      vertex -5.636140e+00 -1.197500e+00 1.987790e+01
    endloop
  endfacet
  facet normal 4.634089e-01 -8.026480e-01 3.755110e-01
    outer loop
      vertex -4.496400e+00 2.194004e-01 2.150010e+01
      vertex -5.843780e+00 -5.585003e-01 2.150010e+01
      vertex -4.046800e+00 -2.798996e-01 1.987790e+01
    endloop
  endfacet
  facet normal -2.209080e-01 -6.798860e-01 6.992530e-01
    outer loop
      vertex -8.250030e+00 8.348999e-01 2.274160e+01
      vertex -8.870810e+00 -2.403002e-01 2.150010e+01
      vertex -7.391110e+00 -7.210999e-01 2.150010e+01
    endloop
  endfacet
  facet normal -2.209080e-01 -6.798860e-01 6.992530e-01
    outer loop
      vertex -7.261330e+00 5.136003e-01 2.274160e+01
      vertex -8.250030e+00 8.348999e-01 2.274160e+01
      vertex -7.391110e+00 -7.210999e-01 2.150010e+01
    endloop
  endfacet
  facet normal 7.472441e-02 -7.109581e-01 6.992530e-01
    outer loop
      vertex -7.261330e+00 5.136003e-01 2.274160e+01
      vertex -7.391110e+00 -7.210999e-01 2.150010e+01
      vertex -5.843780e+00 -5.585003e-01 2.150010e+01
    endloop
  endfacet
  facet normal -2.864021e-01 8.814563e-01 3.755111e-01
    outer loop
      vertex -7.391110e+00 6.721100e+00 2.150010e+01
      vertex -9.206770e+00 6.822201e+00 1.987790e+01
      vertex -8.870810e+00 6.240299e+00 2.150010e+01
    endloop
  endfacet
  facet normal -6.201621e-01 6.887600e-01 3.755111e-01
    outer loop
      vertex -9.206770e+00 6.822201e+00 1.987790e+01
      vertex -1.057062e+01 5.594200e+00 1.987790e+01
      vertex -8.870810e+00 6.240299e+00 2.150010e+01
    endloop
  endfacet
  facet normal -6.201621e-01 6.887600e-01 3.755111e-01
    outer loop
      vertex -8.870810e+00 6.240299e+00 2.150010e+01
      vertex -1.057062e+01 5.594200e+00 1.987790e+01
      vertex -1.002703e+01 5.199301e+00 2.150010e+01
    endloop
  endfacet
  facet normal -8.466905e-01 3.769702e-01 3.755112e-01
    outer loop
      vertex -1.057062e+01 5.594200e+00 1.987790e+01
      vertex -1.131709e+01 3.917601e+00 1.987790e+01
      vertex -1.002703e+01 5.199301e+00 2.150010e+01
    endloop
  endfacet
  facet normal -8.466902e-01 3.769711e-01 3.755111e-01
    outer loop
      vertex -1.002703e+01 5.199301e+00 2.150010e+01
      vertex -1.131709e+01 3.917601e+00 1.987790e+01
      vertex -1.065985e+01 3.777901e+00 2.150010e+01
    endloop
  endfacet
  facet normal -9.268180e-01 0.000000e+00 3.755110e-01
    outer loop
      vertex -1.131709e+01 2.082399e+00 1.987790e+01
      vertex -1.065985e+01 2.222099e+00 2.150010e+01
      vertex -1.131709e+01 3.917601e+00 1.987790e+01
    endloop
  endfacet
  facet normal -9.268180e-01 0.000000e+00 3.755110e-01
    outer loop
      vertex -1.131709e+01 3.917601e+00 1.987790e+01
      vertex -1.065985e+01 2.222099e+00 2.150010e+01
      vertex -1.065985e+01 3.777901e+00 2.150010e+01
    endloop
  endfacet
  facet normal -8.466905e-01 -3.769702e-01 3.755112e-01
    outer loop
      vertex -1.065985e+01 2.222099e+00 2.150010e+01
      vertex -1.131709e+01 2.082399e+00 1.987790e+01
      vertex -1.057062e+01 4.057999e-01 1.987790e+01
    endloop
  endfacet
  facet normal -8.466902e-01 -3.769711e-01 3.755111e-01
    outer loop
      vertex -1.002703e+01 8.007002e-01 2.150010e+01
      vertex -1.065985e+01 2.222099e+00 2.150010e+01
      vertex -1.057062e+01 4.057999e-01 1.987790e+01
    endloop
  endfacet
  facet normal -6.201621e-01 -6.887600e-01 3.755111e-01
    outer loop
      vertex -1.002703e+01 8.007002e-01 2.150010e+01
      vertex -1.057062e+01 4.057999e-01 1.987790e+01
      vertex -9.206770e+00 -8.221998e-01 1.987790e+01
    endloop
  endfacet
  facet normal -6.201621e-01 -6.887600e-01 3.755111e-01
    outer loop
      vertex -8.870810e+00 -2.403002e-01 2.150010e+01
      vertex -1.002703e+01 8.007002e-01 2.150010e+01
      vertex -9.206770e+00 -8.221998e-01 1.987790e+01
    endloop
  endfacet
  facet normal -1.327880e-01 4.955722e-01 8.583563e-01
    outer loop
      vertex 2.220446e-16 9.983500e+00 1.967050e+01
      vertex -1.343500e+00 1.132700e+01 1.868700e+01
      vertex -4.918003e-01 9.851700e+00 1.967050e+01
    endloop
  endfacet
  facet normal -1.327880e-01 4.955722e-01 8.583563e-01
    outer loop
      vertex 2.220446e-16 1.168700e+01 1.868700e+01
      vertex -1.343500e+00 1.132700e+01 1.868700e+01
      vertex 2.220446e-16 9.983500e+00 1.967050e+01
    endloop
  endfacet
  facet normal 1.327870e-01 4.955718e-01 8.583567e-01
    outer loop
      vertex 2.220446e-16 1.168700e+01 1.868700e+01
      vertex 2.220446e-16 9.983500e+00 1.967050e+01
      vertex 4.918003e-01 9.851700e+00 1.967050e+01
    endloop
  endfacet
  facet normal 1.327880e-01 4.955722e-01 8.583563e-01
    outer loop
      vertex 1.343500e+00 1.132700e+01 1.868700e+01
      vertex 2.220446e-16 1.168700e+01 1.868700e+01
      vertex 4.918003e-01 9.851700e+00 1.967050e+01
    endloop
  endfacet
  facet normal 3.627841e-01 3.627841e-01 8.583562e-01
    outer loop
      vertex 1.343500e+00 1.132700e+01 1.868700e+01
      vertex 4.918003e-01 9.851700e+00 1.967050e+01
      vertex 8.516998e-01 9.491800e+00 1.967050e+01
    endloop
  endfacet
  facet normal 3.627841e-01 3.627841e-01 8.583562e-01
    outer loop
      vertex 2.327000e+00 1.034350e+01 1.868700e+01
      vertex 1.343500e+00 1.132700e+01 1.868700e+01
      vertex 8.516998e-01 9.491800e+00 1.967050e+01
    endloop
  endfacet
  facet normal 4.955722e-01 1.327880e-01 8.583563e-01
    outer loop
      vertex 2.327000e+00 1.034350e+01 1.868700e+01
      vertex 8.516998e-01 9.491800e+00 1.967050e+01
      vertex 9.834995e-01 9.000000e+00 1.967050e+01
    endloop
  endfacet
  facet normal 7.499818e-01 5.448937e-01 3.749909e-01
    outer loop
      vertex 5.463499e+00 2.426600e+00 2.900000e+01
      vertex 5.000000e+00 1.000000e+00 3.200000e+01
      vertex 6.500000e+00 1.000000e+00 2.900000e+01
    endloop
  endfacet
  facet normal -2.864681e-01 8.816562e-01 3.749911e-01
    outer loop
      vertex 5.463499e+00 2.426600e+00 2.900000e+01
      vertex 3.786501e+00 1.881701e+00 2.900000e+01
      vertex 5.000000e+00 1.000000e+00 3.200000e+01
    endloop
  endfacet
  facet normal -9.270286e-01 0.000000e+00 3.749908e-01
    outer loop
      vertex 3.786501e+00 1.881701e+00 2.900000e+01
      vertex 3.786501e+00 1.183004e-01 2.900000e+01
      vertex 5.000000e+00 1.000000e+00 3.200000e+01
    endloop
  endfacet
  facet normal -2.864681e-01 -8.816562e-01 3.749911e-01
    outer loop
      vertex 5.000000e+00 1.000000e+00 3.200000e+01
      vertex 3.786501e+00 1.183004e-01 2.900000e+01
      vertex 5.463499e+00 -4.266005e-01 2.900000e+01
    endloop
  endfacet
  facet normal 7.499818e-01 -5.448937e-01 3.749909e-01
    outer loop
      vertex 6.500000e+00 1.000000e+00 2.900000e+01
      vertex 5.000000e+00 1.000000e+00 3.200000e+01
      vertex 5.463499e+00 -4.266005e-01 2.900000e+01
    endloop
  endfacet
  facet normal 8.090171e-01 -5.877851e-01 0.000000e+00
    outer loop
      vertex 5.463499e+00 -4.266005e-01 2.900000e+01
      vertex 5.463499e+00 -4.266005e-01 2.200000e+01
      vertex 6.500000e+00 1.000000e+00 2.200000e+01
    endloop
  endfacet
  facet normal 8.090171e-01 -5.877851e-01 0.000000e+00
    outer loop
      vertex 6.500000e+00 1.000000e+00 2.900000e+01
      vertex 5.463499e+00 -4.266005e-01 2.900000e+01
      vertex 6.500000e+00 1.000000e+00 2.200000e+01
    endloop
  endfacet
  facet normal -6.082510e-01 7.627230e-01 2.197370e-01
    outer loop
      vertex -4.449997e-01 -2.050100e+00 2.370000e+01
      vertex -1.801900e+00 -3.132200e+00 2.370000e+01
      vertex 2.220446e-16 -4.000000e+00 3.170000e+01
    endloop
  endfacet
  facet normal 5.783457e-01 -4.201928e-01 6.992527e-01
    outer loop
      vertex -3.581900e+00 1.478100e+00 2.150010e+01
      vertex -5.327130e+00 1.142099e+00 2.274160e+01
      vertex -4.496400e+00 2.194004e-01 2.150010e+01
    endloop
  endfacet
  facet normal 5.783460e-01 -4.201919e-01 6.992530e-01
    outer loop
      vertex -4.716100e+00 1.983101e+00 2.274160e+01
      vertex -5.327130e+00 1.142099e+00 2.274160e+01
      vertex -3.581900e+00 1.478100e+00 2.150010e+01
    endloop
  endfacet
  facet normal 6.992528e-01 -1.486309e-01 6.992528e-01
    outer loop
      vertex -3.258400e+00 3.000000e+00 2.150010e+01
      vertex -4.716100e+00 1.983101e+00 2.274160e+01
      vertex -3.581900e+00 1.478100e+00 2.150010e+01
    endloop
  endfacet
  facet normal 6.992528e-01 -1.486309e-01 6.992528e-01
    outer loop
      vertex -4.499900e+00 3.000000e+00 2.274160e+01
      vertex -4.716100e+00 1.983101e+00 2.274160e+01
      vertex -3.258400e+00 3.000000e+00 2.150010e+01
    endloop
  endfacet
  facet normal 6.992528e-01 1.486309e-01 6.992528e-01
    outer loop
      vertex -3.581900e+00 4.521900e+00 2.150010e+01
      vertex -4.499900e+00 3.000000e+00 2.274160e+01
      vertex -3.258400e+00 3.000000e+00 2.150010e+01
    endloop
  endfacet
  facet normal 6.992528e-01 1.486309e-01 6.992528e-01
    outer loop
      vertex -3.581900e+00 4.521900e+00 2.150010e+01
      vertex -4.716100e+00 4.016899e+00 2.274160e+01
      vertex -4.499900e+00 3.000000e+00 2.274160e+01
    endloop
  endfacet
  facet normal 5.783460e-01 4.201919e-01 6.992530e-01
    outer loop
      vertex -4.496400e+00 5.780600e+00 2.150010e+01
      vertex -4.716100e+00 4.016899e+00 2.274160e+01
      vertex -3.581900e+00 4.521900e+00 2.150010e+01
    endloop
  endfacet
  facet normal 3.574371e-01 -6.190991e-01 6.992532e-01
    outer loop
      vertex -4.496400e+00 2.194004e-01 2.150010e+01
      vertex -6.227440e+00 6.223001e-01 2.274160e+01
      vertex -5.843780e+00 -5.585003e-01 2.150010e+01
    endloop
  endfacet
  facet normal 3.574371e-01 -6.190991e-01 6.992532e-01
    outer loop
      vertex -5.327130e+00 1.142099e+00 2.274160e+01
      vertex -6.227440e+00 6.223001e-01 2.274160e+01
      vertex -4.496400e+00 2.194004e-01 2.150010e+01
    endloop
  endfacet
  facet normal 2.810851e-01 6.785982e-01 6.785982e-01
    outer loop
      vertex 9.000000e+00 7.309700e+00 1.695670e+01
      vertex 9.000000e+00 5.956699e+00 1.830970e+01
      vertex 9.676500e+00 5.676500e+00 1.830970e+01
    endloop
  endfacet
  facet normal 0.000000e+00 0.000000e+00 1.000000e+00
    outer loop
      vertex 8.323500e+00 5.676500e+00 1.830970e+01
      vertex 8.043301e+00 5.000000e+00 1.830970e+01
      vertex 8.323500e+00 4.323500e+00 1.830970e+01
    endloop
  endfacet
  facet normal 0.000000e+00 0.000000e+00 1.000000e+00
    outer loop
      vertex 9.676500e+00 4.323500e+00 1.830970e+01
      vertex 8.323500e+00 5.676500e+00 1.830970e+01
      vertex 9.000000e+00 4.043301e+00 1.830970e+01
    endloop
  endfacet
  facet normal 0.000000e+00 0.000000e+00 1.000000e+00
    outer loop
      vertex 9.000000e+00 4.043301e+00 1.830970e+01
      vertex 8.323500e+00 5.676500e+00 1.830970e+01
      vertex 8.323500e+00 4.323500e+00 1.830970e+01
    endloop
  endfacet
  facet normal 0.000000e+00 0.000000e+00 1.000000e+00
    outer loop
      vertex 9.956699e+00 5.000000e+00 1.830970e+01
      vertex 8.323500e+00 5.676500e+00 1.830970e+01
      vertex 9.676500e+00 4.323500e+00 1.830970e+01
    endloop
  endfacet
  facet normal 0.000000e+00 0.000000e+00 1.000000e+00
    outer loop
      vertex 9.676500e+00 5.676500e+00 1.830970e+01
      vertex 8.323500e+00 5.676500e+00 1.830970e+01
      vertex 9.956699e+00 5.000000e+00 1.830970e+01
    endloop
  endfacet
  facet normal 0.000000e+00 0.000000e+00 1.000000e+00
    outer loop
      vertex 9.000000e+00 5.956699e+00 1.830970e+01
      vertex 8.323500e+00 5.676500e+00 1.830970e+01
      vertex 9.676500e+00 5.676500e+00 1.830970e+01
    endloop
  endfacet
  facet normal -6.785982e-01 2.810851e-01 6.785982e-01
    outer loop
      vertex 8.323500e+00 5.676500e+00 1.830970e+01
      vertex 6.690300e+00 5.000000e+00 1.695670e+01
      vertex 8.043301e+00 5.000000e+00 1.830970e+01
    endloop
  endfacet
  facet normal -6.785982e-01 -2.810851e-01 6.785982e-01
    outer loop
      vertex 8.043301e+00 5.000000e+00 1.830970e+01
      vertex 6.690300e+00 5.000000e+00 1.695670e+01
      vertex 7.366800e+00 3.366800e+00 1.695670e+01
    endloop
  endfacet
  facet normal 2.810840e-01 6.785980e-01 6.785990e-01
    outer loop
      vertex 1.063320e+01 6.633200e+00 1.695670e+01
      vertex 9.000000e+00 7.309700e+00 1.695670e+01
      vertex 9.676500e+00 5.676500e+00 1.830970e+01
    endloop
  endfacet
  facet normal -6.785977e-01 -2.810849e-01 6.785989e-01
    outer loop
      vertex 8.043301e+00 5.000000e+00 1.830970e+01
      vertex 7.366800e+00 3.366800e+00 1.695670e+01
      vertex 8.323500e+00 4.323500e+00 1.830970e+01
    endloop
  endfacet
  facet normal -2.810840e-01 -6.785980e-01 6.785990e-01
    outer loop
      vertex 8.323500e+00 4.323500e+00 1.830970e+01
      vertex 7.366800e+00 3.366800e+00 1.695670e+01
      vertex 9.000000e+00 2.690300e+00 1.695670e+01
    endloop
  endfacet
  facet normal -2.810851e-01 -6.785982e-01 6.785982e-01
    outer loop
      vertex 9.000000e+00 4.043301e+00 1.830970e+01
      vertex 8.323500e+00 4.323500e+00 1.830970e+01
      vertex 9.000000e+00 2.690300e+00 1.695670e+01
    endloop
  endfacet
  facet normal 2.810851e-01 -6.785982e-01 6.785982e-01
    outer loop
      vertex 9.000000e+00 4.043301e+00 1.830970e+01
      vertex 9.000000e+00 2.690300e+00 1.695670e+01
      vertex 1.063320e+01 3.366800e+00 1.695670e+01
    endloop
  endfacet
  facet normal 2.810849e-01 -6.785977e-01 6.785989e-01
    outer loop
      vertex 9.676500e+00 4.323500e+00 1.830970e+01
      vertex 9.000000e+00 4.043301e+00 1.830970e+01
      vertex 1.063320e+01 3.366800e+00 1.695670e+01
    endloop
  endfacet
  facet normal 6.785980e-01 -2.810840e-01 6.785990e-01
    outer loop
      vertex 1.130970e+01 5.000000e+00 1.695670e+01
      vertex 9.676500e+00 4.323500e+00 1.830970e+01
      vertex 1.063320e+01 3.366800e+00 1.695670e+01
    endloop
  endfacet
  facet normal 6.785982e-01 -2.810851e-01 6.785982e-01
    outer loop
      vertex 9.956699e+00 5.000000e+00 1.830970e+01
      vertex 9.676500e+00 4.323500e+00 1.830970e+01
      vertex 1.130970e+01 5.000000e+00 1.695670e+01
    endloop
  endfacet
  facet normal 6.785982e-01 2.810851e-01 6.785982e-01
    outer loop
      vertex 1.063320e+01 6.633200e+00 1.695670e+01
      vertex 9.956699e+00 5.000000e+00 1.830970e+01
      vertex 1.130970e+01 5.000000e+00 1.695670e+01
    endloop
  endfacet
  facet normal 6.785977e-01 2.810849e-01 6.785989e-01
    outer loop
      vertex 1.063320e+01 6.633200e+00 1.695670e+01
      vertex 9.676500e+00 5.676500e+00 1.830970e+01
      vertex 9.956699e+00 5.000000e+00 1.830970e+01
    endloop
  endfacet
  facet normal -2.260451e-01 8.436101e-01 4.870580e-01
    outer loop
      vertex 2.220446e-16 1.267050e+01 1.698350e+01
      vertex -1.835300e+00 1.217880e+01 1.698350e+01
      vertex 2.220446e-16 1.168700e+01 1.868700e+01
    endloop
  endfacet
  facet normal -2.260451e-01 8.436101e-01 4.870580e-01
    outer loop
      vertex 2.220446e-16 1.168700e+01 1.868700e+01
      vertex -1.835300e+00 1.217880e+01 1.698350e+01
      vertex -1.343500e+00 1.132700e+01 1.868700e+01
    endloop
  endfacet
  facet normal 5.783460e-01 4.201919e-01 6.992530e-01
    outer loop
      vertex -4.496400e+00 5.780600e+00 2.150010e+01
      vertex -5.327130e+00 4.857901e+00 2.274160e+01
      vertex -4.716100e+00 4.016899e+00 2.274160e+01
    endloop
  endfacet
  facet normal 3.574371e-01 6.190991e-01 6.992532e-01
    outer loop
      vertex -4.496400e+00 5.780600e+00 2.150010e+01
      vertex -5.843780e+00 6.558500e+00 2.150010e+01
      vertex -5.327130e+00 4.857901e+00 2.274160e+01
    endloop
  endfacet
  facet normal 3.574371e-01 6.190991e-01 6.992532e-01
    outer loop
      vertex -5.843780e+00 6.558500e+00 2.150010e+01
      vertex -6.227440e+00 5.377701e+00 2.274160e+01
      vertex -5.327130e+00 4.857901e+00 2.274160e+01
    endloop
  endfacet
  facet normal 7.472441e-02 7.109581e-01 6.992530e-01
    outer loop
      vertex -5.843780e+00 6.558500e+00 2.150010e+01
      vertex -7.391110e+00 6.721100e+00 2.150010e+01
      vertex -6.227440e+00 5.377701e+00 2.274160e+01
    endloop
  endfacet
  facet normal 7.472450e-02 7.109581e-01 6.992530e-01
    outer loop
      vertex -6.227440e+00 5.377701e+00 2.274160e+01
      vertex -7.391110e+00 6.721100e+00 2.150010e+01
      vertex -7.261330e+00 5.486401e+00 2.274160e+01
    endloop
  endfacet
  facet normal -2.209080e-01 6.798860e-01 6.992530e-01
    outer loop
      vertex -7.391110e+00 6.721100e+00 2.150010e+01
      vertex -8.870810e+00 6.240299e+00 2.150010e+01
      vertex -7.261330e+00 5.486401e+00 2.274160e+01
    endloop
  endfacet
  facet normal 6.175655e-01 6.175655e-01 4.870583e-01
    outer loop
      vertex 1.343500e+00 1.132700e+01 1.868700e+01
      vertex 2.327000e+00 1.034350e+01 1.868700e+01
      vertex 1.835300e+00 1.217880e+01 1.698350e+01
    endloop
  endfacet
  facet normal 6.175655e-01 6.175655e-01 4.870583e-01
    outer loop
      vertex 1.835300e+00 1.217880e+01 1.698350e+01
      vertex 2.327000e+00 1.034350e+01 1.868700e+01
      vertex 3.178801e+00 1.083530e+01 1.698350e+01
    endloop
  endfacet
  facet normal 2.260451e-01 8.436101e-01 4.870580e-01
    outer loop
      vertex 1.835300e+00 1.217880e+01 1.698350e+01
      vertex 2.220446e-16 1.267050e+01 1.698350e+01
      vertex 1.343500e+00 1.132700e+01 1.868700e+01
    endloop
  endfacet
  facet normal 2.260451e-01 8.436101e-01 4.870580e-01
    outer loop
      vertex 2.220446e-16 1.267050e+01 1.698350e+01
      vertex 2.220446e-16 1.168700e+01 1.868700e+01
      vertex 1.343500e+00 1.132700e+01 1.868700e+01
    endloop
  endfacet
  facet normal -4.783441e-01 -5.312551e-01 6.992531e-01
    outer loop
      vertex -9.022600e+00 1.530500e+00 2.274160e+01
      vertex -1.002703e+01 8.007002e-01 2.150010e+01
      vertex -8.870810e+00 -2.403002e-01 2.150010e+01
    endloop
  endfacet
  facet normal -4.783441e-01 -5.312551e-01 6.992531e-01
    outer loop
      vertex -8.250030e+00 8.348999e-01 2.274160e+01
      vertex -9.022600e+00 1.530500e+00 2.274160e+01
      vertex -8.870810e+00 -2.403002e-01 2.150010e+01
    endloop
  endfacet
  facet normal 7.472450e-02 -7.109581e-01 6.992530e-01
    outer loop
      vertex -6.227440e+00 6.223001e-01 2.274160e+01
      vertex -7.261330e+00 5.136003e-01 2.274160e+01
      vertex -5.843780e+00 -5.585003e-01 2.150010e+01
    endloop
  endfacet
  facet normal -2.609240e-01 -2.897860e-01 9.208381e-01
    outer loop
      vertex -7.710240e+00 2.483999e+00 2.341350e+01
      vertex -9.022600e+00 1.530500e+00 2.274160e+01
      vertex -8.250030e+00 8.348999e-01 2.274160e+01
    endloop
  endfacet
  facet normal -2.609240e-01 -2.897860e-01 9.208381e-01
    outer loop
      vertex -7.710240e+00 2.483999e+00 2.341350e+01
      vertex -8.250030e+00 8.348999e-01 2.274160e+01
      vertex -7.438950e+00 2.239700e+00 2.341350e+01
    endloop
  endfacet
  facet normal -1.204990e-01 -3.708600e-01 9.208381e-01
    outer loop
      vertex -7.438950e+00 2.239700e+00 2.341350e+01
      vertex -8.250030e+00 8.348999e-01 2.274160e+01
      vertex -7.261330e+00 5.136003e-01 2.274160e+01
    endloop
  endfacet
  facet normal -1.205000e-01 -3.708600e-01 9.208380e-01
    outer loop
      vertex -7.091770e+00 2.126900e+00 2.341350e+01
      vertex -7.438950e+00 2.239700e+00 2.341350e+01
      vertex -7.261330e+00 5.136003e-01 2.274160e+01
    endloop
  endfacet
  facet normal 4.076020e-02 -3.878091e-01 9.208381e-01
    outer loop
      vertex -7.091770e+00 2.126900e+00 2.341350e+01
      vertex -7.261330e+00 5.136003e-01 2.274160e+01
      vertex -6.227440e+00 6.223001e-01 2.274160e+01
    endloop
  endfacet
  facet normal -2.209080e-01 6.798860e-01 6.992530e-01
    outer loop
      vertex -7.261330e+00 5.486401e+00 2.274160e+01
      vertex -8.870810e+00 6.240299e+00 2.150010e+01
      vertex -8.250030e+00 5.165100e+00 2.274160e+01
    endloop
  endfacet
  facet normal -4.783441e-01 5.312551e-01 6.992531e-01
    outer loop
      vertex -8.870810e+00 6.240299e+00 2.150010e+01
      vertex -1.002703e+01 5.199301e+00 2.150010e+01
      vertex -8.250030e+00 5.165100e+00 2.274160e+01
    endloop
  endfacet
  facet normal -4.783441e-01 5.312551e-01 6.992531e-01
    outer loop
      vertex -8.250030e+00 5.165100e+00 2.274160e+01
      vertex -1.002703e+01 5.199301e+00 2.150010e+01
      vertex -9.022600e+00 4.469500e+00 2.274160e+01
    endloop
  endfacet
  facet normal -6.530702e-01 2.907650e-01 6.992532e-01
    outer loop
      vertex -1.002703e+01 5.199301e+00 2.150010e+01
      vertex -1.065985e+01 3.777901e+00 2.150010e+01
      vertex -9.022600e+00 4.469500e+00 2.274160e+01
    endloop
  endfacet
  facet normal -6.530700e-01 2.907660e-01 6.992530e-01
    outer loop
      vertex -9.022600e+00 4.469500e+00 2.274160e+01
      vertex -1.065985e+01 3.777901e+00 2.150010e+01
      vertex -9.445430e+00 3.519800e+00 2.274160e+01
    endloop
  endfacet
  facet normal -7.148746e-01 0.000000e+00 6.992527e-01
    outer loop
      vertex -1.065985e+01 2.222099e+00 2.150010e+01
      vertex -9.445430e+00 2.480200e+00 2.274160e+01
      vertex -1.065985e+01 3.777901e+00 2.150010e+01
    endloop
  endfacet
  facet normal -7.148746e-01 0.000000e+00 6.992527e-01
    outer loop
      vertex -1.065985e+01 3.777901e+00 2.150010e+01
      vertex -9.445430e+00 2.480200e+00 2.274160e+01
      vertex -9.445430e+00 3.519800e+00 2.274160e+01
    endloop
  endfacet
  facet normal -6.530700e-01 -2.907660e-01 6.992530e-01
    outer loop
      vertex -9.445430e+00 2.480200e+00 2.274160e+01
      vertex -1.065985e+01 2.222099e+00 2.150010e+01
      vertex -1.002703e+01 8.007002e-01 2.150010e+01
    endloop
  endfacet
  facet normal -6.530700e-01 -2.907660e-01 6.992530e-01
    outer loop
      vertex -9.445430e+00 2.480200e+00 2.274160e+01
      vertex -1.002703e+01 8.007002e-01 2.150010e+01
      vertex -9.022600e+00 1.530500e+00 2.274160e+01
    endloop
  endfacet
  facet normal 1.949730e-01 -3.377020e-01 9.208381e-01
    outer loop
      vertex -5.327130e+00 1.142099e+00 2.274160e+01
      vertex -6.728710e+00 2.165100e+00 2.341350e+01
      vertex -6.227440e+00 6.223001e-01 2.274160e+01
    endloop
  endfacet
  facet normal 1.949730e-01 -3.377020e-01 9.208381e-01
    outer loop
      vertex -6.412570e+00 2.347601e+00 2.341350e+01
      vertex -6.728710e+00 2.165100e+00 2.341350e+01
      vertex -5.327130e+00 1.142099e+00 2.274160e+01
    endloop
  endfacet
  facet normal 3.154721e-01 -2.292041e-01 9.208381e-01
    outer loop
      vertex -4.716100e+00 1.983101e+00 2.274160e+01
      vertex -6.412570e+00 2.347601e+00 2.341350e+01
      vertex -5.327130e+00 1.142099e+00 2.274160e+01
    endloop
  endfacet
  facet normal 3.154721e-01 -2.292041e-01 9.208381e-01
    outer loop
      vertex -6.197990e+00 2.642900e+00 2.341350e+01
      vertex -6.412570e+00 2.347601e+00 2.341350e+01
      vertex -4.716100e+00 1.983101e+00 2.274160e+01
    endloop
  endfacet
  facet normal 3.814240e-01 -8.107420e-02 9.208380e-01
    outer loop
      vertex -4.499900e+00 3.000000e+00 2.274160e+01
      vertex -6.197990e+00 2.642900e+00 2.341350e+01
      vertex -4.716100e+00 1.983101e+00 2.274160e+01
    endloop
  endfacet
  facet normal 3.814240e-01 -8.107410e-02 9.208380e-01
    outer loop
      vertex -6.122090e+00 3.000000e+00 2.341350e+01
      vertex -6.197990e+00 2.642900e+00 2.341350e+01
      vertex -4.499900e+00 3.000000e+00 2.274160e+01
    endloop
  endfacet
  facet normal 3.814240e-01 8.107410e-02 9.208380e-01
    outer loop
      vertex -4.716100e+00 4.016899e+00 2.274160e+01
      vertex -6.122090e+00 3.000000e+00 2.341350e+01
      vertex -4.499900e+00 3.000000e+00 2.274160e+01
    endloop
  endfacet
  facet normal 3.814240e-01 8.107410e-02 9.208380e-01
    outer loop
      vertex -4.716100e+00 4.016899e+00 2.274160e+01
      vertex -6.197990e+00 3.357100e+00 2.341350e+01
      vertex -6.122090e+00 3.000000e+00 2.341350e+01
    endloop
  endfacet
  facet normal 3.154721e-01 2.292041e-01 9.208381e-01
    outer loop
      vertex -5.327130e+00 4.857901e+00 2.274160e+01
      vertex -6.197990e+00 3.357100e+00 2.341350e+01
      vertex -4.716100e+00 4.016899e+00 2.274160e+01
    endloop
  endfacet
  facet normal 4.075979e-02 -3.878091e-01 9.208381e-01
    outer loop
      vertex -6.728710e+00 2.165100e+00 2.341350e+01
      vertex -7.091770e+00 2.126900e+00 2.341350e+01
      vertex -6.227440e+00 6.223001e-01 2.274160e+01
    endloop
  endfacet
  facet normal 3.154730e-01 2.292040e-01 9.208378e-01
    outer loop
      vertex -5.327130e+00 4.857901e+00 2.274160e+01
      vertex -6.412570e+00 3.652399e+00 2.341350e+01
      vertex -6.197990e+00 3.357100e+00 2.341350e+01
    endloop
  endfacet
  facet normal 1.949730e-01 3.377020e-01 9.208381e-01
    outer loop
      vertex -6.227440e+00 5.377701e+00 2.274160e+01
      vertex -6.412570e+00 3.652399e+00 2.341350e+01
      vertex -5.327130e+00 4.857901e+00 2.274160e+01
    endloop
  endfacet
  facet normal 1.949730e-01 3.377020e-01 9.208381e-01
    outer loop
      vertex -6.227440e+00 5.377701e+00 2.274160e+01
      vertex -6.728710e+00 3.834900e+00 2.341350e+01
      vertex -6.412570e+00 3.652399e+00 2.341350e+01
    endloop
  endfacet
  facet normal 4.076030e-02 3.878091e-01 9.208381e-01
    outer loop
      vertex -6.227440e+00 5.377701e+00 2.274160e+01
      vertex -7.261330e+00 5.486401e+00 2.274160e+01
      vertex -6.728710e+00 3.834900e+00 2.341350e+01
    endloop
  endfacet
  facet normal 4.075979e-02 3.878091e-01 9.208381e-01
    outer loop
      vertex -6.728710e+00 3.834900e+00 2.341350e+01
      vertex -7.261330e+00 5.486401e+00 2.274160e+01
      vertex -7.091770e+00 3.873100e+00 2.341350e+01
    endloop
  endfacet
  facet normal -1.204990e-01 3.708600e-01 9.208381e-01
    outer loop
      vertex -7.261330e+00 5.486401e+00 2.274160e+01
      vertex -8.250030e+00 5.165100e+00 2.274160e+01
      vertex -7.091770e+00 3.873100e+00 2.341350e+01
    endloop
  endfacet
  facet normal -3.562330e-01 -1.586050e-01 9.208380e-01
    outer loop
      vertex -7.858720e+00 2.817499e+00 2.341350e+01
      vertex -9.445430e+00 2.480200e+00 2.274160e+01
      vertex -9.022600e+00 1.530500e+00 2.274160e+01
    endloop
  endfacet
  facet normal -3.562321e-01 -1.586051e-01 9.208383e-01
    outer loop
      vertex -7.858720e+00 2.817499e+00 2.341350e+01
      vertex -9.022600e+00 1.530500e+00 2.274160e+01
      vertex -7.710240e+00 2.483999e+00 2.341350e+01
    endloop
  endfacet
  facet normal 0.000000e+00 0.000000e+00 1.000000e+00
    outer loop
      vertex -7.858720e+00 3.182501e+00 2.341350e+01
      vertex -7.858720e+00 2.817499e+00 2.341350e+01
      vertex -7.710240e+00 2.483999e+00 2.341350e+01
    endloop
  endfacet
  facet normal 0.000000e+00 0.000000e+00 1.000000e+00
    outer loop
      vertex -7.091770e+00 2.126900e+00 2.341350e+01
      vertex -7.858720e+00 3.182501e+00 2.341350e+01
      vertex -7.438950e+00 2.239700e+00 2.341350e+01
    endloop
  endfacet
  facet normal 0.000000e+00 0.000000e+00 1.000000e+00
    outer loop
      vertex -7.438950e+00 2.239700e+00 2.341350e+01
      vertex -7.858720e+00 3.182501e+00 2.341350e+01
      vertex -7.710240e+00 2.483999e+00 2.341350e+01
    endloop
  endfacet
  facet normal 0.000000e+00 0.000000e+00 1.000000e+00
    outer loop
      vertex -6.728710e+00 2.165100e+00 2.341350e+01
      vertex -7.858720e+00 3.182501e+00 2.341350e+01
      vertex -7.091770e+00 2.126900e+00 2.341350e+01
    endloop
  endfacet
  facet normal 0.000000e+00 0.000000e+00 1.000000e+00
    outer loop
      vertex -6.412570e+00 2.347601e+00 2.341350e+01
      vertex -7.858720e+00 3.182501e+00 2.341350e+01
      vertex -6.728710e+00 2.165100e+00 2.341350e+01
    endloop
  endfacet
  facet normal 0.000000e+00 0.000000e+00 1.000000e+00
    outer loop
      vertex -6.197990e+00 2.642900e+00 2.341350e+01
      vertex -7.858720e+00 3.182501e+00 2.341350e+01
      vertex -6.412570e+00 2.347601e+00 2.341350e+01
    endloop
  endfacet
  facet normal 0.000000e+00 0.000000e+00 1.000000e+00
    outer loop
      vertex -6.122090e+00 3.000000e+00 2.341350e+01
      vertex -7.858720e+00 3.182501e+00 2.341350e+01
      vertex -6.197990e+00 2.642900e+00 2.341350e+01
    endloop
  endfacet
  facet normal 0.000000e+00 0.000000e+00 1.000000e+00
    outer loop
      vertex -6.197990e+00 3.357100e+00 2.341350e+01
      vertex -7.858720e+00 3.182501e+00 2.341350e+01
      vertex -6.122090e+00 3.000000e+00 2.341350e+01
    endloop
  endfacet
  facet normal 0.000000e+00 0.000000e+00 1.000000e+00
    outer loop
      vertex -6.412570e+00 3.652399e+00 2.341350e+01
      vertex -7.858720e+00 3.182501e+00 2.341350e+01
      vertex -6.197990e+00 3.357100e+00 2.341350e+01
    endloop
  endfacet
  facet normal 0.000000e+00 0.000000e+00 1.000000e+00
    outer loop
      vertex -6.728710e+00 3.834900e+00 2.341350e+01
      vertex -7.858720e+00 3.182501e+00 2.341350e+01
      vertex -6.412570e+00 3.652399e+00 2.341350e+01
    endloop
  endfacet
  facet normal 0.000000e+00 0.000000e+00 1.000000e+00
    outer loop
      vertex -7.091770e+00 3.873100e+00 2.341350e+01
      vertex -7.858720e+00 3.182501e+00 2.341350e+01
      vertex -6.728710e+00 3.834900e+00 2.341350e+01
    endloop
  endfacet
  facet normal 0.000000e+00 0.000000e+00 1.000000e+00
    outer loop
      vertex -7.438950e+00 3.760300e+00 2.341350e+01
      vertex -7.858720e+00 3.182501e+00 2.341350e+01
      vertex -7.091770e+00 3.873100e+00 2.341350e+01
    endloop
  endfacet
  facet normal 0.000000e+00 0.000000e+00 1.000000e+00
    outer loop
      vertex -7.710240e+00 3.516001e+00 2.341350e+01
      vertex -7.858720e+00 3.182501e+00 2.341350e+01
      vertex -7.438950e+00 3.760300e+00 2.341350e+01
    endloop
  endfacet
  facet normal -1.205000e-01 3.708600e-01 9.208380e-01
    outer loop
      vertex -7.091770e+00 3.873100e+00 2.341350e+01
      vertex -8.250030e+00 5.165100e+00 2.274160e+01
      vertex -7.438950e+00 3.760300e+00 2.341350e+01
    endloop
  endfacet
  facet normal -2.609240e-01 2.897860e-01 9.208381e-01
    outer loop
      vertex -8.250030e+00 5.165100e+00 2.274160e+01
      vertex -9.022600e+00 4.469500e+00 2.274160e+01
      vertex -7.438950e+00 3.760300e+00 2.341350e+01
    endloop
  endfacet
  facet normal -2.609240e-01 2.897860e-01 9.208381e-01
    outer loop
      vertex -7.438950e+00 3.760300e+00 2.341350e+01
      vertex -9.022600e+00 4.469500e+00 2.274160e+01
      vertex -7.710240e+00 3.516001e+00 2.341350e+01
    endloop
  endfacet
  facet normal -3.562321e-01 1.586051e-01 9.208383e-01
    outer loop
      vertex -9.022600e+00 4.469500e+00 2.274160e+01
      vertex -9.445430e+00 3.519800e+00 2.274160e+01
      vertex -7.710240e+00 3.516001e+00 2.341350e+01
    endloop
  endfacet
  facet normal -3.562321e-01 1.586051e-01 9.208383e-01
    outer loop
      vertex -7.710240e+00 3.516001e+00 2.341350e+01
      vertex -9.445430e+00 3.519800e+00 2.274160e+01
      vertex -7.858720e+00 3.182501e+00 2.341350e+01
    endloop
  endfacet
  facet normal -3.899451e-01 0.000000e+00 9.208381e-01
    outer loop
      vertex -9.445430e+00 3.519800e+00 2.274160e+01
      vertex -9.445430e+00 2.480200e+00 2.274160e+01
      vertex -7.858720e+00 2.817499e+00 2.341350e+01
    endloop
  endfacet
  facet normal -3.899451e-01 0.000000e+00 9.208381e-01
    outer loop
      vertex -7.858720e+00 3.182501e+00 2.341350e+01
      vertex -9.445430e+00 3.519800e+00 2.274160e+01
      vertex -7.858720e+00 2.817499e+00 2.341350e+01
    endloop
  endfacet
endsolid Default
