solid OpenSCAD_Model
  facet normal -0.796828 -0.404869 -0.448493
    outer loop
      vertex -22.3102 -6.94699 0.223539
      vertex -23.3651 -0.295696 -3.9065
      vertex -21.4823 3.42906 -10.6141
    endloop
  endfacet
  facet normal -0.970254 0.153866 -0.186903
    outer loop
      vertex -21.4823 3.42906 -10.6141
      vertex -23.3651 -0.295696 -3.9065
      vertex -22.1328 7.50756 -3.87962
    endloop
  endfacet
  facet normal -0.883406 0.137965 0.447839
    outer loop
      vertex -22.1328 7.50756 -3.87962
      vertex -23.3651 -0.295696 -3.9065
      vertex -19.084 13.4822 0.293923
    endloop
  endfacet
  facet normal -0.883406 0.137965 0.447838
    outer loop
      vertex -19.084 13.4822 0.293923
      vertex -23.3651 -0.295696 -3.9065
      vertex -22.3102 -6.94699 0.223539
    endloop
  endfacet
  facet normal -0.874956 -0.446976 0.186182
    outer loop
      vertex -19.371 -9.90577 6.93298
      vertex -22.3102 -6.94699 0.223539
      vertex -18.7205 -13.9843 0.198541
    endloop
  endfacet
  facet normal -0.796828 -0.404868 -0.448494
    outer loop
      vertex -18.7205 -13.9843 0.198541
      vertex -22.3102 -6.94699 0.223539
      vertex -9.86577 -19.344 -10.695
    endloop
  endfacet
  facet normal -0.796828 -0.404869 -0.448493
    outer loop
      vertex -22.3102 -6.94699 0.223539
      vertex -16.5354 -10.9102 -6.45868
      vertex -9.86577 -19.344 -10.695
    endloop
  endfacet
  facet normal -0.796828 -0.404869 -0.448493
    outer loop
      vertex -22.3102 -6.94699 0.223539
      vertex -17.1663 -10.0606 -6.1047
      vertex -16.5354 -10.9102 -6.45868
    endloop
  endfacet
  facet normal -0.796828 -0.404869 -0.448493
    outer loop
      vertex -9.86577 -19.344 -10.695
      vertex -15.2387 -11.5023 -8.2279
      vertex -15.0611 -11.3349 -8.69461
    endloop
  endfacet
  facet normal -0.796828 -0.404869 -0.448493
    outer loop
      vertex -9.86577 -19.344 -10.695
      vertex -15.0611 -11.3349 -8.69461
      vertex -7.98299 -15.6193 -17.4025
    endloop
  endfacet
  facet normal -0.796828 -0.404869 -0.448493
    outer loop
      vertex -15.2387 -11.5023 -8.2279
      vertex -9.86577 -19.344 -10.695
      vertex -16.5354 -10.9102 -6.45868
    endloop
  endfacet
  facet normal -0.796828 -0.404869 -0.448493
    outer loop
      vertex -22.3102 -6.94699 0.223539
      vertex -17.8796 -9.10015 -5.70456
      vertex -17.1663 -10.0606 -6.1047
    endloop
  endfacet
  facet normal -0.796828 -0.404869 -0.448493
    outer loop
      vertex -22.3102 -6.94699 0.223539
      vertex -18.3684 -7.54722 -6.23784
      vertex -17.8796 -9.10015 -5.70456
    endloop
  endfacet
  facet normal -0.796829 -0.404868 -0.448493
    outer loop
      vertex -18.558 -6.94513 -6.44459
      vertex -22.3102 -6.94699 0.223539
      vertex -18.2812 -5.53789 -8.20671
    endloop
  endfacet
  facet normal -0.796829 -0.404868 -0.448493
    outer loop
      vertex -15.0081 -8.05891 -11.7462
      vertex -12.6276 -1.93072 -21.5076
      vertex -9.03793 -8.96802 -21.5326
    endloop
  endfacet
  facet normal -0.796829 -0.404868 -0.448493
    outer loop
      vertex -15.143 -7.68241 -11.8464
      vertex -12.6276 -1.93072 -21.5076
      vertex -15.0081 -8.05891 -11.7462
    endloop
  endfacet
  facet normal -0.796829 -0.404868 -0.448493
    outer loop
      vertex -16.1592 -6.19542 -11.3832
      vertex -12.6276 -1.93072 -21.5076
      vertex -15.143 -7.68241 -11.8464
    endloop
  endfacet
  facet normal -0.796829 -0.404868 -0.448493
    outer loop
      vertex -18.2812 -5.53789 -8.20671
      vertex -12.6276 -1.93072 -21.5076
      vertex -17.3278 -5.3456 -10.0742
    endloop
  endfacet
  facet normal -0.796829 -0.404868 -0.448493
    outer loop
      vertex -22.3102 -6.94699 0.223539
      vertex -12.6276 -1.93072 -21.5076
      vertex -18.2812 -5.53789 -8.20671
    endloop
  endfacet
  facet normal -0.796829 -0.404868 -0.448493
    outer loop
      vertex -22.3102 -6.94699 0.223539
      vertex -18.558 -6.94513 -6.44459
      vertex -18.3684 -7.54722 -6.23784
    endloop
  endfacet
  facet normal -0.796829 -0.404868 -0.448493
    outer loop
      vertex -17.3278 -5.3456 -10.0742
      vertex -12.6276 -1.93072 -21.5076
      vertex -16.1592 -6.19542 -11.3832
    endloop
  endfacet
  facet normal -0.796828 -0.404869 -0.448493
    outer loop
      vertex -12.6276 -1.93072 -21.5076
      vertex -22.3102 -6.94699 0.223539
      vertex -17.381 2.80454 -17.3371
    endloop
  endfacet
  facet normal -0.796828 -0.404869 -0.448494
    outer loop
      vertex -17.381 2.80454 -17.3371
      vertex -22.3102 -6.94699 0.223539
      vertex -21.4823 3.42906 -10.6141
    endloop
  endfacet
  facet normal -0.883407 0.137966 0.447836
    outer loop
      vertex -22.3102 -6.94699 0.223539
      vertex -20.0317 3.15788 1.60501
      vertex -19.084 13.4822 0.293923
    endloop
  endfacet
  facet normal -0.883407 0.137966 0.447836
    outer loop
      vertex -22.3102 -6.94699 0.223539
      vertex -20.1211 0.0980715 2.37135
      vertex -20.0317 3.15788 1.60501
    endloop
  endfacet
  facet normal -0.883407 0.137966 0.447836
    outer loop
      vertex -19.084 13.4822 0.293923
      vertex -18.7325 7.60455 2.79804
      vertex -17.0786 9.88985 5.35655
    endloop
  endfacet
  facet normal -0.883407 0.137966 0.447836
    outer loop
      vertex -19.084 13.4822 0.293923
      vertex -17.0786 9.88985 5.35655
      vertex -15.3832 15.3461 7.01998
    endloop
  endfacet
  facet normal -0.883407 0.137966 0.447836
    outer loop
      vertex -18.7325 7.60455 2.79804
      vertex -19.084 13.4822 0.293923
      vertex -20.0317 3.15788 1.60501
    endloop
  endfacet
  facet normal -0.883407 0.137965 0.447837
    outer loop
      vertex -22.3102 -6.94699 0.223539
      vertex -20.1672 -1.48069 2.76675
      vertex -20.1211 0.0980715 2.37135
    endloop
  endfacet
  facet normal -0.883407 0.137965 0.447837
    outer loop
      vertex -22.3102 -6.94699 0.223539
      vertex -19.9177 -2.25855 3.49863
      vertex -20.1672 -1.48069 2.76675
    endloop
  endfacet
  facet normal -0.883407 0.137965 0.447837
    outer loop
      vertex -19.9177 -2.25855 3.49863
      vertex -22.3102 -6.94699 0.223539
      vertex -19.4713 -3.6501 4.80793
    endloop
  endfacet
  facet normal -0.883407 0.137966 0.447837
    outer loop
      vertex -22.3102 -6.94699 0.223539
      vertex -19.0262 -5.03754 6.11336
      vertex -19.4713 -3.6501 4.80793
    endloop
  endfacet
  facet normal -0.883407 0.137966 0.447837
    outer loop
      vertex -22.3102 -6.94699 0.223539
      vertex -18.7646 -5.16126 6.66752
      vertex -19.0262 -5.03754 6.11336
    endloop
  endfacet
  facet normal -0.883407 0.137966 0.447837
    outer loop
      vertex -22.3102 -6.94699 0.223539
      vertex -15.6702 -8.04188 13.659
      vertex -18.7646 -5.16126 6.66752
    endloop
  endfacet
  facet normal -0.883407 0.137966 0.447837
    outer loop
      vertex -14.0638 -3.62847 15.4681
      vertex -15.6702 -8.04188 13.659
      vertex -12.6213 -2.06725 17.8326
    endloop
  endfacet
  facet normal -0.883407 0.137966 0.447837
    outer loop
      vertex -13.7272 -2.62421 15.8227
      vertex -14.0638 -3.62847 15.4681
      vertex -12.6213 -2.06725 17.8326
    endloop
  endfacet
  facet normal -0.883407 0.137966 0.447837
    outer loop
      vertex -18.7646 -5.16126 6.66752
      vertex -15.6702 -8.04188 13.659
      vertex -16.7597 -6.10943 10.9145
    endloop
  endfacet
  facet normal -0.883407 0.137966 0.447837
    outer loop
      vertex -16.7597 -6.10943 10.9145
      vertex -15.6702 -8.04188 13.659
      vertex -14.0638 -3.62847 15.4681
    endloop
  endfacet
  facet normal -0.883407 0.137966 0.447837
    outer loop
      vertex -15.6702 -8.04188 13.659
      vertex -22.3102 -6.94699 0.223539
      vertex -19.371 -9.90577 6.93298
    endloop
  endfacet
  facet normal -0.632813 0.633718 -0.444914
    outer loop
      vertex -17.381 2.80454 -17.3371
      vertex -21.4823 3.42906 -10.6141
      vertex -11.3953 5.87253 -21.4807
    endloop
  endfacet
  facet normal -0.632815 0.633716 -0.444916
    outer loop
      vertex -21.4823 3.42906 -10.6141
      vertex -22.1328 7.50756 -3.87962
      vertex -11.3953 5.87253 -21.4807
    endloop
  endfacet
  facet normal -0.632814 0.633717 -0.444915
    outer loop
      vertex -11.3953 5.87253 -21.4807
      vertex -22.1328 7.50756 -3.87962
      vertex -5.81173 11.4612 -21.4622
    endloop
  endfacet
  facet normal -0.632814 0.633716 -0.444916
    outer loop
      vertex -22.1328 7.50756 -3.87962
      vertex -14.8266 10.4926 -10.0197
      vertex -5.81173 11.4612 -21.4622
    endloop
  endfacet
  facet normal -0.632814 0.633716 -0.444916
    outer loop
      vertex -22.1328 7.50756 -3.87962
      vertex -15.5442 10.8846 -8.44065
      vertex -14.8266 10.4926 -10.0197
    endloop
  endfacet
  facet normal -0.632814 0.633716 -0.444916
    outer loop
      vertex -14.8266 10.4926 -10.0197
      vertex -13.4516 10.9498 -11.3242
      vertex -5.81173 11.4612 -21.4622
    endloop
  endfacet
  facet normal -0.632814 0.633716 -0.444916
    outer loop
      vertex -5.81173 11.4612 -21.4622
      vertex -12.0262 12.0543 -11.7784
      vertex -11.2148 13.1037 -11.4377
    endloop
  endfacet
  facet normal -0.632814 0.633716 -0.444916
    outer loop
      vertex -5.81173 11.4612 -21.4622
      vertex -11.2148 13.1037 -11.4377
      vertex -2.7629 17.4358 -17.2886
    endloop
  endfacet
  facet normal -0.632814 0.633716 -0.444916
    outer loop
      vertex -12.0262 12.0543 -11.7784
      vertex -5.81173 11.4612 -21.4622
      vertex -13.4516 10.9498 -11.3242
    endloop
  endfacet
  facet normal -0.632814 0.633717 -0.444915
    outer loop
      vertex -22.1328 7.50756 -3.87962
      vertex -15.3618 12.574 -6.2939
      vertex -15.5079 12.369 -6.37805
    endloop
  endfacet
  facet normal -0.632814 0.633717 -0.444915
    outer loop
      vertex -22.1328 7.50756 -3.87962
      vertex -15.5079 12.369 -6.37805
      vertex -15.6764 10.9568 -8.14989
    endloop
  endfacet
  facet normal -0.632814 0.633717 -0.444915
    outer loop
      vertex -22.1328 7.50756 -3.87962
      vertex -15.6764 10.9568 -8.14989
      vertex -15.5442 10.8846 -8.44065
    endloop
  endfacet
  facet normal -0.632814 0.633717 -0.444915
    outer loop
      vertex -11.2421 15.6565 -7.76282
      vertex -7.51476 22.1388 -3.83119
      vertex -3.4134 21.5143 -10.5542
    endloop
  endfacet
  facet normal -0.632814 0.633717 -0.444915
    outer loop
      vertex -12.3618 15.5179 -6.36762
      vertex -7.51476 22.1388 -3.83119
      vertex -11.2421 15.6565 -7.76282
    endloop
  endfacet
  facet normal -0.632814 0.633717 -0.444915
    outer loop
      vertex -22.1328 7.50756 -3.87962
      vertex -7.51476 22.1388 -3.83119
      vertex -14.1992 14.205 -5.62431
    endloop
  endfacet
  facet normal -0.632814 0.633717 -0.444915
    outer loop
      vertex -22.1328 7.50756 -3.87962
      vertex -14.1992 14.205 -5.62431
      vertex -15.3618 12.574 -6.2939
    endloop
  endfacet
  facet normal -0.632814 0.633717 -0.444915
    outer loop
      vertex -14.1992 14.205 -5.62431
      vertex -7.51476 22.1388 -3.83119
      vertex -12.3618 15.5179 -6.36762
    endloop
  endfacet
  facet normal -0.632814 0.633717 -0.444916
    outer loop
      vertex -7.51476 22.1388 -3.83119
      vertex -22.1328 7.50756 -3.87962
      vertex -13.5004 19.0708 0.312423
    endloop
  endfacet
  facet normal -0.632815 0.633717 -0.444913
    outer loop
      vertex -13.5004 19.0708 0.312423
      vertex -22.1328 7.50756 -3.87962
      vertex -19.084 13.4822 0.293923
    endloop
  endfacet
  facet normal -0.694839 0.693582 0.190111
    outer loop
      vertex -13.5004 19.0708 0.312423
      vertex -19.084 13.4822 0.293923
      vertex -15.3832 15.3461 7.01998
    endloop
  endfacet
  facet normal -0.405628 -0.798672 0.444509
    outer loop
      vertex -15.6702 -8.04188 13.659
      vertex -19.371 -9.90577 6.93298
      vertex -18.7205 -13.9843 0.198541
    endloop
  endfacet
  facet normal -0.405629 -0.798672 0.444509
    outer loop
      vertex -14.8882 -12.9447 5.56353
      vertex -18.7205 -13.9843 0.198541
      vertex -13.9671 -18.7195 -3.97195
    endloop
  endfacet
  facet normal -0.405629 -0.798672 0.444509
    outer loop
      vertex -15.2299 -12.4798 6.0869
      vertex -18.7205 -13.9843 0.198541
      vertex -14.8882 -12.9447 5.56353
    endloop
  endfacet
  facet normal -0.405629 -0.798672 0.444509
    outer loop
      vertex -15.6702 -8.04188 13.659
      vertex -18.7205 -13.9843 0.198541
      vertex -15.2299 -12.4798 6.0869
    endloop
  endfacet
  facet normal -0.405629 -0.798672 0.444509
    outer loop
      vertex -15.6702 -8.04188 13.659
      vertex -15.2299 -12.4798 6.0869
      vertex -15.0825 -11.7264 7.57518
    endloop
  endfacet
  facet normal -0.796828 -0.404869 -0.448494
    outer loop
      vertex -13.9671 -18.7195 -3.97195
      vertex -18.7205 -13.9843 0.198541
      vertex -9.86577 -19.344 -10.695
    endloop
  endfacet
  facet normal -0.445565 -0.874734 -0.190559
    outer loop
      vertex -6.92656 -22.3028 -3.98552
      vertex -13.9671 -18.7195 -3.97195
      vertex -9.86577 -19.344 -10.695
    endloop
  endfacet
  facet normal 0.140248 -0.881794 -0.450299
    outer loop
      vertex 2.66466 -16.7456 -11.8807
      vertex -9.86577 -19.344 -10.695
      vertex 12.4434 -12.3746 -17.3945
    endloop
  endfacet
  facet normal 0.140248 -0.881794 -0.450299
    outer loop
      vertex 3.99143 -16.7067 -11.5436
      vertex 2.66466 -16.7456 -11.8807
      vertex 12.4434 -12.3746 -17.3945
    endloop
  endfacet
  facet normal 0.140248 -0.881794 -0.450299
    outer loop
      vertex 0.934947 -17.2538 -11.4243
      vertex -9.86577 -19.344 -10.695
      vertex 2.66466 -16.7456 -11.8807
    endloop
  endfacet
  facet normal 0.140248 -0.881794 -0.450299
    outer loop
      vertex -6.92656 -22.3028 -3.98552
      vertex -9.86577 -19.344 -10.695
      vertex -0.238582 -18.1058 -10.1212
    endloop
  endfacet
  facet normal 0.140248 -0.881794 -0.450299
    outer loop
      vertex -6.92656 -22.3028 -3.98552
      vertex -0.238582 -18.1058 -10.1212
      vertex -0.337963 -18.9258 -8.54653
    endloop
  endfacet
  facet normal 0.140248 -0.881794 -0.450299
    outer loop
      vertex 0.934947 -17.2538 -11.4243
      vertex -0.238582 -18.1058 -10.1212
      vertex -9.86577 -19.344 -10.695
    endloop
  endfacet
  facet normal 0.140248 -0.881794 -0.450299
    outer loop
      vertex 12.4434 -12.3746 -17.3945
      vertex -9.86577 -19.344 -10.695
      vertex -7.98299 -15.6193 -17.4025
    endloop
  endfacet
  facet normal -0.796828 -0.404869 -0.448493
    outer loop
      vertex -15.0611 -11.3349 -8.69461
      vertex -14.5287 -10.8328 -10.0937
      vertex -7.98299 -15.6193 -17.4025
    endloop
  endfacet
  facet normal -0.796828 -0.404869 -0.448493
    outer loop
      vertex -7.98299 -15.6193 -17.4025
      vertex -14.5287 -10.8328 -10.0937
      vertex -14.5345 -9.38058 -11.3945
    endloop
  endfacet
  facet normal -0.796828 -0.404869 -0.448493
    outer loop
      vertex -14.5345 -9.38058 -11.3945
      vertex -15.0081 -8.05891 -11.7462
      vertex -7.98299 -15.6193 -17.4025
    endloop
  endfacet
  facet normal -0.796828 -0.404869 -0.448493
    outer loop
      vertex -7.98299 -15.6193 -17.4025
      vertex -15.0081 -8.05891 -11.7462
      vertex -9.03793 -8.96802 -21.5326
    endloop
  endfacet
  facet normal 0.140248 -0.881795 -0.450298
    outer loop
      vertex 12.4434 -12.3746 -17.3945
      vertex -7.98299 -15.6193 -17.4025
      vertex 5.80483 -11.312 -21.5431
    endloop
  endfacet
  facet normal 0.140248 -0.881795 -0.450298
    outer loop
      vertex 5.80483 -11.312 -21.5431
      vertex -7.98299 -15.6193 -17.4025
      vertex -1.99735 -12.5513 -21.5461
    endloop
  endfacet
  facet normal -0.275483 -0.538261 -0.796482
    outer loop
      vertex -7.98299 -15.6193 -17.4025
      vertex -9.03793 -8.96802 -21.5326
      vertex -1.99735 -12.5513 -21.5461
    endloop
  endfacet
  facet normal 0.407583 0.799156 0.441844
    outer loop
      vertex -15.2387 -11.5023 -8.2279
      vertex -8.79194 -17.2605 -3.76012
      vertex -15.0611 -11.3349 -8.69461
    endloop
  endfacet
  facet normal 0.407583 0.799156 0.441844
    outer loop
      vertex -15.0611 -11.3349 -8.69461
      vertex -8.79194 -17.2605 -3.76012
      vertex -0.356266 -19.0768 -8.25652
    endloop
  endfacet
  facet normal 0.407583 0.799156 0.441844
    outer loop
      vertex -15.0611 -11.3349 -8.69461
      vertex -0.356266 -19.0768 -8.25652
      vertex -0.337963 -18.9258 -8.54653
    endloop
  endfacet
  facet normal 0.407583 0.799156 0.441844
    outer loop
      vertex -15.0611 -11.3349 -8.69461
      vertex -0.337963 -18.9258 -8.54653
      vertex -0.238582 -18.1058 -10.1212
    endloop
  endfacet
  facet normal 0.407583 0.799156 0.441844
    outer loop
      vertex -15.0611 -11.3349 -8.69461
      vertex -0.238582 -18.1058 -10.1212
      vertex -14.5287 -10.8328 -10.0937
    endloop
  endfacet
  facet normal 0.589553 0.79014 0.16765
    outer loop
      vertex -16.5354 -10.9102 -6.45868
      vertex -13.0299 -15.4727 2.71705
      vertex -15.2387 -11.5023 -8.2279
    endloop
  endfacet
  facet normal 0.589553 0.79014 0.16765
    outer loop
      vertex -15.2387 -11.5023 -8.2279
      vertex -13.0299 -15.4727 2.71705
      vertex -9.74316 -17.7089 1.69838
    endloop
  endfacet
  facet normal 0.589553 0.79014 0.16765
    outer loop
      vertex -15.2387 -11.5023 -8.2279
      vertex -9.74316 -17.7089 1.69838
      vertex -9.19858 -18.0794 1.5296
    endloop
  endfacet
  facet normal 0.589553 0.79014 0.16765
    outer loop
      vertex -15.2387 -11.5023 -8.2279
      vertex -9.19858 -18.0794 1.5296
      vertex -8.79194 -17.2605 -3.76012
    endloop
  endfacet
  facet normal 0.801119 0.598445 -0.00849312
    outer loop
      vertex -17.1663 -10.0606 -6.1047
      vertex -17.8796 -9.10015 -5.70456
      vertex -17.7885 -9.08741 3.78521
    endloop
  endfacet
  facet normal 0.801119 0.598445 -0.00849312
    outer loop
      vertex -14.8882 -12.9447 5.56353
      vertex -17.1663 -10.0606 -6.1047
      vertex -15.2299 -12.4798 6.0869
    endloop
  endfacet
  facet normal 0.801119 0.598445 -0.00849312
    outer loop
      vertex -15.2299 -12.4798 6.0869
      vertex -17.1663 -10.0606 -6.1047
      vertex -17.7885 -9.08741 3.78521
    endloop
  endfacet
  facet normal 0.801119 0.598445 -0.00849312
    outer loop
      vertex -13.0299 -15.4727 2.71705
      vertex -17.1663 -10.0606 -6.1047
      vertex -14.8882 -12.9447 5.56353
    endloop
  endfacet
  facet normal 0.801119 0.598445 -0.00849312
    outer loop
      vertex -16.5354 -10.9102 -6.45868
      vertex -17.1663 -10.0606 -6.1047
      vertex -13.0299 -15.4727 2.71705
    endloop
  endfacet
  facet normal 0.954741 0.297286 -0.00956343
    outer loop
      vertex -18.558 -6.94513 -6.44459
      vertex -20.1672 -1.48069 2.76675
      vertex -19.9177 -2.25855 3.49863
    endloop
  endfacet
  facet normal 0.954741 0.297286 -0.00956343
    outer loop
      vertex -19.4713 -3.6501 4.80793
      vertex -18.558 -6.94513 -6.44459
      vertex -19.9177 -2.25855 3.49863
    endloop
  endfacet
  facet normal 0.954741 0.297286 -0.00956343
    outer loop
      vertex -19.4713 -3.6501 4.80793
      vertex -19.0262 -5.03754 6.11336
      vertex -18.558 -6.94513 -6.44459
    endloop
  endfacet
  facet normal 0.954741 0.297286 -0.00956343
    outer loop
      vertex -19.0262 -5.03754 6.11336
      vertex -17.7885 -9.08741 3.78521
      vertex -18.558 -6.94513 -6.44459
    endloop
  endfacet
  facet normal 0.954741 0.297286 -0.00956343
    outer loop
      vertex -17.7885 -9.08741 3.78521
      vertex -17.8796 -9.10015 -5.70456
      vertex -18.558 -6.94513 -6.44459
    endloop
  endfacet
  facet normal 7.56997e-007 2.35713e-007 -7.58267e-009
    outer loop
      vertex -17.8796 -9.10015 -5.70456
      vertex -18.3684 -7.54722 -6.23784
      vertex -18.558 -6.94513 -6.44459
    endloop
  endfacet
  facet normal 0.986233 0.0124895 0.164888
    outer loop
      vertex -20.1211 0.0980715 2.37135
      vertex -20.1672 -1.48069 2.76675
      vertex -18.558 -6.94513 -6.44459
    endloop
  endfacet
  facet normal 0.986233 0.0124895 0.164888
    outer loop
      vertex -19.1453 3.03612 -3.68802
      vertex -20.1211 0.0980715 2.37135
      vertex -18.2812 -5.53789 -8.20671
    endloop
  endfacet
  facet normal 0.986233 0.0124895 0.164888
    outer loop
      vertex -18.2812 -5.53789 -8.20671
      vertex -20.1211 0.0980715 2.37135
      vertex -18.558 -6.94513 -6.44459
    endloop
  endfacet
  facet normal 0.986233 0.0124895 0.164888
    outer loop
      vertex -20.0317 3.15788 1.60501
      vertex -20.1211 0.0980715 2.37135
      vertex -19.1453 3.03612 -3.68802
    endloop
  endfacet
  facet normal 0.887493 -0.141663 0.438505
    outer loop
      vertex -15.6764 10.9568 -8.14989
      vertex -19.1453 3.03612 -3.68802
      vertex -18.2812 -5.53789 -8.20671
    endloop
  endfacet
  facet normal 0.887493 -0.141663 0.438505
    outer loop
      vertex -14.8266 10.4926 -10.0197
      vertex -15.6764 10.9568 -8.14989
      vertex -17.3278 -5.3456 -10.0742
    endloop
  endfacet
  facet normal 0.887493 -0.141663 0.438505
    outer loop
      vertex -17.3278 -5.3456 -10.0742
      vertex -15.6764 10.9568 -8.14989
      vertex -18.2812 -5.53789 -8.20671
    endloop
  endfacet
  facet normal 1.23651e-007 -1.97373e-008 6.1095e-008
    outer loop
      vertex -15.5442 10.8846 -8.44065
      vertex -15.6764 10.9568 -8.14989
      vertex -14.8266 10.4926 -10.0197
    endloop
  endfacet
  facet normal 0.703427 -0.113502 0.701646
    outer loop
      vertex -14.8266 10.4926 -10.0197
      vertex -17.3278 -5.3456 -10.0742
      vertex -16.1592 -6.19542 -11.3832
    endloop
  endfacet
  facet normal 0.703427 -0.113502 0.701646
    outer loop
      vertex -13.4516 10.9498 -11.3242
      vertex -14.8266 10.4926 -10.0197
      vertex -11.2964 1.83543 -14.9593
    endloop
  endfacet
  facet normal 0.703427 -0.113502 0.701646
    outer loop
      vertex -11.2964 1.83543 -14.9593
      vertex -14.8266 10.4926 -10.0197
      vertex -16.1592 -6.19542 -11.3832
    endloop
  endfacet
  facet normal 0.504795 0.077188 0.859781
    outer loop
      vertex -11.2964 1.83543 -14.9593
      vertex -16.1592 -6.19542 -11.3832
      vertex -15.143 -7.68241 -11.8464
    endloop
  endfacet
  facet normal 0.504795 0.077188 0.859781
    outer loop
      vertex -0.00337277 0.0742991 -21.4315
      vertex -11.2964 1.83543 -14.9593
      vertex -15.143 -7.68241 -11.8464
    endloop
  endfacet
  facet normal 0.361296 0.358503 0.860779
    outer loop
      vertex -0.00337277 0.0742991 -21.4315
      vertex -15.143 -7.68241 -11.8464
      vertex -15.0081 -8.05891 -11.7462
    endloop
  endfacet
  facet normal 0.361296 0.358503 0.860779
    outer loop
      vertex -5.18869 -10.1381 -15.0018
      vertex -0.00337277 0.0742991 -21.4315
      vertex -14.5345 -9.38058 -11.3945
    endloop
  endfacet
  facet normal 0.361296 0.358503 0.860779
    outer loop
      vertex -14.5345 -9.38058 -11.3945
      vertex -0.00337277 0.0742991 -21.4315
      vertex -15.0081 -8.05891 -11.7462
    endloop
  endfacet
  facet normal -0.000161178 0.00347162 -0.999994
    outer loop
      vertex -1.99735 -12.5513 -21.5461
      vertex -9.03793 -8.96802 -21.5326
      vertex 12.6207 2.07994 -21.4977
    endloop
  endfacet
  facet normal -0.000159923 0.00346916 -0.999994
    outer loop
      vertex -9.03793 -8.96802 -21.5326
      vertex -12.6276 -1.93072 -21.5076
      vertex 12.6207 2.07994 -21.4977
    endloop
  endfacet
  facet normal -0.599759 0.0974511 -0.794225
    outer loop
      vertex -12.6276 -1.93072 -21.5076
      vertex -17.381 2.80454 -17.3371
      vertex -11.3953 5.87253 -21.4807
    endloop
  endfacet
  facet normal -0.000160302 0.00347155 -0.999994
    outer loop
      vertex 12.6207 2.07994 -21.4977
      vertex -12.6276 -1.93072 -21.5076
      vertex -11.3953 5.87253 -21.4807
    endloop
  endfacet
  facet normal -0.140248 0.881794 0.450299
    outer loop
      vertex -13.5004 19.0708 0.312423
      vertex -15.3832 15.3461 7.01998
      vertex 0.287421 23.3782 -3.82814
    endloop
  endfacet
  facet normal -0.140248 0.881794 0.4503
    outer loop
      vertex -15.3832 15.3461 7.01998
      vertex -7.63079 18.7163 2.83483
      vertex 0.287421 23.3782 -3.82814
    endloop
  endfacet
  facet normal -0.140248 0.881794 0.4503
    outer loop
      vertex -15.3832 15.3461 7.01998
      vertex -9.92304 17.0518 5.38027
      vertex -7.63079 18.7163 2.83483
    endloop
  endfacet
  facet normal -0.140248 0.881794 0.4503
    outer loop
      vertex 0.287421 23.3782 -3.82814
      vertex -3.18138 20.0234 1.66091
      vertex -0.124278 20.113 2.43764
    endloop
  endfacet
  facet normal -0.140248 0.881794 0.4503
    outer loop
      vertex 0.287421 23.3782 -3.82814
      vertex -0.124278 20.113 2.43764
      vertex 6.92596 22.3155 0.320408
    endloop
  endfacet
  facet normal -0.140248 0.881794 0.4503
    outer loop
      vertex -3.18138 20.0234 1.66091
      vertex 0.287421 23.3782 -3.82814
      vertex -7.63079 18.7163 2.83483
    endloop
  endfacet
  facet normal -0.140248 0.881795 0.450298
    outer loop
      vertex -15.3832 15.3461 7.01998
      vertex -10.6494 16.5244 6.18685
      vertex -9.92304 17.0518 5.38027
    endloop
  endfacet
  facet normal -0.140248 0.881795 0.450298
    outer loop
      vertex -15.3832 15.3461 7.01998
      vertex -10.7021 16.0897 7.02181
      vertex -10.6494 16.5244 6.18685
    endloop
  endfacet
  facet normal -0.140248 0.881794 0.450299
    outer loop
      vertex -10.7021 16.0897 7.02181
      vertex -15.3832 15.3461 7.01998
      vertex -10.7854 15.4023 8.3418
    endloop
  endfacet
  facet normal -0.140248 0.881794 0.4503
    outer loop
      vertex -10.7854 15.4023 8.3418
      vertex -15.3832 15.3461 7.01998
      vertex -10.8796 14.6252 9.83434
    endloop
  endfacet
  facet normal -0.140247 0.881795 0.450298
    outer loop
      vertex -1.17155 12.4197 17.1768
      vertex -5.80542 11.3246 17.878
      vertex 1.99676 12.564 17.881
    endloop
  endfacet
  facet normal -0.140247 0.881795 0.450298
    outer loop
      vertex -7.74399 12.2194 15.522
      vertex -5.80542 11.3246 17.878
      vertex -3.18145 12.1737 17.0326
    endloop
  endfacet
  facet normal -0.140247 0.881795 0.450298
    outer loop
      vertex -2.74784 12.1693 17.1762
      vertex -5.80542 11.3246 17.878
      vertex -1.9597 12.2945 17.1765
    endloop
  endfacet
  facet normal -0.140247 0.881795 0.450298
    outer loop
      vertex 0.138992 12.8614 16.7201
      vertex -0.760535 12.5582 17.0335
      vertex 1.99676 12.564 17.881
    endloop
  endfacet
  facet normal -0.140247 0.881795 0.450298
    outer loop
      vertex -0.760535 12.5582 17.0335
      vertex -1.17155 12.4197 17.1768
      vertex 1.99676 12.564 17.881
    endloop
  endfacet
  facet normal -0.140247 0.881795 0.450298
    outer loop
      vertex -3.18145 12.1737 17.0326
      vertex -5.80542 11.3246 17.878
      vertex -2.74784 12.1693 17.1762
    endloop
  endfacet
  facet normal -0.140247 0.881795 0.450298
    outer loop
      vertex -15.3832 15.3461 7.01998
      vertex -5.80542 11.3246 17.878
      vertex -7.74399 12.2194 15.522
    endloop
  endfacet
  facet normal -0.140247 0.881795 0.450298
    outer loop
      vertex -15.3832 15.3461 7.01998
      vertex -7.74399 12.2194 15.522
      vertex -10.9521 14.0268 10.9834
    endloop
  endfacet
  facet normal -0.140247 0.881795 0.450298
    outer loop
      vertex -15.3832 15.3461 7.01998
      vertex -10.9521 14.0268 10.9834
      vertex -10.8796 14.6252 9.83434
    endloop
  endfacet
  facet normal -0.140247 0.881795 0.450298
    outer loop
      vertex -1.9597 12.2945 17.1765
      vertex -5.80542 11.3246 17.878
      vertex -1.17155 12.4197 17.1768
    endloop
  endfacet
  facet normal -0.140249 0.881794 0.4503
    outer loop
      vertex -5.80542 11.3246 17.878
      vertex -15.3832 15.3461 7.01998
      vertex -12.444 12.3873 13.7294
    endloop
  endfacet
  facet normal -0.883407 0.137965 0.447837
    outer loop
      vertex -17.0786 9.88985 5.35655
      vertex -16.5545 10.614 6.16729
      vertex -15.3832 15.3461 7.01998
    endloop
  endfacet
  facet normal -0.883407 0.137965 0.447837
    outer loop
      vertex -15.3832 15.3461 7.01998
      vertex -16.5545 10.614 6.16729
      vertex -14.073 10.9031 10.9731
    endloop
  endfacet
  facet normal -0.883407 0.137965 0.447837
    outer loop
      vertex -14.073 10.9031 10.9731
      vertex -13.618 10.0866 12.1223
      vertex -15.3832 15.3461 7.01998
    endloop
  endfacet
  facet normal -0.883407 0.137965 0.447837
    outer loop
      vertex -15.3832 15.3461 7.01998
      vertex -13.618 10.0866 12.1223
      vertex -12.444 12.3873 13.7294
    endloop
  endfacet
  facet normal 0.816676 -0.576959 -0.0125808
    outer loop
      vertex -17.0786 9.88985 5.35655
      vertex -18.7325 7.60455 2.79804
      vertex -15.5079 12.369 -6.37805
    endloop
  endfacet
  facet normal 0.816676 -0.576959 -0.0125808
    outer loop
      vertex -14.1992 14.205 -5.62431
      vertex -17.0786 9.88985 5.35655
      vertex -15.3618 12.574 -6.2939
    endloop
  endfacet
  facet normal 0.816676 -0.576959 -0.0125808
    outer loop
      vertex -15.3618 12.574 -6.2939
      vertex -17.0786 9.88985 5.35655
      vertex -15.5079 12.369 -6.37805
    endloop
  endfacet
  facet normal 0.816676 -0.576959 -0.0125808
    outer loop
      vertex -14.1265 14.101 3.86508
      vertex -17.0786 9.88985 5.35655
      vertex -14.1992 14.205 -5.62431
    endloop
  endfacet
  facet normal 0.816676 -0.576959 -0.0125808
    outer loop
      vertex -16.5545 10.614 6.16729
      vertex -17.0786 9.88985 5.35655
      vertex -14.1265 14.101 3.86508
    endloop
  endfacet
  facet normal 0.934216 -0.316899 0.163753
    outer loop
      vertex -18.7325 7.60455 2.79804
      vertex -20.0317 3.15788 1.60501
      vertex -19.1453 3.03612 -3.68802
    endloop
  endfacet
  facet normal 0.934216 -0.316899 0.163753
    outer loop
      vertex -15.5079 12.369 -6.37805
      vertex -18.7325 7.60455 2.79804
      vertex -15.6764 10.9568 -8.14989
    endloop
  endfacet
  facet normal 0.934216 -0.316899 0.163753
    outer loop
      vertex -15.6764 10.9568 -8.14989
      vertex -18.7325 7.60455 2.79804
      vertex -19.1453 3.03612 -3.68802
    endloop
  endfacet
  facet normal 0.848311 0.433803 -0.303618
    outer loop
      vertex -17.7885 -9.08741 3.78521
      vertex -19.0262 -5.03754 6.11336
      vertex -18.7646 -5.16126 6.66752
    endloop
  endfacet
  facet normal 0.848311 0.433803 -0.303618
    outer loop
      vertex -16.7597 -6.10943 10.9145
      vertex -17.7885 -9.08741 3.78521
      vertex -18.7646 -5.16126 6.66752
    endloop
  endfacet
  facet normal 0.848311 0.433803 -0.303618
    outer loop
      vertex -16.7597 -6.10943 10.9145
      vertex -14.7532 -10.0428 10.9006
      vertex -17.7885 -9.08741 3.78521
    endloop
  endfacet
  facet normal 0.848311 0.433803 -0.303618
    outer loop
      vertex -14.7532 -10.0428 10.9006
      vertex -15.0825 -11.7264 7.57518
      vertex -17.7885 -9.08741 3.78521
    endloop
  endfacet
  facet normal 0.848311 0.433803 -0.303618
    outer loop
      vertex -15.0825 -11.7264 7.57518
      vertex -15.2299 -12.4798 6.0869
      vertex -17.7885 -9.08741 3.78521
    endloop
  endfacet
  facet normal 0.703051 0.360804 -0.612812
    outer loop
      vertex -14.7532 -10.0428 10.9006
      vertex -16.7597 -6.10943 10.9145
      vertex -14.0638 -3.62847 15.4681
    endloop
  endfacet
  facet normal 0.703051 0.360804 -0.612812
    outer loop
      vertex -11.1491 -9.3425 15.4477
      vertex -14.7532 -10.0428 10.9006
      vertex -11.559 -5.95656 16.971
    endloop
  endfacet
  facet normal 0.703051 0.360804 -0.612812
    outer loop
      vertex -11.559 -5.95656 16.971
      vertex -14.7532 -10.0428 10.9006
      vertex -14.0638 -3.62847 15.4681
    endloop
  endfacet
  facet normal 0.703051 0.360804 -0.612812
    outer loop
      vertex -12.5716 -9.61891 13.6531
      vertex -14.7532 -10.0428 10.9006
      vertex -11.1491 -9.3425 15.4477
    endloop
  endfacet
  facet normal 4.42072e-007 2.2687e-007 -3.85331e-007
    outer loop
      vertex -13.2479 -9.75033 12.7997
      vertex -14.7532 -10.0428 10.9006
      vertex -12.5716 -9.61891 13.6531
    endloop
  endfacet
  facet normal 0.703051 0.360804 -0.612812
    outer loop
      vertex -13.8397 -9.86533 12.0531
      vertex -14.7532 -10.0428 10.9006
      vertex -13.2479 -9.75033 12.7997
    endloop
  endfacet
  facet normal 5.97513e-007 3.06642e-007 -5.2082e-007
    outer loop
      vertex -14.4763 -9.98903 11.2499
      vertex -14.7532 -10.0428 10.9006
      vertex -13.8397 -9.86533 12.0531
    endloop
  endfacet
  facet normal 0.575141 0.0941983 -0.812613
    outer loop
      vertex -14.0638 -3.62847 15.4681
      vertex -13.7272 -2.62421 15.8227
      vertex -11.559 -5.95656 16.971
    endloop
  endfacet
  facet normal 0.575141 0.0941983 -0.812613
    outer loop
      vertex -11.559 -5.95656 16.971
      vertex -13.7272 -2.62421 15.8227
      vertex -12.6153 0.692823 16.9942
    endloop
  endfacet
  facet normal -0.883407 0.137966 0.447837
    outer loop
      vertex -13.7272 -2.62421 15.8227
      vertex -12.6213 -2.06725 17.8326
      vertex -12.6153 0.692823 16.9942
    endloop
  endfacet
  facet normal -0.883407 0.137966 0.447837
    outer loop
      vertex -12.4776 1.10351 17.1393
      vertex -11.389 5.73599 17.8595
      vertex -12.2287 2.67994 17.1447
    endloop
  endfacet
  facet normal -0.883407 0.137966 0.447837
    outer loop
      vertex -12.4776 1.10351 17.1393
      vertex -12.6213 -2.06725 17.8326
      vertex -11.389 5.73599 17.8595
    endloop
  endfacet
  facet normal -0.883407 0.137966 0.447837
    outer loop
      vertex -11.389 5.73599 17.8595
      vertex -12.2488 4.73747 16.471
      vertex -12.2329 3.11401 17.0026
    endloop
  endfacet
  facet normal -0.883407 0.137966 0.447837
    outer loop
      vertex -12.6153 0.692823 16.9942
      vertex -12.6213 -2.06725 17.8326
      vertex -12.4776 1.10351 17.1393
    endloop
  endfacet
  facet normal -0.883407 0.137966 0.447837
    outer loop
      vertex -12.2287 2.67994 17.1447
      vertex -11.389 5.73599 17.8595
      vertex -12.2329 3.11401 17.0026
    endloop
  endfacet
  facet normal -0.599503 0.091935 0.795075
    outer loop
      vertex -11.389 5.73599 17.8595
      vertex -12.6213 -2.06725 17.8326
      vertex -6.63435 0.971921 21.9955
    endloop
  endfacet
  facet normal -0.468185 -0.24184 0.849892
    outer loop
      vertex -6.63435 0.971921 21.9955
      vertex -12.6213 -2.06725 17.8326
      vertex -9.03161 -9.10453 17.8076
    endloop
  endfacet
  facet normal -0.540643 -0.278602 0.79378
    outer loop
      vertex -12.6213 -2.06725 17.8326
      vertex -15.6702 -8.04188 13.659
      vertex -9.03161 -9.10453 17.8076
    endloop
  endfacet
  facet normal -0.405628 -0.798672 0.444511
    outer loop
      vertex -11.1491 -9.3425 15.4477
      vertex -15.6702 -8.04188 13.659
      vertex -12.5716 -9.61891 13.6531
    endloop
  endfacet
  facet normal -0.405628 -0.798672 0.444511
    outer loop
      vertex -9.03161 -9.10453 17.8076
      vertex -15.6702 -8.04188 13.659
      vertex -11.1491 -9.3425 15.4477
    endloop
  endfacet
  facet normal -0.405628 -0.798672 0.444511
    outer loop
      vertex -6.70937 -10.7425 16.9837
      vertex -9.03161 -9.10453 17.8076
      vertex -9.97704 -9.7121 15.8532
    endloop
  endfacet
  facet normal -0.405628 -0.798672 0.444511
    outer loop
      vertex -11.1491 -9.3425 15.4477
      vertex -9.97704 -9.7121 15.8532
      vertex -9.03161 -9.10453 17.8076
    endloop
  endfacet
  facet normal -0.405628 -0.798672 0.44451
    outer loop
      vertex -12.5716 -9.61891 13.6531
      vertex -15.6702 -8.04188 13.659
      vertex -13.2479 -9.75033 12.7997
    endloop
  endfacet
  facet normal -0.405628 -0.798672 0.44451
    outer loop
      vertex -13.2479 -9.75033 12.7997
      vertex -15.6702 -8.04188 13.659
      vertex -13.8397 -9.86533 12.0531
    endloop
  endfacet
  facet normal -0.405629 -0.798672 0.444509
    outer loop
      vertex -13.8397 -9.86533 12.0531
      vertex -15.6702 -8.04188 13.659
      vertex -14.4763 -9.98903 11.2499
    endloop
  endfacet
  facet normal -0.405629 -0.798672 0.444509
    outer loop
      vertex -14.7532 -10.0428 10.9006
      vertex -15.6702 -8.04188 13.659
      vertex -15.0825 -11.7264 7.57518
    endloop
  endfacet
  facet normal -0.405629 -0.798672 0.444509
    outer loop
      vertex -14.4763 -9.98903 11.2499
      vertex -15.6702 -8.04188 13.659
      vertex -14.7532 -10.0428 10.9006
    endloop
  endfacet
  facet normal -0.000160531 0.0034701 -0.999994
    outer loop
      vertex 12.6207 2.07994 -21.4977
      vertex -11.3953 5.87253 -21.4807
      vertex -5.81173 11.4612 -21.4622
    endloop
  endfacet
  facet normal -0.000160002 0.00347114 -0.999994
    outer loop
      vertex 12.6207 2.07994 -21.4977
      vertex -5.81173 11.4612 -21.4622
      vertex 9.03102 9.11723 -21.4727
    endloop
  endfacet
  facet normal -0.000160502 0.00346797 -0.999994
    outer loop
      vertex 9.03102 9.11723 -21.4727
      vertex -5.81173 11.4612 -21.4622
      vertex 1.99044 12.7005 -21.4591
    endloop
  endfacet
  facet normal -0.0953656 0.602299 -0.792554
    outer loop
      vertex 1.99044 12.7005 -21.4591
      vertex -5.81173 11.4612 -21.4622
      vertex -2.7629 17.4358 -17.2886
    endloop
  endfacet
  facet normal -0.632814 0.633717 -0.444915
    outer loop
      vertex -11.2421 15.6565 -7.76282
      vertex -3.4134 21.5143 -10.5542
      vertex -10.944 15.6934 -8.13422
    endloop
  endfacet
  facet normal -0.632814 0.633717 -0.444915
    outer loop
      vertex -10.944 15.6934 -8.13422
      vertex -3.4134 21.5143 -10.5542
      vertex -2.7629 17.4358 -17.2886
    endloop
  endfacet
  facet normal -0.632814 0.633717 -0.444915
    outer loop
      vertex -10.9244 13.4793 -11.3158
      vertex -2.7629 17.4358 -17.2886
      vertex -11.2148 13.1037 -11.4377
    endloop
  endfacet
  facet normal -0.632814 0.633717 -0.444915
    outer loop
      vertex -10.4728 14.8503 -10.0053
      vertex -2.7629 17.4358 -17.2886
      vertex -10.9244 13.4793 -11.3158
    endloop
  endfacet
  facet normal -0.632814 0.633717 -0.444915
    outer loop
      vertex -10.944 15.6934 -8.13422
      vertex -2.7629 17.4358 -17.2886
      vertex -10.4728 14.8503 -10.0053
    endloop
  endfacet
  facet normal 0.405629 0.798672 -0.444509
    outer loop
      vertex 1.99044 12.7005 -21.4591
      vertex -2.7629 17.4358 -17.2886
      vertex 19.3704 9.91846 -10.5981
    endloop
  endfacet
  facet normal 0.405629 0.798672 -0.44451
    outer loop
      vertex -3.4134 21.5143 -10.5542
      vertex 5.73715 16.8571 -10.5718
      vertex -2.7629 17.4358 -17.2886
    endloop
  endfacet
  facet normal 0.405629 0.798672 -0.44451
    outer loop
      vertex -2.7629 17.4358 -17.2886
      vertex 5.73715 16.8571 -10.5718
      vertex 6.21844 16.2024 -11.3091
    endloop
  endfacet
  facet normal 0.405629 0.798672 -0.44451
    outer loop
      vertex -2.7629 17.4358 -17.2886
      vertex 6.21844 16.2024 -11.3091
      vertex 7.70786 15.189 -11.7707
    endloop
  endfacet
  facet normal 0.405629 0.798672 -0.44451
    outer loop
      vertex 7.70786 15.189 -11.7707
      vertex 9.40508 14.5805 -11.3152
      vertex -2.7629 17.4358 -17.2886
    endloop
  endfacet
  facet normal 0.405629 0.798672 -0.44451
    outer loop
      vertex 9.40508 14.5805 -11.3152
      vertex 10.2199 14.5756 -10.5805
      vertex 19.3704 9.91846 -10.5981
    endloop
  endfacet
  facet normal 0.405629 0.798672 -0.44451
    outer loop
      vertex 9.40508 14.5805 -11.3152
      vertex 19.3704 9.91846 -10.5981
      vertex -2.7629 17.4358 -17.2886
    endloop
  endfacet
  facet normal 0.232323 -0.458169 0.857967
    outer loop
      vertex -11.2148 13.1037 -11.4377
      vertex -12.0262 12.0543 -11.7784
      vertex -0.00337277 0.0742991 -21.4315
    endloop
  endfacet
  facet normal 0.232323 -0.458169 0.857967
    outer loop
      vertex -10.9244 13.4793 -11.3158
      vertex -11.2148 13.1037 -11.4377
      vertex -1.79618 11.3442 -14.9277
    endloop
  endfacet
  facet normal 0.232323 -0.458169 0.857967
    outer loop
      vertex -1.79618 11.3442 -14.9277
      vertex -11.2148 13.1037 -11.4377
      vertex -0.00337277 0.0742991 -21.4315
    endloop
  endfacet
  facet normal 0.455531 -0.234761 0.858707
    outer loop
      vertex -12.0262 12.0543 -11.7784
      vertex -13.4516 10.9498 -11.3242
      vertex -11.2964 1.83543 -14.9593
    endloop
  endfacet
  facet normal 0.455531 -0.234761 0.858707
    outer loop
      vertex -0.00337277 0.0742991 -21.4315
      vertex -12.0262 12.0543 -11.7784
      vertex -11.2964 1.83543 -14.9593
    endloop
  endfacet
  facet normal 0.577739 -0.816112 -0.0133729
    outer loop
      vertex -14.1265 14.101 3.86508
      vertex -14.1992 14.205 -5.62431
      vertex -12.3618 15.5179 -6.36762
    endloop
  endfacet
  facet normal 0.577739 -0.816112 -0.0133729
    outer loop
      vertex -9.92304 17.0518 5.38027
      vertex -14.1265 14.101 3.86508
      vertex -7.63079 18.7163 2.83483
    endloop
  endfacet
  facet normal 0.577739 -0.816112 -0.0133729
    outer loop
      vertex -7.63079 18.7163 2.83483
      vertex -14.1265 14.101 3.86508
      vertex -12.3618 15.5179 -6.36762
    endloop
  endfacet
  facet normal 0.577739 -0.816112 -0.0133729
    outer loop
      vertex -10.6494 16.5244 6.18685
      vertex -14.1265 14.101 3.86508
      vertex -9.92304 17.0518 5.38027
    endloop
  endfacet
  facet normal 0.317195 -0.934471 0.161712
    outer loop
      vertex -7.63079 18.7163 2.83483
      vertex -12.3618 15.5179 -6.36762
      vertex -11.2421 15.6565 -7.76282
    endloop
  endfacet
  facet normal 0.317195 -0.934471 0.161712
    outer loop
      vertex -3.04125 19.1546 -3.63467
      vertex -7.63079 18.7163 2.83483
      vertex -10.944 15.6934 -8.13422
    endloop
  endfacet
  facet normal 0.317195 -0.934471 0.161712
    outer loop
      vertex -10.944 15.6934 -8.13422
      vertex -7.63079 18.7163 2.83483
      vertex -11.2421 15.6565 -7.76282
    endloop
  endfacet
  facet normal 0.317195 -0.934471 0.161712
    outer loop
      vertex -3.18138 20.0234 1.66091
      vertex -7.63079 18.7163 2.83483
      vertex -3.04125 19.1546 -3.63467
    endloop
  endfacet
  facet normal -0.154128 0.970729 -0.1842
    outer loop
      vertex -3.4134 21.5143 -10.5542
      vertex -7.51476 22.1388 -3.83119
      vertex 0.287421 23.3782 -3.82814
    endloop
  endfacet
  facet normal 0.405629 0.798672 -0.44451
    outer loop
      vertex -3.4134 21.5143 -10.5542
      vertex 0.287421 23.3782 -3.82814
      vertex 5.73715 16.8571 -10.5718
    endloop
  endfacet
  facet normal 0.405629 0.798672 -0.44451
    outer loop
      vertex 6.9496 18.5854 -6.3601
      vertex 0.287421 23.3782 -3.82814
      vertex 7.19 18.5096 -6.27693
    endloop
  endfacet
  facet normal 0.405629 0.798672 -0.44451
    outer loop
      vertex 5.54848 18.3132 -8.12776
      vertex 0.287421 23.3782 -3.82814
      vertex 6.9496 18.5854 -6.3601
    endloop
  endfacet
  facet normal 0.405629 0.798672 -0.44451
    outer loop
      vertex 5.36321 17.3658 -9.99905
      vertex 0.287421 23.3782 -3.82814
      vertex 5.54848 18.3132 -8.12776
    endloop
  endfacet
  facet normal 0.405629 0.798672 -0.44451
    outer loop
      vertex 5.73715 16.8571 -10.5718
      vertex 0.287421 23.3782 -3.82814
      vertex 5.36321 17.3658 -9.99905
    endloop
  endfacet
  facet normal -0.140248 0.881795 0.450298
    outer loop
      vertex -7.51476 22.1388 -3.83119
      vertex -13.5004 19.0708 0.312423
      vertex 0.287421 23.3782 -3.82814
    endloop
  endfacet
  facet normal -0.405629 -0.798672 0.444509
    outer loop
      vertex -13.0299 -15.4727 2.71705
      vertex -14.8882 -12.9447 5.56353
      vertex -13.9671 -18.7195 -3.97195
    endloop
  endfacet
  facet normal -0.405629 -0.798672 0.444509
    outer loop
      vertex -6.92656 -22.3028 -3.98552
      vertex -13.0299 -15.4727 2.71705
      vertex -13.9671 -18.7195 -3.97195
    endloop
  endfacet
  facet normal -0.405629 -0.798672 0.444509
    outer loop
      vertex -9.74316 -17.7089 1.69838
      vertex -13.0299 -15.4727 2.71705
      vertex -6.92656 -22.3028 -3.98552
    endloop
  endfacet
  facet normal -0.405629 -0.798672 0.444509
    outer loop
      vertex -9.19858 -18.0794 1.5296
      vertex -9.74316 -17.7089 1.69838
      vertex -6.92656 -22.3028 -3.98552
    endloop
  endfacet
  facet normal -0.405629 -0.798672 0.444509
    outer loop
      vertex -0.288017 -23.3655 0.163031
      vertex -9.19858 -18.0794 1.5296
      vertex -6.92656 -22.3028 -3.98552
    endloop
  endfacet
  facet normal -0.405629 -0.798672 0.444509
    outer loop
      vertex -4.83268 -19.6447 2.70126
      vertex -0.288017 -23.3655 0.163031
      vertex -4.0181 -19.6496 3.43574
    endloop
  endfacet
  facet normal -0.405629 -0.798672 0.444509
    outer loop
      vertex -4.83268 -19.6447 2.70126
      vertex -9.19858 -18.0794 1.5296
      vertex -0.288017 -23.3655 0.163031
    endloop
  endfacet
  facet normal 0.140248 -0.881794 -0.450299
    outer loop
      vertex -0.356266 -19.0768 -8.25652
      vertex -6.92656 -22.3028 -3.98552
      vertex -0.337963 -18.9258 -8.54653
    endloop
  endfacet
  facet normal 0.140248 -0.881794 -0.450299
    outer loop
      vertex -0.288017 -23.3655 0.163031
      vertex -6.92656 -22.3028 -3.98552
      vertex -0.356266 -19.0768 -8.25652
    endloop
  endfacet
  facet normal 0.140248 -0.881794 -0.450299
    outer loop
      vertex 3.14776 -19.802 -5.74501
      vertex -0.288017 -23.3655 0.163031
      vertex 0.89094 -19.7794 -6.4922
    endloop
  endfacet
  facet normal 0.140248 -0.881794 -0.450299
    outer loop
      vertex 4.28285 -19.4195 -6.14054
      vertex -0.288017 -23.3655 0.163031
      vertex 3.14776 -19.802 -5.74501
    endloop
  endfacet
  facet normal 0.140248 -0.881794 -0.450299
    outer loop
      vertex -0.356266 -19.0768 -8.25652
      vertex 0.89094 -19.7794 -6.4922
      vertex -0.288017 -23.3655 0.163031
    endloop
  endfacet
  facet normal 0.323078 0.632127 0.704298
    outer loop
      vertex -5.18869 -10.1381 -15.0018
      vertex -14.5345 -9.38058 -11.3945
      vertex -14.5287 -10.8328 -10.0937
    endloop
  endfacet
  facet normal 0.323078 0.632127 0.704298
    outer loop
      vertex 0.934947 -17.2538 -11.4243
      vertex -5.18869 -10.1381 -15.0018
      vertex -0.238582 -18.1058 -10.1212
    endloop
  endfacet
  facet normal 0.323078 0.632127 0.704298
    outer loop
      vertex -0.238582 -18.1058 -10.1212
      vertex -5.18869 -10.1381 -15.0018
      vertex -14.5287 -10.8328 -10.0937
    endloop
  endfacet
  facet normal 0.0798469 0.501749 0.86132
    outer loop
      vertex -0.00337277 0.0742991 -21.4315
      vertex -5.18869 -10.1381 -15.0018
      vertex 0.934947 -17.2538 -11.4243
    endloop
  endfacet
  facet normal 0.0798469 0.501749 0.86132
    outer loop
      vertex 2.66466 -16.7456 -11.8807
      vertex -0.00337277 0.0742991 -21.4315
      vertex 0.934947 -17.2538 -11.4243
    endloop
  endfacet
  facet normal -0.23206 0.452203 0.861197
    outer loop
      vertex 8.08632 -8.02938 -14.9965
      vertex -0.00337277 0.0742991 -21.4315
      vertex 2.66466 -16.7456 -11.8807
    endloop
  endfacet
  facet normal -0.23206 0.452203 0.861197
    outer loop
      vertex 4.46634 -16.6928 -11.4229
      vertex 8.08632 -8.02938 -14.9965
      vertex 3.99143 -16.7067 -11.5436
    endloop
  endfacet
  facet normal -0.23206 0.452203 0.861197
    outer loop
      vertex 3.99143 -16.7067 -11.5436
      vertex 8.08632 -8.02938 -14.9965
      vertex 2.66466 -16.7456 -11.8807
    endloop
  endfacet
  facet normal 0.140248 -0.881794 -0.450299
    outer loop
      vertex 4.46634 -16.6928 -11.4229
      vertex 3.99143 -16.7067 -11.5436
      vertex 12.4434 -12.3746 -17.3945
    endloop
  endfacet
  facet normal 0.140248 -0.881794 -0.450299
    outer loop
      vertex 5.84513 -17.1395 -10.1188
      vertex 4.46634 -16.6928 -11.4229
      vertex 12.4434 -12.3746 -17.3945
    endloop
  endfacet
  facet normal 0.140248 -0.881794 -0.450299
    outer loop
      vertex 6.1536 -17.8045 -8.72044
      vertex 5.84513 -17.1395 -10.1188
      vertex 12.4434 -12.3746 -17.3945
    endloop
  endfacet
  facet normal 0.429324 -0.426303 -0.796207
    outer loop
      vertex 12.4434 -12.3746 -17.3945
      vertex 5.80483 -11.312 -21.5431
      vertex 11.3884 -5.7233 -21.5246
    endloop
  endfacet
  facet normal 0.140248 -0.881794 -0.450299
    outer loop
      vertex 7.51416 -22.1261 0.166081
      vertex -0.288017 -23.3655 0.163031
      vertex 4.28285 -19.4195 -6.14054
    endloop
  endfacet
  facet normal 0.140248 -0.881794 -0.450299
    outer loop
      vertex 6.2565 -18.0264 -8.25394
      vertex 7.51416 -22.1261 0.166081
      vertex 5.28707 -19.0811 -6.49047
    endloop
  endfacet
  facet normal 0.140248 -0.881794 -0.450299
    outer loop
      vertex 5.28707 -19.0811 -6.49047
      vertex 7.51416 -22.1261 0.166081
      vertex 4.28285 -19.4195 -6.14054
    endloop
  endfacet
  facet normal 0.140248 -0.881794 -0.450299
    outer loop
      vertex 12.4434 -12.3746 -17.3945
      vertex 7.51416 -22.1261 0.166081
      vertex 6.2565 -18.0264 -8.25394
    endloop
  endfacet
  facet normal 0.140248 -0.881794 -0.450299
    outer loop
      vertex 12.4434 -12.3746 -17.3945
      vertex 6.2565 -18.0264 -8.25394
      vertex 6.1536 -17.8045 -8.72044
    endloop
  endfacet
  facet normal 0.140246 -0.881794 -0.450299
    outer loop
      vertex 13.4998 -19.0581 -3.97754
      vertex 7.51416 -22.1261 0.166081
      vertex 12.4434 -12.3746 -17.3945
    endloop
  endfacet
  facet normal 0.140246 -0.881794 -0.450299
    outer loop
      vertex 13.4998 -19.0581 -3.97754
      vertex 12.4434 -12.3746 -17.3945
      vertex 15.3826 -15.3334 -10.6851
    endloop
  endfacet
  facet normal 0.883407 -0.137964 -0.447837
    outer loop
      vertex 15.3826 -15.3334 -10.6851
      vertex 12.4434 -12.3746 -17.3945
      vertex 22.1322 -7.49486 0.214508
    endloop
  endfacet
  facet normal 0.883407 -0.137966 -0.447837
    outer loop
      vertex 18.0592 -6.21286 -8.21489
      vertex 12.4434 -12.3746 -17.3945
      vertex 17.8389 -6.10865 -8.68161
    endloop
  endfacet
  facet normal 0.883407 -0.137966 -0.447837
    outer loop
      vertex 22.1322 -7.49486 0.214508
      vertex 12.4434 -12.3746 -17.3945
      vertex 18.0592 -6.21286 -8.21489
    endloop
  endfacet
  facet normal 0.883407 -0.137966 -0.447837
    outer loop
      vertex 19.4435 -4.24525 -6.09052
      vertex 22.1322 -7.49486 0.214508
      vertex 19.1072 -5.24834 -6.44479
    endloop
  endfacet
  facet normal 0.883407 -0.137966 -0.447837
    outer loop
      vertex 23.3645 0.308389 0.241394
      vertex 22.1322 -7.49486 0.214508
      vertex 19.4435 -4.24525 -6.09052
    endloop
  endfacet
  facet normal 0.883407 -0.137966 -0.447837
    outer loop
      vertex 18.0592 -6.21286 -8.21489
      vertex 19.1072 -5.24834 -6.44479
      vertex 22.1322 -7.49486 0.214508
    endloop
  endfacet
  facet normal 0.883407 -0.137966 -0.447837
    outer loop
      vertex 16.7346 -4.41344 -11.3823
      vertex 12.4434 -12.3746 -17.3945
      vertex 16.7485 -3.93815 -11.5013
    endloop
  endfacet
  facet normal 0.883407 -0.137966 -0.447837
    outer loop
      vertex 17.1782 -5.79612 -10.0813
      vertex 12.4434 -12.3746 -17.3945
      vertex 16.7346 -4.41344 -11.3823
    endloop
  endfacet
  facet normal 0.883407 -0.137966 -0.447837
    outer loop
      vertex 17.8389 -6.10865 -8.68161
      vertex 12.4434 -12.3746 -17.3945
      vertex 17.1782 -5.79612 -10.0813
    endloop
  endfacet
  facet normal 0.883407 -0.137966 -0.447837
    outer loop
      vertex 17.2923 -0.881667 -11.3701
      vertex 12.4434 -12.3746 -17.3945
      vertex 19.3704 9.91846 -10.5981
    endloop
  endfacet
  facet normal 0.883407 -0.137966 -0.447837
    outer loop
      vertex 22.3096 6.95969 -3.88866
      vertex 18.9536 0.383152 -8.48267
      vertex 19.3704 9.91846 -10.5981
    endloop
  endfacet
  facet normal 0.883407 -0.137966 -0.447837
    outer loop
      vertex 18.9536 0.383152 -8.48267
      vertex 18.139 0.28826 -10.0603
      vertex 19.3704 9.91846 -10.5981
    endloop
  endfacet
  facet normal 0.883407 -0.137966 -0.447837
    outer loop
      vertex 16.7873 -2.61027 -11.8339
      vertex 12.4434 -12.3746 -17.3945
      vertex 17.2923 -0.881667 -11.3701
    endloop
  endfacet
  facet normal 0.883407 -0.137966 -0.447837
    outer loop
      vertex 16.7485 -3.93815 -11.5013
      vertex 12.4434 -12.3746 -17.3945
      vertex 16.7873 -2.61027 -11.8339
    endloop
  endfacet
  facet normal 0.883407 -0.137966 -0.447837
    outer loop
      vertex 18.139 0.28826 -10.0603
      vertex 17.2923 -0.881667 -11.3701
      vertex 19.3704 9.91846 -10.5981
    endloop
  endfacet
  facet normal 0.883407 -0.137966 -0.447837
    outer loop
      vertex 19.3704 9.91846 -10.5981
      vertex 12.4434 -12.3746 -17.3945
      vertex 15.6696 8.05458 -17.3242
    endloop
  endfacet
  facet normal 0.883406 -0.137966 -0.447838
    outer loop
      vertex 15.6696 8.05458 -17.3242
      vertex 12.4434 -12.3746 -17.3945
      vertex 12.6207 2.07994 -21.4977
    endloop
  endfacet
  facet normal 0.883409 -0.137964 -0.447834
    outer loop
      vertex 12.4434 -12.3746 -17.3945
      vertex 11.3884 -5.7233 -21.5246
      vertex 12.6207 2.07994 -21.4977
    endloop
  endfacet
  facet normal -0.00016258 0.00347095 -0.999994
    outer loop
      vertex 11.3884 -5.7233 -21.5246
      vertex 5.80483 -11.312 -21.5431
      vertex 12.6207 2.07994 -21.4977
    endloop
  endfacet
  facet normal -0.000158346 0.00346879 -0.999994
    outer loop
      vertex 5.80483 -11.312 -21.5431
      vertex -1.99735 -12.5513 -21.5461
      vertex 12.6207 2.07994 -21.4977
    endloop
  endfacet
  facet normal 0.292362 0.941396 0.168221
    outer loop
      vertex -9.19858 -18.0794 1.5296
      vertex -4.83268 -19.6447 2.70126
      vertex -8.79194 -17.2605 -3.76012
    endloop
  endfacet
  facet normal 0.292362 0.941396 0.168221
    outer loop
      vertex -8.79194 -17.2605 -3.76012
      vertex -4.83268 -19.6447 2.70126
      vertex 0.89094 -19.7794 -6.4922
    endloop
  endfacet
  facet normal 0.292362 0.941396 0.168221
    outer loop
      vertex -8.79194 -17.2605 -3.76012
      vertex 0.89094 -19.7794 -6.4922
      vertex -0.356266 -19.0768 -8.25652
    endloop
  endfacet
  facet normal -0.0795684 -0.507713 0.857844
    outer loop
      vertex 6.21844 16.2024 -11.3091
      vertex -1.79618 11.3442 -14.9277
      vertex -0.00337277 0.0742991 -21.4315
    endloop
  endfacet
  facet normal -0.0795684 -0.507713 0.857844
    outer loop
      vertex 7.70786 15.189 -11.7707
      vertex 6.21844 16.2024 -11.3091
      vertex -0.00337277 0.0742991 -21.4315
    endloop
  endfacet
  facet normal -0.361025 -0.364466 0.858385
    outer loop
      vertex 7.70786 15.189 -11.7707
      vertex -0.00337277 0.0742991 -21.4315
      vertex 10.183 5.24746 -14.9508
    endloop
  endfacet
  facet normal -0.361025 -0.364466 0.858385
    outer loop
      vertex 9.40508 14.5805 -11.3152
      vertex 7.70786 15.189 -11.7707
      vertex 10.183 5.24746 -14.9508
    endloop
  endfacet
  facet normal -0.504526 -0.0831511 0.859383
    outer loop
      vertex 10.183 5.24746 -14.9508
      vertex -0.00337277 0.0742991 -21.4315
      vertex 16.7873 -2.61027 -11.8339
    endloop
  endfacet
  facet normal -0.504526 -0.0831511 0.859383
    outer loop
      vertex 17.2923 -0.881667 -11.3701
      vertex 10.183 5.24746 -14.9508
      vertex 16.7873 -2.61027 -11.8339
    endloop
  endfacet
  facet normal -0.455264 0.228797 0.860457
    outer loop
      vertex 16.7873 -2.61027 -11.8339
      vertex -0.00337277 0.0742991 -21.4315
      vertex 8.08632 -8.02938 -14.9965
    endloop
  endfacet
  facet normal -0.455264 0.228797 0.860457
    outer loop
      vertex 16.7485 -3.93815 -11.5013
      vertex 16.7873 -2.61027 -11.8339
      vertex 8.08632 -8.02938 -14.9965
    endloop
  endfacet
  facet normal -0.455264 0.228797 0.860457
    outer loop
      vertex 16.7346 -4.41344 -11.3823
      vertex 16.7485 -3.93815 -11.5013
      vertex 8.08632 -8.02938 -14.9965
    endloop
  endfacet
  facet normal 0.540643 0.278601 -0.79378
    outer loop
      vertex 12.6207 2.07994 -21.4977
      vertex 9.03102 9.11723 -21.4727
      vertex 15.6696 8.05458 -17.3242
    endloop
  endfacet
  facet normal 0.405629 0.798672 -0.444509
    outer loop
      vertex 0.287421 23.3782 -3.82814
      vertex 6.92596 22.3155 0.320408
      vertex 7.19 18.5096 -6.27693
    endloop
  endfacet
  facet normal 0.405629 0.798672 -0.444509
    outer loop
      vertex 10.9166 16.5664 -6.36771
      vertex 6.92596 22.3155 0.320408
      vertex 19.3704 9.91846 -10.5981
    endloop
  endfacet
  facet normal 0.405629 0.798672 -0.444509
    outer loop
      vertex 11.3897 15.5474 -7.76685
      vertex 10.9166 16.5664 -6.36771
      vertex 19.3704 9.91846 -10.5981
    endloop
  endfacet
  facet normal 0.405629 0.798672 -0.444509
    outer loop
      vertex 7.19 18.5096 -6.27693
      vertex 6.92596 22.3155 0.320408
      vertex 9.10277 17.9065 -5.61516
    endloop
  endfacet
  facet normal 0.405629 0.798672 -0.444509
    outer loop
      vertex 9.10277 17.9065 -5.61516
      vertex 6.92596 22.3155 0.320408
      vertex 10.9166 16.5664 -6.36771
    endloop
  endfacet
  facet normal -0.140248 0.881795 0.450298
    outer loop
      vertex -0.124278 20.113 2.43764
      vertex 1.45312 20.1592 2.83841
      vertex 6.92596 22.3155 0.320408
    endloop
  endfacet
  facet normal -0.140248 0.881795 0.450298
    outer loop
      vertex 6.92596 22.3155 0.320408
      vertex 1.45312 20.1592 2.83841
      vertex 4.99993 19.0103 6.19298
    endloop
  endfacet
  facet normal -0.140248 0.881795 0.450298
    outer loop
      vertex 4.99993 19.0103 6.19298
      vertex 5.18409 18.6132 7.02802
      vertex 6.92596 22.3155 0.320408
    endloop
  endfacet
  facet normal -0.140248 0.881795 0.450298
    outer loop
      vertex 6.92596 22.3155 0.320408
      vertex 5.18409 18.6132 7.02802
      vertex 9.86519 19.3568 7.02985
    endloop
  endfacet
  facet normal 0.405626 0.798672 -0.444512
    outer loop
      vertex 19.3704 9.91846 -10.5981
      vertex 6.92596 22.3155 0.320408
      vertex 18.7199 13.997 -3.86366
    endloop
  endfacet
  facet normal 0.405627 0.798672 -0.444511
    outer loop
      vertex 18.7199 13.997 -3.86366
      vertex 6.92596 22.3155 0.320408
      vertex 13.9665 18.7322 0.306837
    endloop
  endfacet
  facet normal 0.445563 0.874735 0.190557
    outer loop
      vertex 13.9665 18.7322 0.306837
      vertex 6.92596 22.3155 0.320408
      vertex 9.86519 19.3568 7.02985
    endloop
  endfacet
  facet normal -0.0121378 -0.986785 0.161581
    outer loop
      vertex -0.124278 20.113 2.43764
      vertex -3.18138 20.0234 1.66091
      vertex -3.04125 19.1546 -3.63467
    endloop
  endfacet
  facet normal -0.0121378 -0.986785 0.161581
    outer loop
      vertex 6.9496 18.5854 -6.3601
      vertex -0.124278 20.113 2.43764
      vertex 5.54848 18.3132 -8.12776
    endloop
  endfacet
  facet normal -0.0121378 -0.986785 0.161581
    outer loop
      vertex 5.54848 18.3132 -8.12776
      vertex -0.124278 20.113 2.43764
      vertex -3.04125 19.1546 -3.63467
    endloop
  endfacet
  facet normal -0.0121378 -0.986785 0.161581
    outer loop
      vertex 1.45312 20.1592 2.83841
      vertex -0.124278 20.113 2.43764
      vertex 6.9496 18.5854 -6.3601
    endloop
  endfacet
  facet normal 0.673677 -0.672052 -0.307418
    outer loop
      vertex -14.073 10.9031 10.9731
      vertex -16.5545 10.614 6.16729
      vertex -14.1265 14.101 3.86508
    endloop
  endfacet
  facet normal 0.673677 -0.672052 -0.307418
    outer loop
      vertex -10.7021 16.0897 7.02181
      vertex -14.073 10.9031 10.9731
      vertex -10.6494 16.5244 6.18685
    endloop
  endfacet
  facet normal 0.673677 -0.672052 -0.307418
    outer loop
      vertex -10.6494 16.5244 6.18685
      vertex -14.073 10.9031 10.9731
      vertex -14.1265 14.101 3.86508
    endloop
  endfacet
  facet normal 0.673677 -0.672052 -0.307418
    outer loop
      vertex -10.7854 15.4023 8.3418
      vertex -14.073 10.9031 10.9731
      vertex -10.7021 16.0897 7.02181
    endloop
  endfacet
  facet normal 0.673677 -0.672052 -0.307418
    outer loop
      vertex -10.8796 14.6252 9.83434
      vertex -14.073 10.9031 10.9731
      vertex -10.7854 15.4023 8.3418
    endloop
  endfacet
  facet normal 0.673677 -0.672052 -0.307418
    outer loop
      vertex -10.9521 14.0268 10.9834
      vertex -14.073 10.9031 10.9731
      vertex -10.8796 14.6252 9.83434
    endloop
  endfacet
  facet normal 0.558306 -0.555765 -0.615971
    outer loop
      vertex -14.073 10.9031 10.9731
      vertex -10.9521 14.0268 10.9834
      vertex -13.618 10.0866 12.1223
    endloop
  endfacet
  facet normal 0.558306 -0.555765 -0.615971
    outer loop
      vertex -13.618 10.0866 12.1223
      vertex -10.9521 14.0268 10.9834
      vertex -7.74399 12.2194 15.522
    endloop
  endfacet
  facet normal 0.558306 -0.555765 -0.615971
    outer loop
      vertex -13.618 10.0866 12.1223
      vertex -7.74399 12.2194 15.522
      vertex -9.17896 9.11434 17.023
    endloop
  endfacet
  facet normal 0.558306 -0.555765 -0.615971
    outer loop
      vertex -13.618 10.0866 12.1223
      vertex -9.17896 9.11434 17.023
      vertex -12.2777 7.68156 15.507
    endloop
  endfacet
  facet normal 0.264553 -0.516062 -0.814673
    outer loop
      vertex -3.18145 12.1737 17.0326
      vertex -9.17896 9.11434 17.023
      vertex -7.74399 12.2194 15.522
    endloop
  endfacet
  facet normal 0.264548 -0.516052 -0.814681
    outer loop
      vertex -9.17896 9.11434 17.023
      vertex -3.18145 12.1737 17.0326
      vertex -7.94496 7.87753 18.2071
    endloop
  endfacet
  facet normal 0.264548 -0.516052 -0.814681
    outer loop
      vertex -7.94496 7.87753 18.2071
      vertex -3.18145 12.1737 17.0326
      vertex -2.74784 12.1693 17.1762
    endloop
  endfacet
  facet normal 0.0456938 -0.285302 -0.957348
    outer loop
      vertex -7.94496 7.87753 18.2071
      vertex -2.74784 12.1693 17.1762
      vertex 0.00333535 -0.0727876 20.9558
    endloop
  endfacet
  facet normal 0.0456938 -0.285302 -0.957348
    outer loop
      vertex 0.00333535 -0.0727876 20.9558
      vertex -2.74784 12.1693 17.1762
      vertex -1.9597 12.2945 17.1765
    endloop
  endfacet
  facet normal 0.045697 -0.285302 -0.957348
    outer loop
      vertex -1.9597 12.2945 17.1765
      vertex -1.17155 12.4197 17.1768
      vertex 0.00333535 -0.0727876 20.9558
    endloop
  endfacet
  facet normal 0.045697 -0.285302 -0.957348
    outer loop
      vertex 0.00333535 -0.0727876 20.9558
      vertex -1.17155 12.4197 17.1768
      vertex 5.0989 9.94952 18.2122
    endloop
  endfacet
  facet normal -0.091004 -0.572556 -0.8148
    outer loop
      vertex -1.17155 12.4197 17.1768
      vertex -0.760535 12.5582 17.0335
      vertex 5.0989 9.94952 18.2122
    endloop
  endfacet
  facet normal -0.091004 -0.572556 -0.8148
    outer loop
      vertex 5.0989 9.94952 18.2122
      vertex -0.760535 12.5582 17.0335
      vertex 5.88982 11.508 17.0288
    endloop
  endfacet
  facet normal -0.0910021 -0.572543 -0.814809
    outer loop
      vertex -0.760535 12.5582 17.0335
      vertex 0.138992 12.8614 16.7201
      vertex 5.88982 11.508 17.0288
    endloop
  endfacet
  facet normal -0.0910021 -0.572543 -0.814809
    outer loop
      vertex 5.88982 11.508 17.0288
      vertex 0.138992 12.8614 16.7201
      vertex 3.56434 14.0158 15.5264
    endloop
  endfacet
  facet normal -0.140248 0.881794 0.4503
    outer loop
      vertex 0.138992 12.8614 16.7201
      vertex 1.99676 12.564 17.881
      vertex 3.56434 14.0158 15.5264
    endloop
  endfacet
  facet normal -0.140248 0.881794 0.4503
    outer loop
      vertex 3.56434 14.0158 15.5264
      vertex 1.99676 12.564 17.881
      vertex 7.98239 15.632 13.7374
    endloop
  endfacet
  facet normal -0.140248 0.881794 0.4503
    outer loop
      vertex 3.56434 14.0158 15.5264
      vertex 7.98239 15.632 13.7374
      vertex 5.01644 15.5957 12.8847
    endloop
  endfacet
  facet normal -0.0951096 0.596784 0.796745
    outer loop
      vertex 1.99676 12.564 17.881
      vertex -5.80542 11.3246 17.878
      vertex -1.05074 6.56056 22.014
    endloop
  endfacet
  facet normal 0.275483 0.53826 0.796483
    outer loop
      vertex 7.98239 15.632 13.7374
      vertex 1.99676 12.564 17.881
      vertex 9.03733 8.98071 17.8675
    endloop
  endfacet
  facet normal 0.238601 0.465584 0.852233
    outer loop
      vertex 9.03733 8.98071 17.8675
      vertex 1.99676 12.564 17.881
      vertex 5.98984 2.97725 22.0004
    endloop
  endfacet
  facet normal 0.238601 0.465584 0.852233
    outer loop
      vertex 1.99676 12.564 17.881
      vertex -1.05074 6.56056 22.014
      vertex 5.98984 2.97725 22.0004
    endloop
  endfacet
  facet normal -0.371781 0.368625 0.851995
    outer loop
      vertex -5.80542 11.3246 17.878
      vertex -11.389 5.73599 17.8595
      vertex -1.05074 6.56056 22.014
    endloop
  endfacet
  facet normal -0.429325 0.426302 0.796208
    outer loop
      vertex -5.80542 11.3246 17.878
      vertex -12.444 12.3873 13.7294
      vertex -11.389 5.73599 17.8595
    endloop
  endfacet
  facet normal -0.883407 0.137965 0.447837
    outer loop
      vertex -13.618 10.0866 12.1223
      vertex -12.2777 7.68156 15.507
      vertex -12.444 12.3873 13.7294
    endloop
  endfacet
  facet normal -0.883407 0.137965 0.447837
    outer loop
      vertex -11.389 5.73599 17.8595
      vertex -12.2777 7.68156 15.507
      vertex -12.2488 4.73747 16.471
    endloop
  endfacet
  facet normal -0.883407 0.137965 0.447837
    outer loop
      vertex -12.444 12.3873 13.7294
      vertex -12.2777 7.68156 15.507
      vertex -11.389 5.73599 17.8595
    endloop
  endfacet
  facet normal 0.411551 0.414889 -0.811476
    outer loop
      vertex -11.559 -5.95656 16.971
      vertex -10.0051 -5.16811 18.1622
      vertex -11.1491 -9.3425 15.4477
    endloop
  endfacet
  facet normal 0.411551 0.414889 -0.811476
    outer loop
      vertex -11.1491 -9.3425 15.4477
      vertex -10.0051 -5.16811 18.1622
      vertex -9.97704 -9.7121 15.8532
    endloop
  endfacet
  facet normal 0.575142 0.0941985 -0.812612
    outer loop
      vertex -12.6153 0.692823 16.9942
      vertex -12.4776 1.10351 17.1393
      vertex -11.559 -5.95656 16.971
    endloop
  endfacet
  facet normal 0.575142 0.0941985 -0.812612
    outer loop
      vertex -11.559 -5.95656 16.971
      vertex -12.4776 1.10351 17.1393
      vertex -10.0051 -5.16811 18.1622
    endloop
  endfacet
  facet normal 0.288527 -0.0422696 -0.956538
    outer loop
      vertex -12.4776 1.10351 17.1393
      vertex -12.2287 2.67994 17.1447
      vertex -10.0051 -5.16811 18.1622
    endloop
  endfacet
  facet normal 0.288527 -0.0422696 -0.956538
    outer loop
      vertex -10.0051 -5.16811 18.1622
      vertex -12.2287 2.67994 17.1447
      vertex -7.94496 7.87753 18.2071
    endloop
  endfacet
  facet normal 0.518989 -0.261379 -0.813837
    outer loop
      vertex -12.2329 3.11401 17.0026
      vertex -9.17896 9.11434 17.023
      vertex -12.2287 2.67994 17.1447
    endloop
  endfacet
  facet normal 0.518989 -0.261379 -0.813837
    outer loop
      vertex -12.2287 2.67994 17.1447
      vertex -9.17896 9.11434 17.023
      vertex -7.94496 7.87753 18.2071
    endloop
  endfacet
  facet normal 0.518988 -0.261378 -0.813838
    outer loop
      vertex -12.2777 7.68156 15.507
      vertex -9.17896 9.11434 17.023
      vertex -12.2488 4.73747 16.471
    endloop
  endfacet
  facet normal 0.518988 -0.261378 -0.813838
    outer loop
      vertex -12.2488 4.73747 16.471
      vertex -9.17896 9.11434 17.023
      vertex -12.2329 3.11401 17.0026
    endloop
  endfacet
  facet normal -0.371781 0.368625 0.851995
    outer loop
      vertex -1.05074 6.56056 22.014
      vertex -11.389 5.73599 17.8595
      vertex -6.63435 0.971921 21.9955
    endloop
  endfacet
  facet normal 0.000159267 -0.00347001 0.999994
    outer loop
      vertex -5.56664 -1 21.9885
      vertex -6.63435 0.971921 21.9955
      vertex -3.04464 -6.06537 21.9705
    endloop
  endfacet
  facet normal 0.000159267 -0.00347001 0.999994
    outer loop
      vertex -5.56902 1 21.9954
      vertex -6.63435 0.971921 21.9955
      vertex -5.56664 -1 21.9885
    endloop
  endfacet
  facet normal 0.000159267 -0.00347001 0.999994
    outer loop
      vertex -3.33025 -1 21.9881
      vertex -5.56664 -1 21.9885
      vertex -3.04464 -6.06537 21.9705
    endloop
  endfacet
  facet normal 0.000159267 -0.00347001 0.999994
    outer loop
      vertex -1.05074 6.56056 22.014
      vertex -6.63435 0.971921 21.9955
      vertex -5.56902 1 21.9954
    endloop
  endfacet
  facet normal 0.000159267 -0.00347001 0.999994
    outer loop
      vertex -1.05074 6.56056 22.014
      vertex -3.3339 1 21.995
      vertex -3.04464 -6.06537 21.9705
    endloop
  endfacet
  facet normal 0.000159267 -0.00347001 0.999994
    outer loop
      vertex -3.3339 1 21.995
      vertex -3.33025 -1 21.9881
      vertex -3.04464 -6.06537 21.9705
    endloop
  endfacet
  facet normal 0.000159267 -0.00347001 0.999994
    outer loop
      vertex -5.56902 1 21.9954
      vertex -3.3339 1 21.995
      vertex -1.05074 6.56056 22.014
    endloop
  endfacet
  facet normal -0.468187 -0.241839 0.849891
    outer loop
      vertex -6.63435 0.971921 21.9955
      vertex -9.03161 -9.10453 17.8076
      vertex -3.04464 -6.06537 21.9705
    endloop
  endfacet
  facet normal -0.275229 -0.543776 0.792816
    outer loop
      vertex -3.04464 -6.06537 21.9705
      vertex -9.03161 -9.10453 17.8076
      vertex -1.99103 -12.6878 17.794
    endloop
  endfacet
  facet normal -0.405629 -0.798672 0.444508
    outer loop
      vertex -6.38233 -10.8456 17.0969
      vertex -9.03161 -9.10453 17.8076
      vertex -6.70937 -10.7425 16.9837
    endloop
  endfacet
  facet normal -0.405629 -0.798672 0.444508
    outer loop
      vertex -1.99103 -12.6878 17.794
      vertex -9.03161 -9.10453 17.8076
      vertex -6.38233 -10.8456 17.0969
    endloop
  endfacet
  facet normal -0.405629 -0.798672 0.444508
    outer loop
      vertex -4.61143 -11.827 16.9496
      vertex -1.99103 -12.6878 17.794
      vertex -4.95995 -11.5695 17.0941
    endloop
  endfacet
  facet normal -0.405629 -0.798672 0.444508
    outer loop
      vertex -0.944496 -14.5361 15.4281
      vertex -1.99103 -12.6878 17.794
      vertex -4.61143 -11.827 16.9496
    endloop
  endfacet
  facet normal -0.405629 -0.798672 0.444508
    outer loop
      vertex 2.76232 -17.4231 13.6235
      vertex -1.99103 -12.6878 17.794
      vertex -0.944496 -14.5361 15.4281
    endloop
  endfacet
  facet normal -0.405629 -0.798672 0.444508
    outer loop
      vertex 2.76232 -17.4231 13.6235
      vertex -0.944496 -14.5361 15.4281
      vertex -0.7564 -14.9413 14.8718
    endloop
  endfacet
  facet normal -0.405629 -0.798672 0.444508
    outer loop
      vertex -6.38233 -10.8456 17.0969
      vertex -4.95995 -11.5695 17.0941
      vertex -1.99103 -12.6878 17.794
    endloop
  endfacet
  facet normal 0.411571 0.414885 -0.811468
    outer loop
      vertex -10.0051 -5.16811 18.1622
      vertex -6.70937 -10.7425 16.9837
      vertex -9.97704 -9.7121 15.8532
    endloop
  endfacet
  facet normal 0.411571 0.414885 -0.811468
    outer loop
      vertex -10.0051 -5.16811 18.1622
      vertex -6.38233 -10.8456 17.0969
      vertex -6.70937 -10.7425 16.9837
    endloop
  endfacet
  facet normal 0.405626 0.798674 -0.444507
    outer loop
      vertex 15.6696 8.05458 -17.3242
      vertex 9.03102 9.11723 -21.4727
      vertex 19.3704 9.91846 -10.5981
    endloop
  endfacet
  facet normal 0.405629 0.798671 -0.44451
    outer loop
      vertex 9.03102 9.11723 -21.4727
      vertex 1.99044 12.7005 -21.4591
      vertex 19.3704 9.91846 -10.5981
    endloop
  endfacet
  facet normal 0.141014 -0.888817 0.436027
    outer loop
      vertex -3.04125 19.1546 -3.63467
      vertex -10.944 15.6934 -8.13422
      vertex -10.4728 14.8503 -10.0053
    endloop
  endfacet
  facet normal 0.141014 -0.888817 0.436027
    outer loop
      vertex 5.54848 18.3132 -8.12776
      vertex -3.04125 19.1546 -3.63467
      vertex 5.36321 17.3658 -9.99905
    endloop
  endfacet
  facet normal 0.141014 -0.888817 0.436027
    outer loop
      vertex 5.36321 17.3658 -9.99905
      vertex -3.04125 19.1546 -3.63467
      vertex -10.4728 14.8503 -10.0053
    endloop
  endfacet
  facet normal 0.111814 -0.70564 0.699692
    outer loop
      vertex -10.4728 14.8503 -10.0053
      vertex -10.9244 13.4793 -11.3158
      vertex -1.79618 11.3442 -14.9277
    endloop
  endfacet
  facet normal 0.111814 -0.70564 0.699692
    outer loop
      vertex 5.73715 16.8571 -10.5718
      vertex -10.4728 14.8503 -10.0053
      vertex 6.21844 16.2024 -11.3091
    endloop
  endfacet
  facet normal 0.111814 -0.70564 0.699692
    outer loop
      vertex 6.21844 16.2024 -11.3091
      vertex -10.4728 14.8503 -10.0053
      vertex -1.79618 11.3442 -14.9277
    endloop
  endfacet
  facet normal 0.111814 -0.70564 0.699692
    outer loop
      vertex 5.36321 17.3658 -9.99905
      vertex -10.4728 14.8503 -10.0053
      vertex 5.73715 16.8571 -10.5718
    endloop
  endfacet
  facet normal 0.874956 0.446976 -0.186183
    outer loop
      vertex 19.3704 9.91846 -10.5981
      vertex 18.7199 13.997 -3.86366
      vertex 22.3096 6.95969 -3.88866
    endloop
  endfacet
  facet normal 0.405629 0.798672 -0.44451
    outer loop
      vertex 10.2199 14.5756 -10.5805
      vertex 10.853 14.5718 -10.0096
      vertex 19.3704 9.91846 -10.5981
    endloop
  endfacet
  facet normal 0.405629 0.798672 -0.44451
    outer loop
      vertex 19.3704 9.91846 -10.5981
      vertex 10.853 14.5718 -10.0096
      vertex 11.5157 15.2762 -8.13924
    endloop
  endfacet
  facet normal 0.405629 0.798672 -0.44451
    outer loop
      vertex 11.5157 15.2762 -8.13924
      vertex 11.3897 15.5474 -7.76685
      vertex 19.3704 9.91846 -10.5981
    endloop
  endfacet
  facet normal -0.634162 -0.325975 0.701127
    outer loop
      vertex 10.2199 14.5756 -10.5805
      vertex 9.40508 14.5805 -11.3152
      vertex 10.183 5.24746 -14.9508
    endloop
  endfacet
  facet normal -0.634162 -0.325975 0.701127
    outer loop
      vertex 18.139 0.28826 -10.0603
      vertex 10.2199 14.5756 -10.5805
      vertex 17.2923 -0.881667 -11.3701
    endloop
  endfacet
  facet normal -0.634162 -0.325975 0.701127
    outer loop
      vertex 17.2923 -0.881667 -11.3701
      vertex 10.2199 14.5756 -10.5805
      vertex 10.183 5.24746 -14.9508
    endloop
  endfacet
  facet normal -0.634162 -0.325975 0.701127
    outer loop
      vertex 10.853 14.5718 -10.0096
      vertex 10.2199 14.5756 -10.5805
      vertex 18.139 0.28826 -10.0603
    endloop
  endfacet
  facet normal -0.296381 -0.954971 -0.0137093
    outer loop
      vertex 4.99993 19.0103 6.19298
      vertex 1.45312 20.1592 2.83841
      vertex 6.9496 18.5854 -6.3601
    endloop
  endfacet
  facet normal -0.296381 -0.954971 -0.0137093
    outer loop
      vertex 9.10277 17.9065 -5.61516
      vertex 4.99993 19.0103 6.19298
      vertex 7.19 18.5096 -6.27693
    endloop
  endfacet
  facet normal -0.296381 -0.954971 -0.0137093
    outer loop
      vertex 7.19 18.5096 -6.27693
      vertex 4.99993 19.0103 6.19298
      vertex 6.9496 18.5854 -6.3601
    endloop
  endfacet
  facet normal -0.296381 -0.954971 -0.0137093
    outer loop
      vertex 9.05866 17.7839 3.8742
      vertex 4.99993 19.0103 6.19298
      vertex 9.10277 17.9065 -5.61516
    endloop
  endfacet
  facet normal 0.0123305 0.9999 -0.00697685
    outer loop
      vertex -4.83268 -19.6447 2.70126
      vertex -4.0181 -19.6496 3.43574
      vertex 0.89094 -19.7794 -6.4922
    endloop
  endfacet
  facet normal 0.0123305 0.9999 -0.00697685
    outer loop
      vertex 0.89094 -19.7794 -6.4922
      vertex -4.0181 -19.6496 3.43574
      vertex -1.10802 -19.6672 6.05969
    endloop
  endfacet
  facet normal 0.0123305 0.9999 -0.00697685
    outer loop
      vertex 0.89094 -19.7794 -6.4922
      vertex -1.10802 -19.6672 6.05969
      vertex 3.13351 -19.7356 3.74488
    endloop
  endfacet
  facet normal 0.0123305 0.9999 -0.00697685
    outer loop
      vertex 0.89094 -19.7794 -6.4922
      vertex 3.13351 -19.7356 3.74488
      vertex 3.14776 -19.802 -5.74501
    endloop
  endfacet
  facet normal -0.405628 -0.798672 0.44451
    outer loop
      vertex -1.10802 -19.6672 6.05969
      vertex -4.0181 -19.6496 3.43574
      vertex -0.288017 -23.3655 0.163031
    endloop
  endfacet
  facet normal -0.405628 -0.798672 0.44451
    outer loop
      vertex -0.342248 -18.8531 8.22125
      vertex -1.10802 -19.6672 6.05969
      vertex 3.41281 -21.5016 6.88909
    endloop
  endfacet
  facet normal -0.405628 -0.798672 0.44451
    outer loop
      vertex 3.41281 -21.5016 6.88909
      vertex -1.10802 -19.6672 6.05969
      vertex -0.288017 -23.3655 0.163031
    endloop
  endfacet
  facet normal 0.154127 -0.970729 0.1842
    outer loop
      vertex 3.41281 -21.5016 6.88909
      vertex -0.288017 -23.3655 0.163031
      vertex 7.51416 -22.1261 0.166081
    endloop
  endfacet
  facet normal -0.321563 0.946862 -0.00710745
    outer loop
      vertex 3.13351 -19.7356 3.74488
      vertex 7.14327 -18.3565 6.06292
      vertex 3.14776 -19.802 -5.74501
    endloop
  endfacet
  facet normal -0.321563 0.946862 -0.00710745
    outer loop
      vertex 3.14776 -19.802 -5.74501
      vertex 7.14327 -18.3565 6.06292
      vertex 10.6802 -17.1805 2.7073
    endloop
  endfacet
  facet normal -0.321563 0.946862 -0.00710745
    outer loop
      vertex 4.28285 -19.4195 -6.14054
      vertex 10.6802 -17.1805 2.7073
      vertex 5.28707 -19.0811 -6.49047
    endloop
  endfacet
  facet normal -0.321563 0.946862 -0.00710745
    outer loop
      vertex 3.14776 -19.802 -5.74501
      vertex 10.6802 -17.1805 2.7073
      vertex 4.28285 -19.4195 -6.14054
    endloop
  endfacet
  facet normal -0.503598 0.50081 0.703973
    outer loop
      vertex 8.08632 -8.02938 -14.9965
      vertex 4.46634 -16.6928 -11.4229
      vertex 5.84513 -17.1395 -10.1188
    endloop
  endfacet
  facet normal -0.503598 0.50081 0.703973
    outer loop
      vertex 16.7346 -4.41344 -11.3823
      vertex 8.08632 -8.02938 -14.9965
      vertex 17.1782 -5.79612 -10.0813
    endloop
  endfacet
  facet normal -0.503598 0.50081 0.703973
    outer loop
      vertex 17.1782 -5.79612 -10.0813
      vertex 8.08632 -8.02938 -14.9965
      vertex 5.84513 -17.1395 -10.1188
    endloop
  endfacet
  facet normal -0.635498 0.633459 0.441443
    outer loop
      vertex 5.84513 -17.1395 -10.1188
      vertex 6.1536 -17.8045 -8.72044
      vertex 17.1782 -5.79612 -10.0813
    endloop
  endfacet
  facet normal -0.635498 0.633459 0.441443
    outer loop
      vertex 17.1782 -5.79612 -10.0813
      vertex 6.1536 -17.8045 -8.72044
      vertex 6.2565 -18.0264 -8.25394
    endloop
  endfacet
  facet normal -0.635498 0.633459 0.441443
    outer loop
      vertex 17.1782 -5.79612 -10.0813
      vertex 6.2565 -18.0264 -8.25394
      vertex 13.7107 -13.686 -3.75132
    endloop
  endfacet
  facet normal -0.635498 0.633459 0.441443
    outer loop
      vertex 17.1782 -5.79612 -10.0813
      vertex 13.7107 -13.686 -3.75132
      vertex 18.0592 -6.21286 -8.21489
    endloop
  endfacet
  facet normal -3.94503e-008 3.93238e-008 2.74038e-008
    outer loop
      vertex 17.1782 -5.79612 -10.0813
      vertex 18.0592 -6.21286 -8.21489
      vertex 17.8389 -6.10865 -8.68161
    endloop
  endfacet
  facet normal 0.632814 -0.633717 0.444915
    outer loop
      vertex 13.4998 -19.0581 -3.97754
      vertex 3.41281 -21.5016 6.88909
      vertex 7.51416 -22.1261 0.166081
    endloop
  endfacet
  facet normal -0.569817 0.80444 0.167886
    outer loop
      vertex 5.28707 -19.0811 -6.49047
      vertex 10.6802 -17.1805 2.7073
      vertex 6.2565 -18.0264 -8.25394
    endloop
  endfacet
  facet normal -0.569817 0.80444 0.167886
    outer loop
      vertex 6.2565 -18.0264 -8.25394
      vertex 10.6802 -17.1805 2.7073
      vertex 13.8259 -14.7431 1.70486
    endloop
  endfacet
  facet normal -0.569817 0.80444 0.167886
    outer loop
      vertex 6.2565 -18.0264 -8.25394
      vertex 13.8259 -14.7431 1.70486
      vertex 14.347 -14.3392 1.53878
    endloop
  endfacet
  facet normal -0.569817 0.80444 0.167886
    outer loop
      vertex 6.2565 -18.0264 -8.25394
      vertex 14.347 -14.3392 1.53878
      vertex 13.7107 -13.686 -3.75132
    endloop
  endfacet
  facet normal 0.632814 -0.633716 0.444916
    outer loop
      vertex 19.0834 -13.4695 -3.95904
      vertex 3.41281 -21.5016 6.88909
      vertex 13.4998 -19.0581 -3.97754
    endloop
  endfacet
  facet normal 0.694838 -0.693583 -0.190111
    outer loop
      vertex 19.0834 -13.4695 -3.95904
      vertex 13.4998 -19.0581 -3.97754
      vertex 15.3826 -15.3334 -10.6851
    endloop
  endfacet
  facet normal 0.883407 -0.137963 -0.447837
    outer loop
      vertex 19.0834 -13.4695 -3.95904
      vertex 15.3826 -15.3334 -10.6851
      vertex 22.1322 -7.49486 0.214508
    endloop
  endfacet
  facet normal 0.632817 -0.633715 0.444913
    outer loop
      vertex 21.4818 -3.41636 6.94895
      vertex 19.0834 -13.4695 -3.95904
      vertex 22.1322 -7.49486 0.214508
    endloop
  endfacet
  facet normal 0.970254 -0.153868 0.186903
    outer loop
      vertex 23.3645 0.308389 0.241394
      vertex 21.4818 -3.41636 6.94895
      vertex 22.1322 -7.49486 0.214508
    endloop
  endfacet
  facet normal 0.796828 0.40487 0.448493
    outer loop
      vertex 14.4841 0.906363 15.4792
      vertex 12.6271 1.94342 17.8425
      vertex 21.4818 -3.41636 6.94895
    endloop
  endfacet
  facet normal 0.796828 0.40487 0.448493
    outer loop
      vertex 23.3645 0.308389 0.241394
      vertex 19.4351 0.906733 6.68254
      vertex 21.4818 -3.41636 6.94895
    endloop
  endfacet
  facet normal 0.796828 0.40487 0.448493
    outer loop
      vertex 19.4351 0.906733 6.68254
      vertex 17.8195 -0.616556 10.928
      vertex 21.4818 -3.41636 6.94895
    endloop
  endfacet
  facet normal 0.796828 0.40487 0.448493
    outer loop
      vertex 13.8526 1.75681 15.8335
      vertex 12.6271 1.94342 17.8425
      vertex 14.4841 0.906363 15.4792
    endloop
  endfacet
  facet normal 0.796828 0.40487 0.448493
    outer loop
      vertex 17.8195 -0.616556 10.928
      vertex 14.4841 0.906363 15.4792
      vertex 21.4818 -3.41636 6.94895
    endloop
  endfacet
  facet normal 0.796828 0.404869 0.448493
    outer loop
      vertex 19.646 1.10553 6.12847
      vertex 19.4351 0.906733 6.68254
      vertex 23.3645 0.308389 0.241394
    endloop
  endfacet
  facet normal 0.796828 0.404869 0.448493
    outer loop
      vertex 19.6402 2.56273 4.82323
      vertex 19.646 1.10553 6.12847
      vertex 23.3645 0.308389 0.241394
    endloop
  endfacet
  facet normal 0.796828 0.404869 0.448494
    outer loop
      vertex 23.3645 0.308389 0.241394
      vertex 19.6345 4.02428 3.5141
      vertex 19.6402 2.56273 4.82323
    endloop
  endfacet
  facet normal 0.796828 0.404869 0.448494
    outer loop
      vertex 23.3645 0.308389 0.241394
      vertex 19.0985 6.32807 2.38669
      vertex 19.6312 4.84128 2.7823
    endloop
  endfacet
  facet normal 0.796828 0.404869 0.448494
    outer loop
      vertex 19.6345 4.02428 3.5141
      vertex 23.3645 0.308389 0.241394
      vertex 19.6312 4.84128 2.7823
    endloop
  endfacet
  facet normal 0.796828 0.404869 0.448493
    outer loop
      vertex 13.9665 18.7322 0.306837
      vertex 9.86519 19.3568 7.02985
      vertex 13.1691 14.6948 5.36841
    endloop
  endfacet
  facet normal 0.796828 0.404869 0.448493
    outer loop
      vertex 18.0659 9.20967 1.61993
      vertex 13.9665 18.7322 0.306837
      vertex 15.4518 13.0347 2.81138
    endloop
  endfacet
  facet normal 0.796828 0.404869 0.448493
    outer loop
      vertex 15.4518 13.0347 2.81138
      vertex 13.9665 18.7322 0.306837
      vertex 13.1691 14.6948 5.36841
    endloop
  endfacet
  facet normal 0.796828 0.404869 0.448493
    outer loop
      vertex 23.3645 0.308389 0.241394
      vertex 13.9665 18.7322 0.306837
      vertex 18.0659 9.20967 1.61993
    endloop
  endfacet
  facet normal 0.796828 0.404869 0.448493
    outer loop
      vertex 23.3645 0.308389 0.241394
      vertex 18.0659 9.20967 1.61993
      vertex 19.0985 6.32807 2.38669
    endloop
  endfacet
  facet normal 0.796828 0.404869 0.448493
    outer loop
      vertex 18.7199 13.997 -3.86366
      vertex 13.9665 18.7322 0.306837
      vertex 23.3645 0.308389 0.241394
    endloop
  endfacet
  facet normal 0.796828 0.404869 0.448493
    outer loop
      vertex 22.3096 6.95969 -3.88866
      vertex 18.7199 13.997 -3.86366
      vertex 23.3645 0.308389 0.241394
    endloop
  endfacet
  facet normal 0.883407 -0.137966 -0.447837
    outer loop
      vertex 19.1036 0.400627 -8.19212
      vertex 18.9536 0.383152 -8.48267
      vertex 22.3096 6.95969 -3.88866
    endloop
  endfacet
  facet normal 0.883407 -0.137966 -0.447837
    outer loop
      vertex 23.3645 0.308389 0.241394
      vertex 19.1036 0.400627 -8.19212
      vertex 22.3096 6.95969 -3.88866
    endloop
  endfacet
  facet normal 0.883407 -0.137966 -0.447837
    outer loop
      vertex 19.8237 -3.11094 -5.6899
      vertex 23.3645 0.308389 0.241394
      vertex 19.4435 -4.24525 -6.09052
    endloop
  endfacet
  facet normal 0.883407 -0.137966 -0.447837
    outer loop
      vertex 19.8015 -0.851738 -6.42965
      vertex 23.3645 0.308389 0.241394
      vertex 19.8237 -3.11094 -5.6899
    endloop
  endfacet
  facet normal 0.883407 -0.137966 -0.447837
    outer loop
      vertex 19.8015 -0.851738 -6.42965
      vertex 19.1036 0.400627 -8.19212
      vertex 23.3645 0.308389 0.241394
    endloop
  endfacet
  facet normal -0.947125 0.320735 -0.00917585
    outer loop
      vertex 17.1811 -10.6737 2.72888
      vertex 18.1624 -7.69457 5.57654
      vertex 19.1072 -5.24834 -6.44479
    endloop
  endfacet
  facet normal -0.947125 0.320735 -0.00917585
    outer loop
      vertex 19.1072 -5.24834 -6.44479
      vertex 18.1624 -7.69457 5.57654
      vertex 18.3427 -7.14689 6.10005
    endloop
  endfacet
  facet normal -0.947125 0.320735 -0.00917585
    outer loop
      vertex 19.1072 -5.24834 -6.44479
      vertex 18.3427 -7.14689 6.10005
      vertex 19.7259 -3.12822 3.79987
    endloop
  endfacet
  facet normal -0.947125 0.320735 -0.00917585
    outer loop
      vertex 19.1072 -5.24834 -6.44479
      vertex 19.7259 -3.12822 3.79987
      vertex 19.8237 -3.11094 -5.6899
    endloop
  endfacet
  facet normal -6.74811e-008 2.28518e-008 -6.53764e-010
    outer loop
      vertex 19.1072 -5.24834 -6.44479
      vertex 19.8237 -3.11094 -5.6899
      vertex 19.4435 -4.24525 -6.09052
    endloop
  endfacet
  facet normal -0.805511 0.568531 0.167106
    outer loop
      vertex 13.7107 -13.686 -3.75132
      vertex 14.347 -14.3392 1.53878
      vertex 18.0592 -6.21286 -8.21489
    endloop
  endfacet
  facet normal -0.805511 0.568531 0.167106
    outer loop
      vertex 18.0592 -6.21286 -8.21489
      vertex 14.347 -14.3392 1.53878
      vertex 15.4476 -12.9158 2.00092
    endloop
  endfacet
  facet normal -0.805511 0.568531 0.167106
    outer loop
      vertex 18.0592 -6.21286 -8.21489
      vertex 15.4476 -12.9158 2.00092
      vertex 16.7812 -11.1909 2.56095
    endloop
  endfacet
  facet normal -0.805511 0.568531 0.167106
    outer loop
      vertex 18.0592 -6.21286 -8.21489
      vertex 16.7812 -11.1909 2.56095
      vertex 17.1811 -10.6737 2.72888
    endloop
  endfacet
  facet normal -0.805511 0.568531 0.167106
    outer loop
      vertex 18.0592 -6.21286 -8.21489
      vertex 17.1811 -10.6737 2.72888
      vertex 19.1072 -5.24834 -6.44479
    endloop
  endfacet
  facet normal -0.800246 -0.409758 0.437841
    outer loop
      vertex 10.853 14.5718 -10.0096
      vertex 18.139 0.28826 -10.0603
      vertex 11.5157 15.2762 -8.13924
    endloop
  endfacet
  facet normal -0.800246 -0.409758 0.437841
    outer loop
      vertex 11.5157 15.2762 -8.13924
      vertex 18.139 0.28826 -10.0603
      vertex 18.9536 0.383152 -8.48267
    endloop
  endfacet
  facet normal -0.800246 -0.409758 0.437841
    outer loop
      vertex 11.5157 15.2762 -8.13924
      vertex 18.9536 0.383152 -8.48267
      vertex 19.1036 0.400627 -8.19212
    endloop
  endfacet
  facet normal -0.800246 -0.409758 0.437841
    outer loop
      vertex 11.5157 15.2762 -8.13924
      vertex 19.1036 0.400627 -8.19212
      vertex 17.2648 8.81984 -3.6738
    endloop
  endfacet
  facet normal -0.597684 -0.801624 -0.0131295
    outer loop
      vertex 12.4458 15.2208 6.17861
      vertex 9.05866 17.7839 3.8742
      vertex 9.10277 17.9065 -5.61516
    endloop
  endfacet
  facet normal -0.597684 -0.801624 -0.0131295
    outer loop
      vertex 15.4518 13.0347 2.81138
      vertex 12.4458 15.2208 6.17861
      vertex 10.9166 16.5664 -6.36771
    endloop
  endfacet
  facet normal -0.597684 -0.801624 -0.0131295
    outer loop
      vertex 10.9166 16.5664 -6.36771
      vertex 12.4458 15.2208 6.17861
      vertex 9.10277 17.9065 -5.61516
    endloop
  endfacet
  facet normal -7.28491e-008 -9.77066e-008 -1.6003e-009
    outer loop
      vertex 13.1691 14.6948 5.36841
      vertex 12.4458 15.2208 6.17861
      vertex 15.4518 13.0347 2.81138
    endloop
  endfacet
  facet normal -0.790158 -0.590808 0.163082
    outer loop
      vertex 10.9166 16.5664 -6.36771
      vertex 11.3897 15.5474 -7.76685
      vertex 15.4518 13.0347 2.81138
    endloop
  endfacet
  facet normal -0.790158 -0.590808 0.163082
    outer loop
      vertex 15.4518 13.0347 2.81138
      vertex 11.3897 15.5474 -7.76685
      vertex 11.5157 15.2762 -8.13924
    endloop
  endfacet
  facet normal -0.790158 -0.590808 0.163082
    outer loop
      vertex 15.4518 13.0347 2.81138
      vertex 11.5157 15.2762 -8.13924
      vertex 17.2648 8.81984 -3.6738
    endloop
  endfacet
  facet normal -0.790158 -0.590808 0.163082
    outer loop
      vertex 15.4518 13.0347 2.81138
      vertex 17.2648 8.81984 -3.6738
      vertex 18.0659 9.20967 1.61993
    endloop
  endfacet
  facet normal -0.140248 0.881794 0.450299
    outer loop
      vertex 5.01644 15.5957 12.8847
      vertex 7.98239 15.632 13.7374
      vertex 6.05791 16.7289 10.9901
    endloop
  endfacet
  facet normal -0.140248 0.881794 0.450299
    outer loop
      vertex 6.05791 16.7289 10.9901
      vertex 7.98239 15.632 13.7374
      vertex 9.86519 19.3568 7.02985
    endloop
  endfacet
  facet normal -0.140248 0.881794 0.450299
    outer loop
      vertex 6.05791 16.7289 10.9901
      vertex 9.86519 19.3568 7.02985
      vertex 5.18409 18.6132 7.02802
    endloop
  endfacet
  facet normal 0.796828 0.404869 0.448494
    outer loop
      vertex 9.86519 19.3568 7.02985
      vertex 7.98239 15.632 13.7374
      vertex 9.81286 13.8085 12.1314
    endloop
  endfacet
  facet normal 0.796828 0.404869 0.448494
    outer loop
      vertex 12.4458 15.2208 6.17861
      vertex 9.86519 19.3568 7.02985
      vertex 9.99335 14.726 10.9825
    endloop
  endfacet
  facet normal 0.796828 0.404869 0.448494
    outer loop
      vertex 9.99335 14.726 10.9825
      vertex 9.86519 19.3568 7.02985
      vertex 9.81286 13.8085 12.1314
    endloop
  endfacet
  facet normal 0.796828 0.404869 0.448494
    outer loop
      vertex 13.1691 14.6948 5.36841
      vertex 9.86519 19.3568 7.02985
      vertex 12.4458 15.2208 6.17861
    endloop
  endfacet
  facet normal -0.43202 -0.847689 -0.307868
    outer loop
      vertex 5.18409 18.6132 7.02802
      vertex 4.99993 19.0103 6.19298
      vertex 9.05866 17.7839 3.8742
    endloop
  endfacet
  facet normal -0.43202 -0.847689 -0.307868
    outer loop
      vertex 9.99335 14.726 10.9825
      vertex 5.18409 18.6132 7.02802
      vertex 12.4458 15.2208 6.17861
    endloop
  endfacet
  facet normal -0.43202 -0.847689 -0.307868
    outer loop
      vertex 12.4458 15.2208 6.17861
      vertex 5.18409 18.6132 7.02802
      vertex 9.05866 17.7839 3.8742
    endloop
  endfacet
  facet normal -0.43202 -0.847689 -0.307868
    outer loop
      vertex 6.05791 16.7289 10.9901
      vertex 5.18409 18.6132 7.02802
      vertex 9.99335 14.726 10.9825
    endloop
  endfacet
  facet normal 0.288513 -0.0422673 -0.956543
    outer loop
      vertex 0.00333535 -0.0727876 20.9558
      vertex -10.0051 -5.16811 18.1622
      vertex -7.94496 7.87753 18.2071
    endloop
  endfacet
  facet normal -0.260484 -0.129475 -0.956757
    outer loop
      vertex 0.00333535 -0.0727876 20.9558
      vertex 11.1458 5.62451 17.1512
      vertex 11.1003 -1.81557 18.1704
    endloop
  endfacet
  facet normal -0.260484 -0.129475 -0.956757
    outer loop
      vertex 11.1003 -1.81557 18.1704
      vertex 11.1458 5.62451 17.1512
      vertex 11.5084 4.91368 17.1487
    endloop
  endfacet
  facet normal -0.260487 -0.129469 -0.956757
    outer loop
      vertex 0.00333535 -0.0727876 20.9558
      vertex 5.0989 9.94952 18.2122
      vertex 11.1458 5.62451 17.1512
    endloop
  endfacet
  facet normal -0.260487 -0.129469 -0.956757
    outer loop
      vertex 11.1458 5.62451 17.1512
      vertex 5.0989 9.94952 18.2122
      vertex 10.7832 6.33534 17.1537
    endloop
  endfacet
  facet normal 0.132402 0.263775 -0.955454
    outer loop
      vertex 1.76548 -11.1588 18.1394
      vertex -10.0051 -5.16811 18.1622
      vertex 0.00333535 -0.0727876 20.9558
    endloop
  endfacet
  facet normal -0.206895 0.209876 -0.955587
    outer loop
      vertex 1.76548 -11.1588 18.1394
      vertex 0.00333535 -0.0727876 20.9558
      vertex 11.1003 -1.81557 18.1704
    endloop
  endfacet
  facet normal -0.411836 -0.409264 -0.814183
    outer loop
      vertex 5.0989 9.94952 18.2122
      vertex 5.88982 11.508 17.0288
      vertex 10.7832 6.33534 17.1537
    endloop
  endfacet
  facet normal -0.411836 -0.409264 -0.814183
    outer loop
      vertex 10.7832 6.33534 17.1537
      vertex 5.88982 11.508 17.0288
      vertex 10.6528 6.74936 17.0115
    endloop
  endfacet
  facet normal -0.41182 -0.409248 -0.814199
    outer loop
      vertex 5.88982 11.508 17.0288
      vertex 10.1653 8.29793 16.4797
      vertex 10.6528 6.74936 17.0115
    endloop
  endfacet
  facet normal -0.41182 -0.409248 -0.814199
    outer loop
      vertex 5.88982 11.508 17.0288
      vertex 9.28125 11.1062 15.5154
      vertex 10.1653 8.29793 16.4797
    endloop
  endfacet
  facet normal -0.35813 -0.701342 -0.616329
    outer loop
      vertex 5.88982 11.508 17.0288
      vertex 3.56434 14.0158 15.5264
      vertex 5.01644 15.5957 12.8847
    endloop
  endfacet
  facet normal -0.35813 -0.701342 -0.616329
    outer loop
      vertex 9.99335 14.726 10.9825
      vertex 5.88982 11.508 17.0288
      vertex 6.05791 16.7289 10.9901
    endloop
  endfacet
  facet normal -0.35813 -0.701342 -0.616329
    outer loop
      vertex 6.05791 16.7289 10.9901
      vertex 5.88982 11.508 17.0288
      vertex 5.01644 15.5957 12.8847
    endloop
  endfacet
  facet normal -0.35813 -0.701342 -0.616329
    outer loop
      vertex 9.81286 13.8085 12.1314
      vertex 5.88982 11.508 17.0288
      vertex 9.99335 14.726 10.9825
    endloop
  endfacet
  facet normal -0.35813 -0.701342 -0.616329
    outer loop
      vertex 9.28125 11.1062 15.5154
      vertex 5.88982 11.508 17.0288
      vertex 9.81286 13.8085 12.1314
    endloop
  endfacet
  facet normal 0.796828 0.404869 0.448494
    outer loop
      vertex 9.28125 11.1062 15.5154
      vertex 7.98239 15.632 13.7374
      vertex 9.03733 8.98071 17.8675
    endloop
  endfacet
  facet normal 0.796828 0.404869 0.448494
    outer loop
      vertex 9.81286 13.8085 12.1314
      vertex 7.98239 15.632 13.7374
      vertex 9.28125 11.1062 15.5154
    endloop
  endfacet
  facet normal 0.796828 0.404869 0.448494
    outer loop
      vertex 10.1653 8.29793 16.4797
      vertex 9.28125 11.1062 15.5154
      vertex 9.03733 8.98071 17.8675
    endloop
  endfacet
  facet normal 0.000160311 -0.00347017 0.999994
    outer loop
      vertex -1.05074 6.56056 22.014
      vertex -3.04464 -6.06537 21.9705
      vertex 3.40961 0.394692 21.9919
    endloop
  endfacet
  facet normal 0.000160311 -0.00347017 0.999994
    outer loop
      vertex 4.01437 1 21.9939
      vertex -1.05074 6.56056 22.014
      vertex 3.41147 1 21.994
    endloop
  endfacet
  facet normal 0.000160311 -0.00347017 0.999994
    outer loop
      vertex 3.41147 1 21.994
      vertex -1.05074 6.56056 22.014
      vertex 3.40961 0.394692 21.9919
    endloop
  endfacet
  facet normal 0.000160311 -0.00347017 0.999994
    outer loop
      vertex 5.98984 2.97725 22.0004
      vertex -1.05074 6.56056 22.014
      vertex 4.01437 1 21.9939
    endloop
  endfacet
  facet normal 0.796828 0.404869 0.448493
    outer loop
      vertex 11.1458 5.62451 17.1512
      vertex 9.03733 8.98071 17.8675
      vertex 12.6271 1.94342 17.8425
    endloop
  endfacet
  facet normal 0.796828 0.404869 0.448493
    outer loop
      vertex 13.8526 1.75681 15.8335
      vertex 11.7666 4.5659 17.0038
      vertex 12.6271 1.94342 17.8425
    endloop
  endfacet
  facet normal 0.796828 0.404869 0.448493
    outer loop
      vertex 11.7666 4.5659 17.0038
      vertex 11.5084 4.91368 17.1487
      vertex 12.6271 1.94342 17.8425
    endloop
  endfacet
  facet normal 0.796828 0.404869 0.448493
    outer loop
      vertex 10.7832 6.33534 17.1537
      vertex 9.03733 8.98071 17.8675
      vertex 11.1458 5.62451 17.1512
    endloop
  endfacet
  facet normal 0.796828 0.404869 0.448493
    outer loop
      vertex 10.1653 8.29793 16.4797
      vertex 9.03733 8.98071 17.8675
      vertex 10.7832 6.33534 17.1537
    endloop
  endfacet
  facet normal 0.796828 0.404869 0.448493
    outer loop
      vertex 10.1653 8.29793 16.4797
      vertex 10.7832 6.33534 17.1537
      vertex 10.6528 6.74936 17.0115
    endloop
  endfacet
  facet normal 0.796828 0.404869 0.448493
    outer loop
      vertex 11.5084 4.91368 17.1487
      vertex 11.1458 5.62451 17.1512
      vertex 12.6271 1.94342 17.8425
    endloop
  endfacet
  facet normal 0.540899 0.273087 0.79552
    outer loop
      vertex 9.03733 8.98071 17.8675
      vertex 5.98984 2.97725 22.0004
      vertex 12.6271 1.94342 17.8425
    endloop
  endfacet
  facet normal 0.519433 -0.0849597 0.850277
    outer loop
      vertex 5.57062 -1 21.8591
      vertex 4.75754 -4.826 21.9735
      vertex 12.6271 1.94342 17.8425
    endloop
  endfacet
  facet normal 0.519433 -0.0849597 0.850277
    outer loop
      vertex 5.98984 2.97725 22.0004
      vertex 5.643 0.780947 21.9928
      vertex 12.6271 1.94342 17.8425
    endloop
  endfacet
  facet normal 0.519433 -0.0849597 0.850277
    outer loop
      vertex 5.36175 -1 21.9867
      vertex 4.75754 -4.826 21.9735
      vertex 5.57062 -1 21.8591
    endloop
  endfacet
  facet normal 0.519433 -0.0849597 0.850277
    outer loop
      vertex 5.643 0.780947 21.9928
      vertex 5.57062 -1 21.8591
      vertex 12.6271 1.94342 17.8425
    endloop
  endfacet
  facet normal 0.000162021 -0.00347188 0.999994
    outer loop
      vertex 5.98984 2.97725 22.0004
      vertex 4.01437 1 21.9939
      vertex 5.64341 1 21.9936
    endloop
  endfacet
  facet normal 0.000162021 -0.00347188 0.999994
    outer loop
      vertex 5.643 0.780947 21.9928
      vertex 5.98984 2.97725 22.0004
      vertex 5.64341 1 21.9936
    endloop
  endfacet
  facet normal 0.132395 0.26376 -0.955459
    outer loop
      vertex -10.0051 -5.16811 18.1622
      vertex 1.76548 -11.1588 18.1394
      vertex -6.38233 -10.8456 17.0969
    endloop
  endfacet
  facet normal 0.132395 0.26376 -0.955459
    outer loop
      vertex -6.38233 -10.8456 17.0969
      vertex 1.76548 -11.1588 18.1394
      vertex -4.95995 -11.5695 17.0941
    endloop
  endfacet
  facet normal 0.0826143 -0.522171 0.84883
    outer loop
      vertex 5.81115 -11.4485 17.7971
      vertex -3.04464 -6.06537 21.9705
      vertex -1.99103 -12.6878 17.794
    endloop
  endfacet
  facet normal 0.000162021 -0.00347188 0.999994
    outer loop
      vertex 3.40532 -1 21.987
      vertex -3.04464 -6.06537 21.9705
      vertex 4.75754 -4.826 21.9735
    endloop
  endfacet
  facet normal 0.000162021 -0.00347188 0.999994
    outer loop
      vertex 3.40961 0.394692 21.9919
      vertex -3.04464 -6.06537 21.9705
      vertex 3.40532 -1 21.987
    endloop
  endfacet
  facet normal 0.000162021 -0.00347188 0.999994
    outer loop
      vertex 5.36175 -1 21.9867
      vertex 3.40532 -1 21.987
      vertex 4.75754 -4.826 21.9735
    endloop
  endfacet
  facet normal 0.0826155 -0.522169 0.848831
    outer loop
      vertex 4.75754 -4.826 21.9735
      vertex -3.04464 -6.06537 21.9705
      vertex 5.81115 -11.4485 17.7971
    endloop
  endfacet
  facet normal -9.35837e-016 -1 1.1242e-016
    outer loop
      vertex -5.91817 -1 24.9876
      vertex -5.91817 -1 23.0124
      vertex -5.56664 -1 21.9885
    endloop
  endfacet
  facet normal 5.88841e-016 -1 7.30132e-016
    outer loop
      vertex -3.88377 -1 23.0427
      vertex -5.91817 -1 24.9876
      vertex -3.33025 -1 21.9881
    endloop
  endfacet
  facet normal 3.53757e-020 -1 2.22115e-016
    outer loop
      vertex -3.33025 -1 21.9881
      vertex -5.91817 -1 24.9876
      vertex -5.56664 -1 21.9885
    endloop
  endfacet
  facet normal 1.72765e-018 -1 1.15979e-016
    outer loop
      vertex -3.88377 -1 24.9573
      vertex -5.91817 -1 24.9876
      vertex -3.88377 -1 23.0427
    endloop
  endfacet
  facet normal 3.87202e-018 -1 2.59932e-016
    outer loop
      vertex -2.99404 -1 26.6525
      vertex -5.91817 -1 24.9876
      vertex -3.88377 -1 24.9573
    endloop
  endfacet
  facet normal 2.0343e-016 -1 -9.05548e-017
    outer loop
      vertex -1.41842 -1 27.7401
      vertex -5.91817 -1 24.9876
      vertex -2.99404 -1 26.6525
    endloop
  endfacet
  facet normal 1.16108e-016 -1 5.21988e-017
    outer loop
      vertex 1.47291 -1 29.8164
      vertex -5.91817 -1 24.9876
      vertex -1.41842 -1 27.7401
    endloop
  endfacet
  facet normal -5.67809e-017 -1 4.67634e-016
    outer loop
      vertex 3.28169 -1 29.023
      vertex -1.41842 -1 27.7401
      vertex 0.482147 -1 27.9708
    endloop
  endfacet
  facet normal 1.33433e-017 -1 1.98716e-016
    outer loop
      vertex 4.73484 -1 27.6853
      vertex 0.482147 -1 27.9708
      vertex 2.27226 -1 27.2919
    endloop
  endfacet
  facet normal -1.48473e-017 -1 2.19266e-016
    outer loop
      vertex 6 -1 24
      vertex 2.27226 -1 27.2919
      vertex 3.54182 -1 25.8589
    endloop
  endfacet
  facet normal 4.26177e-017 -1 2.49404e-016
    outer loop
      vertex 5.36175 -1 21.9867
      vertex 3.54182 -1 25.8589
      vertex 4 -1 24
    endloop
  endfacet
  facet normal -1.09582e-016 -1 1.4646e-016
    outer loop
      vertex 5.36175 -1 21.9867
      vertex 4 -1 24
      vertex 3.54182 -1 22.1411
    endloop
  endfacet
  facet normal 2.33451e-019 -1 1.44086e-015
    outer loop
      vertex 5.36175 -1 21.9867
      vertex 3.54182 -1 22.1411
      vertex 3.40532 -1 21.987
    endloop
  endfacet
  facet normal 1.96561e-016 -1 3.21757e-016
    outer loop
      vertex 5.57062 -1 21.8591
      vertex 3.54182 -1 25.8589
      vertex 5.36175 -1 21.9867
    endloop
  endfacet
  facet normal 8.87298e-016 -1 6.72117e-016
    outer loop
      vertex 5.6749 -1 22.0518
      vertex 3.54182 -1 25.8589
      vertex 5.57062 -1 21.8591
    endloop
  endfacet
  facet normal -8.38843e-017 -1 1.27972e-016
    outer loop
      vertex 6 -1 24
      vertex 3.54182 -1 25.8589
      vertex 5.6749 -1 22.0518
    endloop
  endfacet
  facet normal -8.42037e-018 -1 2.26544e-016
    outer loop
      vertex 5.6749 -1 25.9482
      vertex 2.27226 -1 27.2919
      vertex 6 -1 24
    endloop
  endfacet
  facet normal 3.91095e-018 -1 2.57769e-016
    outer loop
      vertex 4.73484 -1 27.6853
      vertex 2.27226 -1 27.2919
      vertex 5.6749 -1 25.9482
    endloop
  endfacet
  facet normal 1.80339e-017 -1 2.68571e-016
    outer loop
      vertex 3.28169 -1 29.023
      vertex 0.482147 -1 27.9708
      vertex 4.73484 -1 27.6853
    endloop
  endfacet
  facet normal 2.01371e-017 -1 1.8584e-016
    outer loop
      vertex 1.47291 -1 29.8164
      vertex -1.41842 -1 27.7401
      vertex 3.28169 -1 29.023
    endloop
  endfacet
  facet normal 1.6907e-017 -1 2.04037e-016
    outer loop
      vertex -0.495476 -1 29.9795
      vertex -5.91817 -1 24.9876
      vertex 1.47291 -1 29.8164
    endloop
  endfacet
  facet normal 2.29565e-018 -1 2.19909e-016
    outer loop
      vertex -2.41017 -1 29.4946
      vertex -5.91817 -1 24.9876
      vertex -0.495476 -1 29.9795
    endloop
  endfacet
  facet normal -2.14758e-017 -1 2.38412e-016
    outer loop
      vertex -4.06369 -1 28.4143
      vertex -5.91817 -1 24.9876
      vertex -2.41017 -1 29.4946
    endloop
  endfacet
  facet normal -5.52425e-017 -1 2.56685e-016
    outer loop
      vertex -5.27684 -1 26.8557
      vertex -5.91817 -1 24.9876
      vertex -4.06369 -1 28.4143
    endloop
  endfacet
  facet normal -0.945817 -0 -0.324699
    outer loop
      vertex -5.91817 -1 23.0124
      vertex -5.91817 1 23.0124
      vertex -5.56664 -1 21.9885
    endloop
  endfacet
  facet normal -0.945817 -2.62154e-018 -0.324699
    outer loop
      vertex -5.56664 -1 21.9885
      vertex -5.91817 1 23.0124
      vertex -5.56902 1 21.9954
    endloop
  endfacet
  facet normal 0.885456 2.21748e-017 0.464723
    outer loop
      vertex -3.33025 -1 21.9881
      vertex -3.3339 1 21.995
      vertex -3.88377 1 23.0427
    endloop
  endfacet
  facet normal 0.885456 0 0.464723
    outer loop
      vertex -3.88377 -1 23.0427
      vertex -3.33025 -1 21.9881
      vertex -3.88377 1 23.0427
    endloop
  endfacet
  facet normal 6.26476e-016 1 -1.1242e-016
    outer loop
      vertex -5.91817 1 23.0124
      vertex -5.91817 1 24.9876
      vertex -5.56902 1 21.9954
    endloop
  endfacet
  facet normal -1.13479e-016 1 -1.98763e-016
    outer loop
      vertex -5.56902 1 21.9954
      vertex -5.91817 1 24.9876
      vertex -5.27684 1 26.8557
    endloop
  endfacet
  facet normal -1.10458e-016 1 -1.98945e-016
    outer loop
      vertex -5.56902 1 21.9954
      vertex -5.27684 1 26.8557
      vertex -4.06369 1 28.4143
    endloop
  endfacet
  facet normal 1.48972e-017 1 -2.28342e-016
    outer loop
      vertex -5.56902 1 21.9954
      vertex -4.06369 1 28.4143
      vertex -2.41017 1 29.4946
    endloop
  endfacet
  facet normal 6.26094e-017 1 -2.47239e-016
    outer loop
      vertex -2.99404 1 26.6525
      vertex -2.41017 1 29.4946
      vertex -0.495476 1 29.9795
    endloop
  endfacet
  facet normal -1.58892e-017 1 -1.91755e-016
    outer loop
      vertex -1.41842 1 27.7401
      vertex -0.495476 1 29.9795
      vertex 1.47291 1 29.8164
    endloop
  endfacet
  facet normal -8.54308e-017 1 -1.94763e-016
    outer loop
      vertex 0.482147 1 27.9708
      vertex 1.47291 1 29.8164
      vertex 3.28169 1 29.023
    endloop
  endfacet
  facet normal 4.51851e-017 1 -2.8289e-016
    outer loop
      vertex 2.27226 1 27.2919
      vertex 3.28169 1 29.023
      vertex 4.73484 1 27.6853
    endloop
  endfacet
  facet normal 1.04661e-017 1 -2.49989e-016
    outer loop
      vertex 3.54182 1 25.8589
      vertex 4.73484 1 27.6853
      vertex 5.6749 1 25.9482
    endloop
  endfacet
  facet normal 0 1 -1.13974e-016
    outer loop
      vertex 4 1 24
      vertex 5.6749 1 25.9482
      vertex 6 1 24
    endloop
  endfacet
  facet normal -9.47715e-018 1 -2.26367e-016
    outer loop
      vertex 3.54182 1 22.1411
      vertex 6 1 24
      vertex 5.6749 1 22.0518
    endloop
  endfacet
  facet normal -3.09055e-019 1 -1.90749e-015
    outer loop
      vertex 4.01437 1 21.9939
      vertex 5.6749 1 22.0518
      vertex 5.64341 1 21.9936
    endloop
  endfacet
  facet normal -3.05808e-019 1 -1.90758e-015
    outer loop
      vertex 3.41147 1 21.994
      vertex 5.6749 1 22.0518
      vertex 4.01437 1 21.9939
    endloop
  endfacet
  facet normal 0 1 -2.389e-016
    outer loop
      vertex 4 1 24
      vertex 6 1 24
      vertex 3.54182 1 22.1411
    endloop
  endfacet
  facet normal 4.94984e-018 1 -1.1823e-016
    outer loop
      vertex 3.54182 1 25.8589
      vertex 5.6749 1 25.9482
      vertex 4 1 24
    endloop
  endfacet
  facet normal 4.33622e-017 1 -2.71477e-016
    outer loop
      vertex 2.27226 1 27.2919
      vertex 4.73484 1 27.6853
      vertex 3.54182 1 25.8589
    endloop
  endfacet
  facet normal -7.96734e-017 1 -2.10081e-016
    outer loop
      vertex 0.482147 1 27.9708
      vertex 3.28169 1 29.023
      vertex 2.27226 1 27.2919
    endloop
  endfacet
  facet normal 3.12543e-017 1 -2.57403e-016
    outer loop
      vertex -1.41842 1 27.7401
      vertex 1.47291 1 29.8164
      vertex 0.482147 1 27.9708
    endloop
  endfacet
  facet normal -5.65448e-018 1 -1.95973e-016
    outer loop
      vertex -2.99404 1 26.6525
      vertex -0.495476 1 29.9795
      vertex -1.41842 1 27.7401
    endloop
  endfacet
  facet normal 5.70447e-017 1 -2.46096e-016
    outer loop
      vertex -5.56902 1 21.9954
      vertex -2.41017 1 29.4946
      vertex -2.99404 1 26.6525
    endloop
  endfacet
  facet normal -1.25559e-016 1 -1.15979e-016
    outer loop
      vertex -3.88377 1 23.0427
      vertex -5.56902 1 21.9954
      vertex -3.88377 1 24.9573
    endloop
  endfacet
  facet normal 1.68865e-015 1 -1.14824e-015
    outer loop
      vertex -5.56902 1 21.9954
      vertex -2.99404 1 26.6525
      vertex -3.88377 1 24.9573
    endloop
  endfacet
  facet normal -5.06363e-020 1 -3.17932e-016
    outer loop
      vertex -3.3339 1 21.995
      vertex -5.56902 1 21.9954
      vertex -3.88377 1 23.0427
    endloop
  endfacet
  facet normal -3.04594e-017 1 -7.27542e-016
    outer loop
      vertex 3.54182 1 22.1411
      vertex 5.6749 1 22.0518
      vertex 3.41147 1 21.994
    endloop
  endfacet
  facet normal 0.0953647 -0.602299 0.792554
    outer loop
      vertex 5.81115 -11.4485 17.7971
      vertex -1.99103 -12.6878 17.794
      vertex 2.76232 -17.4231 13.6235
    endloop
  endfacet
  facet normal 0.632814 -0.633717 0.444915
    outer loop
      vertex 5.39067 -13.5298 15.4306
      vertex 2.76232 -17.4231 13.6235
      vertex 4.99078 -16.8833 11.2228
    endloop
  endfacet
  facet normal 0.632814 -0.633717 0.444915
    outer loop
      vertex 5.81115 -11.4485 17.7971
      vertex 2.76232 -17.4231 13.6235
      vertex 5.39067 -13.5298 15.4306
    endloop
  endfacet
  facet normal 0.632814 -0.633717 0.444915
    outer loop
      vertex 5.39067 -13.5298 15.4306
      vertex 6.77015 -11.5945 16.2251
      vertex 5.81115 -11.4485 17.7971
    endloop
  endfacet
  facet normal 0.632814 -0.633717 0.444915
    outer loop
      vertex 4.99078 -16.8833 11.2228
      vertex 2.76232 -17.4231 13.6235
      vertex 3.41281 -21.5016 6.88909
    endloop
  endfacet
  facet normal 0.632814 -0.633717 0.444915
    outer loop
      vertex 4.95751 -17.1623 10.8727
      vertex 4.99078 -16.8833 11.2228
      vertex 3.41281 -21.5016 6.88909
    endloop
  endfacet
  facet normal 0.632814 -0.633717 0.444915
    outer loop
      vertex 19.0834 -13.4695 -3.95904
      vertex 10.6802 -17.1805 2.7073
      vertex 3.41281 -21.5016 6.88909
    endloop
  endfacet
  facet normal 0.632814 -0.633717 0.444915
    outer loop
      vertex 19.0834 -13.4695 -3.95904
      vertex 13.8259 -14.7431 1.70486
      vertex 10.6802 -17.1805 2.7073
    endloop
  endfacet
  facet normal 0.632814 -0.633717 0.444915
    outer loop
      vertex 7.14327 -18.3565 6.06292
      vertex 4.95751 -17.1623 10.8727
      vertex 3.41281 -21.5016 6.88909
    endloop
  endfacet
  facet normal 0.632814 -0.633717 0.444915
    outer loop
      vertex 10.6802 -17.1805 2.7073
      vertex 7.14327 -18.3565 6.06292
      vertex 3.41281 -21.5016 6.88909
    endloop
  endfacet
  facet normal -0.405628 -0.798672 0.44451
    outer loop
      vertex 0.596461 -17.8551 10.871
      vertex -0.342248 -18.8531 8.22125
      vertex 3.41281 -21.5016 6.88909
    endloop
  endfacet
  facet normal -0.405628 -0.798672 0.44451
    outer loop
      vertex -0.336314 -15.846 13.6295
      vertex 0.596461 -17.8551 10.871
      vertex 2.76232 -17.4231 13.6235
    endloop
  endfacet
  facet normal -0.405628 -0.798672 0.44451
    outer loop
      vertex 2.76232 -17.4231 13.6235
      vertex 0.596461 -17.8551 10.871
      vertex 3.41281 -21.5016 6.88909
    endloop
  endfacet
  facet normal -0.405628 -0.798672 0.444511
    outer loop
      vertex 2.76232 -17.4231 13.6235
      vertex -0.7564 -14.9413 14.8718
      vertex -0.336314 -15.846 13.6295
    endloop
  endfacet
  facet normal -0.123932 0.7817 -0.611216
    outer loop
      vertex -0.944496 -14.5361 15.4281
      vertex 2.0389 -12.8772 16.9448
      vertex -0.7564 -14.9413 14.8718
    endloop
  endfacet
  facet normal -0.123932 0.7817 -0.611216
    outer loop
      vertex -0.7564 -14.9413 14.8718
      vertex 2.0389 -12.8772 16.9448
      vertex 5.39067 -13.5298 15.4306
    endloop
  endfacet
  facet normal -0.123932 0.7817 -0.611216
    outer loop
      vertex -0.7564 -14.9413 14.8718
      vertex 5.39067 -13.5298 15.4306
      vertex 4.99078 -16.8833 11.2228
    endloop
  endfacet
  facet normal -0.123932 0.7817 -0.611216
    outer loop
      vertex -0.7564 -14.9413 14.8718
      vertex 4.99078 -16.8833 11.2228
      vertex 4.95751 -17.1623 10.8727
    endloop
  endfacet
  facet normal -0.123932 0.7817 -0.611216
    outer loop
      vertex -0.7564 -14.9413 14.8718
      vertex 4.95751 -17.1623 10.8727
      vertex 0.596461 -17.8551 10.871
    endloop
  endfacet
  facet normal -7.13153e-008 4.49819e-007 -3.51717e-007
    outer loop
      vertex -0.7564 -14.9413 14.8718
      vertex 0.596461 -17.8551 10.871
      vertex -0.336314 -15.846 13.6295
    endloop
  endfacet
  facet normal 0.0907288 0.57818 -0.810849
    outer loop
      vertex -0.944496 -14.5361 15.4281
      vertex -4.61143 -11.827 16.9496
      vertex 2.0389 -12.8772 16.9448
    endloop
  endfacet
  facet normal 0.0907232 0.578144 -0.810875
    outer loop
      vertex -4.95995 -11.5695 17.0941
      vertex 1.76548 -11.1588 18.1394
      vertex -4.61143 -11.827 16.9496
    endloop
  endfacet
  facet normal 0.0907232 0.578144 -0.810875
    outer loop
      vertex -4.61143 -11.827 16.9496
      vertex 1.76548 -11.1588 18.1394
      vertex 2.0389 -12.8772 16.9448
    endloop
  endfacet
  facet normal -0.149456 0.941616 -0.3017
    outer loop
      vertex -1.10802 -19.6672 6.05969
      vertex -0.342248 -18.8531 8.22125
      vertex 3.13351 -19.7356 3.74488
    endloop
  endfacet
  facet normal -0.149456 0.941616 -0.3017
    outer loop
      vertex 3.13351 -19.7356 3.74488
      vertex -0.342248 -18.8531 8.22125
      vertex 0.596461 -17.8551 10.871
    endloop
  endfacet
  facet normal -0.149456 0.941616 -0.3017
    outer loop
      vertex 3.13351 -19.7356 3.74488
      vertex 0.596461 -17.8551 10.871
      vertex 4.95751 -17.1623 10.8727
    endloop
  endfacet
  facet normal -0.149456 0.941616 -0.3017
    outer loop
      vertex 3.13351 -19.7356 3.74488
      vertex 4.95751 -17.1623 10.8727
      vertex 7.14327 -18.3565 6.06292
    endloop
  endfacet
  facet normal 0.632814 -0.633717 0.444915
    outer loop
      vertex 14.347 -14.3392 1.53878
      vertex 13.8259 -14.7431 1.70486
      vertex 19.0834 -13.4695 -3.95904
    endloop
  endfacet
  facet normal 0.632814 -0.633717 0.444915
    outer loop
      vertex 15.4476 -12.9158 2.00092
      vertex 14.347 -14.3392 1.53878
      vertex 19.0834 -13.4695 -3.95904
    endloop
  endfacet
  facet normal 0.632815 -0.633715 0.444916
    outer loop
      vertex 16.7812 -11.1909 2.56095
      vertex 15.4476 -12.9158 2.00092
      vertex 19.0834 -13.4695 -3.95904
    endloop
  endfacet
  facet normal 0.632813 -0.633717 0.444916
    outer loop
      vertex 17.1811 -10.6737 2.72888
      vertex 16.7812 -11.1909 2.56095
      vertex 19.0834 -13.4695 -3.95904
    endloop
  endfacet
  facet normal 0.632813 -0.633717 0.444916
    outer loop
      vertex 18.1624 -7.69457 5.57654
      vertex 17.1811 -10.6737 2.72888
      vertex 19.0834 -13.4695 -3.95904
    endloop
  endfacet
  facet normal 0.632813 -0.633717 0.444916
    outer loop
      vertex 21.4818 -3.41636 6.94895
      vertex 17.3804 -2.79183 13.672
      vertex 17.9681 -6.4764 7.58798
    endloop
  endfacet
  facet normal 0.632813 -0.633717 0.444916
    outer loop
      vertex 18.1624 -7.69457 5.57654
      vertex 21.4818 -3.41636 6.94895
      vertex 18.3427 -7.14689 6.10005
    endloop
  endfacet
  facet normal 0.632813 -0.633717 0.444916
    outer loop
      vertex 18.3427 -7.14689 6.10005
      vertex 21.4818 -3.41636 6.94895
      vertex 17.9681 -6.4764 7.58798
    endloop
  endfacet
  facet normal 0.632813 -0.633717 0.444916
    outer loop
      vertex 19.0834 -13.4695 -3.95904
      vertex 21.4818 -3.41636 6.94895
      vertex 18.1624 -7.69457 5.57654
    endloop
  endfacet
  facet normal 0.796828 0.404869 0.448493
    outer loop
      vertex 21.4818 -3.41636 6.94895
      vertex 12.6271 1.94342 17.8425
      vertex 17.3804 -2.79183 13.672
    endloop
  endfacet
  facet normal -0.575402 -0.0885644 -0.813061
    outer loop
      vertex 11.7666 4.5659 17.0038
      vertex 13.8526 1.75681 15.8335
      vertex 12.8229 -2.08348 16.9806
    endloop
  endfacet
  facet normal -0.575402 -0.0885644 -0.813061
    outer loop
      vertex 12.8229 -2.08348 16.9806
      vertex 13.8526 1.75681 15.8335
      vertex 14.4841 0.906363 15.4792
    endloop
  endfacet
  facet normal -0.779783 0.125258 -0.613392
    outer loop
      vertex 12.8229 -2.08348 16.9806
      vertex 14.4841 0.906363 15.4792
      vertex 13.4835 -5.42962 15.4574
    endloop
  endfacet
  facet normal -0.779783 0.125258 -0.613392
    outer loop
      vertex 13.4835 -5.42962 15.4574
      vertex 14.4841 0.906363 15.4792
      vertex 17.8195 -0.616556 10.928
    endloop
  endfacet
  facet normal -0.779783 0.125258 -0.613392
    outer loop
      vertex 13.4835 -5.42962 15.4574
      vertex 17.8195 -0.616556 10.928
      vertex 17.1308 -4.97808 10.913
    endloop
  endfacet
  facet normal -0.94075 0.149613 -0.304313
    outer loop
      vertex 17.1308 -4.97808 10.913
      vertex 17.8195 -0.616556 10.928
      vertex 17.9681 -6.4764 7.58798
    endloop
  endfacet
  facet normal -0.94075 0.149613 -0.304313
    outer loop
      vertex 17.9681 -6.4764 7.58798
      vertex 17.8195 -0.616556 10.928
      vertex 19.4351 0.906733 6.68254
    endloop
  endfacet
  facet normal -0.94075 0.149613 -0.304313
    outer loop
      vertex 17.9681 -6.4764 7.58798
      vertex 19.4351 0.906733 6.68254
      vertex 19.646 1.10553 6.12847
    endloop
  endfacet
  facet normal -0.94075 0.149613 -0.304313
    outer loop
      vertex 17.9681 -6.4764 7.58798
      vertex 19.646 1.10553 6.12847
      vertex 19.7259 -3.12822 3.79987
    endloop
  endfacet
  facet normal -0.94075 0.149613 -0.304313
    outer loop
      vertex 17.9681 -6.4764 7.58798
      vertex 19.7259 -3.12822 3.79987
      vertex 18.3427 -7.14689 6.10005
    endloop
  endfacet
  facet normal 0.599758 -0.097451 0.794225
    outer loop
      vertex 12.6271 1.94342 17.8425
      vertex 11.3948 -5.85982 17.8156
      vertex 17.3804 -2.79183 13.672
    endloop
  endfacet
  facet normal 0.519432 -0.084959 0.850278
    outer loop
      vertex 12.6271 1.94342 17.8425
      vertex 4.75754 -4.826 21.9735
      vertex 11.3948 -5.85982 17.8156
    endloop
  endfacet
  facet normal -0.99986 -0.0131976 -0.0103272
    outer loop
      vertex 19.6312 4.84128 2.7823
      vertex 19.8015 -0.851738 -6.42965
      vertex 19.6345 4.02428 3.5141
    endloop
  endfacet
  facet normal -0.99986 -0.0131976 -0.0103272
    outer loop
      vertex 19.6345 4.02428 3.5141
      vertex 19.8015 -0.851738 -6.42965
      vertex 19.8237 -3.11094 -5.6899
    endloop
  endfacet
  facet normal -0.99986 -0.0131976 -0.0103272
    outer loop
      vertex 19.6345 4.02428 3.5141
      vertex 19.8237 -3.11094 -5.6899
      vertex 19.7259 -3.12822 3.79987
    endloop
  endfacet
  facet normal -0.99986 -0.0131976 -0.0103272
    outer loop
      vertex 19.6402 2.56273 4.82323
      vertex 19.7259 -3.12822 3.79987
      vertex 19.646 1.10553 6.12847
    endloop
  endfacet
  facet normal -0.99986 -0.0131976 -0.0103272
    outer loop
      vertex 19.6345 4.02428 3.5141
      vertex 19.7259 -3.12822 3.79987
      vertex 19.6402 2.56273 4.82323
    endloop
  endfacet
  facet normal -0.941681 -0.293762 0.164138
    outer loop
      vertex 17.2648 8.81984 -3.6738
      vertex 19.1036 0.400627 -8.19212
      vertex 18.0659 9.20967 1.61993
    endloop
  endfacet
  facet normal -0.941681 -0.293762 0.164138
    outer loop
      vertex 18.0659 9.20967 1.61993
      vertex 19.1036 0.400627 -8.19212
      vertex 19.8015 -0.851738 -6.42965
    endloop
  endfacet
  facet normal -0.941681 -0.293762 0.164138
    outer loop
      vertex 18.0659 9.20967 1.61993
      vertex 19.8015 -0.851738 -6.42965
      vertex 19.6312 4.84128 2.7823
    endloop
  endfacet
  facet normal -4.72447e-008 -1.47382e-008 8.23491e-009
    outer loop
      vertex 18.0659 9.20967 1.61993
      vertex 19.6312 4.84128 2.7823
      vertex 19.0985 6.32807 2.38669
    endloop
  endfacet
  facet normal -0.206897 0.209878 -0.955586
    outer loop
      vertex 1.76548 -11.1588 18.1394
      vertex 11.1003 -1.81557 18.1704
      vertex 8.28801 -9.46508 17.0992
    endloop
  endfacet
  facet normal -0.206897 0.209878 -0.955586
    outer loop
      vertex 8.28801 -9.46508 17.0992
      vertex 11.1003 -1.81557 18.1704
      vertex 9.41598 -8.33607 17.103
    endloop
  endfacet
  facet normal -0.51924 0.267029 -0.81184
    outer loop
      vertex 9.41598 -8.33607 17.103
      vertex 11.1003 -1.81557 18.1704
      vertex 9.76898 -8.08384 16.9602
    endloop
  endfacet
  facet normal -0.51924 0.267029 -0.81184
    outer loop
      vertex 9.76898 -8.08384 16.9602
      vertex 11.1003 -1.81557 18.1704
      vertex 12.8229 -2.08348 16.9806
    endloop
  endfacet
  facet normal -0.575393 -0.088563 -0.813068
    outer loop
      vertex 11.1003 -1.81557 18.1704
      vertex 11.5084 4.91368 17.1487
      vertex 12.8229 -2.08348 16.9806
    endloop
  endfacet
  facet normal -0.575393 -0.088563 -0.813068
    outer loop
      vertex 12.8229 -2.08348 16.9806
      vertex 11.5084 4.91368 17.1487
      vertex 11.7666 4.5659 17.0038
    endloop
  endfacet
  facet normal -0.264803 0.52167 -0.811011
    outer loop
      vertex 1.76548 -11.1588 18.1394
      vertex 8.28801 -9.46508 17.0992
      vertex 2.0389 -12.8772 16.9448
    endloop
  endfacet
  facet normal -0.264803 0.52167 -0.811011
    outer loop
      vertex 2.0389 -12.8772 16.9448
      vertex 8.28801 -9.46508 17.0992
      vertex 8.03655 -9.81784 16.9544
    endloop
  endfacet
  facet normal -0.748511 0 0.663123
    outer loop
      vertex 3.54182 1 22.1411
      vertex 3.41147 1 21.994
      vertex 3.54182 -1 22.1411
    endloop
  endfacet
  facet normal -0.748511 2.25537e-015 0.663123
    outer loop
      vertex 3.54182 -1 22.1411
      vertex 3.41147 1 21.994
      vertex 3.40961 0.394692 21.9919
    endloop
  endfacet
  facet normal -0.748511 2.11555e-016 0.663123
    outer loop
      vertex 3.54182 -1 22.1411
      vertex 3.40961 0.394692 21.9919
      vertex 3.40532 -1 21.987
    endloop
  endfacet
  facet normal 0.879474 1.05752e-016 -0.475947
    outer loop
      vertex 5.6749 -1 22.0518
      vertex 5.57062 -1 21.8591
      vertex 5.643 0.780947 21.9928
    endloop
  endfacet
  facet normal 0.879474 -8.96475e-016 -0.475947
    outer loop
      vertex 5.64341 1 21.9936
      vertex 5.6749 -1 22.0518
      vertex 5.643 0.780947 21.9928
    endloop
  endfacet
  facet normal 0.879474 0 -0.475947
    outer loop
      vertex 5.64341 1 21.9936
      vertex 5.6749 1 22.0518
      vertex 5.6749 -1 22.0518
    endloop
  endfacet
  facet normal 0.42958 -0.431817 0.793092
    outer loop
      vertex 11.3948 -5.85982 17.8156
      vertex 4.75754 -4.826 21.9735
      vertex 5.81115 -11.4485 17.7971
    endloop
  endfacet
  facet normal 0.632815 -0.633715 0.444916
    outer loop
      vertex 8.03655 -9.81784 16.9544
      vertex 5.81115 -11.4485 17.7971
      vertex 6.77015 -11.5945 16.2251
    endloop
  endfacet
  facet normal 0.632815 -0.633715 0.444916
    outer loop
      vertex 8.28801 -9.46508 17.0992
      vertex 5.81115 -11.4485 17.7971
      vertex 8.03655 -9.81784 16.9544
    endloop
  endfacet
  facet normal 0.632815 -0.633715 0.444916
    outer loop
      vertex 11.3948 -5.85982 17.8156
      vertex 5.81115 -11.4485 17.7971
      vertex 8.28801 -9.46508 17.0992
    endloop
  endfacet
  facet normal 0.632815 -0.633715 0.444916
    outer loop
      vertex 9.76898 -8.08384 16.9602
      vertex 11.3948 -5.85982 17.8156
      vertex 9.41598 -8.33607 17.103
    endloop
  endfacet
  facet normal 0.632815 -0.633715 0.444916
    outer loop
      vertex 12.0181 -6.47675 16.0503
      vertex 11.3948 -5.85982 17.8156
      vertex 9.76898 -8.08384 16.9602
    endloop
  endfacet
  facet normal 0.632815 -0.633715 0.444916
    outer loop
      vertex 8.28801 -9.46508 17.0992
      vertex 9.41598 -8.33607 17.103
      vertex 11.3948 -5.85982 17.8156
    endloop
  endfacet
  facet normal -1 -0 0
    outer loop
      vertex -5.91817 -1 23.0124
      vertex -5.91817 -1 24.9876
      vertex -5.91817 1 23.0124
    endloop
  endfacet
  facet normal -1 0 -0
    outer loop
      vertex -5.91817 1 23.0124
      vertex -5.91817 -1 24.9876
      vertex -5.91817 1 24.9876
    endloop
  endfacet
  facet normal -0.945817 0 0.324699
    outer loop
      vertex -5.91817 -1 24.9876
      vertex -5.27684 -1 26.8557
      vertex -5.91817 1 24.9876
    endloop
  endfacet
  facet normal -0.945817 0 0.324699
    outer loop
      vertex -5.91817 1 24.9876
      vertex -5.27684 -1 26.8557
      vertex -5.27684 1 26.8557
    endloop
  endfacet
  facet normal -0.78914 0 0.614213
    outer loop
      vertex -5.27684 -1 26.8557
      vertex -4.06369 -1 28.4143
      vertex -5.27684 1 26.8557
    endloop
  endfacet
  facet normal -0.78914 0 0.614213
    outer loop
      vertex -5.27684 1 26.8557
      vertex -4.06369 -1 28.4143
      vertex -4.06369 1 28.4143
    endloop
  endfacet
  facet normal -0.546949 0 0.837166
    outer loop
      vertex -4.06369 1 28.4143
      vertex -4.06369 -1 28.4143
      vertex -2.41017 -1 29.4946
    endloop
  endfacet
  facet normal -0.546949 0 0.837166
    outer loop
      vertex -2.41017 1 29.4946
      vertex -4.06369 1 28.4143
      vertex -2.41017 -1 29.4946
    endloop
  endfacet
  facet normal -0.245485 0 0.9694
    outer loop
      vertex -2.41017 1 29.4946
      vertex -2.41017 -1 29.4946
      vertex -0.495476 -1 29.9795
    endloop
  endfacet
  facet normal -0.245485 0 0.9694
    outer loop
      vertex -0.495476 1 29.9795
      vertex -2.41017 1 29.4946
      vertex -0.495476 -1 29.9795
    endloop
  endfacet
  facet normal 0.0825792 -0 0.996585
    outer loop
      vertex -0.495476 1 29.9795
      vertex -0.495476 -1 29.9795
      vertex 1.47291 -1 29.8164
    endloop
  endfacet
  facet normal 0.0825792 1.77029e-015 0.996585
    outer loop
      vertex 1.47291 1 29.8164
      vertex -0.495476 1 29.9795
      vertex 1.47291 -1 29.8164
    endloop
  endfacet
  facet normal 0.401696 1.62674e-015 0.915773
    outer loop
      vertex 1.47291 1 29.8164
      vertex 1.47291 -1 29.8164
      vertex 3.28169 -1 29.023
    endloop
  endfacet
  facet normal 0.401696 -0 0.915773
    outer loop
      vertex 3.28169 1 29.023
      vertex 1.47291 1 29.8164
      vertex 3.28169 -1 29.023
    endloop
  endfacet
  facet normal 0.677282 -0 0.735724
    outer loop
      vertex 3.28169 1 29.023
      vertex 3.28169 -1 29.023
      vertex 4.73484 -1 27.6853
    endloop
  endfacet
  facet normal 0.677282 -0 0.735724
    outer loop
      vertex 4.73484 1 27.6853
      vertex 3.28169 1 29.023
      vertex 4.73484 -1 27.6853
    endloop
  endfacet
  facet normal 0.879474 -0 0.475947
    outer loop
      vertex 4.73484 1 27.6853
      vertex 4.73484 -1 27.6853
      vertex 5.6749 -1 25.9482
    endloop
  endfacet
  facet normal 0.879474 -0 0.475947
    outer loop
      vertex 5.6749 1 25.9482
      vertex 4.73484 1 27.6853
      vertex 5.6749 -1 25.9482
    endloop
  endfacet
  facet normal 0.986361 -0 0.164595
    outer loop
      vertex 5.6749 1 25.9482
      vertex 5.6749 -1 25.9482
      vertex 6 -1 24
    endloop
  endfacet
  facet normal 0.986361 2.92379e-016 0.164595
    outer loop
      vertex 6 1 24
      vertex 5.6749 1 25.9482
      vertex 6 -1 24
    endloop
  endfacet
  facet normal 0.986361 0 -0.164595
    outer loop
      vertex 6 -1 24
      vertex 5.6749 -1 22.0518
      vertex 5.6749 1 22.0518
    endloop
  endfacet
  facet normal 0.986361 -2.92379e-016 -0.164595
    outer loop
      vertex 6 1 24
      vertex 6 -1 24
      vertex 5.6749 1 22.0518
    endloop
  endfacet
  facet normal -0.970942 4.2511e-016 0.239316
    outer loop
      vertex 4 1 24
      vertex 3.54182 1 22.1411
      vertex 4 -1 24
    endloop
  endfacet
  facet normal -0.970942 0 0.239316
    outer loop
      vertex 4 -1 24
      vertex 3.54182 1 22.1411
      vertex 3.54182 -1 22.1411
    endloop
  endfacet
  facet normal -0.970942 -4.2511e-016 -0.239316
    outer loop
      vertex 4 1 24
      vertex 4 -1 24
      vertex 3.54182 1 25.8589
    endloop
  endfacet
  facet normal -0.970942 0 -0.239316
    outer loop
      vertex 3.54182 1 25.8589
      vertex 4 -1 24
      vertex 3.54182 -1 25.8589
    endloop
  endfacet
  facet normal -0.748511 0 -0.663123
    outer loop
      vertex 3.54182 1 25.8589
      vertex 3.54182 -1 25.8589
      vertex 2.27226 1 27.2919
    endloop
  endfacet
  facet normal -0.748511 0 -0.663123
    outer loop
      vertex 2.27226 1 27.2919
      vertex 3.54182 -1 25.8589
      vertex 2.27226 -1 27.2919
    endloop
  endfacet
  facet normal -0.354605 0 -0.935016
    outer loop
      vertex 2.27226 1 27.2919
      vertex 2.27226 -1 27.2919
      vertex 0.482147 1 27.9708
    endloop
  endfacet
  facet normal -0.354605 0 -0.935016
    outer loop
      vertex 0.482147 1 27.9708
      vertex 2.27226 -1 27.2919
      vertex 0.482147 -1 27.9708
    endloop
  endfacet
  facet normal 0.120536 0 -0.992709
    outer loop
      vertex 0.482147 1 27.9708
      vertex 0.482147 -1 27.9708
      vertex -1.41842 1 27.7401
    endloop
  endfacet
  facet normal 0.120536 0 -0.992709
    outer loop
      vertex -1.41842 1 27.7401
      vertex 0.482147 -1 27.9708
      vertex -1.41842 -1 27.7401
    endloop
  endfacet
  facet normal 0.568065 0 -0.822984
    outer loop
      vertex -1.41842 1 27.7401
      vertex -1.41842 -1 27.7401
      vertex -2.99404 1 26.6525
    endloop
  endfacet
  facet normal 0.568065 0 -0.822984
    outer loop
      vertex -2.99404 1 26.6525
      vertex -1.41842 -1 27.7401
      vertex -2.99404 -1 26.6525
    endloop
  endfacet
  facet normal 0.885456 0 -0.464723
    outer loop
      vertex -3.88377 1 24.9573
      vertex -2.99404 1 26.6525
      vertex -2.99404 -1 26.6525
    endloop
  endfacet
  facet normal 0.885456 0 -0.464723
    outer loop
      vertex -3.88377 -1 24.9573
      vertex -3.88377 1 24.9573
      vertex -2.99404 -1 26.6525
    endloop
  endfacet
  facet normal 1 0 0
    outer loop
      vertex -3.88377 1 23.0427
      vertex -3.88377 1 24.9573
      vertex -3.88377 -1 24.9573
    endloop
  endfacet
  facet normal 1 0 0
    outer loop
      vertex -3.88377 -1 23.0427
      vertex -3.88377 1 23.0427
      vertex -3.88377 -1 24.9573
    endloop
  endfacet
  facet normal -0.264814 0.521691 -0.810994
    outer loop
      vertex 2.0389 -12.8772 16.9448
      vertex 8.03655 -9.81784 16.9544
      vertex 5.39067 -13.5298 15.4306
    endloop
  endfacet
  facet normal -0.264814 0.521691 -0.810994
    outer loop
      vertex 5.39067 -13.5298 15.4306
      vertex 8.03655 -9.81784 16.9544
      vertex 6.77015 -11.5945 16.2251
    endloop
  endfacet
  facet normal 0.632813 -0.633717 0.444916
    outer loop
      vertex 13.4835 -5.42962 15.4574
      vertex 11.3948 -5.85982 17.8156
      vertex 12.0181 -6.47675 16.0503
    endloop
  endfacet
  facet normal 0.632813 -0.633717 0.444916
    outer loop
      vertex 17.3804 -2.79183 13.672
      vertex 11.3948 -5.85982 17.8156
      vertex 13.4835 -5.42962 15.4574
    endloop
  endfacet
  facet normal 0.632813 -0.633717 0.444916
    outer loop
      vertex 17.9681 -6.4764 7.58798
      vertex 17.3804 -2.79183 13.672
      vertex 17.1308 -4.97808 10.913
    endloop
  endfacet
  facet normal 0.632813 -0.633717 0.444916
    outer loop
      vertex 13.4835 -5.42962 15.4574
      vertex 17.1308 -4.97808 10.913
      vertex 17.3804 -2.79183 13.672
    endloop
  endfacet
  facet normal -0.519245 0.267031 -0.811837
    outer loop
      vertex 9.76898 -8.08384 16.9602
      vertex 12.8229 -2.08348 16.9806
      vertex 12.0181 -6.47675 16.0503
    endloop
  endfacet
  facet normal -0.519245 0.267031 -0.811837
    outer loop
      vertex 12.0181 -6.47675 16.0503
      vertex 12.8229 -2.08348 16.9806
      vertex 13.4835 -5.42962 15.4574
    endloop
  endfacet
endsolid OpenSCAD_Model
