solid OpenSCAD_Model
  facet normal -0.816497 0.288675 0.5
    outer loop
      vertex -94.7474 8.66025 35
      vertex -98.8299 23.094 20
      vertex -98.8299 14.4338 25
    endloop
  endfacet
  facet normal -0.816497 0.288675 0.5
    outer loop
      vertex -94.7474 8.66025 35
      vertex -98.8299 -11.547 40
      vertex -90.665 11.547 40
    endloop
  endfacet
  facet normal -0.816497 0.288675 0.5
    outer loop
      vertex -106.995 8.2825e-15 20
      vertex -98.8299 -11.547 40
      vertex -98.8299 -2.88675 35
    endloop
  endfacet
  facet normal -0.816497 0.288675 0.5
    outer loop
      vertex -106.995 8.2825e-15 20
      vertex -98.8299 -2.88675 35
      vertex -102.912 2.88675 25
    endloop
  endfacet
  facet normal -0.816497 0.288675 0.5
    outer loop
      vertex -106.995 8.2825e-15 20
      vertex -102.912 2.88675 25
      vertex -98.8299 23.094 20
    endloop
  endfacet
  facet normal -0.816497 0.288675 0.5
    outer loop
      vertex -102.912 2.88675 25
      vertex -98.8299 14.4338 25
      vertex -98.8299 23.094 20
    endloop
  endfacet
  facet normal -0.816497 0.288675 0.5
    outer loop
      vertex -98.8299 23.094 20
      vertex -94.7474 8.66025 35
      vertex -90.665 11.547 40
    endloop
  endfacet
  facet normal -0.816497 0.288675 0.5
    outer loop
      vertex -98.8299 -2.88675 35
      vertex -98.8299 -11.547 40
      vertex -94.7474 8.66025 35
    endloop
  endfacet
  facet normal -0.816497 -0.57735 2.05116e-16
    outer loop
      vertex -98.8299 -11.547 30
      vertex -98.8299 -11.547 40
      vertex -102.912 -5.7735 20
    endloop
  endfacet
  facet normal -0.816497 -0.57735 5.88785e-17
    outer loop
      vertex -94.7474 -17.3205 20
      vertex -98.8299 -11.547 3.54605e-15
      vertex -90.665 -23.094 20
    endloop
  endfacet
  facet normal -0.816497 -0.57735 0
    outer loop
      vertex -106.995 8.2825e-15 20
      vertex -98.8299 -11.547 3.54605e-15
      vertex -98.8299 -11.547 10
    endloop
  endfacet
  facet normal -0.816497 -0.57735 1.04673e-15
    outer loop
      vertex -106.995 8.2825e-15 20
      vertex -98.8299 -11.547 10
      vertex -102.912 -5.7735 20
    endloop
  endfacet
  facet normal -0.816497 -0.57735 -5.49532e-16
    outer loop
      vertex -106.995 8.2825e-15 20
      vertex -102.912 -5.7735 20
      vertex -98.8299 -11.547 40
    endloop
  endfacet
  facet normal -0.816497 -0.57735 2.05116e-16
    outer loop
      vertex -98.8299 -11.547 40
      vertex -98.8299 -11.547 30
      vertex -90.665 -23.094 20
    endloop
  endfacet
  facet normal -0.816497 -0.57735 -1.04673e-16
    outer loop
      vertex -98.8299 -11.547 30
      vertex -94.7474 -17.3205 20
      vertex -90.665 -23.094 20
    endloop
  endfacet
  facet normal -0.816497 -0.57735 1.02558e-16
    outer loop
      vertex -98.8299 -11.547 10
      vertex -98.8299 -11.547 3.54605e-15
      vertex -94.7474 -17.3205 20
    endloop
  endfacet
  facet normal -0.816497 0.288675 -0.5
    outer loop
      vertex -94.7474 8.66025 5
      vertex -98.8299 23.094 20
      vertex -90.665 11.547 4.05861e-16
    endloop
  endfacet
  facet normal -0.816497 0.288675 -0.5
    outer loop
      vertex -106.995 8.2825e-15 20
      vertex -98.8299 23.094 20
      vertex -102.912 2.88675 15
    endloop
  endfacet
  facet normal -0.816497 0.288675 -0.5
    outer loop
      vertex -106.995 8.2825e-15 20
      vertex -102.912 2.88675 15
      vertex -98.8299 -11.547 3.54605e-15
    endloop
  endfacet
  facet normal -0.816497 0.288675 -0.5
    outer loop
      vertex -94.7474 8.66025 5
      vertex -98.8299 -11.547 3.54605e-15
      vertex -98.8299 -2.88675 5
    endloop
  endfacet
  facet normal -0.816497 0.288675 -0.5
    outer loop
      vertex -102.912 2.88675 15
      vertex -98.8299 -2.88675 5
      vertex -98.8299 -11.547 3.54605e-15
    endloop
  endfacet
  facet normal -0.816497 0.288675 -0.5
    outer loop
      vertex -98.8299 14.4338 15
      vertex -98.8299 23.094 20
      vertex -94.7474 8.66025 5
    endloop
  endfacet
  facet normal -0.816497 0.288675 -0.5
    outer loop
      vertex -98.8299 -11.547 3.54605e-15
      vertex -94.7474 8.66025 5
      vertex -90.665 11.547 4.05861e-16
    endloop
  endfacet
  facet normal -0.816497 0.288675 -0.5
    outer loop
      vertex -102.912 2.88675 15
      vertex -98.8299 23.094 20
      vertex -98.8299 14.4338 15
    endloop
  endfacet
  facet normal 3.9743e-16 0.866025 -0.5
    outer loop
      vertex -74.335 14.4338 5
      vertex -74.335 23.094 20
      vertex -66.1701 11.547 -2.73432e-15
    endloop
  endfacet
  facet normal 2.51215e-16 0.866025 -0.5
    outer loop
      vertex -98.8299 23.094 20
      vertex -74.335 23.094 20
      vertex -90.665 20.2073 15
    endloop
  endfacet
  facet normal 3.92523e-16 0.866025 -0.5
    outer loop
      vertex -98.8299 23.094 20
      vertex -90.665 20.2073 15
      vertex -90.665 11.547 4.05861e-16
    endloop
  endfacet
  facet normal -1.57009e-16 0.866025 -0.5
    outer loop
      vertex -78.4175 20.2073 15
      vertex -74.335 23.094 20
      vertex -74.335 14.4338 5
    endloop
  endfacet
  facet normal 3.12723e-16 0.866025 -0.5
    outer loop
      vertex -90.665 11.547 4.05861e-16
      vertex -86.5825 14.4338 5
      vertex -66.1701 11.547 -2.73432e-15
    endloop
  endfacet
  facet normal 2.87475e-16 0.866025 -0.5
    outer loop
      vertex -86.5825 14.4338 5
      vertex -74.335 14.4338 5
      vertex -66.1701 11.547 -2.73432e-15
    endloop
  endfacet
  facet normal 3.23734e-16 0.866025 -0.5
    outer loop
      vertex -90.665 20.2073 15
      vertex -74.335 23.094 20
      vertex -78.4175 20.2073 15
    endloop
  endfacet
  facet normal 1.57009e-16 0.866025 -0.5
    outer loop
      vertex -86.5825 14.4338 5
      vertex -90.665 11.547 4.05861e-16
      vertex -90.665 20.2073 15
    endloop
  endfacet
  facet normal 2.51215e-16 0.866025 0.5
    outer loop
      vertex -90.665 20.2073 25
      vertex -78.4175 20.2073 25
      vertex -74.335 23.094 20
    endloop
  endfacet
  facet normal 1.83995e-16 0.866025 0.5
    outer loop
      vertex -86.5825 14.4338 35
      vertex -90.665 11.547 40
      vertex -66.1701 11.547 40
    endloop
  endfacet
  facet normal 1.57009e-16 0.866025 0.5
    outer loop
      vertex -98.8299 23.094 20
      vertex -90.665 11.547 40
      vertex -86.5825 14.4338 35
    endloop
  endfacet
  facet normal 2.51215e-16 0.866025 0.5
    outer loop
      vertex -74.335 14.4338 35
      vertex -86.5825 14.4338 35
      vertex -66.1701 11.547 40
    endloop
  endfacet
  facet normal 8.83177e-17 0.866025 0.5
    outer loop
      vertex -98.8299 23.094 20
      vertex -86.5825 14.4338 35
      vertex -90.665 20.2073 25
    endloop
  endfacet
  facet normal 2.51215e-16 0.866025 0.5
    outer loop
      vertex -98.8299 23.094 20
      vertex -90.665 20.2073 25
      vertex -74.335 23.094 20
    endloop
  endfacet
  facet normal 2.35514e-16 0.866025 0.5
    outer loop
      vertex -74.335 23.094 20
      vertex -78.4175 20.2073 25
      vertex -66.1701 11.547 40
    endloop
  endfacet
  facet normal 0 0.866025 0.5
    outer loop
      vertex -78.4175 20.2073 25
      vertex -74.335 14.4338 35
      vertex -66.1701 11.547 40
    endloop
  endfacet
  facet normal 2.90078e-16 -4.10232e-16 1
    outer loop
      vertex -90.665 -5.7735 40
      vertex -98.8299 -11.547 40
      vertex -74.335 -11.547 40
    endloop
  endfacet
  facet normal -2.90078e-16 4.10232e-16 1
    outer loop
      vertex -90.665 11.547 40
      vertex -98.8299 -11.547 40
      vertex -90.665 -5.7735 40
    endloop
  endfacet
  facet normal 0 0 1
    outer loop
      vertex -86.5825 5.7735 40
      vertex -74.335 5.7735 40
      vertex -90.665 11.547 40
    endloop
  endfacet
  facet normal 5.80156e-16 4.10232e-16 1
    outer loop
      vertex -90.665 11.547 40
      vertex -90.665 -5.7735 40
      vertex -86.5825 5.7735 40
    endloop
  endfacet
  facet normal 0 0 1
    outer loop
      vertex -66.1701 11.547 40
      vertex -74.335 5.7735 40
      vertex -74.335 -11.547 40
    endloop
  endfacet
  facet normal -0 0 1
    outer loop
      vertex -66.1701 11.547 40
      vertex -90.665 11.547 40
      vertex -74.335 5.7735 40
    endloop
  endfacet
  facet normal 0 0 1
    outer loop
      vertex -74.335 5.7735 40
      vertex -78.4175 -5.7735 40
      vertex -74.335 -11.547 40
    endloop
  endfacet
  facet normal 5.80156e-16 4.10232e-16 1
    outer loop
      vertex -78.4175 -5.7735 40
      vertex -90.665 -5.7735 40
      vertex -74.335 -11.547 40
    endloop
  endfacet
  facet normal -8.83177e-17 -0.866025 0.5
    outer loop
      vertex -90.665 -14.4338 35
      vertex -98.8299 -11.547 40
      vertex -90.665 -23.094 20
    endloop
  endfacet
  facet normal -2.51215e-16 -0.866025 0.5
    outer loop
      vertex -66.1701 -23.094 20
      vertex -86.5825 -20.2073 25
      vertex -90.665 -23.094 20
    endloop
  endfacet
  facet normal -2.31783e-16 -0.866025 0.5
    outer loop
      vertex -74.335 -11.547 40
      vertex -98.8299 -11.547 40
      vertex -90.665 -14.4338 35
    endloop
  endfacet
  facet normal -3.92523e-16 -0.866025 0.5
    outer loop
      vertex -78.4175 -14.4338 35
      vertex -74.335 -20.2073 25
      vertex -74.335 -11.547 40
    endloop
  endfacet
  facet normal -2.61682e-16 -0.866025 0.5
    outer loop
      vertex -74.335 -11.547 40
      vertex -90.665 -14.4338 35
      vertex -78.4175 -14.4338 35
    endloop
  endfacet
  facet normal -3.6799e-16 -0.866025 0.5
    outer loop
      vertex -66.1701 -23.094 20
      vertex -74.335 -20.2073 25
      vertex -86.5825 -20.2073 25
    endloop
  endfacet
  facet normal -1.57009e-16 -0.866025 0.5
    outer loop
      vertex -66.1701 -23.094 20
      vertex -74.335 -11.547 40
      vertex -74.335 -20.2073 25
    endloop
  endfacet
  facet normal 0 -0.866025 0.5
    outer loop
      vertex -86.5825 -20.2073 25
      vertex -90.665 -14.4338 35
      vertex -90.665 -23.094 20
    endloop
  endfacet
  facet normal 0 0 -1
    outer loop
      vertex -94.7474 8.66025 35
      vertex -88.6237 8.66025 35
      vertex -94.7474 -8.66025 35
    endloop
  endfacet
  facet normal 0 0 -1
    outer loop
      vertex -94.7474 -8.66025 35
      vertex -98.8299 -2.88675 35
      vertex -94.7474 8.66025 35
    endloop
  endfacet
  facet normal 0.816497 0.57735 -5.88785e-17
    outer loop
      vertex -98.8299 -2.88675 35
      vertex -94.7474 -8.66025 35
      vertex -100.871 5.25039e-15 20
    endloop
  endfacet
  facet normal 6.38421e-17 -3.22309e-17 -1.48906e-17
    outer loop
      vertex -100.871 6.89174e-15 20
      vertex -98.8299 -2.88675 35
      vertex -100.871 5.25039e-15 20
    endloop
  endfacet
  facet normal 1 0 0
    outer loop
      vertex -100.871 3.04582e-15 20
      vertex -100.871 6.89174e-15 20
      vertex -100.871 5.25039e-15 20
    endloop
  endfacet
  facet normal 0.816497 0.57735 7.7278e-17
    outer loop
      vertex -100.871 6.89174e-15 20
      vertex -102.912 2.88675 25
      vertex -98.8299 -2.88675 35
    endloop
  endfacet
  facet normal 0 -0.866025 -0.5
    outer loop
      vertex -88.6237 8.66025 35
      vertex -94.7474 8.66025 35
      vertex -94.7474 17.3205 20
    endloop
  endfacet
  facet normal -8.83177e-16 -0.866025 -0.5
    outer loop
      vertex -94.7474 8.66025 35
      vertex -98.8299 14.4338 25
      vertex -94.7474 17.3205 20
    endloop
  endfacet
  facet normal 0.816497 -0.288675 0.5
    outer loop
      vertex -98.8299 14.4338 25
      vertex -100.871 7.17336e-15 20
      vertex -94.7474 17.3205 20
    endloop
  endfacet
  facet normal 0.816497 -0.288675 0.5
    outer loop
      vertex -102.912 2.88675 25
      vertex -100.871 7.17336e-15 20
      vertex -98.8299 14.4338 25
    endloop
  endfacet
  facet normal 5.63223e-17 0 2.29935e-17
    outer loop
      vertex -100.871 6.89174e-15 20
      vertex -100.871 7.17336e-15 20
      vertex -102.912 2.88675 25
    endloop
  endfacet
  facet normal -2.48598e-16 -0.866025 -0.5
    outer loop
      vertex -90.665 -14.4338 5
      vertex -98.8299 -11.547 3.54605e-15
      vertex -74.335 -11.547 4.05861e-16
    endloop
  endfacet
  facet normal -3.14018e-16 -0.866025 -0.5
    outer loop
      vertex -86.5825 -20.2073 15
      vertex -90.665 -23.094 20
      vertex -90.665 -14.4338 5
    endloop
  endfacet
  facet normal -2.87475e-16 -0.866025 -0.5
    outer loop
      vertex -78.4175 -14.4338 5
      vertex -90.665 -14.4338 5
      vertex -74.335 -11.547 4.05861e-16
    endloop
  endfacet
  facet normal -1.57009e-16 -0.866025 -0.5
    outer loop
      vertex -90.665 -23.094 20
      vertex -98.8299 -11.547 3.54605e-15
      vertex -90.665 -14.4338 5
    endloop
  endfacet
  facet normal -2.51215e-16 -0.866025 -0.5
    outer loop
      vertex -66.1701 -23.094 20
      vertex -90.665 -23.094 20
      vertex -86.5825 -20.2073 15
    endloop
  endfacet
  facet normal -3.92523e-16 -0.866025 -0.5
    outer loop
      vertex -66.1701 -23.094 20
      vertex -74.335 -20.2073 15
      vertex -74.335 -11.547 4.05861e-16
    endloop
  endfacet
  facet normal -1.63551e-16 -0.866025 -0.5
    outer loop
      vertex -66.1701 -23.094 20
      vertex -86.5825 -20.2073 15
      vertex -74.335 -20.2073 15
    endloop
  endfacet
  facet normal -3.53271e-16 -0.866025 -0.5
    outer loop
      vertex -74.335 -20.2073 15
      vertex -78.4175 -14.4338 5
      vertex -74.335 -11.547 4.05861e-16
    endloop
  endfacet
  facet normal -1.28198e-16 -9.06493e-17 -1
    outer loop
      vertex -78.4175 -5.7735 4.05861e-16
      vertex -74.335 -11.547 4.05861e-16
      vertex -90.665 -5.7735 1.97595e-15
    endloop
  endfacet
  facet normal -1.28198e-16 -9.06493e-17 -1
    outer loop
      vertex -74.335 5.7735 -1.16423e-15
      vertex -90.665 11.547 4.05861e-16
      vertex -66.1701 11.547 -2.73432e-15
    endloop
  endfacet
  facet normal -1.28198e-16 -9.06493e-17 -1
    outer loop
      vertex -98.8299 -11.547 3.54605e-15
      vertex -90.665 11.547 4.05861e-16
      vertex -86.5825 5.7735 4.05861e-16
    endloop
  endfacet
  facet normal -1.28198e-16 -9.06493e-17 -1
    outer loop
      vertex -98.8299 -11.547 3.54605e-15
      vertex -86.5825 5.7735 4.05861e-16
      vertex -90.665 -5.7735 1.97595e-15
    endloop
  endfacet
  facet normal -1.28198e-16 -9.06493e-17 -1
    outer loop
      vertex -98.8299 -11.547 3.54605e-15
      vertex -90.665 -5.7735 1.97595e-15
      vertex -74.335 -11.547 4.05861e-16
    endloop
  endfacet
  facet normal -1.28198e-16 -9.06493e-17 -1
    outer loop
      vertex -74.335 -11.547 4.05861e-16
      vertex -78.4175 -5.7735 4.05861e-16
      vertex -66.1701 11.547 -2.73432e-15
    endloop
  endfacet
  facet normal -1.28198e-16 -9.06493e-17 -1
    outer loop
      vertex -78.4175 -5.7735 4.05861e-16
      vertex -74.335 5.7735 -1.16423e-15
      vertex -66.1701 11.547 -2.73432e-15
    endloop
  endfacet
  facet normal -1.28198e-16 -9.06493e-17 -1
    outer loop
      vertex -86.5825 5.7735 4.05861e-16
      vertex -90.665 11.547 4.05861e-16
      vertex -74.335 5.7735 -1.16423e-15
    endloop
  endfacet
  facet normal 7.92507e-16 0.866025 0.5
    outer loop
      vertex -94.7474 -17.3205 20
      vertex -88.6237 -17.3205 20
      vertex -94.7474 -8.66025 5
    endloop
  endfacet
  facet normal 1.76635e-16 0.866025 0.5
    outer loop
      vertex -94.7474 -17.3205 20
      vertex -94.7474 -8.66025 5
      vertex -98.8299 -11.547 10
    endloop
  endfacet
  facet normal 0.816497 -0.288675 0.5
    outer loop
      vertex -98.8299 -11.547 10
      vertex -94.7474 -8.66025 5
      vertex -100.871 3.04582e-15 20
    endloop
  endfacet
  facet normal 0.816497 -0.288675 0.5
    outer loop
      vertex -102.912 -5.7735 20
      vertex -98.8299 -11.547 10
      vertex -100.871 5.25039e-15 20
    endloop
  endfacet
  facet normal 1.42331e-16 5.43896e-17 -3.37505e-17
    outer loop
      vertex -100.871 5.25039e-15 20
      vertex -98.8299 -11.547 10
      vertex -100.871 3.04582e-15 20
    endloop
  endfacet
  facet normal 2.12352e-16 0.866025 -0.5
    outer loop
      vertex -88.6237 -17.3205 20
      vertex -94.7474 -17.3205 20
      vertex -94.7474 -8.66025 35
    endloop
  endfacet
  facet normal -1.76635e-16 0.866025 -0.5
    outer loop
      vertex -94.7474 -8.66025 35
      vertex -94.7474 -17.3205 20
      vertex -98.8299 -11.547 30
    endloop
  endfacet
  facet normal 0.816497 -0.288675 -0.5
    outer loop
      vertex -100.871 5.25039e-15 20
      vertex -94.7474 -8.66025 35
      vertex -98.8299 -11.547 30
    endloop
  endfacet
  facet normal 0.816497 -0.288675 -0.5
    outer loop
      vertex -102.912 -5.7735 20
      vertex -100.871 5.25039e-15 20
      vertex -98.8299 -11.547 30
    endloop
  endfacet
  facet normal 1.87741e-17 -0 7.66449e-18
    outer loop
      vertex -100.871 7.17336e-15 20
      vertex -100.871 6.89174e-15 20
      vertex -94.7474 -8.66025 5
    endloop
  endfacet
  facet normal 2.22045e-16 0 8.32667e-17
    outer loop
      vertex -94.7474 -8.66025 5
      vertex -100.871 6.89174e-15 20
      vertex -100.871 3.04582e-15 20
    endloop
  endfacet
  facet normal 0.816497 0.57735 -5.88785e-17
    outer loop
      vertex -100.871 7.17336e-15 20
      vertex -94.7474 -8.66025 5
      vertex -98.8299 -2.88675 5
    endloop
  endfacet
  facet normal 0.816497 0.57735 -6.62383e-17
    outer loop
      vertex -100.871 7.17336e-15 20
      vertex -98.8299 -2.88675 5
      vertex -102.912 2.88675 15
    endloop
  endfacet
  facet normal 0.816497 -0.288675 -0.5
    outer loop
      vertex -98.8299 14.4338 15
      vertex -94.7474 17.3205 20
      vertex -100.871 7.17336e-15 20
    endloop
  endfacet
  facet normal 0.816497 -0.288675 -0.5
    outer loop
      vertex -102.912 2.88675 15
      vertex -98.8299 14.4338 15
      vertex -100.871 7.17336e-15 20
    endloop
  endfacet
  facet normal -2.17558e-16 -0.866025 0.5
    outer loop
      vertex -88.6237 8.66025 5
      vertex -94.7474 17.3205 20
      vertex -94.7474 8.66025 5
    endloop
  endfacet
  facet normal -4.41589e-16 -0.866025 0.5
    outer loop
      vertex -94.7474 17.3205 20
      vertex -98.8299 14.4338 15
      vertex -94.7474 8.66025 5
    endloop
  endfacet
  facet normal 1.45039e-16 5.1279e-17 1
    outer loop
      vertex -94.7474 -8.66025 5
      vertex -88.6237 8.66025 5
      vertex -94.7474 8.66025 5
    endloop
  endfacet
  facet normal 7.25195e-17 5.1279e-17 1
    outer loop
      vertex -98.8299 -2.88675 5
      vertex -94.7474 -8.66025 5
      vertex -94.7474 8.66025 5
    endloop
  endfacet
  facet normal 0.816497 -0.288675 -0.5
    outer loop
      vertex -70.2526 -8.66025 5
      vertex -74.335 -11.547 4.05861e-16
      vertex -66.1701 11.547 -2.73432e-15
    endloop
  endfacet
  facet normal 0.816497 -0.288675 -0.5
    outer loop
      vertex -66.1701 -23.094 20
      vertex -74.335 -11.547 4.05861e-16
      vertex -70.2526 -8.66025 5
    endloop
  endfacet
  facet normal 0.816497 -0.288675 -0.5
    outer loop
      vertex -58.0051 -8.2825e-15 20
      vertex -66.1701 -23.094 20
      vertex -66.1701 -14.4338 15
    endloop
  endfacet
  facet normal 0.816497 -0.288675 -0.5
    outer loop
      vertex -58.0051 -8.2825e-15 20
      vertex -62.0876 -2.88675 15
      vertex -66.1701 11.547 -2.73432e-15
    endloop
  endfacet
  facet normal 0.816497 -0.288675 -0.5
    outer loop
      vertex -58.0051 -8.2825e-15 20
      vertex -66.1701 -14.4338 15
      vertex -62.0876 -2.88675 15
    endloop
  endfacet
  facet normal 0.816497 -0.288675 -0.5
    outer loop
      vertex -62.0876 -2.88675 15
      vertex -66.1701 2.88675 5
      vertex -66.1701 11.547 -2.73432e-15
    endloop
  endfacet
  facet normal 0.816497 -0.288675 -0.5
    outer loop
      vertex -70.2526 -8.66025 5
      vertex -66.1701 -14.4338 15
      vertex -66.1701 -23.094 20
    endloop
  endfacet
  facet normal 0.816497 -0.288675 -0.5
    outer loop
      vertex -66.1701 2.88675 5
      vertex -70.2526 -8.66025 5
      vertex -66.1701 11.547 -2.73432e-15
    endloop
  endfacet
  facet normal 0.816497 0.57735 -5.88785e-17
    outer loop
      vertex -70.2526 17.3205 20
      vertex -74.335 23.094 20
      vertex -66.1701 11.547 40
    endloop
  endfacet
  facet normal 0.816497 0.57735 0
    outer loop
      vertex -66.1701 11.547 -2.73432e-15
      vertex -74.335 23.094 20
      vertex -70.2526 17.3205 20
    endloop
  endfacet
  facet normal 0.816497 0.57735 -2.05116e-16
    outer loop
      vertex -66.1701 11.547 10
      vertex -62.0876 5.7735 20
      vertex -66.1701 11.547 -2.73432e-15
    endloop
  endfacet
  facet normal 0.816497 0.57735 -2.05116e-16
    outer loop
      vertex -66.1701 11.547 -2.73432e-15
      vertex -70.2526 17.3205 20
      vertex -66.1701 11.547 10
    endloop
  endfacet
  facet normal 0.816497 0.57735 -2.74766e-16
    outer loop
      vertex -58.0051 -8.2825e-15 20
      vertex -62.0876 5.7735 20
      vertex -66.1701 11.547 40
    endloop
  endfacet
  facet normal 0.816497 0.57735 2.35514e-16
    outer loop
      vertex -58.0051 -8.2825e-15 20
      vertex -66.1701 11.547 -2.73432e-15
      vertex -62.0876 5.7735 20
    endloop
  endfacet
  facet normal 0.816497 0.57735 -1.17757e-16
    outer loop
      vertex -62.0876 5.7735 20
      vertex -66.1701 11.547 30
      vertex -66.1701 11.547 40
    endloop
  endfacet
  facet normal 0.816497 0.57735 -1.02558e-16
    outer loop
      vertex -66.1701 11.547 30
      vertex -70.2526 17.3205 20
      vertex -66.1701 11.547 40
    endloop
  endfacet
  facet normal 0.816497 -0.288675 0.5
    outer loop
      vertex -94.7474 17.3205 20
      vertex -88.6237 8.66025 5
      vertex -90.665 20.2073 15
    endloop
  endfacet
  facet normal 0.816497 -0.288675 0.5
    outer loop
      vertex -90.665 20.2073 15
      vertex -88.6237 8.66025 5
      vertex -86.5825 14.4338 5
    endloop
  endfacet
  facet normal -1.78695e-16 -0.866025 -0.5
    outer loop
      vertex -90.665 20.2073 15
      vertex -78.4175 20.2073 15
      vertex -76.3763 17.3205 20
    endloop
  endfacet
  facet normal -7.07839e-17 -0.866025 -0.5
    outer loop
      vertex -94.7474 17.3205 20
      vertex -90.665 20.2073 15
      vertex -76.3763 17.3205 20
    endloop
  endfacet
  facet normal -0.816497 -0.57735 -7.06542e-16
    outer loop
      vertex -70.2526 8.66025 5
      vertex -76.3763 17.3205 20
      vertex -74.335 14.4338 5
    endloop
  endfacet
  facet normal -0.816497 -0.57735 -5.29906e-16
    outer loop
      vertex -74.335 14.4338 5
      vertex -76.3763 17.3205 20
      vertex -78.4175 20.2073 15
    endloop
  endfacet
  facet normal -7.25195e-17 -5.1279e-17 1
    outer loop
      vertex -70.2526 8.66025 5
      vertex -74.335 14.4338 5
      vertex -86.5825 14.4338 5
    endloop
  endfacet
  facet normal -4.83463e-17 1.7093e-17 1
    outer loop
      vertex -88.6237 8.66025 5
      vertex -70.2526 8.66025 5
      vertex -86.5825 14.4338 5
    endloop
  endfacet
  facet normal 0.816497 -0.288675 0.5
    outer loop
      vertex -66.1701 -14.4338 25
      vertex -74.335 -11.547 40
      vertex -66.1701 -23.094 20
    endloop
  endfacet
  facet normal 0.816497 -0.288675 0.5
    outer loop
      vertex -70.2526 -8.66025 35
      vertex -66.1701 2.88675 35
      vertex -66.1701 11.547 40
    endloop
  endfacet
  facet normal 0.816497 -0.288675 0.5
    outer loop
      vertex -70.2526 -8.66025 35
      vertex -74.335 -11.547 40
      vertex -66.1701 -14.4338 25
    endloop
  endfacet
  facet normal 0.816497 -0.288675 0.5
    outer loop
      vertex -66.1701 11.547 40
      vertex -74.335 -11.547 40
      vertex -70.2526 -8.66025 35
    endloop
  endfacet
  facet normal 0.816497 -0.288675 0.5
    outer loop
      vertex -58.0051 -8.2825e-15 20
      vertex -66.1701 11.547 40
      vertex -66.1701 2.88675 35
    endloop
  endfacet
  facet normal 0.816497 -0.288675 0.5
    outer loop
      vertex -58.0051 -8.2825e-15 20
      vertex -62.0876 -2.88675 25
      vertex -66.1701 -23.094 20
    endloop
  endfacet
  facet normal 0.816497 -0.288675 0.5
    outer loop
      vertex -58.0051 -8.2825e-15 20
      vertex -66.1701 2.88675 35
      vertex -62.0876 -2.88675 25
    endloop
  endfacet
  facet normal 0.816497 -0.288675 0.5
    outer loop
      vertex -62.0876 -2.88675 25
      vertex -66.1701 -14.4338 25
      vertex -66.1701 -23.094 20
    endloop
  endfacet
  facet normal -0 0 -1
    outer loop
      vertex -88.6237 8.66025 35
      vertex -86.5825 14.4338 35
      vertex -70.2526 8.66025 35
    endloop
  endfacet
  facet normal 0 0 -1
    outer loop
      vertex -74.335 14.4338 35
      vertex -70.2526 8.66025 35
      vertex -86.5825 14.4338 35
    endloop
  endfacet
  facet normal 0.816497 -0.288675 -0.5
    outer loop
      vertex -90.665 20.2073 25
      vertex -86.5825 14.4338 35
      vertex -88.6237 8.66025 35
    endloop
  endfacet
  facet normal 0.816497 -0.288675 -0.5
    outer loop
      vertex -94.7474 17.3205 20
      vertex -90.665 20.2073 25
      vertex -88.6237 8.66025 35
    endloop
  endfacet
  facet normal -0.816497 -0.57735 7.06542e-16
    outer loop
      vertex -76.3763 17.3205 20
      vertex -70.2526 8.66025 35
      vertex -74.335 14.4338 35
    endloop
  endfacet
  facet normal -0.816497 -0.57735 4.63668e-16
    outer loop
      vertex -74.335 14.4338 35
      vertex -78.4175 20.2073 25
      vertex -76.3763 17.3205 20
    endloop
  endfacet
  facet normal -2.4042e-16 -0.866025 0.5
    outer loop
      vertex -76.3763 17.3205 20
      vertex -78.4175 20.2073 25
      vertex -90.665 20.2073 25
    endloop
  endfacet
  facet normal -2.64169e-16 -0.866025 0.5
    outer loop
      vertex -76.3763 17.3205 20
      vertex -90.665 20.2073 25
      vertex -94.7474 17.3205 20
    endloop
  endfacet
  facet normal -3.88631e-17 0.866025 -0.5
    outer loop
      vertex -78.4175 -5.7735 40
      vertex -76.3763 -8.66025 35
      vertex -90.665 -5.7735 40
    endloop
  endfacet
  facet normal 1.67477e-16 0.866025 -0.5
    outer loop
      vertex -94.7474 -8.66025 35
      vertex -90.665 -5.7735 40
      vertex -76.3763 -8.66025 35
    endloop
  endfacet
  facet normal 0.816497 -0.288675 -0.5
    outer loop
      vertex -86.5825 5.7735 40
      vertex -94.7474 -8.66025 35
      vertex -88.6237 8.66025 35
    endloop
  endfacet
  facet normal 0.816497 -0.288675 -0.5
    outer loop
      vertex -90.665 -5.7735 40
      vertex -94.7474 -8.66025 35
      vertex -86.5825 5.7735 40
    endloop
  endfacet
  facet normal -0.816497 0.288675 -0.5
    outer loop
      vertex -70.2526 8.66025 35
      vertex -76.3763 -8.66025 35
      vertex -74.335 5.7735 40
    endloop
  endfacet
  facet normal -0.816497 0.288675 -0.5
    outer loop
      vertex -74.335 5.7735 40
      vertex -76.3763 -8.66025 35
      vertex -78.4175 -5.7735 40
    endloop
  endfacet
  facet normal -2.4042e-16 -0.866025 -0.5
    outer loop
      vertex -88.6237 8.66025 35
      vertex -74.335 5.7735 40
      vertex -86.5825 5.7735 40
    endloop
  endfacet
  facet normal -1.41568e-16 -0.866025 -0.5
    outer loop
      vertex -88.6237 8.66025 35
      vertex -70.2526 8.66025 35
      vertex -74.335 5.7735 40
    endloop
  endfacet
  facet normal 0.816497 0.57735 5.29906e-16
    outer loop
      vertex -90.665 -14.4338 35
      vertex -86.5825 -20.2073 25
      vertex -88.6237 -17.3205 20
    endloop
  endfacet
  facet normal 0.816497 0.57735 7.6542e-16
    outer loop
      vertex -94.7474 -8.66025 35
      vertex -90.665 -14.4338 35
      vertex -88.6237 -17.3205 20
    endloop
  endfacet
  facet normal 1.06176e-16 0.866025 0.5
    outer loop
      vertex -74.335 -20.2073 25
      vertex -70.2526 -17.3205 20
      vertex -86.5825 -20.2073 25
    endloop
  endfacet
  facet normal 6.97819e-17 0.866025 0.5
    outer loop
      vertex -86.5825 -20.2073 25
      vertex -70.2526 -17.3205 20
      vertex -88.6237 -17.3205 20
    endloop
  endfacet
  facet normal -0.816497 0.288675 -0.5
    outer loop
      vertex -76.3763 -8.66025 35
      vertex -70.2526 -17.3205 20
      vertex -74.335 -20.2073 25
    endloop
  endfacet
  facet normal -0.816497 0.288675 -0.5
    outer loop
      vertex -76.3763 -8.66025 35
      vertex -74.335 -20.2073 25
      vertex -78.4175 -14.4338 35
    endloop
  endfacet
  facet normal 0 -0 -1
    outer loop
      vertex -78.4175 -14.4338 35
      vertex -90.665 -14.4338 35
      vertex -76.3763 -8.66025 35
    endloop
  endfacet
  facet normal 0 0 -1
    outer loop
      vertex -76.3763 -8.66025 35
      vertex -90.665 -14.4338 35
      vertex -94.7474 -8.66025 35
    endloop
  endfacet
  facet normal 0.816497 0.57735 -4.85747e-16
    outer loop
      vertex -88.6237 -17.3205 20
      vertex -86.5825 -20.2073 15
      vertex -90.665 -14.4338 5
    endloop
  endfacet
  facet normal 0.816497 0.57735 -7.6542e-16
    outer loop
      vertex -88.6237 -17.3205 20
      vertex -90.665 -14.4338 5
      vertex -94.7474 -8.66025 5
    endloop
  endfacet
  facet normal 7.25195e-17 1.28198e-16 1
    outer loop
      vertex -90.665 -14.4338 5
      vertex -78.4175 -14.4338 5
      vertex -76.3763 -8.66025 5
    endloop
  endfacet
  facet normal 9.66926e-17 6.8372e-17 1
    outer loop
      vertex -94.7474 -8.66025 5
      vertex -90.665 -14.4338 5
      vertex -76.3763 -8.66025 5
    endloop
  endfacet
  facet normal -0.816497 0.288675 0.5
    outer loop
      vertex -74.335 -20.2073 15
      vertex -70.2526 -17.3205 20
      vertex -76.3763 -8.66025 5
    endloop
  endfacet
  facet normal -0.816497 0.288675 0.5
    outer loop
      vertex -74.335 -20.2073 15
      vertex -76.3763 -8.66025 5
      vertex -78.4175 -14.4338 5
    endloop
  endfacet
  facet normal 2.64169e-16 0.866025 -0.5
    outer loop
      vertex -88.6237 -17.3205 20
      vertex -70.2526 -17.3205 20
      vertex -74.335 -20.2073 15
    endloop
  endfacet
  facet normal 3.20561e-16 0.866025 -0.5
    outer loop
      vertex -88.6237 -17.3205 20
      vertex -74.335 -20.2073 15
      vertex -86.5825 -20.2073 15
    endloop
  endfacet
  facet normal 0.816497 -0.288675 0.5
    outer loop
      vertex -90.665 -5.7735 1.97595e-15
      vertex -86.5825 5.7735 4.05861e-16
      vertex -88.6237 8.66025 5
    endloop
  endfacet
  facet normal 0.816497 -0.288675 0.5
    outer loop
      vertex -88.6237 8.66025 5
      vertex -94.7474 -8.66025 5
      vertex -90.665 -5.7735 1.97595e-15
    endloop
  endfacet
  facet normal -1.87116e-16 -0.866025 0.5
    outer loop
      vertex -86.5825 5.7735 4.05861e-16
      vertex -74.335 5.7735 -1.16423e-15
      vertex -70.2526 8.66025 5
    endloop
  endfacet
  facet normal -1.9165e-16 -0.866025 0.5
    outer loop
      vertex -88.6237 8.66025 5
      vertex -86.5825 5.7735 4.05861e-16
      vertex -70.2526 8.66025 5
    endloop
  endfacet
  facet normal -0.816497 0.288675 0.5
    outer loop
      vertex -76.3763 -8.66025 5
      vertex -70.2526 8.66025 5
      vertex -74.335 5.7735 -1.16423e-15
    endloop
  endfacet
  facet normal -0.816497 0.288675 0.5
    outer loop
      vertex -76.3763 -8.66025 5
      vertex -74.335 5.7735 -1.16423e-15
      vertex -78.4175 -5.7735 4.05861e-16
    endloop
  endfacet
  facet normal 2.96573e-16 0.866025 0.5
    outer loop
      vertex -78.4175 -5.7735 4.05861e-16
      vertex -94.7474 -8.66025 5
      vertex -76.3763 -8.66025 5
    endloop
  endfacet
  facet normal 3.15314e-16 0.866025 0.5
    outer loop
      vertex -90.665 -5.7735 1.97595e-15
      vertex -94.7474 -8.66025 5
      vertex -78.4175 -5.7735 4.05861e-16
    endloop
  endfacet
  facet normal 0 -5.1279e-17 1
    outer loop
      vertex -70.2526 8.66025 5
      vertex -76.3763 -8.66025 5
      vertex -70.2526 -8.66025 5
    endloop
  endfacet
  facet normal -7.25195e-17 -5.1279e-17 1
    outer loop
      vertex -70.2526 -8.66025 5
      vertex -66.1701 2.88675 5
      vertex -70.2526 8.66025 5
    endloop
  endfacet
  facet normal 5.29906e-16 0.866025 0.5
    outer loop
      vertex -70.2526 -17.3205 20
      vertex -66.1701 -14.4338 15
      vertex -70.2526 -8.66025 5
    endloop
  endfacet
  facet normal 0 0.866025 0.5
    outer loop
      vertex -70.2526 -17.3205 20
      vertex -70.2526 -8.66025 5
      vertex -76.3763 -8.66025 5
    endloop
  endfacet
  facet normal -0.816497 -0.57735 -5.88785e-17
    outer loop
      vertex -62.0876 -2.88675 15
      vertex -64.1288 -6.89174e-15 20
      vertex -66.1701 2.88675 5
    endloop
  endfacet
  facet normal -1 0 -0
    outer loop
      vertex -64.1288 -5.25039e-15 20
      vertex -64.1288 -6.89174e-15 20
      vertex -64.1288 -3.04582e-15 20
    endloop
  endfacet
  facet normal -8.32667e-17 2.77556e-17 1.73472e-17
    outer loop
      vertex -66.1701 2.88675 5
      vertex -64.1288 -6.89174e-15 20
      vertex -64.1288 -5.25039e-15 20
    endloop
  endfacet
  facet normal -0.816497 -0.57735 5.88785e-17
    outer loop
      vertex -70.2526 8.66025 5
      vertex -66.1701 2.88675 5
      vertex -64.1288 -5.25039e-15 20
    endloop
  endfacet
  facet normal -5.63223e-17 0 -2.29935e-17
    outer loop
      vertex -64.1288 -6.89174e-15 20
      vertex -62.0876 -2.88675 15
      vertex -64.1288 -7.17336e-15 20
    endloop
  endfacet
  facet normal -0.816497 0.288675 -0.5
    outer loop
      vertex -64.1288 -7.17336e-15 20
      vertex -62.0876 -2.88675 15
      vertex -66.1701 -14.4338 15
    endloop
  endfacet
  facet normal -0.816497 0.288675 -0.5
    outer loop
      vertex -64.1288 -7.17336e-15 20
      vertex -66.1701 -14.4338 15
      vertex -70.2526 -17.3205 20
    endloop
  endfacet
  facet normal 3.53271e-16 -0.866025 -0.5
    outer loop
      vertex -70.2526 17.3205 20
      vertex -66.1701 11.547 30
      vertex -70.2526 8.66025 35
    endloop
  endfacet
  facet normal -7.92507e-16 -0.866025 -0.5
    outer loop
      vertex -76.3763 17.3205 20
      vertex -70.2526 17.3205 20
      vertex -70.2526 8.66025 35
    endloop
  endfacet
  facet normal 8.83177e-17 -0.866025 0.5
    outer loop
      vertex -70.2526 8.66025 5
      vertex -66.1701 11.547 10
      vertex -70.2526 17.3205 20
    endloop
  endfacet
  facet normal -2.12352e-16 -0.866025 0.5
    outer loop
      vertex -76.3763 17.3205 20
      vertex -70.2526 8.66025 5
      vertex -70.2526 17.3205 20
    endloop
  endfacet
  facet normal -0.816497 0.288675 -0.5
    outer loop
      vertex -62.0876 5.7735 20
      vertex -64.1288 -5.25039e-15 20
      vertex -66.1701 11.547 30
    endloop
  endfacet
  facet normal -2.22045e-16 -5.55112e-17 2.77556e-17
    outer loop
      vertex -66.1701 11.547 30
      vertex -64.1288 -5.25039e-15 20
      vertex -64.1288 -3.04582e-15 20
    endloop
  endfacet
  facet normal -0.816497 0.288675 -0.5
    outer loop
      vertex -66.1701 11.547 30
      vertex -64.1288 -3.04582e-15 20
      vertex -70.2526 8.66025 35
    endloop
  endfacet
  facet normal -0.816497 0.288675 0.5
    outer loop
      vertex -62.0876 5.7735 20
      vertex -66.1701 11.547 10
      vertex -64.1288 -5.25039e-15 20
    endloop
  endfacet
  facet normal -0.816497 0.288675 0.5
    outer loop
      vertex -64.1288 -5.25039e-15 20
      vertex -66.1701 11.547 10
      vertex -70.2526 8.66025 5
    endloop
  endfacet
  facet normal 2.51215e-16 0.866025 -0.5
    outer loop
      vertex -76.3763 -8.66025 35
      vertex -70.2526 -8.66025 35
      vertex -66.1701 -14.4338 25
    endloop
  endfacet
  facet normal 7.06542e-16 0.866025 -0.5
    outer loop
      vertex -76.3763 -8.66025 35
      vertex -66.1701 -14.4338 25
      vertex -70.2526 -17.3205 20
    endloop
  endfacet
  facet normal -0.816497 0.288675 0.5
    outer loop
      vertex -62.0876 -2.88675 25
      vertex -64.1288 -7.17336e-15 20
      vertex -66.1701 -14.4338 25
    endloop
  endfacet
  facet normal -0.816497 0.288675 0.5
    outer loop
      vertex -66.1701 -14.4338 25
      vertex -64.1288 -7.17336e-15 20
      vertex -70.2526 -17.3205 20
    endloop
  endfacet
  facet normal -5.63223e-17 0 2.29935e-17
    outer loop
      vertex -64.1288 -6.89174e-15 20
      vertex -64.1288 -7.17336e-15 20
      vertex -62.0876 -2.88675 25
    endloop
  endfacet
  facet normal -7.69185e-16 0 3.14018e-16
    outer loop
      vertex -64.1288 -6.89174e-15 20
      vertex -62.0876 -2.88675 25
      vertex -64.1288 -3.04582e-15 20
    endloop
  endfacet
  facet normal -0.816497 -0.57735 -1.57009e-16
    outer loop
      vertex -62.0876 -2.88675 25
      vertex -66.1701 2.88675 35
      vertex -64.1288 -3.04582e-15 20
    endloop
  endfacet
  facet normal -0.816497 -0.57735 -5.88785e-17
    outer loop
      vertex -66.1701 2.88675 35
      vertex -70.2526 8.66025 35
      vertex -64.1288 -3.04582e-15 20
    endloop
  endfacet
  facet normal 0 0 -1
    outer loop
      vertex -66.1701 2.88675 35
      vertex -70.2526 -8.66025 35
      vertex -70.2526 8.66025 35
    endloop
  endfacet
  facet normal 0 0 -1
    outer loop
      vertex -70.2526 8.66025 35
      vertex -70.2526 -8.66025 35
      vertex -76.3763 -8.66025 35
    endloop
  endfacet
  facet normal -0.816497 0.288675 0.5
    outer loop
      vertex -61.7474 8.66025 35
      vertex -65.8299 23.094 20
      vertex -65.8299 14.4338 25
    endloop
  endfacet
  facet normal -0.816497 0.288675 0.5
    outer loop
      vertex -61.7474 8.66025 35
      vertex -65.8299 -11.547 40
      vertex -57.665 11.547 40
    endloop
  endfacet
  facet normal -0.816497 0.288675 0.5
    outer loop
      vertex -73.9949 8.2825e-15 20
      vertex -65.8299 -11.547 40
      vertex -65.8299 -2.88675 35
    endloop
  endfacet
  facet normal -0.816497 0.288675 0.5
    outer loop
      vertex -73.9949 8.2825e-15 20
      vertex -65.8299 -2.88675 35
      vertex -69.9124 2.88675 25
    endloop
  endfacet
  facet normal -0.816497 0.288675 0.5
    outer loop
      vertex -73.9949 8.2825e-15 20
      vertex -69.9124 2.88675 25
      vertex -65.8299 23.094 20
    endloop
  endfacet
  facet normal -0.816497 0.288675 0.5
    outer loop
      vertex -69.9124 2.88675 25
      vertex -65.8299 14.4338 25
      vertex -65.8299 23.094 20
    endloop
  endfacet
  facet normal -0.816497 0.288675 0.5
    outer loop
      vertex -65.8299 23.094 20
      vertex -61.7474 8.66025 35
      vertex -57.665 11.547 40
    endloop
  endfacet
  facet normal -0.816497 0.288675 0.5
    outer loop
      vertex -65.8299 -2.88675 35
      vertex -65.8299 -11.547 40
      vertex -61.7474 8.66025 35
    endloop
  endfacet
  facet normal -0.816497 -0.57735 2.05116e-16
    outer loop
      vertex -65.8299 -11.547 30
      vertex -65.8299 -11.547 40
      vertex -69.9124 -5.7735 20
    endloop
  endfacet
  facet normal -0.816497 -0.57735 5.88785e-17
    outer loop
      vertex -61.7474 -17.3205 20
      vertex -65.8299 -11.547 3.54605e-15
      vertex -57.665 -23.094 20
    endloop
  endfacet
  facet normal -0.816497 -0.57735 0
    outer loop
      vertex -73.9949 8.2825e-15 20
      vertex -65.8299 -11.547 3.54605e-15
      vertex -65.8299 -11.547 10
    endloop
  endfacet
  facet normal -0.816497 -0.57735 1.04673e-15
    outer loop
      vertex -73.9949 8.2825e-15 20
      vertex -65.8299 -11.547 10
      vertex -69.9124 -5.7735 20
    endloop
  endfacet
  facet normal -0.816497 -0.57735 -5.49532e-16
    outer loop
      vertex -73.9949 8.2825e-15 20
      vertex -69.9124 -5.7735 20
      vertex -65.8299 -11.547 40
    endloop
  endfacet
  facet normal -0.816497 -0.57735 2.05116e-16
    outer loop
      vertex -65.8299 -11.547 40
      vertex -65.8299 -11.547 30
      vertex -57.665 -23.094 20
    endloop
  endfacet
  facet normal -0.816497 -0.57735 -1.04673e-16
    outer loop
      vertex -65.8299 -11.547 30
      vertex -61.7474 -17.3205 20
      vertex -57.665 -23.094 20
    endloop
  endfacet
  facet normal -0.816497 -0.57735 1.02558e-16
    outer loop
      vertex -65.8299 -11.547 10
      vertex -65.8299 -11.547 3.54605e-15
      vertex -61.7474 -17.3205 20
    endloop
  endfacet
  facet normal -0.816497 0.288675 -0.5
    outer loop
      vertex -61.7474 8.66025 5
      vertex -65.8299 23.094 20
      vertex -57.665 11.547 4.05861e-16
    endloop
  endfacet
  facet normal -0.816497 0.288675 -0.5
    outer loop
      vertex -73.9949 8.2825e-15 20
      vertex -65.8299 23.094 20
      vertex -69.9124 2.88675 15
    endloop
  endfacet
  facet normal -0.816497 0.288675 -0.5
    outer loop
      vertex -73.9949 8.2825e-15 20
      vertex -69.9124 2.88675 15
      vertex -65.8299 -11.547 3.54605e-15
    endloop
  endfacet
  facet normal -0.816497 0.288675 -0.5
    outer loop
      vertex -61.7474 8.66025 5
      vertex -65.8299 -11.547 3.54605e-15
      vertex -65.8299 -2.88675 5
    endloop
  endfacet
  facet normal -0.816497 0.288675 -0.5
    outer loop
      vertex -69.9124 2.88675 15
      vertex -65.8299 -2.88675 5
      vertex -65.8299 -11.547 3.54605e-15
    endloop
  endfacet
  facet normal -0.816497 0.288675 -0.5
    outer loop
      vertex -65.8299 14.4338 15
      vertex -65.8299 23.094 20
      vertex -61.7474 8.66025 5
    endloop
  endfacet
  facet normal -0.816497 0.288675 -0.5
    outer loop
      vertex -65.8299 -11.547 3.54605e-15
      vertex -61.7474 8.66025 5
      vertex -57.665 11.547 4.05861e-16
    endloop
  endfacet
  facet normal -0.816497 0.288675 -0.5
    outer loop
      vertex -69.9124 2.88675 15
      vertex -65.8299 23.094 20
      vertex -65.8299 14.4338 15
    endloop
  endfacet
  facet normal 3.9743e-16 0.866025 -0.5
    outer loop
      vertex -41.335 14.4338 5
      vertex -41.335 23.094 20
      vertex -33.1701 11.547 -2.73432e-15
    endloop
  endfacet
  facet normal 2.51215e-16 0.866025 -0.5
    outer loop
      vertex -65.8299 23.094 20
      vertex -41.335 23.094 20
      vertex -57.665 20.2073 15
    endloop
  endfacet
  facet normal 3.92523e-16 0.866025 -0.5
    outer loop
      vertex -65.8299 23.094 20
      vertex -57.665 20.2073 15
      vertex -57.665 11.547 4.05861e-16
    endloop
  endfacet
  facet normal -1.57009e-16 0.866025 -0.5
    outer loop
      vertex -45.4175 20.2073 15
      vertex -41.335 23.094 20
      vertex -41.335 14.4338 5
    endloop
  endfacet
  facet normal 3.12723e-16 0.866025 -0.5
    outer loop
      vertex -57.665 11.547 4.05861e-16
      vertex -53.5825 14.4338 5
      vertex -33.1701 11.547 -2.73432e-15
    endloop
  endfacet
  facet normal 2.87475e-16 0.866025 -0.5
    outer loop
      vertex -53.5825 14.4338 5
      vertex -41.335 14.4338 5
      vertex -33.1701 11.547 -2.73432e-15
    endloop
  endfacet
  facet normal 3.23734e-16 0.866025 -0.5
    outer loop
      vertex -57.665 20.2073 15
      vertex -41.335 23.094 20
      vertex -45.4175 20.2073 15
    endloop
  endfacet
  facet normal 1.57009e-16 0.866025 -0.5
    outer loop
      vertex -53.5825 14.4338 5
      vertex -57.665 11.547 4.05861e-16
      vertex -57.665 20.2073 15
    endloop
  endfacet
  facet normal 2.51215e-16 0.866025 0.5
    outer loop
      vertex -57.665 20.2073 25
      vertex -45.4175 20.2073 25
      vertex -41.335 23.094 20
    endloop
  endfacet
  facet normal 1.83995e-16 0.866025 0.5
    outer loop
      vertex -53.5825 14.4338 35
      vertex -57.665 11.547 40
      vertex -33.1701 11.547 40
    endloop
  endfacet
  facet normal 1.57009e-16 0.866025 0.5
    outer loop
      vertex -65.8299 23.094 20
      vertex -57.665 11.547 40
      vertex -53.5825 14.4338 35
    endloop
  endfacet
  facet normal 2.51215e-16 0.866025 0.5
    outer loop
      vertex -41.335 14.4338 35
      vertex -53.5825 14.4338 35
      vertex -33.1701 11.547 40
    endloop
  endfacet
  facet normal 8.83177e-17 0.866025 0.5
    outer loop
      vertex -65.8299 23.094 20
      vertex -53.5825 14.4338 35
      vertex -57.665 20.2073 25
    endloop
  endfacet
  facet normal 2.51215e-16 0.866025 0.5
    outer loop
      vertex -65.8299 23.094 20
      vertex -57.665 20.2073 25
      vertex -41.335 23.094 20
    endloop
  endfacet
  facet normal 2.35514e-16 0.866025 0.5
    outer loop
      vertex -41.335 23.094 20
      vertex -45.4175 20.2073 25
      vertex -33.1701 11.547 40
    endloop
  endfacet
  facet normal 0 0.866025 0.5
    outer loop
      vertex -45.4175 20.2073 25
      vertex -41.335 14.4338 35
      vertex -33.1701 11.547 40
    endloop
  endfacet
  facet normal 2.90078e-16 -4.10232e-16 1
    outer loop
      vertex -57.665 -5.7735 40
      vertex -65.8299 -11.547 40
      vertex -41.335 -11.547 40
    endloop
  endfacet
  facet normal -2.90078e-16 4.10232e-16 1
    outer loop
      vertex -57.665 11.547 40
      vertex -65.8299 -11.547 40
      vertex -57.665 -5.7735 40
    endloop
  endfacet
  facet normal 0 0 1
    outer loop
      vertex -53.5825 5.7735 40
      vertex -41.335 5.7735 40
      vertex -57.665 11.547 40
    endloop
  endfacet
  facet normal 5.80156e-16 4.10232e-16 1
    outer loop
      vertex -57.665 11.547 40
      vertex -57.665 -5.7735 40
      vertex -53.5825 5.7735 40
    endloop
  endfacet
  facet normal 0 0 1
    outer loop
      vertex -33.1701 11.547 40
      vertex -41.335 5.7735 40
      vertex -41.335 -11.547 40
    endloop
  endfacet
  facet normal -0 0 1
    outer loop
      vertex -33.1701 11.547 40
      vertex -57.665 11.547 40
      vertex -41.335 5.7735 40
    endloop
  endfacet
  facet normal 0 0 1
    outer loop
      vertex -41.335 5.7735 40
      vertex -45.4175 -5.7735 40
      vertex -41.335 -11.547 40
    endloop
  endfacet
  facet normal 5.80156e-16 4.10232e-16 1
    outer loop
      vertex -45.4175 -5.7735 40
      vertex -57.665 -5.7735 40
      vertex -41.335 -11.547 40
    endloop
  endfacet
  facet normal -8.83177e-17 -0.866025 0.5
    outer loop
      vertex -57.665 -14.4338 35
      vertex -65.8299 -11.547 40
      vertex -57.665 -23.094 20
    endloop
  endfacet
  facet normal -2.51215e-16 -0.866025 0.5
    outer loop
      vertex -33.1701 -23.094 20
      vertex -53.5825 -20.2073 25
      vertex -57.665 -23.094 20
    endloop
  endfacet
  facet normal -2.31783e-16 -0.866025 0.5
    outer loop
      vertex -41.335 -11.547 40
      vertex -65.8299 -11.547 40
      vertex -57.665 -14.4338 35
    endloop
  endfacet
  facet normal -3.92523e-16 -0.866025 0.5
    outer loop
      vertex -45.4175 -14.4338 35
      vertex -41.335 -20.2073 25
      vertex -41.335 -11.547 40
    endloop
  endfacet
  facet normal -2.61682e-16 -0.866025 0.5
    outer loop
      vertex -41.335 -11.547 40
      vertex -57.665 -14.4338 35
      vertex -45.4175 -14.4338 35
    endloop
  endfacet
  facet normal -3.6799e-16 -0.866025 0.5
    outer loop
      vertex -33.1701 -23.094 20
      vertex -41.335 -20.2073 25
      vertex -53.5825 -20.2073 25
    endloop
  endfacet
  facet normal -1.57009e-16 -0.866025 0.5
    outer loop
      vertex -33.1701 -23.094 20
      vertex -41.335 -11.547 40
      vertex -41.335 -20.2073 25
    endloop
  endfacet
  facet normal 0 -0.866025 0.5
    outer loop
      vertex -53.5825 -20.2073 25
      vertex -57.665 -14.4338 35
      vertex -57.665 -23.094 20
    endloop
  endfacet
  facet normal 0 0 -1
    outer loop
      vertex -61.7474 8.66025 35
      vertex -55.6237 8.66025 35
      vertex -61.7474 -8.66025 35
    endloop
  endfacet
  facet normal 0 0 -1
    outer loop
      vertex -61.7474 -8.66025 35
      vertex -65.8299 -2.88675 35
      vertex -61.7474 8.66025 35
    endloop
  endfacet
  facet normal 0.816497 0.57735 -5.88785e-17
    outer loop
      vertex -65.8299 -2.88675 35
      vertex -61.7474 -8.66025 35
      vertex -67.8712 5.25039e-15 20
    endloop
  endfacet
  facet normal 6.38421e-17 -3.22309e-17 -1.48906e-17
    outer loop
      vertex -67.8712 6.89174e-15 20
      vertex -65.8299 -2.88675 35
      vertex -67.8712 5.25039e-15 20
    endloop
  endfacet
  facet normal 1 0 0
    outer loop
      vertex -67.8712 3.04582e-15 20
      vertex -67.8712 6.89174e-15 20
      vertex -67.8712 5.25039e-15 20
    endloop
  endfacet
  facet normal 0.816497 0.57735 7.7278e-17
    outer loop
      vertex -67.8712 6.89174e-15 20
      vertex -69.9124 2.88675 25
      vertex -65.8299 -2.88675 35
    endloop
  endfacet
  facet normal 0 -0.866025 -0.5
    outer loop
      vertex -55.6237 8.66025 35
      vertex -61.7474 8.66025 35
      vertex -61.7474 17.3205 20
    endloop
  endfacet
  facet normal -8.83177e-16 -0.866025 -0.5
    outer loop
      vertex -61.7474 8.66025 35
      vertex -65.8299 14.4338 25
      vertex -61.7474 17.3205 20
    endloop
  endfacet
  facet normal 0.816497 -0.288675 0.5
    outer loop
      vertex -65.8299 14.4338 25
      vertex -67.8712 7.17336e-15 20
      vertex -61.7474 17.3205 20
    endloop
  endfacet
  facet normal 0.816497 -0.288675 0.5
    outer loop
      vertex -69.9124 2.88675 25
      vertex -67.8712 7.17336e-15 20
      vertex -65.8299 14.4338 25
    endloop
  endfacet
  facet normal 5.63223e-17 0 2.29935e-17
    outer loop
      vertex -67.8712 6.89174e-15 20
      vertex -67.8712 7.17336e-15 20
      vertex -69.9124 2.88675 25
    endloop
  endfacet
  facet normal -2.74766e-16 -0.866025 -0.5
    outer loop
      vertex -57.665 -14.4338 5
      vertex -65.8299 -11.547 3.54605e-15
      vertex -41.335 -11.547 4.05861e-16
    endloop
  endfacet
  facet normal -3.14018e-16 -0.866025 -0.5
    outer loop
      vertex -53.5825 -20.2073 15
      vertex -57.665 -23.094 20
      vertex -57.665 -14.4338 5
    endloop
  endfacet
  facet normal -2.87475e-16 -0.866025 -0.5
    outer loop
      vertex -45.4175 -14.4338 5
      vertex -57.665 -14.4338 5
      vertex -41.335 -11.547 4.05861e-16
    endloop
  endfacet
  facet normal -1.57009e-16 -0.866025 -0.5
    outer loop
      vertex -57.665 -23.094 20
      vertex -65.8299 -11.547 3.54605e-15
      vertex -57.665 -14.4338 5
    endloop
  endfacet
  facet normal -2.51215e-16 -0.866025 -0.5
    outer loop
      vertex -33.1701 -23.094 20
      vertex -57.665 -23.094 20
      vertex -53.5825 -20.2073 15
    endloop
  endfacet
  facet normal -3.92523e-16 -0.866025 -0.5
    outer loop
      vertex -33.1701 -23.094 20
      vertex -41.335 -20.2073 15
      vertex -41.335 -11.547 4.05861e-16
    endloop
  endfacet
  facet normal -1.63551e-16 -0.866025 -0.5
    outer loop
      vertex -33.1701 -23.094 20
      vertex -53.5825 -20.2073 15
      vertex -41.335 -20.2073 15
    endloop
  endfacet
  facet normal -3.53271e-16 -0.866025 -0.5
    outer loop
      vertex -41.335 -20.2073 15
      vertex -45.4175 -14.4338 5
      vertex -41.335 -11.547 4.05861e-16
    endloop
  endfacet
  facet normal -1.28198e-16 -9.06493e-17 -1
    outer loop
      vertex -45.4175 -5.7735 4.05861e-16
      vertex -41.335 -11.547 4.05861e-16
      vertex -57.665 -5.7735 1.97595e-15
    endloop
  endfacet
  facet normal -1.28198e-16 -9.06493e-17 -1
    outer loop
      vertex -41.335 5.7735 -1.16423e-15
      vertex -57.665 11.547 4.05861e-16
      vertex -33.1701 11.547 -2.73432e-15
    endloop
  endfacet
  facet normal -1.28198e-16 -9.06493e-17 -1
    outer loop
      vertex -65.8299 -11.547 3.54605e-15
      vertex -57.665 11.547 4.05861e-16
      vertex -53.5825 5.7735 4.05861e-16
    endloop
  endfacet
  facet normal -1.28198e-16 -9.06493e-17 -1
    outer loop
      vertex -65.8299 -11.547 3.54605e-15
      vertex -53.5825 5.7735 4.05861e-16
      vertex -57.665 -5.7735 1.97595e-15
    endloop
  endfacet
  facet normal -1.28198e-16 -9.06493e-17 -1
    outer loop
      vertex -65.8299 -11.547 3.54605e-15
      vertex -57.665 -5.7735 1.97595e-15
      vertex -41.335 -11.547 4.05861e-16
    endloop
  endfacet
  facet normal -1.28198e-16 -9.06493e-17 -1
    outer loop
      vertex -41.335 -11.547 4.05861e-16
      vertex -45.4175 -5.7735 4.05861e-16
      vertex -33.1701 11.547 -2.73432e-15
    endloop
  endfacet
  facet normal -1.28198e-16 -9.06493e-17 -1
    outer loop
      vertex -45.4175 -5.7735 4.05861e-16
      vertex -41.335 5.7735 -1.16423e-15
      vertex -33.1701 11.547 -2.73432e-15
    endloop
  endfacet
  facet normal -1.28198e-16 -9.06493e-17 -1
    outer loop
      vertex -53.5825 5.7735 4.05861e-16
      vertex -57.665 11.547 4.05861e-16
      vertex -41.335 5.7735 -1.16423e-15
    endloop
  endfacet
  facet normal 7.92507e-16 0.866025 0.5
    outer loop
      vertex -61.7474 -17.3205 20
      vertex -55.6237 -17.3205 20
      vertex -61.7474 -8.66025 5
    endloop
  endfacet
  facet normal 1.76635e-16 0.866025 0.5
    outer loop
      vertex -61.7474 -17.3205 20
      vertex -61.7474 -8.66025 5
      vertex -65.8299 -11.547 10
    endloop
  endfacet
  facet normal 0.816497 -0.288675 0.5
    outer loop
      vertex -65.8299 -11.547 10
      vertex -61.7474 -8.66025 5
      vertex -67.8712 3.04582e-15 20
    endloop
  endfacet
  facet normal 0.816497 -0.288675 0.5
    outer loop
      vertex -69.9124 -5.7735 20
      vertex -65.8299 -11.547 10
      vertex -67.8712 5.25039e-15 20
    endloop
  endfacet
  facet normal 1.42331e-16 5.43896e-17 -3.37505e-17
    outer loop
      vertex -67.8712 5.25039e-15 20
      vertex -65.8299 -11.547 10
      vertex -67.8712 3.04582e-15 20
    endloop
  endfacet
  facet normal 2.12352e-16 0.866025 -0.5
    outer loop
      vertex -55.6237 -17.3205 20
      vertex -61.7474 -17.3205 20
      vertex -61.7474 -8.66025 35
    endloop
  endfacet
  facet normal -1.76635e-16 0.866025 -0.5
    outer loop
      vertex -61.7474 -8.66025 35
      vertex -61.7474 -17.3205 20
      vertex -65.8299 -11.547 30
    endloop
  endfacet
  facet normal 0.816497 -0.288675 -0.5
    outer loop
      vertex -67.8712 5.25039e-15 20
      vertex -61.7474 -8.66025 35
      vertex -65.8299 -11.547 30
    endloop
  endfacet
  facet normal 0.816497 -0.288675 -0.5
    outer loop
      vertex -69.9124 -5.7735 20
      vertex -67.8712 5.25039e-15 20
      vertex -65.8299 -11.547 30
    endloop
  endfacet
  facet normal 1.87741e-17 -0 7.66449e-18
    outer loop
      vertex -67.8712 7.17336e-15 20
      vertex -67.8712 6.89174e-15 20
      vertex -61.7474 -8.66025 5
    endloop
  endfacet
  facet normal 2.22045e-16 0 8.32667e-17
    outer loop
      vertex -61.7474 -8.66025 5
      vertex -67.8712 6.89174e-15 20
      vertex -67.8712 3.04582e-15 20
    endloop
  endfacet
  facet normal 0.816497 0.57735 1.47196e-16
    outer loop
      vertex -67.8712 7.17336e-15 20
      vertex -61.7474 -8.66025 5
      vertex -65.8299 -2.88675 5
    endloop
  endfacet
  facet normal 0.816497 0.57735 -6.62383e-17
    outer loop
      vertex -67.8712 7.17336e-15 20
      vertex -65.8299 -2.88675 5
      vertex -69.9124 2.88675 15
    endloop
  endfacet
  facet normal 0.816497 -0.288675 -0.5
    outer loop
      vertex -65.8299 14.4338 15
      vertex -61.7474 17.3205 20
      vertex -67.8712 7.17336e-15 20
    endloop
  endfacet
  facet normal 0.816497 -0.288675 -0.5
    outer loop
      vertex -69.9124 2.88675 15
      vertex -65.8299 14.4338 15
      vertex -67.8712 7.17336e-15 20
    endloop
  endfacet
  facet normal -2.17558e-16 -0.866025 0.5
    outer loop
      vertex -55.6237 8.66025 5
      vertex -61.7474 17.3205 20
      vertex -61.7474 8.66025 5
    endloop
  endfacet
  facet normal -4.41589e-16 -0.866025 0.5
    outer loop
      vertex -61.7474 17.3205 20
      vertex -65.8299 14.4338 15
      vertex -61.7474 8.66025 5
    endloop
  endfacet
  facet normal 1.45039e-16 5.1279e-17 1
    outer loop
      vertex -61.7474 -8.66025 5
      vertex -55.6237 8.66025 5
      vertex -61.7474 8.66025 5
    endloop
  endfacet
  facet normal 7.25195e-17 5.1279e-17 1
    outer loop
      vertex -65.8299 -2.88675 5
      vertex -61.7474 -8.66025 5
      vertex -61.7474 8.66025 5
    endloop
  endfacet
  facet normal 0.816497 -0.288675 -0.5
    outer loop
      vertex -37.2526 -8.66025 5
      vertex -41.335 -11.547 4.05861e-16
      vertex -33.1701 11.547 -2.73432e-15
    endloop
  endfacet
  facet normal 0.816497 -0.288675 -0.5
    outer loop
      vertex -33.1701 -23.094 20
      vertex -41.335 -11.547 4.05861e-16
      vertex -37.2526 -8.66025 5
    endloop
  endfacet
  facet normal 0.816497 -0.288675 -0.5
    outer loop
      vertex -25.0051 -8.2825e-15 20
      vertex -33.1701 -23.094 20
      vertex -33.1701 -14.4338 15
    endloop
  endfacet
  facet normal 0.816497 -0.288675 -0.5
    outer loop
      vertex -25.0051 -8.2825e-15 20
      vertex -29.0876 -2.88675 15
      vertex -33.1701 11.547 -2.73432e-15
    endloop
  endfacet
  facet normal 0.816497 -0.288675 -0.5
    outer loop
      vertex -25.0051 -8.2825e-15 20
      vertex -33.1701 -14.4338 15
      vertex -29.0876 -2.88675 15
    endloop
  endfacet
  facet normal 0.816497 -0.288675 -0.5
    outer loop
      vertex -29.0876 -2.88675 15
      vertex -33.1701 2.88675 5
      vertex -33.1701 11.547 -2.73432e-15
    endloop
  endfacet
  facet normal 0.816497 -0.288675 -0.5
    outer loop
      vertex -37.2526 -8.66025 5
      vertex -33.1701 -14.4338 15
      vertex -33.1701 -23.094 20
    endloop
  endfacet
  facet normal 0.816497 -0.288675 -0.5
    outer loop
      vertex -33.1701 2.88675 5
      vertex -37.2526 -8.66025 5
      vertex -33.1701 11.547 -2.73432e-15
    endloop
  endfacet
  facet normal 0.816497 0.57735 -3.33645e-16
    outer loop
      vertex -37.2526 17.3205 20
      vertex -41.335 23.094 20
      vertex -33.1701 11.547 40
    endloop
  endfacet
  facet normal 0.816497 0.57735 2.74766e-16
    outer loop
      vertex -33.1701 11.547 -2.73432e-15
      vertex -41.335 23.094 20
      vertex -37.2526 17.3205 20
    endloop
  endfacet
  facet normal 0.816497 0.57735 -2.05116e-16
    outer loop
      vertex -33.1701 11.547 10
      vertex -29.0876 5.7735 20
      vertex -33.1701 11.547 -2.73432e-15
    endloop
  endfacet
  facet normal 0.816497 0.57735 -2.05116e-16
    outer loop
      vertex -33.1701 11.547 -2.73432e-15
      vertex -37.2526 17.3205 20
      vertex -33.1701 11.547 10
    endloop
  endfacet
  facet normal 0.816497 0.57735 -2.74766e-16
    outer loop
      vertex -25.0051 -8.2825e-15 20
      vertex -29.0876 5.7735 20
      vertex -33.1701 11.547 40
    endloop
  endfacet
  facet normal 0.816497 0.57735 2.35514e-16
    outer loop
      vertex -25.0051 -8.2825e-15 20
      vertex -33.1701 11.547 -2.73432e-15
      vertex -29.0876 5.7735 20
    endloop
  endfacet
  facet normal 0.816497 0.57735 -1.17757e-16
    outer loop
      vertex -29.0876 5.7735 20
      vertex -33.1701 11.547 30
      vertex -33.1701 11.547 40
    endloop
  endfacet
  facet normal 0.816497 0.57735 -1.02558e-16
    outer loop
      vertex -33.1701 11.547 30
      vertex -37.2526 17.3205 20
      vertex -33.1701 11.547 40
    endloop
  endfacet
  facet normal 0.816497 -0.288675 0.5
    outer loop
      vertex -61.7474 17.3205 20
      vertex -55.6237 8.66025 5
      vertex -57.665 20.2073 15
    endloop
  endfacet
  facet normal 0.816497 -0.288675 0.5
    outer loop
      vertex -57.665 20.2073 15
      vertex -55.6237 8.66025 5
      vertex -53.5825 14.4338 5
    endloop
  endfacet
  facet normal -1.78695e-16 -0.866025 -0.5
    outer loop
      vertex -57.665 20.2073 15
      vertex -45.4175 20.2073 15
      vertex -43.3763 17.3205 20
    endloop
  endfacet
  facet normal -7.07839e-17 -0.866025 -0.5
    outer loop
      vertex -61.7474 17.3205 20
      vertex -57.665 20.2073 15
      vertex -43.3763 17.3205 20
    endloop
  endfacet
  facet normal -0.816497 -0.57735 -2.94392e-16
    outer loop
      vertex -37.2526 8.66025 5
      vertex -43.3763 17.3205 20
      vertex -41.335 14.4338 5
    endloop
  endfacet
  facet normal -0.816497 -0.57735 -2.64953e-16
    outer loop
      vertex -41.335 14.4338 5
      vertex -43.3763 17.3205 20
      vertex -45.4175 20.2073 15
    endloop
  endfacet
  facet normal -7.25195e-17 -5.1279e-17 1
    outer loop
      vertex -37.2526 8.66025 5
      vertex -41.335 14.4338 5
      vertex -53.5825 14.4338 5
    endloop
  endfacet
  facet normal -4.83463e-17 1.7093e-17 1
    outer loop
      vertex -55.6237 8.66025 5
      vertex -37.2526 8.66025 5
      vertex -53.5825 14.4338 5
    endloop
  endfacet
  facet normal 0.816497 -0.288675 0.5
    outer loop
      vertex -33.1701 -14.4338 25
      vertex -41.335 -11.547 40
      vertex -33.1701 -23.094 20
    endloop
  endfacet
  facet normal 0.816497 -0.288675 0.5
    outer loop
      vertex -37.2526 -8.66025 35
      vertex -33.1701 2.88675 35
      vertex -33.1701 11.547 40
    endloop
  endfacet
  facet normal 0.816497 -0.288675 0.5
    outer loop
      vertex -37.2526 -8.66025 35
      vertex -41.335 -11.547 40
      vertex -33.1701 -14.4338 25
    endloop
  endfacet
  facet normal 0.816497 -0.288675 0.5
    outer loop
      vertex -33.1701 11.547 40
      vertex -41.335 -11.547 40
      vertex -37.2526 -8.66025 35
    endloop
  endfacet
  facet normal 0.816497 -0.288675 0.5
    outer loop
      vertex -25.0051 -8.2825e-15 20
      vertex -33.1701 11.547 40
      vertex -33.1701 2.88675 35
    endloop
  endfacet
  facet normal 0.816497 -0.288675 0.5
    outer loop
      vertex -25.0051 -8.2825e-15 20
      vertex -29.0876 -2.88675 25
      vertex -33.1701 -23.094 20
    endloop
  endfacet
  facet normal 0.816497 -0.288675 0.5
    outer loop
      vertex -25.0051 -8.2825e-15 20
      vertex -33.1701 2.88675 35
      vertex -29.0876 -2.88675 25
    endloop
  endfacet
  facet normal 0.816497 -0.288675 0.5
    outer loop
      vertex -29.0876 -2.88675 25
      vertex -33.1701 -14.4338 25
      vertex -33.1701 -23.094 20
    endloop
  endfacet
  facet normal -0 0 -1
    outer loop
      vertex -55.6237 8.66025 35
      vertex -53.5825 14.4338 35
      vertex -37.2526 8.66025 35
    endloop
  endfacet
  facet normal 0 0 -1
    outer loop
      vertex -41.335 14.4338 35
      vertex -37.2526 8.66025 35
      vertex -53.5825 14.4338 35
    endloop
  endfacet
  facet normal 0.816497 -0.288675 -0.5
    outer loop
      vertex -57.665 20.2073 25
      vertex -53.5825 14.4338 35
      vertex -55.6237 8.66025 35
    endloop
  endfacet
  facet normal 0.816497 -0.288675 -0.5
    outer loop
      vertex -61.7474 17.3205 20
      vertex -57.665 20.2073 25
      vertex -55.6237 8.66025 35
    endloop
  endfacet
  facet normal -0.816497 -0.57735 1.17757e-16
    outer loop
      vertex -43.3763 17.3205 20
      vertex -37.2526 8.66025 35
      vertex -41.335 14.4338 35
    endloop
  endfacet
  facet normal -0.816497 -0.57735 1.76635e-16
    outer loop
      vertex -41.335 14.4338 35
      vertex -45.4175 20.2073 25
      vertex -43.3763 17.3205 20
    endloop
  endfacet
  facet normal -2.4042e-16 -0.866025 0.5
    outer loop
      vertex -43.3763 17.3205 20
      vertex -45.4175 20.2073 25
      vertex -57.665 20.2073 25
    endloop
  endfacet
  facet normal -2.64169e-16 -0.866025 0.5
    outer loop
      vertex -43.3763 17.3205 20
      vertex -57.665 20.2073 25
      vertex -61.7474 17.3205 20
    endloop
  endfacet
  facet normal -3.88631e-17 0.866025 -0.5
    outer loop
      vertex -45.4175 -5.7735 40
      vertex -43.3763 -8.66025 35
      vertex -57.665 -5.7735 40
    endloop
  endfacet
  facet normal 1.67477e-16 0.866025 -0.5
    outer loop
      vertex -61.7474 -8.66025 35
      vertex -57.665 -5.7735 40
      vertex -43.3763 -8.66025 35
    endloop
  endfacet
  facet normal 0.816497 -0.288675 -0.5
    outer loop
      vertex -53.5825 5.7735 40
      vertex -61.7474 -8.66025 35
      vertex -55.6237 8.66025 35
    endloop
  endfacet
  facet normal 0.816497 -0.288675 -0.5
    outer loop
      vertex -57.665 -5.7735 40
      vertex -61.7474 -8.66025 35
      vertex -53.5825 5.7735 40
    endloop
  endfacet
  facet normal -0.816497 0.288675 -0.5
    outer loop
      vertex -37.2526 8.66025 35
      vertex -43.3763 -8.66025 35
      vertex -41.335 5.7735 40
    endloop
  endfacet
  facet normal -0.816497 0.288675 -0.5
    outer loop
      vertex -41.335 5.7735 40
      vertex -43.3763 -8.66025 35
      vertex -45.4175 -5.7735 40
    endloop
  endfacet
  facet normal -2.4042e-16 -0.866025 -0.5
    outer loop
      vertex -55.6237 8.66025 35
      vertex -41.335 5.7735 40
      vertex -53.5825 5.7735 40
    endloop
  endfacet
  facet normal -1.41568e-16 -0.866025 -0.5
    outer loop
      vertex -55.6237 8.66025 35
      vertex -37.2526 8.66025 35
      vertex -41.335 5.7735 40
    endloop
  endfacet
  facet normal 0.816497 0.57735 2.42874e-16
    outer loop
      vertex -57.665 -14.4338 35
      vertex -53.5825 -20.2073 25
      vertex -55.6237 -17.3205 20
    endloop
  endfacet
  facet normal 0.816497 0.57735 3.53271e-16
    outer loop
      vertex -61.7474 -8.66025 35
      vertex -57.665 -14.4338 35
      vertex -55.6237 -17.3205 20
    endloop
  endfacet
  facet normal 1.06176e-16 0.866025 0.5
    outer loop
      vertex -41.335 -20.2073 25
      vertex -37.2526 -17.3205 20
      vertex -53.5825 -20.2073 25
    endloop
  endfacet
  facet normal 6.97819e-17 0.866025 0.5
    outer loop
      vertex -53.5825 -20.2073 25
      vertex -37.2526 -17.3205 20
      vertex -55.6237 -17.3205 20
    endloop
  endfacet
  facet normal -0.816497 0.288675 -0.5
    outer loop
      vertex -43.3763 -8.66025 35
      vertex -37.2526 -17.3205 20
      vertex -41.335 -20.2073 25
    endloop
  endfacet
  facet normal -0.816497 0.288675 -0.5
    outer loop
      vertex -43.3763 -8.66025 35
      vertex -41.335 -20.2073 25
      vertex -45.4175 -14.4338 35
    endloop
  endfacet
  facet normal 0 -0 -1
    outer loop
      vertex -45.4175 -14.4338 35
      vertex -57.665 -14.4338 35
      vertex -43.3763 -8.66025 35
    endloop
  endfacet
  facet normal 0 0 -1
    outer loop
      vertex -43.3763 -8.66025 35
      vertex -57.665 -14.4338 35
      vertex -61.7474 -8.66025 35
    endloop
  endfacet
  facet normal 0.816497 0.57735 -1.98715e-16
    outer loop
      vertex -55.6237 -17.3205 20
      vertex -53.5825 -20.2073 15
      vertex -57.665 -14.4338 5
    endloop
  endfacet
  facet normal 0.816497 0.57735 -1.76635e-16
    outer loop
      vertex -55.6237 -17.3205 20
      vertex -57.665 -14.4338 5
      vertex -61.7474 -8.66025 5
    endloop
  endfacet
  facet normal 7.25195e-17 1.28198e-16 1
    outer loop
      vertex -57.665 -14.4338 5
      vertex -45.4175 -14.4338 5
      vertex -43.3763 -8.66025 5
    endloop
  endfacet
  facet normal 9.66926e-17 6.8372e-17 1
    outer loop
      vertex -61.7474 -8.66025 5
      vertex -57.665 -14.4338 5
      vertex -43.3763 -8.66025 5
    endloop
  endfacet
  facet normal -0.816497 0.288675 0.5
    outer loop
      vertex -41.335 -20.2073 15
      vertex -37.2526 -17.3205 20
      vertex -43.3763 -8.66025 5
    endloop
  endfacet
  facet normal -0.816497 0.288675 0.5
    outer loop
      vertex -41.335 -20.2073 15
      vertex -43.3763 -8.66025 5
      vertex -45.4175 -14.4338 5
    endloop
  endfacet
  facet normal 2.64169e-16 0.866025 -0.5
    outer loop
      vertex -55.6237 -17.3205 20
      vertex -37.2526 -17.3205 20
      vertex -41.335 -20.2073 15
    endloop
  endfacet
  facet normal 3.20561e-16 0.866025 -0.5
    outer loop
      vertex -55.6237 -17.3205 20
      vertex -41.335 -20.2073 15
      vertex -53.5825 -20.2073 15
    endloop
  endfacet
  facet normal 0.816497 -0.288675 0.5
    outer loop
      vertex -57.665 -5.7735 1.97595e-15
      vertex -53.5825 5.7735 4.05861e-16
      vertex -55.6237 8.66025 5
    endloop
  endfacet
  facet normal 0.816497 -0.288675 0.5
    outer loop
      vertex -55.6237 8.66025 5
      vertex -61.7474 -8.66025 5
      vertex -57.665 -5.7735 1.97595e-15
    endloop
  endfacet
  facet normal -1.87116e-16 -0.866025 0.5
    outer loop
      vertex -53.5825 5.7735 4.05861e-16
      vertex -41.335 5.7735 -1.16423e-15
      vertex -37.2526 8.66025 5
    endloop
  endfacet
  facet normal -1.9165e-16 -0.866025 0.5
    outer loop
      vertex -55.6237 8.66025 5
      vertex -53.5825 5.7735 4.05861e-16
      vertex -37.2526 8.66025 5
    endloop
  endfacet
  facet normal -0.816497 0.288675 0.5
    outer loop
      vertex -43.3763 -8.66025 5
      vertex -37.2526 8.66025 5
      vertex -41.335 5.7735 -1.16423e-15
    endloop
  endfacet
  facet normal -0.816497 0.288675 0.5
    outer loop
      vertex -43.3763 -8.66025 5
      vertex -41.335 5.7735 -1.16423e-15
      vertex -45.4175 -5.7735 4.05861e-16
    endloop
  endfacet
  facet normal 3.14018e-16 0.866025 0.5
    outer loop
      vertex -45.4175 -5.7735 4.05861e-16
      vertex -61.7474 -8.66025 5
      vertex -43.3763 -8.66025 5
    endloop
  endfacet
  facet normal 3.15314e-16 0.866025 0.5
    outer loop
      vertex -57.665 -5.7735 1.97595e-15
      vertex -61.7474 -8.66025 5
      vertex -45.4175 -5.7735 4.05861e-16
    endloop
  endfacet
  facet normal 0 -5.1279e-17 1
    outer loop
      vertex -37.2526 8.66025 5
      vertex -43.3763 -8.66025 5
      vertex -37.2526 -8.66025 5
    endloop
  endfacet
  facet normal -7.25195e-17 -5.1279e-17 1
    outer loop
      vertex -37.2526 -8.66025 5
      vertex -33.1701 2.88675 5
      vertex -37.2526 8.66025 5
    endloop
  endfacet
  facet normal 5.29906e-16 0.866025 0.5
    outer loop
      vertex -37.2526 -17.3205 20
      vertex -33.1701 -14.4338 15
      vertex -37.2526 -8.66025 5
    endloop
  endfacet
  facet normal 0 0.866025 0.5
    outer loop
      vertex -37.2526 -17.3205 20
      vertex -37.2526 -8.66025 5
      vertex -43.3763 -8.66025 5
    endloop
  endfacet
  facet normal -0.816497 -0.57735 -5.88785e-17
    outer loop
      vertex -29.0876 -2.88675 15
      vertex -31.1288 -6.89174e-15 20
      vertex -33.1701 2.88675 5
    endloop
  endfacet
  facet normal -0.676988 -0.625374 0.388065
    outer loop
      vertex -31.1288 -5.25039e-15 20
      vertex -31.1288 -6.89174e-15 20
      vertex -31.1288 -3.04582e-15 20
    endloop
  endfacet
  facet normal -8.32667e-17 -2.22045e-16 -3.1225e-17
    outer loop
      vertex -33.1701 2.88675 5
      vertex -31.1288 -6.89174e-15 20
      vertex -31.1288 -5.25039e-15 20
    endloop
  endfacet
  facet normal -0.816497 -0.57735 -2.94392e-16
    outer loop
      vertex -37.2526 8.66025 5
      vertex -33.1701 2.88675 5
      vertex -31.1288 -5.25039e-15 20
    endloop
  endfacet
  facet normal -5.63223e-17 0 -2.29935e-17
    outer loop
      vertex -31.1288 -6.89174e-15 20
      vertex -29.0876 -2.88675 15
      vertex -31.1288 -7.17336e-15 20
    endloop
  endfacet
  facet normal -0.816497 0.288675 -0.5
    outer loop
      vertex -31.1288 -7.17336e-15 20
      vertex -29.0876 -2.88675 15
      vertex -33.1701 -14.4338 15
    endloop
  endfacet
  facet normal -0.816497 0.288675 -0.5
    outer loop
      vertex -31.1288 -7.17336e-15 20
      vertex -33.1701 -14.4338 15
      vertex -37.2526 -17.3205 20
    endloop
  endfacet
  facet normal 3.53271e-16 -0.866025 -0.5
    outer loop
      vertex -37.2526 17.3205 20
      vertex -33.1701 11.547 30
      vertex -37.2526 8.66025 35
    endloop
  endfacet
  facet normal -7.92507e-16 -0.866025 -0.5
    outer loop
      vertex -43.3763 17.3205 20
      vertex -37.2526 17.3205 20
      vertex -37.2526 8.66025 35
    endloop
  endfacet
  facet normal 8.83177e-17 -0.866025 0.5
    outer loop
      vertex -37.2526 8.66025 5
      vertex -33.1701 11.547 10
      vertex -37.2526 17.3205 20
    endloop
  endfacet
  facet normal -2.12352e-16 -0.866025 0.5
    outer loop
      vertex -43.3763 17.3205 20
      vertex -37.2526 8.66025 5
      vertex -37.2526 17.3205 20
    endloop
  endfacet
  facet normal -0.816497 0.288675 -0.5
    outer loop
      vertex -29.0876 5.7735 20
      vertex -31.1288 -5.25039e-15 20
      vertex -33.1701 11.547 30
    endloop
  endfacet
  facet normal -2.22045e-16 -5.55112e-17 2.77556e-17
    outer loop
      vertex -33.1701 11.547 30
      vertex -31.1288 -5.25039e-15 20
      vertex -31.1288 -3.04582e-15 20
    endloop
  endfacet
  facet normal -0.816497 0.288675 -0.5
    outer loop
      vertex -33.1701 11.547 30
      vertex -31.1288 -3.04582e-15 20
      vertex -37.2526 8.66025 35
    endloop
  endfacet
  facet normal -0.816497 0.288675 0.5
    outer loop
      vertex -29.0876 5.7735 20
      vertex -33.1701 11.547 10
      vertex -31.1288 -5.25039e-15 20
    endloop
  endfacet
  facet normal -0.816497 0.288675 0.5
    outer loop
      vertex -31.1288 -5.25039e-15 20
      vertex -33.1701 11.547 10
      vertex -37.2526 8.66025 5
    endloop
  endfacet
  facet normal 2.51215e-16 0.866025 -0.5
    outer loop
      vertex -43.3763 -8.66025 35
      vertex -37.2526 -8.66025 35
      vertex -33.1701 -14.4338 25
    endloop
  endfacet
  facet normal 7.06542e-16 0.866025 -0.5
    outer loop
      vertex -43.3763 -8.66025 35
      vertex -33.1701 -14.4338 25
      vertex -37.2526 -17.3205 20
    endloop
  endfacet
  facet normal -0.816497 0.288675 0.5
    outer loop
      vertex -29.0876 -2.88675 25
      vertex -31.1288 -7.17336e-15 20
      vertex -33.1701 -14.4338 25
    endloop
  endfacet
  facet normal -0.816497 0.288675 0.5
    outer loop
      vertex -33.1701 -14.4338 25
      vertex -31.1288 -7.17336e-15 20
      vertex -37.2526 -17.3205 20
    endloop
  endfacet
  facet normal -5.63223e-17 0 2.29935e-17
    outer loop
      vertex -31.1288 -6.89174e-15 20
      vertex -31.1288 -7.17336e-15 20
      vertex -29.0876 -2.88675 25
    endloop
  endfacet
  facet normal -7.69185e-16 -7.10543e-16 -9.62135e-17
    outer loop
      vertex -31.1288 -6.89174e-15 20
      vertex -29.0876 -2.88675 25
      vertex -31.1288 -3.04582e-15 20
    endloop
  endfacet
  facet normal -0.816497 -0.57735 1.37383e-16
    outer loop
      vertex -29.0876 -2.88675 25
      vertex -33.1701 2.88675 35
      vertex -31.1288 -3.04582e-15 20
    endloop
  endfacet
  facet normal -0.816497 -0.57735 1.17757e-16
    outer loop
      vertex -33.1701 2.88675 35
      vertex -37.2526 8.66025 35
      vertex -31.1288 -3.04582e-15 20
    endloop
  endfacet
  facet normal 0 0 -1
    outer loop
      vertex -33.1701 2.88675 35
      vertex -37.2526 -8.66025 35
      vertex -37.2526 8.66025 35
    endloop
  endfacet
  facet normal 0 0 -1
    outer loop
      vertex -37.2526 8.66025 35
      vertex -37.2526 -8.66025 35
      vertex -43.3763 -8.66025 35
    endloop
  endfacet
  facet normal -0.816497 0.288675 0.5
    outer loop
      vertex -28.7474 8.66025 35
      vertex -32.8299 23.094 20
      vertex -32.8299 14.4338 25
    endloop
  endfacet
  facet normal -0.816497 0.288675 0.5
    outer loop
      vertex -28.7474 8.66025 35
      vertex -32.8299 -11.547 40
      vertex -24.665 11.547 40
    endloop
  endfacet
  facet normal -0.816497 0.288675 0.5
    outer loop
      vertex -40.9949 8.2825e-15 20
      vertex -32.8299 -11.547 40
      vertex -32.8299 -2.88675 35
    endloop
  endfacet
  facet normal -0.816497 0.288675 0.5
    outer loop
      vertex -40.9949 8.2825e-15 20
      vertex -32.8299 -2.88675 35
      vertex -36.9124 2.88675 25
    endloop
  endfacet
  facet normal -0.816497 0.288675 0.5
    outer loop
      vertex -40.9949 8.2825e-15 20
      vertex -36.9124 2.88675 25
      vertex -32.8299 23.094 20
    endloop
  endfacet
  facet normal -0.816497 0.288675 0.5
    outer loop
      vertex -36.9124 2.88675 25
      vertex -32.8299 14.4338 25
      vertex -32.8299 23.094 20
    endloop
  endfacet
  facet normal -0.816497 0.288675 0.5
    outer loop
      vertex -32.8299 23.094 20
      vertex -28.7474 8.66025 35
      vertex -24.665 11.547 40
    endloop
  endfacet
  facet normal -0.816497 0.288675 0.5
    outer loop
      vertex -32.8299 -2.88675 35
      vertex -32.8299 -11.547 40
      vertex -28.7474 8.66025 35
    endloop
  endfacet
  facet normal -0.816497 -0.57735 2.05116e-16
    outer loop
      vertex -32.8299 -11.547 30
      vertex -32.8299 -11.547 40
      vertex -36.9124 -5.7735 20
    endloop
  endfacet
  facet normal -0.816497 -0.57735 5.88785e-17
    outer loop
      vertex -28.7474 -17.3205 20
      vertex -32.8299 -11.547 3.54605e-15
      vertex -24.665 -23.094 20
    endloop
  endfacet
  facet normal -0.816497 -0.57735 0
    outer loop
      vertex -40.9949 8.2825e-15 20
      vertex -32.8299 -11.547 3.54605e-15
      vertex -32.8299 -11.547 10
    endloop
  endfacet
  facet normal -0.816497 -0.57735 5.23364e-16
    outer loop
      vertex -40.9949 8.2825e-15 20
      vertex -32.8299 -11.547 10
      vertex -36.9124 -5.7735 20
    endloop
  endfacet
  facet normal -0.816497 -0.57735 -2.35514e-16
    outer loop
      vertex -40.9949 8.2825e-15 20
      vertex -36.9124 -5.7735 20
      vertex -32.8299 -11.547 40
    endloop
  endfacet
  facet normal -0.816497 -0.57735 2.05116e-16
    outer loop
      vertex -32.8299 -11.547 40
      vertex -32.8299 -11.547 30
      vertex -24.665 -23.094 20
    endloop
  endfacet
  facet normal -0.816497 -0.57735 -1.04673e-16
    outer loop
      vertex -32.8299 -11.547 30
      vertex -28.7474 -17.3205 20
      vertex -24.665 -23.094 20
    endloop
  endfacet
  facet normal -0.816497 -0.57735 1.02558e-16
    outer loop
      vertex -32.8299 -11.547 10
      vertex -32.8299 -11.547 3.54605e-15
      vertex -28.7474 -17.3205 20
    endloop
  endfacet
  facet normal -0.816497 0.288675 -0.5
    outer loop
      vertex -28.7474 8.66025 5
      vertex -32.8299 23.094 20
      vertex -24.665 11.547 4.05861e-16
    endloop
  endfacet
  facet normal -0.816497 0.288675 -0.5
    outer loop
      vertex -40.9949 8.2825e-15 20
      vertex -32.8299 23.094 20
      vertex -36.9124 2.88675 15
    endloop
  endfacet
  facet normal -0.816497 0.288675 -0.5
    outer loop
      vertex -40.9949 8.2825e-15 20
      vertex -36.9124 2.88675 15
      vertex -32.8299 -11.547 3.54605e-15
    endloop
  endfacet
  facet normal -0.816497 0.288675 -0.5
    outer loop
      vertex -28.7474 8.66025 5
      vertex -32.8299 -11.547 3.54605e-15
      vertex -32.8299 -2.88675 5
    endloop
  endfacet
  facet normal -0.816497 0.288675 -0.5
    outer loop
      vertex -36.9124 2.88675 15
      vertex -32.8299 -2.88675 5
      vertex -32.8299 -11.547 3.54605e-15
    endloop
  endfacet
  facet normal -0.816497 0.288675 -0.5
    outer loop
      vertex -32.8299 14.4338 15
      vertex -32.8299 23.094 20
      vertex -28.7474 8.66025 5
    endloop
  endfacet
  facet normal -0.816497 0.288675 -0.5
    outer loop
      vertex -32.8299 -11.547 3.54605e-15
      vertex -28.7474 8.66025 5
      vertex -24.665 11.547 4.05861e-16
    endloop
  endfacet
  facet normal -0.816497 0.288675 -0.5
    outer loop
      vertex -36.9124 2.88675 15
      vertex -32.8299 23.094 20
      vertex -32.8299 14.4338 15
    endloop
  endfacet
  facet normal 3.9743e-16 0.866025 -0.5
    outer loop
      vertex -8.33503 14.4338 5
      vertex -8.33503 23.094 20
      vertex -0.170068 11.547 -2.73432e-15
    endloop
  endfacet
  facet normal 2.51215e-16 0.866025 -0.5
    outer loop
      vertex -32.8299 23.094 20
      vertex -8.33503 23.094 20
      vertex -24.665 20.2073 15
    endloop
  endfacet
  facet normal 3.92523e-16 0.866025 -0.5
    outer loop
      vertex -32.8299 23.094 20
      vertex -24.665 20.2073 15
      vertex -24.665 11.547 4.05861e-16
    endloop
  endfacet
  facet normal -1.57009e-16 0.866025 -0.5
    outer loop
      vertex -12.4175 20.2073 15
      vertex -8.33503 23.094 20
      vertex -8.33503 14.4338 5
    endloop
  endfacet
  facet normal 3.12723e-16 0.866025 -0.5
    outer loop
      vertex -24.665 11.547 4.05861e-16
      vertex -20.5825 14.4338 5
      vertex -0.170068 11.547 -2.73432e-15
    endloop
  endfacet
  facet normal 2.87475e-16 0.866025 -0.5
    outer loop
      vertex -20.5825 14.4338 5
      vertex -8.33503 14.4338 5
      vertex -0.170068 11.547 -2.73432e-15
    endloop
  endfacet
  facet normal 3.23734e-16 0.866025 -0.5
    outer loop
      vertex -24.665 20.2073 15
      vertex -8.33503 23.094 20
      vertex -12.4175 20.2073 15
    endloop
  endfacet
  facet normal 1.57009e-16 0.866025 -0.5
    outer loop
      vertex -20.5825 14.4338 5
      vertex -24.665 11.547 4.05861e-16
      vertex -24.665 20.2073 15
    endloop
  endfacet
  facet normal 2.51215e-16 0.866025 0.5
    outer loop
      vertex -24.665 20.2073 25
      vertex -12.4175 20.2073 25
      vertex -8.33503 23.094 20
    endloop
  endfacet
  facet normal 1.83995e-16 0.866025 0.5
    outer loop
      vertex -20.5825 14.4338 35
      vertex -24.665 11.547 40
      vertex -0.170068 11.547 40
    endloop
  endfacet
  facet normal 1.57009e-16 0.866025 0.5
    outer loop
      vertex -32.8299 23.094 20
      vertex -24.665 11.547 40
      vertex -20.5825 14.4338 35
    endloop
  endfacet
  facet normal 2.51215e-16 0.866025 0.5
    outer loop
      vertex -8.33503 14.4338 35
      vertex -20.5825 14.4338 35
      vertex -0.170068 11.547 40
    endloop
  endfacet
  facet normal 8.83177e-17 0.866025 0.5
    outer loop
      vertex -32.8299 23.094 20
      vertex -20.5825 14.4338 35
      vertex -24.665 20.2073 25
    endloop
  endfacet
  facet normal 2.51215e-16 0.866025 0.5
    outer loop
      vertex -32.8299 23.094 20
      vertex -24.665 20.2073 25
      vertex -8.33503 23.094 20
    endloop
  endfacet
  facet normal 2.35514e-16 0.866025 0.5
    outer loop
      vertex -8.33503 23.094 20
      vertex -12.4175 20.2073 25
      vertex -0.170068 11.547 40
    endloop
  endfacet
  facet normal 0 0.866025 0.5
    outer loop
      vertex -12.4175 20.2073 25
      vertex -8.33503 14.4338 35
      vertex -0.170068 11.547 40
    endloop
  endfacet
  facet normal 2.90078e-16 -4.10232e-16 1
    outer loop
      vertex -24.665 -5.7735 40
      vertex -32.8299 -11.547 40
      vertex -8.33503 -11.547 40
    endloop
  endfacet
  facet normal -2.90078e-16 4.10232e-16 1
    outer loop
      vertex -24.665 11.547 40
      vertex -32.8299 -11.547 40
      vertex -24.665 -5.7735 40
    endloop
  endfacet
  facet normal 0 0 1
    outer loop
      vertex -20.5825 5.7735 40
      vertex -8.33503 5.7735 40
      vertex -24.665 11.547 40
    endloop
  endfacet
  facet normal 5.80156e-16 4.10232e-16 1
    outer loop
      vertex -24.665 11.547 40
      vertex -24.665 -5.7735 40
      vertex -20.5825 5.7735 40
    endloop
  endfacet
  facet normal 0 0 1
    outer loop
      vertex -0.170068 11.547 40
      vertex -8.33503 5.7735 40
      vertex -8.33503 -11.547 40
    endloop
  endfacet
  facet normal -0 0 1
    outer loop
      vertex -0.170068 11.547 40
      vertex -24.665 11.547 40
      vertex -8.33503 5.7735 40
    endloop
  endfacet
  facet normal 0 0 1
    outer loop
      vertex -8.33503 5.7735 40
      vertex -12.4175 -5.7735 40
      vertex -8.33503 -11.547 40
    endloop
  endfacet
  facet normal 5.80156e-16 4.10232e-16 1
    outer loop
      vertex -12.4175 -5.7735 40
      vertex -24.665 -5.7735 40
      vertex -8.33503 -11.547 40
    endloop
  endfacet
  facet normal -8.83177e-17 -0.866025 0.5
    outer loop
      vertex -24.665 -14.4338 35
      vertex -32.8299 -11.547 40
      vertex -24.665 -23.094 20
    endloop
  endfacet
  facet normal -2.51215e-16 -0.866025 0.5
    outer loop
      vertex -0.170068 -23.094 20
      vertex -20.5825 -20.2073 25
      vertex -24.665 -23.094 20
    endloop
  endfacet
  facet normal -2.31783e-16 -0.866025 0.5
    outer loop
      vertex -8.33503 -11.547 40
      vertex -32.8299 -11.547 40
      vertex -24.665 -14.4338 35
    endloop
  endfacet
  facet normal -3.92523e-16 -0.866025 0.5
    outer loop
      vertex -12.4175 -14.4338 35
      vertex -8.33503 -20.2073 25
      vertex -8.33503 -11.547 40
    endloop
  endfacet
  facet normal -2.61682e-16 -0.866025 0.5
    outer loop
      vertex -8.33503 -11.547 40
      vertex -24.665 -14.4338 35
      vertex -12.4175 -14.4338 35
    endloop
  endfacet
  facet normal -4.08878e-16 -0.866025 0.5
    outer loop
      vertex -0.170068 -23.094 20
      vertex -8.33503 -20.2073 25
      vertex -20.5825 -20.2073 25
    endloop
  endfacet
  facet normal -1.57009e-16 -0.866025 0.5
    outer loop
      vertex -0.170068 -23.094 20
      vertex -8.33503 -11.547 40
      vertex -8.33503 -20.2073 25
    endloop
  endfacet
  facet normal 0 -0.866025 0.5
    outer loop
      vertex -20.5825 -20.2073 25
      vertex -24.665 -14.4338 35
      vertex -24.665 -23.094 20
    endloop
  endfacet
  facet normal 0 0 -1
    outer loop
      vertex -28.7474 8.66025 35
      vertex -22.6237 8.66025 35
      vertex -28.7474 -8.66025 35
    endloop
  endfacet
  facet normal 0 -0 -1
    outer loop
      vertex -28.7474 -8.66025 35
      vertex -32.8299 -2.88675 35
      vertex -28.7474 8.66025 35
    endloop
  endfacet
  facet normal 0.816497 0.57735 2.94392e-17
    outer loop
      vertex -32.8299 -2.88675 35
      vertex -28.7474 -8.66025 35
      vertex -34.8712 5.25039e-15 20
    endloop
  endfacet
  facet normal 6.38421e-17 -3.22309e-17 -1.48906e-17
    outer loop
      vertex -34.8712 6.89174e-15 20
      vertex -32.8299 -2.88675 35
      vertex -34.8712 5.25039e-15 20
    endloop
  endfacet
  facet normal 1 0 0
    outer loop
      vertex -34.8712 3.04582e-15 20
      vertex -34.8712 6.89174e-15 20
      vertex -34.8712 5.25039e-15 20
    endloop
  endfacet
  facet normal 0.816497 0.57735 7.7278e-17
    outer loop
      vertex -34.8712 6.89174e-15 20
      vertex -36.9124 2.88675 25
      vertex -32.8299 -2.88675 35
    endloop
  endfacet
  facet normal 0 -0.866025 -0.5
    outer loop
      vertex -22.6237 8.66025 35
      vertex -28.7474 8.66025 35
      vertex -28.7474 17.3205 20
    endloop
  endfacet
  facet normal -8.83177e-16 -0.866025 -0.5
    outer loop
      vertex -28.7474 8.66025 35
      vertex -32.8299 14.4338 25
      vertex -28.7474 17.3205 20
    endloop
  endfacet
  facet normal 0.816497 -0.288675 0.5
    outer loop
      vertex -32.8299 14.4338 25
      vertex -34.8712 7.17336e-15 20
      vertex -28.7474 17.3205 20
    endloop
  endfacet
  facet normal 0.816497 -0.288675 0.5
    outer loop
      vertex -36.9124 2.88675 25
      vertex -34.8712 7.17336e-15 20
      vertex -32.8299 14.4338 25
    endloop
  endfacet
  facet normal 5.63223e-17 0 2.29935e-17
    outer loop
      vertex -34.8712 6.89174e-15 20
      vertex -34.8712 7.17336e-15 20
      vertex -36.9124 2.88675 25
    endloop
  endfacet
  facet normal -2.74766e-16 -0.866025 -0.5
    outer loop
      vertex -24.665 -14.4338 5
      vertex -32.8299 -11.547 3.54605e-15
      vertex -8.33503 -11.547 4.05861e-16
    endloop
  endfacet
  facet normal -3.14018e-16 -0.866025 -0.5
    outer loop
      vertex -20.5825 -20.2073 15
      vertex -24.665 -23.094 20
      vertex -24.665 -14.4338 5
    endloop
  endfacet
  facet normal -2.87475e-16 -0.866025 -0.5
    outer loop
      vertex -12.4175 -14.4338 5
      vertex -24.665 -14.4338 5
      vertex -8.33503 -11.547 4.05861e-16
    endloop
  endfacet
  facet normal -1.57009e-16 -0.866025 -0.5
    outer loop
      vertex -24.665 -23.094 20
      vertex -32.8299 -11.547 3.54605e-15
      vertex -24.665 -14.4338 5
    endloop
  endfacet
  facet normal -2.51215e-16 -0.866025 -0.5
    outer loop
      vertex -0.170068 -23.094 20
      vertex -24.665 -23.094 20
      vertex -20.5825 -20.2073 15
    endloop
  endfacet
  facet normal -3.92523e-16 -0.866025 -0.5
    outer loop
      vertex -0.170068 -23.094 20
      vertex -8.33503 -20.2073 15
      vertex -8.33503 -11.547 4.05861e-16
    endloop
  endfacet
  facet normal -1.63551e-16 -0.866025 -0.5
    outer loop
      vertex -0.170068 -23.094 20
      vertex -20.5825 -20.2073 15
      vertex -8.33503 -20.2073 15
    endloop
  endfacet
  facet normal -3.53271e-16 -0.866025 -0.5
    outer loop
      vertex -8.33503 -20.2073 15
      vertex -12.4175 -14.4338 5
      vertex -8.33503 -11.547 4.05861e-16
    endloop
  endfacet
  facet normal -1.28198e-16 -9.06493e-17 -1
    outer loop
      vertex -12.4175 -5.7735 4.05861e-16
      vertex -8.33503 -11.547 4.05861e-16
      vertex -24.665 -5.7735 1.97595e-15
    endloop
  endfacet
  facet normal -1.28198e-16 -9.06493e-17 -1
    outer loop
      vertex -8.33503 5.7735 -1.16423e-15
      vertex -24.665 11.547 4.05861e-16
      vertex -0.170068 11.547 -2.73432e-15
    endloop
  endfacet
  facet normal -1.28198e-16 -9.06493e-17 -1
    outer loop
      vertex -32.8299 -11.547 3.54605e-15
      vertex -24.665 11.547 4.05861e-16
      vertex -20.5825 5.7735 4.05861e-16
    endloop
  endfacet
  facet normal -1.28198e-16 -9.06493e-17 -1
    outer loop
      vertex -32.8299 -11.547 3.54605e-15
      vertex -20.5825 5.7735 4.05861e-16
      vertex -24.665 -5.7735 1.97595e-15
    endloop
  endfacet
  facet normal -1.28198e-16 -9.06493e-17 -1
    outer loop
      vertex -32.8299 -11.547 3.54605e-15
      vertex -24.665 -5.7735 1.97595e-15
      vertex -8.33503 -11.547 4.05861e-16
    endloop
  endfacet
  facet normal -1.28198e-16 -9.06493e-17 -1
    outer loop
      vertex -8.33503 -11.547 4.05861e-16
      vertex -12.4175 -5.7735 4.05861e-16
      vertex -0.170068 11.547 -2.73432e-15
    endloop
  endfacet
  facet normal -1.28198e-16 -9.06493e-17 -1
    outer loop
      vertex -12.4175 -5.7735 4.05861e-16
      vertex -8.33503 5.7735 -1.16423e-15
      vertex -0.170068 11.547 -2.73432e-15
    endloop
  endfacet
  facet normal -1.28198e-16 -9.06493e-17 -1
    outer loop
      vertex -20.5825 5.7735 4.05861e-16
      vertex -24.665 11.547 4.05861e-16
      vertex -8.33503 5.7735 -1.16423e-15
    endloop
  endfacet
  facet normal 7.92507e-16 0.866025 0.5
    outer loop
      vertex -28.7474 -17.3205 20
      vertex -22.6237 -17.3205 20
      vertex -28.7474 -8.66025 5
    endloop
  endfacet
  facet normal 1.76635e-16 0.866025 0.5
    outer loop
      vertex -28.7474 -17.3205 20
      vertex -28.7474 -8.66025 5
      vertex -32.8299 -11.547 10
    endloop
  endfacet
  facet normal 0.816497 -0.288675 0.5
    outer loop
      vertex -32.8299 -11.547 10
      vertex -28.7474 -8.66025 5
      vertex -34.8712 3.04582e-15 20
    endloop
  endfacet
  facet normal 0.816497 -0.288675 0.5
    outer loop
      vertex -36.9124 -5.7735 20
      vertex -32.8299 -11.547 10
      vertex -34.8712 5.25039e-15 20
    endloop
  endfacet
  facet normal 1.42331e-16 5.43896e-17 -3.37505e-17
    outer loop
      vertex -34.8712 5.25039e-15 20
      vertex -32.8299 -11.547 10
      vertex -34.8712 3.04582e-15 20
    endloop
  endfacet
  facet normal 2.12352e-16 0.866025 -0.5
    outer loop
      vertex -22.6237 -17.3205 20
      vertex -28.7474 -17.3205 20
      vertex -28.7474 -8.66025 35
    endloop
  endfacet
  facet normal -1.76635e-16 0.866025 -0.5
    outer loop
      vertex -28.7474 -8.66025 35
      vertex -28.7474 -17.3205 20
      vertex -32.8299 -11.547 30
    endloop
  endfacet
  facet normal 0.816497 -0.288675 -0.5
    outer loop
      vertex -34.8712 5.25039e-15 20
      vertex -28.7474 -8.66025 35
      vertex -32.8299 -11.547 30
    endloop
  endfacet
  facet normal 0.816497 -0.288675 -0.5
    outer loop
      vertex -36.9124 -5.7735 20
      vertex -34.8712 5.25039e-15 20
      vertex -32.8299 -11.547 30
    endloop
  endfacet
  facet normal 1.87741e-17 -0 7.66449e-18
    outer loop
      vertex -34.8712 7.17336e-15 20
      vertex -34.8712 6.89174e-15 20
      vertex -28.7474 -8.66025 5
    endloop
  endfacet
  facet normal 2.22045e-16 0 8.32667e-17
    outer loop
      vertex -28.7474 -8.66025 5
      vertex -34.8712 6.89174e-15 20
      vertex -34.8712 3.04582e-15 20
    endloop
  endfacet
  facet normal 0.816497 0.57735 -5.88785e-17
    outer loop
      vertex -34.8712 7.17336e-15 20
      vertex -28.7474 -8.66025 5
      vertex -32.8299 -2.88675 5
    endloop
  endfacet
  facet normal 0.816497 0.57735 -6.62383e-17
    outer loop
      vertex -34.8712 7.17336e-15 20
      vertex -32.8299 -2.88675 5
      vertex -36.9124 2.88675 15
    endloop
  endfacet
  facet normal 0.816497 -0.288675 -0.5
    outer loop
      vertex -32.8299 14.4338 15
      vertex -28.7474 17.3205 20
      vertex -34.8712 7.17336e-15 20
    endloop
  endfacet
  facet normal 0.816497 -0.288675 -0.5
    outer loop
      vertex -36.9124 2.88675 15
      vertex -32.8299 14.4338 15
      vertex -34.8712 7.17336e-15 20
    endloop
  endfacet
  facet normal -2.17558e-16 -0.866025 0.5
    outer loop
      vertex -22.6237 8.66025 5
      vertex -28.7474 17.3205 20
      vertex -28.7474 8.66025 5
    endloop
  endfacet
  facet normal -4.41589e-16 -0.866025 0.5
    outer loop
      vertex -28.7474 17.3205 20
      vertex -32.8299 14.4338 15
      vertex -28.7474 8.66025 5
    endloop
  endfacet
  facet normal 1.45039e-16 5.1279e-17 1
    outer loop
      vertex -28.7474 -8.66025 5
      vertex -22.6237 8.66025 5
      vertex -28.7474 8.66025 5
    endloop
  endfacet
  facet normal 7.25195e-17 5.1279e-17 1
    outer loop
      vertex -32.8299 -2.88675 5
      vertex -28.7474 -8.66025 5
      vertex -28.7474 8.66025 5
    endloop
  endfacet
  facet normal 0.816497 -0.288675 -0.5
    outer loop
      vertex -4.25255 -8.66025 5
      vertex -8.33503 -11.547 4.05861e-16
      vertex -0.170068 11.547 -2.73432e-15
    endloop
  endfacet
  facet normal 0.816497 -0.288675 -0.5
    outer loop
      vertex -0.170068 -23.094 20
      vertex -8.33503 -11.547 4.05861e-16
      vertex -4.25255 -8.66025 5
    endloop
  endfacet
  facet normal 0.816497 -0.288675 -0.5
    outer loop
      vertex 7.9949 -8.2825e-15 20
      vertex -0.170068 -23.094 20
      vertex -0.170068 -14.4338 15
    endloop
  endfacet
  facet normal 0.816497 -0.288675 -0.5
    outer loop
      vertex 7.9949 -8.2825e-15 20
      vertex 3.91241 -2.88675 15
      vertex -0.170068 11.547 -2.73432e-15
    endloop
  endfacet
  facet normal 0.816497 -0.288675 -0.5
    outer loop
      vertex 7.9949 -8.2825e-15 20
      vertex -0.170068 -14.4338 15
      vertex 3.91241 -2.88675 15
    endloop
  endfacet
  facet normal 0.816497 -0.288675 -0.5
    outer loop
      vertex 3.91241 -2.88675 15
      vertex -0.170068 2.88675 5
      vertex -0.170068 11.547 -2.73432e-15
    endloop
  endfacet
  facet normal 0.816497 -0.288675 -0.5
    outer loop
      vertex -4.25255 -8.66025 5
      vertex -0.170068 -14.4338 15
      vertex -0.170068 -23.094 20
    endloop
  endfacet
  facet normal 0.816497 -0.288675 -0.5
    outer loop
      vertex -0.170068 2.88675 5
      vertex -4.25255 -8.66025 5
      vertex -0.170068 11.547 -2.73432e-15
    endloop
  endfacet
  facet normal 0.816497 0.57735 -1.76635e-16
    outer loop
      vertex -4.25255 17.3205 20
      vertex -8.33503 23.094 20
      vertex -0.170068 11.547 40
    endloop
  endfacet
  facet normal 0.816497 0.57735 0
    outer loop
      vertex -0.170068 11.547 -2.73432e-15
      vertex -8.33503 23.094 20
      vertex -4.25255 17.3205 20
    endloop
  endfacet
  facet normal 0.816497 0.57735 -4.64797e-17
    outer loop
      vertex -0.170068 11.547 10
      vertex 3.91241 5.7735 20
      vertex -0.170068 11.547 -2.73432e-15
    endloop
  endfacet
  facet normal 0.816497 0.57735 -4.64797e-17
    outer loop
      vertex -0.170068 11.547 -2.73432e-15
      vertex -4.25255 17.3205 20
      vertex -0.170068 11.547 10
    endloop
  endfacet
  facet normal 0.816497 0.57735 -1.57009e-16
    outer loop
      vertex 7.9949 -8.2825e-15 20
      vertex 3.91241 5.7735 20
      vertex -0.170068 11.547 40
    endloop
  endfacet
  facet normal 0.816497 0.57735 0
    outer loop
      vertex 7.9949 -8.2825e-15 20
      vertex -0.170068 11.547 -2.73432e-15
      vertex 3.91241 5.7735 20
    endloop
  endfacet
  facet normal 0.816497 0.57735 -3.92523e-17
    outer loop
      vertex 3.91241 5.7735 20
      vertex -0.170068 11.547 30
      vertex -0.170068 11.547 40
    endloop
  endfacet
  facet normal 0.816497 0.57735 -8.21619e-17
    outer loop
      vertex -0.170068 11.547 30
      vertex -4.25255 17.3205 20
      vertex -0.170068 11.547 40
    endloop
  endfacet
  facet normal 0.816497 -0.288675 0.5
    outer loop
      vertex -28.7474 17.3205 20
      vertex -22.6237 8.66025 5
      vertex -24.665 20.2073 15
    endloop
  endfacet
  facet normal 0.816497 -0.288675 0.5
    outer loop
      vertex -24.665 20.2073 15
      vertex -22.6237 8.66025 5
      vertex -20.5825 14.4338 5
    endloop
  endfacet
  facet normal -1.78695e-16 -0.866025 -0.5
    outer loop
      vertex -24.665 20.2073 15
      vertex -12.4175 20.2073 15
      vertex -10.3763 17.3205 20
    endloop
  endfacet
  facet normal -7.07839e-17 -0.866025 -0.5
    outer loop
      vertex -28.7474 17.3205 20
      vertex -24.665 20.2073 15
      vertex -10.3763 17.3205 20
    endloop
  endfacet
  facet normal -0.816497 -0.57735 -1.17757e-16
    outer loop
      vertex -4.25255 8.66025 5
      vertex -10.3763 17.3205 20
      vertex -8.33503 14.4338 5
    endloop
  endfacet
  facet normal -0.816497 -0.57735 -2.20794e-17
    outer loop
      vertex -8.33503 14.4338 5
      vertex -10.3763 17.3205 20
      vertex -12.4175 20.2073 15
    endloop
  endfacet
  facet normal -7.25195e-17 -5.1279e-17 1
    outer loop
      vertex -4.25255 8.66025 5
      vertex -8.33503 14.4338 5
      vertex -20.5825 14.4338 5
    endloop
  endfacet
  facet normal -4.83463e-17 1.7093e-17 1
    outer loop
      vertex -22.6237 8.66025 5
      vertex -4.25255 8.66025 5
      vertex -20.5825 14.4338 5
    endloop
  endfacet
  facet normal 0.816497 -0.288675 0.5
    outer loop
      vertex -0.170068 -14.4338 25
      vertex -8.33503 -11.547 40
      vertex -0.170068 -23.094 20
    endloop
  endfacet
  facet normal 0.816497 -0.288675 0.5
    outer loop
      vertex -4.25255 -8.66025 35
      vertex -0.170068 2.88675 35
      vertex -0.170068 11.547 40
    endloop
  endfacet
  facet normal 0.816497 -0.288675 0.5
    outer loop
      vertex -4.25255 -8.66025 35
      vertex -8.33503 -11.547 40
      vertex -0.170068 -14.4338 25
    endloop
  endfacet
  facet normal 0.816497 -0.288675 0.5
    outer loop
      vertex -0.170068 11.547 40
      vertex -8.33503 -11.547 40
      vertex -4.25255 -8.66025 35
    endloop
  endfacet
  facet normal 0.816497 -0.288675 0.5
    outer loop
      vertex 7.9949 -8.2825e-15 20
      vertex -0.170068 11.547 40
      vertex -0.170068 2.88675 35
    endloop
  endfacet
  facet normal 0.816497 -0.288675 0.5
    outer loop
      vertex 7.9949 -8.2825e-15 20
      vertex 3.91241 -2.88675 25
      vertex -0.170068 -23.094 20
    endloop
  endfacet
  facet normal 0.816497 -0.288675 0.5
    outer loop
      vertex 7.9949 -8.2825e-15 20
      vertex -0.170068 2.88675 35
      vertex 3.91241 -2.88675 25
    endloop
  endfacet
  facet normal 0.816497 -0.288675 0.5
    outer loop
      vertex 3.91241 -2.88675 25
      vertex -0.170068 -14.4338 25
      vertex -0.170068 -23.094 20
    endloop
  endfacet
  facet normal -0 0 -1
    outer loop
      vertex -22.6237 8.66025 35
      vertex -20.5825 14.4338 35
      vertex -4.25255 8.66025 35
    endloop
  endfacet
  facet normal 0 0 -1
    outer loop
      vertex -8.33503 14.4338 35
      vertex -4.25255 8.66025 35
      vertex -20.5825 14.4338 35
    endloop
  endfacet
  facet normal 0.816497 -0.288675 -0.5
    outer loop
      vertex -24.665 20.2073 25
      vertex -20.5825 14.4338 35
      vertex -22.6237 8.66025 35
    endloop
  endfacet
  facet normal 0.816497 -0.288675 -0.5
    outer loop
      vertex -28.7474 17.3205 20
      vertex -24.665 20.2073 25
      vertex -22.6237 8.66025 35
    endloop
  endfacet
  facet normal -0.816497 -0.57735 2.94392e-17
    outer loop
      vertex -10.3763 17.3205 20
      vertex -4.25255 8.66025 35
      vertex -8.33503 14.4338 35
    endloop
  endfacet
  facet normal -0.816497 -0.57735 -2.20794e-17
    outer loop
      vertex -8.33503 14.4338 35
      vertex -12.4175 20.2073 25
      vertex -10.3763 17.3205 20
    endloop
  endfacet
  facet normal -2.8049e-16 -0.866025 0.5
    outer loop
      vertex -10.3763 17.3205 20
      vertex -12.4175 20.2073 25
      vertex -24.665 20.2073 25
    endloop
  endfacet
  facet normal -2.64169e-16 -0.866025 0.5
    outer loop
      vertex -10.3763 17.3205 20
      vertex -24.665 20.2073 25
      vertex -28.7474 17.3205 20
    endloop
  endfacet
  facet normal -3.88631e-17 0.866025 -0.5
    outer loop
      vertex -12.4175 -5.7735 40
      vertex -10.3763 -8.66025 35
      vertex -24.665 -5.7735 40
    endloop
  endfacet
  facet normal 1.67477e-16 0.866025 -0.5
    outer loop
      vertex -28.7474 -8.66025 35
      vertex -24.665 -5.7735 40
      vertex -10.3763 -8.66025 35
    endloop
  endfacet
  facet normal 0.816497 -0.288675 -0.5
    outer loop
      vertex -20.5825 5.7735 40
      vertex -28.7474 -8.66025 35
      vertex -22.6237 8.66025 35
    endloop
  endfacet
  facet normal 0.816497 -0.288675 -0.5
    outer loop
      vertex -24.665 -5.7735 40
      vertex -28.7474 -8.66025 35
      vertex -20.5825 5.7735 40
    endloop
  endfacet
  facet normal -0.816497 0.288675 -0.5
    outer loop
      vertex -4.25255 8.66025 35
      vertex -10.3763 -8.66025 35
      vertex -8.33503 5.7735 40
    endloop
  endfacet
  facet normal -0.816497 0.288675 -0.5
    outer loop
      vertex -8.33503 5.7735 40
      vertex -10.3763 -8.66025 35
      vertex -12.4175 -5.7735 40
    endloop
  endfacet
  facet normal -2.4042e-16 -0.866025 -0.5
    outer loop
      vertex -22.6237 8.66025 35
      vertex -8.33503 5.7735 40
      vertex -20.5825 5.7735 40
    endloop
  endfacet
  facet normal -1.41568e-16 -0.866025 -0.5
    outer loop
      vertex -22.6237 8.66025 35
      vertex -4.25255 8.66025 35
      vertex -8.33503 5.7735 40
    endloop
  endfacet
  facet normal 0.816497 0.57735 8.83177e-17
    outer loop
      vertex -24.665 -14.4338 35
      vertex -20.5825 -20.2073 25
      vertex -22.6237 -17.3205 20
    endloop
  endfacet
  facet normal 0.816497 0.57735 5.88785e-17
    outer loop
      vertex -28.7474 -8.66025 35
      vertex -24.665 -14.4338 35
      vertex -22.6237 -17.3205 20
    endloop
  endfacet
  facet normal 1.06176e-16 0.866025 0.5
    outer loop
      vertex -8.33503 -20.2073 25
      vertex -4.25255 -17.3205 20
      vertex -20.5825 -20.2073 25
    endloop
  endfacet
  facet normal 6.97819e-17 0.866025 0.5
    outer loop
      vertex -20.5825 -20.2073 25
      vertex -4.25255 -17.3205 20
      vertex -22.6237 -17.3205 20
    endloop
  endfacet
  facet normal -0.816497 0.288675 -0.5
    outer loop
      vertex -10.3763 -8.66025 35
      vertex -4.25255 -17.3205 20
      vertex -8.33503 -20.2073 25
    endloop
  endfacet
  facet normal -0.816497 0.288675 -0.5
    outer loop
      vertex -10.3763 -8.66025 35
      vertex -8.33503 -20.2073 25
      vertex -12.4175 -14.4338 35
    endloop
  endfacet
  facet normal 0 -0 -1
    outer loop
      vertex -12.4175 -14.4338 35
      vertex -24.665 -14.4338 35
      vertex -10.3763 -8.66025 35
    endloop
  endfacet
  facet normal 0 0 -1
    outer loop
      vertex -10.3763 -8.66025 35
      vertex -24.665 -14.4338 35
      vertex -28.7474 -8.66025 35
    endloop
  endfacet
  facet normal 0.816497 0.57735 -4.41589e-17
    outer loop
      vertex -22.6237 -17.3205 20
      vertex -20.5825 -20.2073 15
      vertex -24.665 -14.4338 5
    endloop
  endfacet
  facet normal 0.816497 0.57735 2.94392e-17
    outer loop
      vertex -22.6237 -17.3205 20
      vertex -24.665 -14.4338 5
      vertex -28.7474 -8.66025 5
    endloop
  endfacet
  facet normal 7.25195e-17 1.28198e-16 1
    outer loop
      vertex -24.665 -14.4338 5
      vertex -12.4175 -14.4338 5
      vertex -10.3763 -8.66025 5
    endloop
  endfacet
  facet normal 9.66926e-17 6.8372e-17 1
    outer loop
      vertex -28.7474 -8.66025 5
      vertex -24.665 -14.4338 5
      vertex -10.3763 -8.66025 5
    endloop
  endfacet
  facet normal -0.816497 0.288675 0.5
    outer loop
      vertex -8.33503 -20.2073 15
      vertex -4.25255 -17.3205 20
      vertex -10.3763 -8.66025 5
    endloop
  endfacet
  facet normal -0.816497 0.288675 0.5
    outer loop
      vertex -8.33503 -20.2073 15
      vertex -10.3763 -8.66025 5
      vertex -12.4175 -14.4338 5
    endloop
  endfacet
  facet normal 2.64169e-16 0.866025 -0.5
    outer loop
      vertex -22.6237 -17.3205 20
      vertex -4.25255 -17.3205 20
      vertex -8.33503 -20.2073 15
    endloop
  endfacet
  facet normal 3.20561e-16 0.866025 -0.5
    outer loop
      vertex -22.6237 -17.3205 20
      vertex -8.33503 -20.2073 15
      vertex -20.5825 -20.2073 15
    endloop
  endfacet
  facet normal 0.816497 -0.288675 0.5
    outer loop
      vertex -24.665 -5.7735 1.97595e-15
      vertex -20.5825 5.7735 4.05861e-16
      vertex -22.6237 8.66025 5
    endloop
  endfacet
  facet normal 0.816497 -0.288675 0.5
    outer loop
      vertex -22.6237 8.66025 5
      vertex -28.7474 -8.66025 5
      vertex -24.665 -5.7735 1.97595e-15
    endloop
  endfacet
  facet normal -1.87116e-16 -0.866025 0.5
    outer loop
      vertex -20.5825 5.7735 4.05861e-16
      vertex -8.33503 5.7735 -1.16423e-15
      vertex -4.25255 8.66025 5
    endloop
  endfacet
  facet normal -1.9165e-16 -0.866025 0.5
    outer loop
      vertex -22.6237 8.66025 5
      vertex -20.5825 5.7735 4.05861e-16
      vertex -4.25255 8.66025 5
    endloop
  endfacet
  facet normal -0.816497 0.288675 0.5
    outer loop
      vertex -10.3763 -8.66025 5
      vertex -4.25255 8.66025 5
      vertex -8.33503 5.7735 -1.16423e-15
    endloop
  endfacet
  facet normal -0.816497 0.288675 0.5
    outer loop
      vertex -10.3763 -8.66025 5
      vertex -8.33503 5.7735 -1.16423e-15
      vertex -12.4175 -5.7735 4.05861e-16
    endloop
  endfacet
  facet normal 3.14018e-16 0.866025 0.5
    outer loop
      vertex -12.4175 -5.7735 4.05861e-16
      vertex -28.7474 -8.66025 5
      vertex -10.3763 -8.66025 5
    endloop
  endfacet
  facet normal 3.15314e-16 0.866025 0.5
    outer loop
      vertex -24.665 -5.7735 1.97595e-15
      vertex -28.7474 -8.66025 5
      vertex -12.4175 -5.7735 4.05861e-16
    endloop
  endfacet
  facet normal 0 -5.1279e-17 1
    outer loop
      vertex -4.25255 8.66025 5
      vertex -10.3763 -8.66025 5
      vertex -4.25255 -8.66025 5
    endloop
  endfacet
  facet normal -7.25195e-17 -5.1279e-17 1
    outer loop
      vertex -4.25255 -8.66025 5
      vertex -0.170068 2.88675 5
      vertex -4.25255 8.66025 5
    endloop
  endfacet
  facet normal 5.29906e-16 0.866025 0.5
    outer loop
      vertex -4.25255 -17.3205 20
      vertex -0.170068 -14.4338 15
      vertex -4.25255 -8.66025 5
    endloop
  endfacet
  facet normal 0 0.866025 0.5
    outer loop
      vertex -4.25255 -17.3205 20
      vertex -4.25255 -8.66025 5
      vertex -10.3763 -8.66025 5
    endloop
  endfacet
  facet normal -0.816497 -0.57735 -1.17757e-16
    outer loop
      vertex 3.91241 -2.88675 15
      vertex 1.87117 -6.89174e-15 20
      vertex -0.170068 2.88675 5
    endloop
  endfacet
  facet normal -0.821979 -0.569484 -0.00623267
    outer loop
      vertex 1.87117 -5.25039e-15 20
      vertex 1.87117 -6.89174e-15 20
      vertex 1.87117 -3.04582e-15 20
    endloop
  endfacet
  facet normal -8.32667e-17 -2.77556e-17 1.04083e-17
    outer loop
      vertex -0.170068 2.88675 5
      vertex 1.87117 -6.89174e-15 20
      vertex 1.87117 -5.25039e-15 20
    endloop
  endfacet
  facet normal -0.816497 -0.57735 -5.88785e-17
    outer loop
      vertex -4.25255 8.66025 5
      vertex -0.170068 2.88675 5
      vertex 1.87117 -5.25039e-15 20
    endloop
  endfacet
  facet normal -5.63223e-17 -4.44089e-17 2.64603e-18
    outer loop
      vertex 1.87117 -6.89174e-15 20
      vertex 3.91241 -2.88675 15
      vertex 1.87117 -7.17336e-15 20
    endloop
  endfacet
  facet normal -0.816497 0.288675 -0.5
    outer loop
      vertex 1.87117 -7.17336e-15 20
      vertex 3.91241 -2.88675 15
      vertex -0.170068 -14.4338 15
    endloop
  endfacet
  facet normal -0.816497 0.288675 -0.5
    outer loop
      vertex 1.87117 -7.17336e-15 20
      vertex -0.170068 -14.4338 15
      vertex -4.25255 -17.3205 20
    endloop
  endfacet
  facet normal 3.53271e-16 -0.866025 -0.5
    outer loop
      vertex -4.25255 17.3205 20
      vertex -0.170068 11.547 30
      vertex -4.25255 8.66025 35
    endloop
  endfacet
  facet normal -7.92507e-16 -0.866025 -0.5
    outer loop
      vertex -10.3763 17.3205 20
      vertex -4.25255 17.3205 20
      vertex -4.25255 8.66025 35
    endloop
  endfacet
  facet normal 8.83177e-17 -0.866025 0.5
    outer loop
      vertex -4.25255 8.66025 5
      vertex -0.170068 11.547 10
      vertex -4.25255 17.3205 20
    endloop
  endfacet
  facet normal -2.12352e-16 -0.866025 0.5
    outer loop
      vertex -10.3763 17.3205 20
      vertex -4.25255 8.66025 5
      vertex -4.25255 17.3205 20
    endloop
  endfacet
  facet normal -0.816497 0.288675 -0.5
    outer loop
      vertex 3.91241 5.7735 20
      vertex 1.87117 -5.25039e-15 20
      vertex -0.170068 11.547 30
    endloop
  endfacet
  facet normal -2.22045e-16 5.55112e-17 -8.32667e-17
    outer loop
      vertex -0.170068 11.547 30
      vertex 1.87117 -5.25039e-15 20
      vertex 1.87117 -3.04582e-15 20
    endloop
  endfacet
  facet normal -0.816497 0.288675 -0.5
    outer loop
      vertex -0.170068 11.547 30
      vertex 1.87117 -3.04582e-15 20
      vertex -4.25255 8.66025 35
    endloop
  endfacet
  facet normal -0.816497 0.288675 0.5
    outer loop
      vertex 3.91241 5.7735 20
      vertex -0.170068 11.547 10
      vertex 1.87117 -5.25039e-15 20
    endloop
  endfacet
  facet normal -0.816497 0.288675 0.5
    outer loop
      vertex 1.87117 -5.25039e-15 20
      vertex -0.170068 11.547 10
      vertex -4.25255 8.66025 5
    endloop
  endfacet
  facet normal 2.51215e-16 0.866025 -0.5
    outer loop
      vertex -10.3763 -8.66025 35
      vertex -4.25255 -8.66025 35
      vertex -0.170068 -14.4338 25
    endloop
  endfacet
  facet normal 7.06542e-16 0.866025 -0.5
    outer loop
      vertex -10.3763 -8.66025 35
      vertex -0.170068 -14.4338 25
      vertex -4.25255 -17.3205 20
    endloop
  endfacet
  facet normal -0.816497 0.288675 0.5
    outer loop
      vertex 3.91241 -2.88675 25
      vertex 1.87117 -7.17336e-15 20
      vertex -0.170068 -14.4338 25
    endloop
  endfacet
  facet normal -0.816497 0.288675 0.5
    outer loop
      vertex -0.170068 -14.4338 25
      vertex 1.87117 -7.17336e-15 20
      vertex -4.25255 -17.3205 20
    endloop
  endfacet
  facet normal -5.63223e-17 -4.44089e-17 -2.64603e-18
    outer loop
      vertex 1.87117 -6.89174e-15 20
      vertex 1.87117 -7.17336e-15 20
      vertex 3.91241 -2.88675 25
    endloop
  endfacet
  facet normal -7.69185e-16 -5.32907e-16 6.34446e-18
    outer loop
      vertex 1.87117 -6.89174e-15 20
      vertex 3.91241 -2.88675 25
      vertex 1.87117 -3.04582e-15 20
    endloop
  endfacet
  facet normal -0.816497 -0.57735 3.92523e-17
    outer loop
      vertex 3.91241 -2.88675 25
      vertex -0.170068 2.88675 35
      vertex 1.87117 -3.04582e-15 20
    endloop
  endfacet
  facet normal -0.816497 -0.57735 5.88785e-17
    outer loop
      vertex -0.170068 2.88675 35
      vertex -4.25255 8.66025 35
      vertex 1.87117 -3.04582e-15 20
    endloop
  endfacet
  facet normal 0 0 -1
    outer loop
      vertex -0.170068 2.88675 35
      vertex -4.25255 -8.66025 35
      vertex -4.25255 8.66025 35
    endloop
  endfacet
  facet normal 0 0 -1
    outer loop
      vertex -4.25255 8.66025 35
      vertex -4.25255 -8.66025 35
      vertex -10.3763 -8.66025 35
    endloop
  endfacet
  facet normal -0.816497 0.288675 0.5
    outer loop
      vertex 4.25255 8.66025 35
      vertex 0.170068 23.094 20
      vertex 0.170068 14.4338 25
    endloop
  endfacet
  facet normal -0.816497 0.288675 0.5
    outer loop
      vertex 4.25255 8.66025 35
      vertex 0.170068 -11.547 40
      vertex 8.33503 11.547 40
    endloop
  endfacet
  facet normal -0.816497 0.288675 0.5
    outer loop
      vertex -7.9949 8.2825e-15 20
      vertex 0.170068 -11.547 40
      vertex 0.170068 -2.88675 35
    endloop
  endfacet
  facet normal -0.816497 0.288675 0.5
    outer loop
      vertex -7.9949 8.2825e-15 20
      vertex 0.170068 -2.88675 35
      vertex -3.91241 2.88675 25
    endloop
  endfacet
  facet normal -0.816497 0.288675 0.5
    outer loop
      vertex -7.9949 8.2825e-15 20
      vertex -3.91241 2.88675 25
      vertex 0.170068 23.094 20
    endloop
  endfacet
  facet normal -0.816497 0.288675 0.5
    outer loop
      vertex -3.91241 2.88675 25
      vertex 0.170068 14.4338 25
      vertex 0.170068 23.094 20
    endloop
  endfacet
  facet normal -0.816497 0.288675 0.5
    outer loop
      vertex 0.170068 23.094 20
      vertex 4.25255 8.66025 35
      vertex 8.33503 11.547 40
    endloop
  endfacet
  facet normal -0.816497 0.288675 0.5
    outer loop
      vertex 0.170068 -2.88675 35
      vertex 0.170068 -11.547 40
      vertex 4.25255 8.66025 35
    endloop
  endfacet
  facet normal -0.816497 -0.57735 4.64797e-17
    outer loop
      vertex 0.170068 -11.547 30
      vertex 0.170068 -11.547 40
      vertex -3.91241 -5.7735 20
    endloop
  endfacet
  facet normal -0.816497 -0.57735 1.76635e-16
    outer loop
      vertex 4.25255 -17.3205 20
      vertex 0.170068 -11.547 3.54605e-15
      vertex 8.33503 -23.094 20
    endloop
  endfacet
  facet normal -0.816497 -0.57735 0
    outer loop
      vertex -7.9949 8.2825e-15 20
      vertex 0.170068 -11.547 3.54605e-15
      vertex 0.170068 -11.547 10
    endloop
  endfacet
  facet normal -0.816497 -0.57735 2.09346e-16
    outer loop
      vertex -7.9949 8.2825e-15 20
      vertex 0.170068 -11.547 10
      vertex -3.91241 -5.7735 20
    endloop
  endfacet
  facet normal -0.816497 -0.57735 0
    outer loop
      vertex -7.9949 8.2825e-15 20
      vertex -3.91241 -5.7735 20
      vertex 0.170068 -11.547 40
    endloop
  endfacet
  facet normal -0.816497 -0.57735 4.64797e-17
    outer loop
      vertex 0.170068 -11.547 40
      vertex 0.170068 -11.547 30
      vertex 8.33503 -23.094 20
    endloop
  endfacet
  facet normal -0.816497 -0.57735 1.04673e-16
    outer loop
      vertex 0.170068 -11.547 30
      vertex 4.25255 -17.3205 20
      vertex 8.33503 -23.094 20
    endloop
  endfacet
  facet normal -0.816497 -0.57735 8.21619e-17
    outer loop
      vertex 0.170068 -11.547 10
      vertex 0.170068 -11.547 3.54605e-15
      vertex 4.25255 -17.3205 20
    endloop
  endfacet
  facet normal -0.816497 0.288675 -0.5
    outer loop
      vertex 4.25255 8.66025 5
      vertex 0.170068 23.094 20
      vertex 8.33503 11.547 4.05861e-16
    endloop
  endfacet
  facet normal -0.816497 0.288675 -0.5
    outer loop
      vertex -7.9949 8.2825e-15 20
      vertex 0.170068 23.094 20
      vertex -3.91241 2.88675 15
    endloop
  endfacet
  facet normal -0.816497 0.288675 -0.5
    outer loop
      vertex -7.9949 8.2825e-15 20
      vertex -3.91241 2.88675 15
      vertex 0.170068 -11.547 3.54605e-15
    endloop
  endfacet
  facet normal -0.816497 0.288675 -0.5
    outer loop
      vertex 4.25255 8.66025 5
      vertex 0.170068 -11.547 3.54605e-15
      vertex 0.170068 -2.88675 5
    endloop
  endfacet
  facet normal -0.816497 0.288675 -0.5
    outer loop
      vertex -3.91241 2.88675 15
      vertex 0.170068 -2.88675 5
      vertex 0.170068 -11.547 3.54605e-15
    endloop
  endfacet
  facet normal -0.816497 0.288675 -0.5
    outer loop
      vertex 0.170068 14.4338 15
      vertex 0.170068 23.094 20
      vertex 4.25255 8.66025 5
    endloop
  endfacet
  facet normal -0.816497 0.288675 -0.5
    outer loop
      vertex 0.170068 -11.547 3.54605e-15
      vertex 4.25255 8.66025 5
      vertex 8.33503 11.547 4.05861e-16
    endloop
  endfacet
  facet normal -0.816497 0.288675 -0.5
    outer loop
      vertex -3.91241 2.88675 15
      vertex 0.170068 23.094 20
      vertex 0.170068 14.4338 15
    endloop
  endfacet
  facet normal 3.9743e-16 0.866025 -0.5
    outer loop
      vertex 24.665 14.4338 5
      vertex 24.665 23.094 20
      vertex 32.8299 11.547 -2.73432e-15
    endloop
  endfacet
  facet normal 2.51215e-16 0.866025 -0.5
    outer loop
      vertex 0.170068 23.094 20
      vertex 24.665 23.094 20
      vertex 8.33503 20.2073 15
    endloop
  endfacet
  facet normal 3.92523e-16 0.866025 -0.5
    outer loop
      vertex 0.170068 23.094 20
      vertex 8.33503 20.2073 15
      vertex 8.33503 11.547 4.05861e-16
    endloop
  endfacet
  facet normal -1.57009e-16 0.866025 -0.5
    outer loop
      vertex 20.5825 20.2073 15
      vertex 24.665 23.094 20
      vertex 24.665 14.4338 5
    endloop
  endfacet
  facet normal 3.12723e-16 0.866025 -0.5
    outer loop
      vertex 8.33503 11.547 4.05861e-16
      vertex 12.4175 14.4338 5
      vertex 32.8299 11.547 -2.73432e-15
    endloop
  endfacet
  facet normal 2.87475e-16 0.866025 -0.5
    outer loop
      vertex 12.4175 14.4338 5
      vertex 24.665 14.4338 5
      vertex 32.8299 11.547 -2.73432e-15
    endloop
  endfacet
  facet normal 3.23734e-16 0.866025 -0.5
    outer loop
      vertex 8.33503 20.2073 15
      vertex 24.665 23.094 20
      vertex 20.5825 20.2073 15
    endloop
  endfacet
  facet normal 1.57009e-16 0.866025 -0.5
    outer loop
      vertex 12.4175 14.4338 5
      vertex 8.33503 11.547 4.05861e-16
      vertex 8.33503 20.2073 15
    endloop
  endfacet
  facet normal 2.51215e-16 0.866025 0.5
    outer loop
      vertex 8.33503 20.2073 25
      vertex 20.5825 20.2073 25
      vertex 24.665 23.094 20
    endloop
  endfacet
  facet normal 1.83995e-16 0.866025 0.5
    outer loop
      vertex 12.4175 14.4338 35
      vertex 8.33503 11.547 40
      vertex 32.8299 11.547 40
    endloop
  endfacet
  facet normal 1.57009e-16 0.866025 0.5
    outer loop
      vertex 0.170068 23.094 20
      vertex 8.33503 11.547 40
      vertex 12.4175 14.4338 35
    endloop
  endfacet
  facet normal 2.51215e-16 0.866025 0.5
    outer loop
      vertex 24.665 14.4338 35
      vertex 12.4175 14.4338 35
      vertex 32.8299 11.547 40
    endloop
  endfacet
  facet normal 8.83177e-17 0.866025 0.5
    outer loop
      vertex 0.170068 23.094 20
      vertex 12.4175 14.4338 35
      vertex 8.33503 20.2073 25
    endloop
  endfacet
  facet normal 2.51215e-16 0.866025 0.5
    outer loop
      vertex 0.170068 23.094 20
      vertex 8.33503 20.2073 25
      vertex 24.665 23.094 20
    endloop
  endfacet
  facet normal 2.35514e-16 0.866025 0.5
    outer loop
      vertex 24.665 23.094 20
      vertex 20.5825 20.2073 25
      vertex 32.8299 11.547 40
    endloop
  endfacet
  facet normal 0 0.866025 0.5
    outer loop
      vertex 20.5825 20.2073 25
      vertex 24.665 14.4338 35
      vertex 32.8299 11.547 40
    endloop
  endfacet
  facet normal 2.90078e-16 -4.10232e-16 1
    outer loop
      vertex 8.33503 -5.7735 40
      vertex 0.170068 -11.547 40
      vertex 24.665 -11.547 40
    endloop
  endfacet
  facet normal -2.90078e-16 4.10232e-16 1
    outer loop
      vertex 8.33503 11.547 40
      vertex 0.170068 -11.547 40
      vertex 8.33503 -5.7735 40
    endloop
  endfacet
  facet normal 0 0 1
    outer loop
      vertex 12.4175 5.7735 40
      vertex 24.665 5.7735 40
      vertex 8.33503 11.547 40
    endloop
  endfacet
  facet normal 5.80156e-16 4.10232e-16 1
    outer loop
      vertex 8.33503 11.547 40
      vertex 8.33503 -5.7735 40
      vertex 12.4175 5.7735 40
    endloop
  endfacet
  facet normal 0 0 1
    outer loop
      vertex 32.8299 11.547 40
      vertex 24.665 5.7735 40
      vertex 24.665 -11.547 40
    endloop
  endfacet
  facet normal -0 0 1
    outer loop
      vertex 32.8299 11.547 40
      vertex 8.33503 11.547 40
      vertex 24.665 5.7735 40
    endloop
  endfacet
  facet normal 0 0 1
    outer loop
      vertex 24.665 5.7735 40
      vertex 20.5825 -5.7735 40
      vertex 24.665 -11.547 40
    endloop
  endfacet
  facet normal 5.80156e-16 4.10232e-16 1
    outer loop
      vertex 20.5825 -5.7735 40
      vertex 8.33503 -5.7735 40
      vertex 24.665 -11.547 40
    endloop
  endfacet
  facet normal -8.83177e-17 -0.866025 0.5
    outer loop
      vertex 8.33503 -14.4338 35
      vertex 0.170068 -11.547 40
      vertex 8.33503 -23.094 20
    endloop
  endfacet
  facet normal -2.51215e-16 -0.866025 0.5
    outer loop
      vertex 32.8299 -23.094 20
      vertex 12.4175 -20.2073 25
      vertex 8.33503 -23.094 20
    endloop
  endfacet
  facet normal -2.31783e-16 -0.866025 0.5
    outer loop
      vertex 24.665 -11.547 40
      vertex 0.170068 -11.547 40
      vertex 8.33503 -14.4338 35
    endloop
  endfacet
  facet normal -3.92523e-16 -0.866025 0.5
    outer loop
      vertex 20.5825 -14.4338 35
      vertex 24.665 -20.2073 25
      vertex 24.665 -11.547 40
    endloop
  endfacet
  facet normal -2.35514e-16 -0.866025 0.5
    outer loop
      vertex 24.665 -11.547 40
      vertex 8.33503 -14.4338 35
      vertex 20.5825 -14.4338 35
    endloop
  endfacet
  facet normal -3.6799e-16 -0.866025 0.5
    outer loop
      vertex 32.8299 -23.094 20
      vertex 24.665 -20.2073 25
      vertex 12.4175 -20.2073 25
    endloop
  endfacet
  facet normal -1.57009e-16 -0.866025 0.5
    outer loop
      vertex 32.8299 -23.094 20
      vertex 24.665 -11.547 40
      vertex 24.665 -20.2073 25
    endloop
  endfacet
  facet normal 0 -0.866025 0.5
    outer loop
      vertex 12.4175 -20.2073 25
      vertex 8.33503 -14.4338 35
      vertex 8.33503 -23.094 20
    endloop
  endfacet
  facet normal 0 0 -1
    outer loop
      vertex 4.25255 8.66025 35
      vertex 10.3763 8.66025 35
      vertex 4.25255 -8.66025 35
    endloop
  endfacet
  facet normal 0 -0 -1
    outer loop
      vertex 4.25255 -8.66025 35
      vertex 0.170068 -2.88675 35
      vertex 4.25255 8.66025 35
    endloop
  endfacet
  facet normal 0.816497 0.57735 1.32477e-16
    outer loop
      vertex 0.170068 -2.88675 35
      vertex 4.25255 -8.66025 35
      vertex -1.87117 5.25039e-15 20
    endloop
  endfacet
  facet normal 6.38421e-17 4.1784e-17 -6.46474e-19
    outer loop
      vertex -1.87117 6.89174e-15 20
      vertex 0.170068 -2.88675 35
      vertex -1.87117 5.25039e-15 20
    endloop
  endfacet
  facet normal 0.821979 0.569484 0.00623267
    outer loop
      vertex -1.87117 3.04582e-15 20
      vertex -1.87117 6.89174e-15 20
      vertex -1.87117 5.25039e-15 20
    endloop
  endfacet
  facet normal 0.816497 0.57735 1.43516e-16
    outer loop
      vertex -1.87117 6.89174e-15 20
      vertex -3.91241 2.88675 25
      vertex 0.170068 -2.88675 35
    endloop
  endfacet
  facet normal 0 -0.866025 -0.5
    outer loop
      vertex 10.3763 8.66025 35
      vertex 4.25255 8.66025 35
      vertex 4.25255 17.3205 20
    endloop
  endfacet
  facet normal -8.83177e-16 -0.866025 -0.5
    outer loop
      vertex 4.25255 8.66025 35
      vertex 0.170068 14.4338 25
      vertex 4.25255 17.3205 20
    endloop
  endfacet
  facet normal 0.816497 -0.288675 0.5
    outer loop
      vertex 0.170068 14.4338 25
      vertex -1.87117 7.17336e-15 20
      vertex 4.25255 17.3205 20
    endloop
  endfacet
  facet normal 0.816497 -0.288675 0.5
    outer loop
      vertex -3.91241 2.88675 25
      vertex -1.87117 7.17336e-15 20
      vertex 0.170068 14.4338 25
    endloop
  endfacet
  facet normal 5.63223e-17 4.44089e-17 -2.64603e-18
    outer loop
      vertex -1.87117 6.89174e-15 20
      vertex -1.87117 7.17336e-15 20
      vertex -3.91241 2.88675 25
    endloop
  endfacet
  facet normal -2.74766e-16 -0.866025 -0.5
    outer loop
      vertex 8.33503 -14.4338 5
      vertex 0.170068 -11.547 3.54605e-15
      vertex 24.665 -11.547 4.05861e-16
    endloop
  endfacet
  facet normal -3.14018e-16 -0.866025 -0.5
    outer loop
      vertex 12.4175 -20.2073 15
      vertex 8.33503 -23.094 20
      vertex 8.33503 -14.4338 5
    endloop
  endfacet
  facet normal -2.87475e-16 -0.866025 -0.5
    outer loop
      vertex 20.5825 -14.4338 5
      vertex 8.33503 -14.4338 5
      vertex 24.665 -11.547 4.05861e-16
    endloop
  endfacet
  facet normal -1.57009e-16 -0.866025 -0.5
    outer loop
      vertex 8.33503 -23.094 20
      vertex 0.170068 -11.547 3.54605e-15
      vertex 8.33503 -14.4338 5
    endloop
  endfacet
  facet normal -2.51215e-16 -0.866025 -0.5
    outer loop
      vertex 32.8299 -23.094 20
      vertex 8.33503 -23.094 20
      vertex 12.4175 -20.2073 15
    endloop
  endfacet
  facet normal -3.92523e-16 -0.866025 -0.5
    outer loop
      vertex 32.8299 -23.094 20
      vertex 24.665 -20.2073 15
      vertex 24.665 -11.547 4.05861e-16
    endloop
  endfacet
  facet normal -1.63551e-16 -0.866025 -0.5
    outer loop
      vertex 32.8299 -23.094 20
      vertex 12.4175 -20.2073 15
      vertex 24.665 -20.2073 15
    endloop
  endfacet
  facet normal -3.53271e-16 -0.866025 -0.5
    outer loop
      vertex 24.665 -20.2073 15
      vertex 20.5825 -14.4338 5
      vertex 24.665 -11.547 4.05861e-16
    endloop
  endfacet
  facet normal -1.28198e-16 -9.06493e-17 -1
    outer loop
      vertex 20.5825 -5.7735 4.05861e-16
      vertex 24.665 -11.547 4.05861e-16
      vertex 8.33503 -5.7735 1.97595e-15
    endloop
  endfacet
  facet normal -1.28198e-16 -9.06493e-17 -1
    outer loop
      vertex 24.665 5.7735 -1.16423e-15
      vertex 8.33503 11.547 4.05861e-16
      vertex 32.8299 11.547 -2.73432e-15
    endloop
  endfacet
  facet normal -1.28198e-16 -9.06493e-17 -1
    outer loop
      vertex 0.170068 -11.547 3.54605e-15
      vertex 8.33503 11.547 4.05861e-16
      vertex 12.4175 5.7735 4.05861e-16
    endloop
  endfacet
  facet normal -1.28198e-16 -9.06493e-17 -1
    outer loop
      vertex 0.170068 -11.547 3.54605e-15
      vertex 12.4175 5.7735 4.05861e-16
      vertex 8.33503 -5.7735 1.97595e-15
    endloop
  endfacet
  facet normal -1.28198e-16 -9.06493e-17 -1
    outer loop
      vertex 0.170068 -11.547 3.54605e-15
      vertex 8.33503 -5.7735 1.97595e-15
      vertex 24.665 -11.547 4.05861e-16
    endloop
  endfacet
  facet normal -1.28198e-16 -9.06493e-17 -1
    outer loop
      vertex 24.665 -11.547 4.05861e-16
      vertex 20.5825 -5.7735 4.05861e-16
      vertex 32.8299 11.547 -2.73432e-15
    endloop
  endfacet
  facet normal -1.28198e-16 -9.06493e-17 -1
    outer loop
      vertex 20.5825 -5.7735 4.05861e-16
      vertex 24.665 5.7735 -1.16423e-15
      vertex 32.8299 11.547 -2.73432e-15
    endloop
  endfacet
  facet normal -1.28198e-16 -9.06493e-17 -1
    outer loop
      vertex 12.4175 5.7735 4.05861e-16
      vertex 8.33503 11.547 4.05861e-16
      vertex 24.665 5.7735 -1.16423e-15
    endloop
  endfacet
  facet normal 7.92507e-16 0.866025 0.5
    outer loop
      vertex 4.25255 -17.3205 20
      vertex 10.3763 -17.3205 20
      vertex 4.25255 -8.66025 5
    endloop
  endfacet
  facet normal 1.76635e-16 0.866025 0.5
    outer loop
      vertex 4.25255 -17.3205 20
      vertex 4.25255 -8.66025 5
      vertex 0.170068 -11.547 10
    endloop
  endfacet
  facet normal 0.816497 -0.288675 0.5
    outer loop
      vertex 0.170068 -11.547 10
      vertex 4.25255 -8.66025 5
      vertex -1.87117 3.04582e-15 20
    endloop
  endfacet
  facet normal 0.816497 -0.288675 0.5
    outer loop
      vertex -3.91241 -5.7735 20
      vertex 0.170068 -11.547 10
      vertex -1.87117 5.25039e-15 20
    endloop
  endfacet
  facet normal 1.42331e-16 -6.21838e-17 1.00857e-16
    outer loop
      vertex -1.87117 5.25039e-15 20
      vertex 0.170068 -11.547 10
      vertex -1.87117 3.04582e-15 20
    endloop
  endfacet
  facet normal 2.12352e-16 0.866025 -0.5
    outer loop
      vertex 10.3763 -17.3205 20
      vertex 4.25255 -17.3205 20
      vertex 4.25255 -8.66025 35
    endloop
  endfacet
  facet normal -1.76635e-16 0.866025 -0.5
    outer loop
      vertex 4.25255 -8.66025 35
      vertex 4.25255 -17.3205 20
      vertex 0.170068 -11.547 30
    endloop
  endfacet
  facet normal 0.816497 -0.288675 -0.5
    outer loop
      vertex -1.87117 5.25039e-15 20
      vertex 4.25255 -8.66025 35
      vertex 0.170068 -11.547 30
    endloop
  endfacet
  facet normal 0.816497 -0.288675 -0.5
    outer loop
      vertex -3.91241 -5.7735 20
      vertex -1.87117 5.25039e-15 20
      vertex 0.170068 -11.547 30
    endloop
  endfacet
  facet normal 1.87741e-17 1.4803e-17 -8.8201e-19
    outer loop
      vertex -1.87117 7.17336e-15 20
      vertex -1.87117 6.89174e-15 20
      vertex 4.25255 -8.66025 5
    endloop
  endfacet
  facet normal 2.22045e-16 1.66533e-16 0
    outer loop
      vertex 4.25255 -8.66025 5
      vertex -1.87117 6.89174e-15 20
      vertex -1.87117 3.04582e-15 20
    endloop
  endfacet
  facet normal 0.816497 0.57735 -2.94392e-17
    outer loop
      vertex -1.87117 7.17336e-15 20
      vertex 4.25255 -8.66025 5
      vertex 0.170068 -2.88675 5
    endloop
  endfacet
  facet normal 0.816497 0.57735 -4.41589e-17
    outer loop
      vertex -1.87117 7.17336e-15 20
      vertex 0.170068 -2.88675 5
      vertex -3.91241 2.88675 15
    endloop
  endfacet
  facet normal 0.816497 -0.288675 -0.5
    outer loop
      vertex 0.170068 14.4338 15
      vertex 4.25255 17.3205 20
      vertex -1.87117 7.17336e-15 20
    endloop
  endfacet
  facet normal 0.816497 -0.288675 -0.5
    outer loop
      vertex -3.91241 2.88675 15
      vertex 0.170068 14.4338 15
      vertex -1.87117 7.17336e-15 20
    endloop
  endfacet
  facet normal -2.17558e-16 -0.866025 0.5
    outer loop
      vertex 10.3763 8.66025 5
      vertex 4.25255 17.3205 20
      vertex 4.25255 8.66025 5
    endloop
  endfacet
  facet normal -4.41589e-16 -0.866025 0.5
    outer loop
      vertex 4.25255 17.3205 20
      vertex 0.170068 14.4338 15
      vertex 4.25255 8.66025 5
    endloop
  endfacet
  facet normal 1.45039e-16 5.1279e-17 1
    outer loop
      vertex 4.25255 -8.66025 5
      vertex 10.3763 8.66025 5
      vertex 4.25255 8.66025 5
    endloop
  endfacet
  facet normal 7.25195e-17 5.1279e-17 1
    outer loop
      vertex 0.170068 -2.88675 5
      vertex 4.25255 -8.66025 5
      vertex 4.25255 8.66025 5
    endloop
  endfacet
  facet normal 0.816497 -0.288675 -0.5
    outer loop
      vertex 28.7474 -8.66025 5
      vertex 24.665 -11.547 4.05861e-16
      vertex 32.8299 11.547 -2.73432e-15
    endloop
  endfacet
  facet normal 0.816497 -0.288675 -0.5
    outer loop
      vertex 32.8299 -23.094 20
      vertex 24.665 -11.547 4.05861e-16
      vertex 28.7474 -8.66025 5
    endloop
  endfacet
  facet normal 0.816497 -0.288675 -0.5
    outer loop
      vertex 40.9949 -8.2825e-15 20
      vertex 32.8299 -23.094 20
      vertex 32.8299 -14.4338 15
    endloop
  endfacet
  facet normal 0.816497 -0.288675 -0.5
    outer loop
      vertex 40.9949 -8.2825e-15 20
      vertex 36.9124 -2.88675 15
      vertex 32.8299 11.547 -2.73432e-15
    endloop
  endfacet
  facet normal 0.816497 -0.288675 -0.5
    outer loop
      vertex 40.9949 -8.2825e-15 20
      vertex 32.8299 -14.4338 15
      vertex 36.9124 -2.88675 15
    endloop
  endfacet
  facet normal 0.816497 -0.288675 -0.5
    outer loop
      vertex 36.9124 -2.88675 15
      vertex 32.8299 2.88675 5
      vertex 32.8299 11.547 -2.73432e-15
    endloop
  endfacet
  facet normal 0.816497 -0.288675 -0.5
    outer loop
      vertex 28.7474 -8.66025 5
      vertex 32.8299 -14.4338 15
      vertex 32.8299 -23.094 20
    endloop
  endfacet
  facet normal 0.816497 -0.288675 -0.5
    outer loop
      vertex 32.8299 2.88675 5
      vertex 28.7474 -8.66025 5
      vertex 32.8299 11.547 -2.73432e-15
    endloop
  endfacet
  facet normal 0.816497 0.57735 -5.88785e-17
    outer loop
      vertex 28.7474 17.3205 20
      vertex 24.665 23.094 20
      vertex 32.8299 11.547 40
    endloop
  endfacet
  facet normal 0.816497 0.57735 0
    outer loop
      vertex 32.8299 11.547 -2.73432e-15
      vertex 24.665 23.094 20
      vertex 28.7474 17.3205 20
    endloop
  endfacet
  facet normal 0.816497 0.57735 -2.05116e-16
    outer loop
      vertex 32.8299 11.547 10
      vertex 36.9124 5.7735 20
      vertex 32.8299 11.547 -2.73432e-15
    endloop
  endfacet
  facet normal 0.816497 0.57735 -2.05116e-16
    outer loop
      vertex 32.8299 11.547 -2.73432e-15
      vertex 28.7474 17.3205 20
      vertex 32.8299 11.547 10
    endloop
  endfacet
  facet normal 0.816497 0.57735 -2.74766e-16
    outer loop
      vertex 40.9949 -8.2825e-15 20
      vertex 36.9124 5.7735 20
      vertex 32.8299 11.547 40
    endloop
  endfacet
  facet normal 0.816497 0.57735 2.35514e-16
    outer loop
      vertex 40.9949 -8.2825e-15 20
      vertex 32.8299 11.547 -2.73432e-15
      vertex 36.9124 5.7735 20
    endloop
  endfacet
  facet normal 0.816497 0.57735 -1.17757e-16
    outer loop
      vertex 36.9124 5.7735 20
      vertex 32.8299 11.547 30
      vertex 32.8299 11.547 40
    endloop
  endfacet
  facet normal 0.816497 0.57735 -1.02558e-16
    outer loop
      vertex 32.8299 11.547 30
      vertex 28.7474 17.3205 20
      vertex 32.8299 11.547 40
    endloop
  endfacet
  facet normal 0.816497 -0.288675 0.5
    outer loop
      vertex 4.25255 17.3205 20
      vertex 10.3763 8.66025 5
      vertex 8.33503 20.2073 15
    endloop
  endfacet
  facet normal 0.816497 -0.288675 0.5
    outer loop
      vertex 8.33503 20.2073 15
      vertex 10.3763 8.66025 5
      vertex 12.4175 14.4338 5
    endloop
  endfacet
  facet normal -1.78695e-16 -0.866025 -0.5
    outer loop
      vertex 8.33503 20.2073 15
      vertex 20.5825 20.2073 15
      vertex 22.6237 17.3205 20
    endloop
  endfacet
  facet normal -7.07839e-17 -0.866025 -0.5
    outer loop
      vertex 4.25255 17.3205 20
      vertex 8.33503 20.2073 15
      vertex 22.6237 17.3205 20
    endloop
  endfacet
  facet normal -0.816497 -0.57735 0
    outer loop
      vertex 28.7474 8.66025 5
      vertex 22.6237 17.3205 20
      vertex 24.665 14.4338 5
    endloop
  endfacet
  facet normal -0.816497 -0.57735 -8.83177e-17
    outer loop
      vertex 24.665 14.4338 5
      vertex 22.6237 17.3205 20
      vertex 20.5825 20.2073 15
    endloop
  endfacet
  facet normal -7.25195e-17 -5.1279e-17 1
    outer loop
      vertex 28.7474 8.66025 5
      vertex 24.665 14.4338 5
      vertex 12.4175 14.4338 5
    endloop
  endfacet
  facet normal -4.83463e-17 1.7093e-17 1
    outer loop
      vertex 10.3763 8.66025 5
      vertex 28.7474 8.66025 5
      vertex 12.4175 14.4338 5
    endloop
  endfacet
  facet normal 0.816497 -0.288675 0.5
    outer loop
      vertex 32.8299 -14.4338 25
      vertex 24.665 -11.547 40
      vertex 32.8299 -23.094 20
    endloop
  endfacet
  facet normal 0.816497 -0.288675 0.5
    outer loop
      vertex 28.7474 -8.66025 35
      vertex 32.8299 2.88675 35
      vertex 32.8299 11.547 40
    endloop
  endfacet
  facet normal 0.816497 -0.288675 0.5
    outer loop
      vertex 28.7474 -8.66025 35
      vertex 24.665 -11.547 40
      vertex 32.8299 -14.4338 25
    endloop
  endfacet
  facet normal 0.816497 -0.288675 0.5
    outer loop
      vertex 32.8299 11.547 40
      vertex 24.665 -11.547 40
      vertex 28.7474 -8.66025 35
    endloop
  endfacet
  facet normal 0.816497 -0.288675 0.5
    outer loop
      vertex 40.9949 -8.2825e-15 20
      vertex 32.8299 11.547 40
      vertex 32.8299 2.88675 35
    endloop
  endfacet
  facet normal 0.816497 -0.288675 0.5
    outer loop
      vertex 40.9949 -8.2825e-15 20
      vertex 36.9124 -2.88675 25
      vertex 32.8299 -23.094 20
    endloop
  endfacet
  facet normal 0.816497 -0.288675 0.5
    outer loop
      vertex 40.9949 -8.2825e-15 20
      vertex 32.8299 2.88675 35
      vertex 36.9124 -2.88675 25
    endloop
  endfacet
  facet normal 0.816497 -0.288675 0.5
    outer loop
      vertex 36.9124 -2.88675 25
      vertex 32.8299 -14.4338 25
      vertex 32.8299 -23.094 20
    endloop
  endfacet
  facet normal -0 0 -1
    outer loop
      vertex 10.3763 8.66025 35
      vertex 12.4175 14.4338 35
      vertex 28.7474 8.66025 35
    endloop
  endfacet
  facet normal 0 0 -1
    outer loop
      vertex 24.665 14.4338 35
      vertex 28.7474 8.66025 35
      vertex 12.4175 14.4338 35
    endloop
  endfacet
  facet normal 0.816497 -0.288675 -0.5
    outer loop
      vertex 8.33503 20.2073 25
      vertex 12.4175 14.4338 35
      vertex 10.3763 8.66025 35
    endloop
  endfacet
  facet normal 0.816497 -0.288675 -0.5
    outer loop
      vertex 4.25255 17.3205 20
      vertex 8.33503 20.2073 25
      vertex 10.3763 8.66025 35
    endloop
  endfacet
  facet normal -0.816497 -0.57735 -2.94392e-17
    outer loop
      vertex 22.6237 17.3205 20
      vertex 28.7474 8.66025 35
      vertex 24.665 14.4338 35
    endloop
  endfacet
  facet normal -0.816497 -0.57735 6.62383e-17
    outer loop
      vertex 24.665 14.4338 35
      vertex 20.5825 20.2073 25
      vertex 22.6237 17.3205 20
    endloop
  endfacet
  facet normal -2.8049e-16 -0.866025 0.5
    outer loop
      vertex 22.6237 17.3205 20
      vertex 20.5825 20.2073 25
      vertex 8.33503 20.2073 25
    endloop
  endfacet
  facet normal -2.64169e-16 -0.866025 0.5
    outer loop
      vertex 22.6237 17.3205 20
      vertex 8.33503 20.2073 25
      vertex 4.25255 17.3205 20
    endloop
  endfacet
  facet normal -3.88631e-17 0.866025 -0.5
    outer loop
      vertex 20.5825 -5.7735 40
      vertex 22.6237 -8.66025 35
      vertex 8.33503 -5.7735 40
    endloop
  endfacet
  facet normal 1.67477e-16 0.866025 -0.5
    outer loop
      vertex 4.25255 -8.66025 35
      vertex 8.33503 -5.7735 40
      vertex 22.6237 -8.66025 35
    endloop
  endfacet
  facet normal 0.816497 -0.288675 -0.5
    outer loop
      vertex 12.4175 5.7735 40
      vertex 4.25255 -8.66025 35
      vertex 10.3763 8.66025 35
    endloop
  endfacet
  facet normal 0.816497 -0.288675 -0.5
    outer loop
      vertex 8.33503 -5.7735 40
      vertex 4.25255 -8.66025 35
      vertex 12.4175 5.7735 40
    endloop
  endfacet
  facet normal -0.816497 0.288675 -0.5
    outer loop
      vertex 28.7474 8.66025 35
      vertex 22.6237 -8.66025 35
      vertex 24.665 5.7735 40
    endloop
  endfacet
  facet normal -0.816497 0.288675 -0.5
    outer loop
      vertex 24.665 5.7735 40
      vertex 22.6237 -8.66025 35
      vertex 20.5825 -5.7735 40
    endloop
  endfacet
  facet normal -2.4042e-16 -0.866025 -0.5
    outer loop
      vertex 10.3763 8.66025 35
      vertex 24.665 5.7735 40
      vertex 12.4175 5.7735 40
    endloop
  endfacet
  facet normal -1.41568e-16 -0.866025 -0.5
    outer loop
      vertex 10.3763 8.66025 35
      vertex 28.7474 8.66025 35
      vertex 24.665 5.7735 40
    endloop
  endfacet
  facet normal 0.816497 0.57735 2.20794e-17
    outer loop
      vertex 8.33503 -14.4338 35
      vertex 12.4175 -20.2073 25
      vertex 10.3763 -17.3205 20
    endloop
  endfacet
  facet normal 0.816497 0.57735 1.76635e-16
    outer loop
      vertex 4.25255 -8.66025 35
      vertex 8.33503 -14.4338 35
      vertex 10.3763 -17.3205 20
    endloop
  endfacet
  facet normal 1.06176e-16 0.866025 0.5
    outer loop
      vertex 24.665 -20.2073 25
      vertex 28.7474 -17.3205 20
      vertex 12.4175 -20.2073 25
    endloop
  endfacet
  facet normal 6.97819e-17 0.866025 0.5
    outer loop
      vertex 12.4175 -20.2073 25
      vertex 28.7474 -17.3205 20
      vertex 10.3763 -17.3205 20
    endloop
  endfacet
  facet normal -0.816497 0.288675 -0.5
    outer loop
      vertex 22.6237 -8.66025 35
      vertex 28.7474 -17.3205 20
      vertex 24.665 -20.2073 25
    endloop
  endfacet
  facet normal -0.816497 0.288675 -0.5
    outer loop
      vertex 22.6237 -8.66025 35
      vertex 24.665 -20.2073 25
      vertex 20.5825 -14.4338 35
    endloop
  endfacet
  facet normal 0 -0 -1
    outer loop
      vertex 20.5825 -14.4338 35
      vertex 8.33503 -14.4338 35
      vertex 22.6237 -8.66025 35
    endloop
  endfacet
  facet normal 0 0 -1
    outer loop
      vertex 22.6237 -8.66025 35
      vertex 8.33503 -14.4338 35
      vertex 4.25255 -8.66025 35
    endloop
  endfacet
  facet normal 0.816497 0.57735 3.31191e-17
    outer loop
      vertex 10.3763 -17.3205 20
      vertex 12.4175 -20.2073 15
      vertex 8.33503 -14.4338 5
    endloop
  endfacet
  facet normal 0.816497 0.57735 -5.88785e-17
    outer loop
      vertex 10.3763 -17.3205 20
      vertex 8.33503 -14.4338 5
      vertex 4.25255 -8.66025 5
    endloop
  endfacet
  facet normal 7.25195e-17 1.28198e-16 1
    outer loop
      vertex 8.33503 -14.4338 5
      vertex 20.5825 -14.4338 5
      vertex 22.6237 -8.66025 5
    endloop
  endfacet
  facet normal 9.66926e-17 6.8372e-17 1
    outer loop
      vertex 4.25255 -8.66025 5
      vertex 8.33503 -14.4338 5
      vertex 22.6237 -8.66025 5
    endloop
  endfacet
  facet normal -0.816497 0.288675 0.5
    outer loop
      vertex 24.665 -20.2073 15
      vertex 28.7474 -17.3205 20
      vertex 22.6237 -8.66025 5
    endloop
  endfacet
  facet normal -0.816497 0.288675 0.5
    outer loop
      vertex 24.665 -20.2073 15
      vertex 22.6237 -8.66025 5
      vertex 20.5825 -14.4338 5
    endloop
  endfacet
  facet normal 2.64169e-16 0.866025 -0.5
    outer loop
      vertex 10.3763 -17.3205 20
      vertex 28.7474 -17.3205 20
      vertex 24.665 -20.2073 15
    endloop
  endfacet
  facet normal 3.20561e-16 0.866025 -0.5
    outer loop
      vertex 10.3763 -17.3205 20
      vertex 24.665 -20.2073 15
      vertex 12.4175 -20.2073 15
    endloop
  endfacet
  facet normal 0.816497 -0.288675 0.5
    outer loop
      vertex 8.33503 -5.7735 1.97595e-15
      vertex 12.4175 5.7735 4.05861e-16
      vertex 10.3763 8.66025 5
    endloop
  endfacet
  facet normal 0.816497 -0.288675 0.5
    outer loop
      vertex 10.3763 8.66025 5
      vertex 4.25255 -8.66025 5
      vertex 8.33503 -5.7735 1.97595e-15
    endloop
  endfacet
  facet normal -1.87116e-16 -0.866025 0.5
    outer loop
      vertex 12.4175 5.7735 4.05861e-16
      vertex 24.665 5.7735 -1.16423e-15
      vertex 28.7474 8.66025 5
    endloop
  endfacet
  facet normal -1.9165e-16 -0.866025 0.5
    outer loop
      vertex 10.3763 8.66025 5
      vertex 12.4175 5.7735 4.05861e-16
      vertex 28.7474 8.66025 5
    endloop
  endfacet
  facet normal -0.816497 0.288675 0.5
    outer loop
      vertex 22.6237 -8.66025 5
      vertex 28.7474 8.66025 5
      vertex 24.665 5.7735 -1.16423e-15
    endloop
  endfacet
  facet normal -0.816497 0.288675 0.5
    outer loop
      vertex 22.6237 -8.66025 5
      vertex 24.665 5.7735 -1.16423e-15
      vertex 20.5825 -5.7735 4.05861e-16
    endloop
  endfacet
  facet normal 3.14018e-16 0.866025 0.5
    outer loop
      vertex 20.5825 -5.7735 4.05861e-16
      vertex 4.25255 -8.66025 5
      vertex 22.6237 -8.66025 5
    endloop
  endfacet
  facet normal 3.15314e-16 0.866025 0.5
    outer loop
      vertex 8.33503 -5.7735 1.97595e-15
      vertex 4.25255 -8.66025 5
      vertex 20.5825 -5.7735 4.05861e-16
    endloop
  endfacet
  facet normal 0 -5.1279e-17 1
    outer loop
      vertex 28.7474 8.66025 5
      vertex 22.6237 -8.66025 5
      vertex 28.7474 -8.66025 5
    endloop
  endfacet
  facet normal -7.25195e-17 -5.1279e-17 1
    outer loop
      vertex 28.7474 -8.66025 5
      vertex 32.8299 2.88675 5
      vertex 28.7474 8.66025 5
    endloop
  endfacet
  facet normal 5.29906e-16 0.866025 0.5
    outer loop
      vertex 28.7474 -17.3205 20
      vertex 32.8299 -14.4338 15
      vertex 28.7474 -8.66025 5
    endloop
  endfacet
  facet normal 0 0.866025 0.5
    outer loop
      vertex 28.7474 -17.3205 20
      vertex 28.7474 -8.66025 5
      vertex 22.6237 -8.66025 5
    endloop
  endfacet
  facet normal -0.816497 -0.57735 -5.88785e-17
    outer loop
      vertex 36.9124 -2.88675 15
      vertex 34.8712 -6.89174e-15 20
      vertex 32.8299 2.88675 5
    endloop
  endfacet
  facet normal -1 0 -0
    outer loop
      vertex 34.8712 -5.25039e-15 20
      vertex 34.8712 -6.89174e-15 20
      vertex 34.8712 -3.04582e-15 20
    endloop
  endfacet
  facet normal -8.32667e-17 2.77556e-17 1.73472e-17
    outer loop
      vertex 32.8299 2.88675 5
      vertex 34.8712 -6.89174e-15 20
      vertex 34.8712 -5.25039e-15 20
    endloop
  endfacet
  facet normal -0.816497 -0.57735 0
    outer loop
      vertex 28.7474 8.66025 5
      vertex 32.8299 2.88675 5
      vertex 34.8712 -5.25039e-15 20
    endloop
  endfacet
  facet normal -5.63223e-17 0 -2.29935e-17
    outer loop
      vertex 34.8712 -6.89174e-15 20
      vertex 36.9124 -2.88675 15
      vertex 34.8712 -7.17336e-15 20
    endloop
  endfacet
  facet normal -0.816497 0.288675 -0.5
    outer loop
      vertex 34.8712 -7.17336e-15 20
      vertex 36.9124 -2.88675 15
      vertex 32.8299 -14.4338 15
    endloop
  endfacet
  facet normal -0.816497 0.288675 -0.5
    outer loop
      vertex 34.8712 -7.17336e-15 20
      vertex 32.8299 -14.4338 15
      vertex 28.7474 -17.3205 20
    endloop
  endfacet
  facet normal 3.53271e-16 -0.866025 -0.5
    outer loop
      vertex 28.7474 17.3205 20
      vertex 32.8299 11.547 30
      vertex 28.7474 8.66025 35
    endloop
  endfacet
  facet normal -7.92507e-16 -0.866025 -0.5
    outer loop
      vertex 22.6237 17.3205 20
      vertex 28.7474 17.3205 20
      vertex 28.7474 8.66025 35
    endloop
  endfacet
  facet normal 8.83177e-17 -0.866025 0.5
    outer loop
      vertex 28.7474 8.66025 5
      vertex 32.8299 11.547 10
      vertex 28.7474 17.3205 20
    endloop
  endfacet
  facet normal -2.12352e-16 -0.866025 0.5
    outer loop
      vertex 22.6237 17.3205 20
      vertex 28.7474 8.66025 5
      vertex 28.7474 17.3205 20
    endloop
  endfacet
  facet normal -0.816497 0.288675 -0.5
    outer loop
      vertex 36.9124 5.7735 20
      vertex 34.8712 -5.25039e-15 20
      vertex 32.8299 11.547 30
    endloop
  endfacet
  facet normal -2.22045e-16 -5.55112e-17 2.77556e-17
    outer loop
      vertex 32.8299 11.547 30
      vertex 34.8712 -5.25039e-15 20
      vertex 34.8712 -3.04582e-15 20
    endloop
  endfacet
  facet normal -0.816497 0.288675 -0.5
    outer loop
      vertex 32.8299 11.547 30
      vertex 34.8712 -3.04582e-15 20
      vertex 28.7474 8.66025 35
    endloop
  endfacet
  facet normal -0.816497 0.288675 0.5
    outer loop
      vertex 36.9124 5.7735 20
      vertex 32.8299 11.547 10
      vertex 34.8712 -5.25039e-15 20
    endloop
  endfacet
  facet normal -0.816497 0.288675 0.5
    outer loop
      vertex 34.8712 -5.25039e-15 20
      vertex 32.8299 11.547 10
      vertex 28.7474 8.66025 5
    endloop
  endfacet
  facet normal 2.51215e-16 0.866025 -0.5
    outer loop
      vertex 22.6237 -8.66025 35
      vertex 28.7474 -8.66025 35
      vertex 32.8299 -14.4338 25
    endloop
  endfacet
  facet normal 7.06542e-16 0.866025 -0.5
    outer loop
      vertex 22.6237 -8.66025 35
      vertex 32.8299 -14.4338 25
      vertex 28.7474 -17.3205 20
    endloop
  endfacet
  facet normal -0.816497 0.288675 0.5
    outer loop
      vertex 36.9124 -2.88675 25
      vertex 34.8712 -7.17336e-15 20
      vertex 32.8299 -14.4338 25
    endloop
  endfacet
  facet normal -0.816497 0.288675 0.5
    outer loop
      vertex 32.8299 -14.4338 25
      vertex 34.8712 -7.17336e-15 20
      vertex 28.7474 -17.3205 20
    endloop
  endfacet
  facet normal -5.63223e-17 0 2.29935e-17
    outer loop
      vertex 34.8712 -6.89174e-15 20
      vertex 34.8712 -7.17336e-15 20
      vertex 36.9124 -2.88675 25
    endloop
  endfacet
  facet normal -7.69185e-16 0 3.14018e-16
    outer loop
      vertex 34.8712 -6.89174e-15 20
      vertex 36.9124 -2.88675 25
      vertex 34.8712 -3.04582e-15 20
    endloop
  endfacet
  facet normal -0.816497 -0.57735 -1.57009e-16
    outer loop
      vertex 36.9124 -2.88675 25
      vertex 32.8299 2.88675 35
      vertex 34.8712 -3.04582e-15 20
    endloop
  endfacet
  facet normal -0.816497 -0.57735 -5.88785e-17
    outer loop
      vertex 32.8299 2.88675 35
      vertex 28.7474 8.66025 35
      vertex 34.8712 -3.04582e-15 20
    endloop
  endfacet
  facet normal 0 0 -1
    outer loop
      vertex 32.8299 2.88675 35
      vertex 28.7474 -8.66025 35
      vertex 28.7474 8.66025 35
    endloop
  endfacet
  facet normal 0 0 -1
    outer loop
      vertex 28.7474 8.66025 35
      vertex 28.7474 -8.66025 35
      vertex 22.6237 -8.66025 35
    endloop
  endfacet
  facet normal -0.816497 0.288675 0.5
    outer loop
      vertex 37.2526 8.66025 35
      vertex 33.1701 23.094 20
      vertex 33.1701 14.4338 25
    endloop
  endfacet
  facet normal -0.816497 0.288675 0.5
    outer loop
      vertex 37.2526 8.66025 35
      vertex 33.1701 -11.547 40
      vertex 41.335 11.547 40
    endloop
  endfacet
  facet normal -0.816497 0.288675 0.5
    outer loop
      vertex 25.0051 8.2825e-15 20
      vertex 33.1701 -11.547 40
      vertex 33.1701 -2.88675 35
    endloop
  endfacet
  facet normal -0.816497 0.288675 0.5
    outer loop
      vertex 25.0051 8.2825e-15 20
      vertex 33.1701 -2.88675 35
      vertex 29.0876 2.88675 25
    endloop
  endfacet
  facet normal -0.816497 0.288675 0.5
    outer loop
      vertex 25.0051 8.2825e-15 20
      vertex 29.0876 2.88675 25
      vertex 33.1701 23.094 20
    endloop
  endfacet
  facet normal -0.816497 0.288675 0.5
    outer loop
      vertex 29.0876 2.88675 25
      vertex 33.1701 14.4338 25
      vertex 33.1701 23.094 20
    endloop
  endfacet
  facet normal -0.816497 0.288675 0.5
    outer loop
      vertex 33.1701 23.094 20
      vertex 37.2526 8.66025 35
      vertex 41.335 11.547 40
    endloop
  endfacet
  facet normal -0.816497 0.288675 0.5
    outer loop
      vertex 33.1701 -2.88675 35
      vertex 33.1701 -11.547 40
      vertex 37.2526 8.66025 35
    endloop
  endfacet
  facet normal -0.816497 -0.57735 2.05116e-16
    outer loop
      vertex 33.1701 -11.547 30
      vertex 33.1701 -11.547 40
      vertex 29.0876 -5.7735 20
    endloop
  endfacet
  facet normal -0.816497 -0.57735 3.33645e-16
    outer loop
      vertex 37.2526 -17.3205 20
      vertex 33.1701 -11.547 3.54605e-15
      vertex 41.335 -23.094 20
    endloop
  endfacet
  facet normal -0.816497 -0.57735 0
    outer loop
      vertex 25.0051 8.2825e-15 20
      vertex 33.1701 -11.547 3.54605e-15
      vertex 33.1701 -11.547 10
    endloop
  endfacet
  facet normal -0.816497 -0.57735 5.23364e-16
    outer loop
      vertex 25.0051 8.2825e-15 20
      vertex 33.1701 -11.547 10
      vertex 29.0876 -5.7735 20
    endloop
  endfacet
  facet normal -0.816497 -0.57735 -2.35514e-16
    outer loop
      vertex 25.0051 8.2825e-15 20
      vertex 29.0876 -5.7735 20
      vertex 33.1701 -11.547 40
    endloop
  endfacet
  facet normal -0.816497 -0.57735 2.05116e-16
    outer loop
      vertex 33.1701 -11.547 40
      vertex 33.1701 -11.547 30
      vertex 41.335 -23.094 20
    endloop
  endfacet
  facet normal -0.816497 -0.57735 -7.3271e-16
    outer loop
      vertex 33.1701 -11.547 30
      vertex 37.2526 -17.3205 20
      vertex 41.335 -23.094 20
    endloop
  endfacet
  facet normal -0.816497 -0.57735 1.02558e-16
    outer loop
      vertex 33.1701 -11.547 10
      vertex 33.1701 -11.547 3.54605e-15
      vertex 37.2526 -17.3205 20
    endloop
  endfacet
  facet normal -0.816497 0.288675 -0.5
    outer loop
      vertex 37.2526 8.66025 5
      vertex 33.1701 23.094 20
      vertex 41.335 11.547 4.05861e-16
    endloop
  endfacet
  facet normal -0.816497 0.288675 -0.5
    outer loop
      vertex 25.0051 8.2825e-15 20
      vertex 33.1701 23.094 20
      vertex 29.0876 2.88675 15
    endloop
  endfacet
  facet normal -0.816497 0.288675 -0.5
    outer loop
      vertex 25.0051 8.2825e-15 20
      vertex 29.0876 2.88675 15
      vertex 33.1701 -11.547 3.54605e-15
    endloop
  endfacet
  facet normal -0.816497 0.288675 -0.5
    outer loop
      vertex 37.2526 8.66025 5
      vertex 33.1701 -11.547 3.54605e-15
      vertex 33.1701 -2.88675 5
    endloop
  endfacet
  facet normal -0.816497 0.288675 -0.5
    outer loop
      vertex 29.0876 2.88675 15
      vertex 33.1701 -2.88675 5
      vertex 33.1701 -11.547 3.54605e-15
    endloop
  endfacet
  facet normal -0.816497 0.288675 -0.5
    outer loop
      vertex 33.1701 14.4338 15
      vertex 33.1701 23.094 20
      vertex 37.2526 8.66025 5
    endloop
  endfacet
  facet normal -0.816497 0.288675 -0.5
    outer loop
      vertex 33.1701 -11.547 3.54605e-15
      vertex 37.2526 8.66025 5
      vertex 41.335 11.547 4.05861e-16
    endloop
  endfacet
  facet normal -0.816497 0.288675 -0.5
    outer loop
      vertex 29.0876 2.88675 15
      vertex 33.1701 23.094 20
      vertex 33.1701 14.4338 15
    endloop
  endfacet
  facet normal 3.9743e-16 0.866025 -0.5
    outer loop
      vertex 57.665 14.4338 5
      vertex 57.665 23.094 20
      vertex 65.8299 11.547 -2.73432e-15
    endloop
  endfacet
  facet normal 2.51215e-16 0.866025 -0.5
    outer loop
      vertex 33.1701 23.094 20
      vertex 57.665 23.094 20
      vertex 41.335 20.2073 15
    endloop
  endfacet
  facet normal 3.92523e-16 0.866025 -0.5
    outer loop
      vertex 33.1701 23.094 20
      vertex 41.335 20.2073 15
      vertex 41.335 11.547 4.05861e-16
    endloop
  endfacet
  facet normal -1.57009e-16 0.866025 -0.5
    outer loop
      vertex 53.5825 20.2073 15
      vertex 57.665 23.094 20
      vertex 57.665 14.4338 5
    endloop
  endfacet
  facet normal 3.12723e-16 0.866025 -0.5
    outer loop
      vertex 41.335 11.547 4.05861e-16
      vertex 45.4175 14.4338 5
      vertex 65.8299 11.547 -2.73432e-15
    endloop
  endfacet
  facet normal 2.87475e-16 0.866025 -0.5
    outer loop
      vertex 45.4175 14.4338 5
      vertex 57.665 14.4338 5
      vertex 65.8299 11.547 -2.73432e-15
    endloop
  endfacet
  facet normal 3.23734e-16 0.866025 -0.5
    outer loop
      vertex 41.335 20.2073 15
      vertex 57.665 23.094 20
      vertex 53.5825 20.2073 15
    endloop
  endfacet
  facet normal 1.57009e-16 0.866025 -0.5
    outer loop
      vertex 45.4175 14.4338 5
      vertex 41.335 11.547 4.05861e-16
      vertex 41.335 20.2073 15
    endloop
  endfacet
  facet normal 2.51215e-16 0.866025 0.5
    outer loop
      vertex 41.335 20.2073 25
      vertex 53.5825 20.2073 25
      vertex 57.665 23.094 20
    endloop
  endfacet
  facet normal 1.83995e-16 0.866025 0.5
    outer loop
      vertex 45.4175 14.4338 35
      vertex 41.335 11.547 40
      vertex 65.8299 11.547 40
    endloop
  endfacet
  facet normal 1.57009e-16 0.866025 0.5
    outer loop
      vertex 33.1701 23.094 20
      vertex 41.335 11.547 40
      vertex 45.4175 14.4338 35
    endloop
  endfacet
  facet normal 2.51215e-16 0.866025 0.5
    outer loop
      vertex 57.665 14.4338 35
      vertex 45.4175 14.4338 35
      vertex 65.8299 11.547 40
    endloop
  endfacet
  facet normal 8.83177e-17 0.866025 0.5
    outer loop
      vertex 33.1701 23.094 20
      vertex 45.4175 14.4338 35
      vertex 41.335 20.2073 25
    endloop
  endfacet
  facet normal 2.51215e-16 0.866025 0.5
    outer loop
      vertex 33.1701 23.094 20
      vertex 41.335 20.2073 25
      vertex 57.665 23.094 20
    endloop
  endfacet
  facet normal 2.35514e-16 0.866025 0.5
    outer loop
      vertex 57.665 23.094 20
      vertex 53.5825 20.2073 25
      vertex 65.8299 11.547 40
    endloop
  endfacet
  facet normal 0 0.866025 0.5
    outer loop
      vertex 53.5825 20.2073 25
      vertex 57.665 14.4338 35
      vertex 65.8299 11.547 40
    endloop
  endfacet
  facet normal 2.90078e-16 -4.10232e-16 1
    outer loop
      vertex 41.335 -5.7735 40
      vertex 33.1701 -11.547 40
      vertex 57.665 -11.547 40
    endloop
  endfacet
  facet normal -2.90078e-16 4.10232e-16 1
    outer loop
      vertex 41.335 11.547 40
      vertex 33.1701 -11.547 40
      vertex 41.335 -5.7735 40
    endloop
  endfacet
  facet normal 0 0 1
    outer loop
      vertex 45.4175 5.7735 40
      vertex 57.665 5.7735 40
      vertex 41.335 11.547 40
    endloop
  endfacet
  facet normal 5.80156e-16 4.10232e-16 1
    outer loop
      vertex 41.335 11.547 40
      vertex 41.335 -5.7735 40
      vertex 45.4175 5.7735 40
    endloop
  endfacet
  facet normal 0 0 1
    outer loop
      vertex 65.8299 11.547 40
      vertex 57.665 5.7735 40
      vertex 57.665 -11.547 40
    endloop
  endfacet
  facet normal -0 0 1
    outer loop
      vertex 65.8299 11.547 40
      vertex 41.335 11.547 40
      vertex 57.665 5.7735 40
    endloop
  endfacet
  facet normal 0 0 1
    outer loop
      vertex 57.665 5.7735 40
      vertex 53.5825 -5.7735 40
      vertex 57.665 -11.547 40
    endloop
  endfacet
  facet normal 5.80156e-16 4.10232e-16 1
    outer loop
      vertex 53.5825 -5.7735 40
      vertex 41.335 -5.7735 40
      vertex 57.665 -11.547 40
    endloop
  endfacet
  facet normal -8.83177e-17 -0.866025 0.5
    outer loop
      vertex 41.335 -14.4338 35
      vertex 33.1701 -11.547 40
      vertex 41.335 -23.094 20
    endloop
  endfacet
  facet normal -2.51215e-16 -0.866025 0.5
    outer loop
      vertex 65.8299 -23.094 20
      vertex 45.4175 -20.2073 25
      vertex 41.335 -23.094 20
    endloop
  endfacet
  facet normal -2.31783e-16 -0.866025 0.5
    outer loop
      vertex 57.665 -11.547 40
      vertex 33.1701 -11.547 40
      vertex 41.335 -14.4338 35
    endloop
  endfacet
  facet normal -3.92523e-16 -0.866025 0.5
    outer loop
      vertex 53.5825 -14.4338 35
      vertex 57.665 -20.2073 25
      vertex 57.665 -11.547 40
    endloop
  endfacet
  facet normal -2.61682e-16 -0.866025 0.5
    outer loop
      vertex 57.665 -11.547 40
      vertex 41.335 -14.4338 35
      vertex 53.5825 -14.4338 35
    endloop
  endfacet
  facet normal -3.6799e-16 -0.866025 0.5
    outer loop
      vertex 65.8299 -23.094 20
      vertex 57.665 -20.2073 25
      vertex 45.4175 -20.2073 25
    endloop
  endfacet
  facet normal -1.57009e-16 -0.866025 0.5
    outer loop
      vertex 65.8299 -23.094 20
      vertex 57.665 -11.547 40
      vertex 57.665 -20.2073 25
    endloop
  endfacet
  facet normal 0 -0.866025 0.5
    outer loop
      vertex 45.4175 -20.2073 25
      vertex 41.335 -14.4338 35
      vertex 41.335 -23.094 20
    endloop
  endfacet
  facet normal 0 0 -1
    outer loop
      vertex 37.2526 8.66025 35
      vertex 43.3763 8.66025 35
      vertex 37.2526 -8.66025 35
    endloop
  endfacet
  facet normal 0 0 -1
    outer loop
      vertex 37.2526 -8.66025 35
      vertex 33.1701 -2.88675 35
      vertex 37.2526 8.66025 35
    endloop
  endfacet
  facet normal 0.816497 0.57735 3.38551e-16
    outer loop
      vertex 33.1701 -2.88675 35
      vertex 37.2526 -8.66025 35
      vertex 31.1288 5.25039e-15 20
    endloop
  endfacet
  facet normal 6.38421e-17 2.04617e-16 3.06907e-17
    outer loop
      vertex 31.1288 6.89174e-15 20
      vertex 33.1701 -2.88675 35
      vertex 31.1288 5.25039e-15 20
    endloop
  endfacet
  facet normal 0.676988 0.625374 -0.388065
    outer loop
      vertex 31.1288 3.04582e-15 20
      vertex 31.1288 6.89174e-15 20
      vertex 31.1288 5.25039e-15 20
    endloop
  endfacet
  facet normal 0.816497 0.57735 7.7278e-17
    outer loop
      vertex 31.1288 6.89174e-15 20
      vertex 29.0876 2.88675 25
      vertex 33.1701 -2.88675 35
    endloop
  endfacet
  facet normal 0 -0.866025 -0.5
    outer loop
      vertex 43.3763 8.66025 35
      vertex 37.2526 8.66025 35
      vertex 37.2526 17.3205 20
    endloop
  endfacet
  facet normal -8.83177e-16 -0.866025 -0.5
    outer loop
      vertex 37.2526 8.66025 35
      vertex 33.1701 14.4338 25
      vertex 37.2526 17.3205 20
    endloop
  endfacet
  facet normal 0.816497 -0.288675 0.5
    outer loop
      vertex 33.1701 14.4338 25
      vertex 31.1288 7.17336e-15 20
      vertex 37.2526 17.3205 20
    endloop
  endfacet
  facet normal 0.816497 -0.288675 0.5
    outer loop
      vertex 29.0876 2.88675 25
      vertex 31.1288 7.17336e-15 20
      vertex 33.1701 14.4338 25
    endloop
  endfacet
  facet normal 5.63223e-17 0 2.29935e-17
    outer loop
      vertex 31.1288 6.89174e-15 20
      vertex 31.1288 7.17336e-15 20
      vertex 29.0876 2.88675 25
    endloop
  endfacet
  facet normal -2.74766e-16 -0.866025 -0.5
    outer loop
      vertex 41.335 -14.4338 5
      vertex 33.1701 -11.547 3.54605e-15
      vertex 57.665 -11.547 4.05861e-16
    endloop
  endfacet
  facet normal -3.14018e-16 -0.866025 -0.5
    outer loop
      vertex 45.4175 -20.2073 15
      vertex 41.335 -23.094 20
      vertex 41.335 -14.4338 5
    endloop
  endfacet
  facet normal -2.87475e-16 -0.866025 -0.5
    outer loop
      vertex 53.5825 -14.4338 5
      vertex 41.335 -14.4338 5
      vertex 57.665 -11.547 4.05861e-16
    endloop
  endfacet
  facet normal -1.57009e-16 -0.866025 -0.5
    outer loop
      vertex 41.335 -23.094 20
      vertex 33.1701 -11.547 3.54605e-15
      vertex 41.335 -14.4338 5
    endloop
  endfacet
  facet normal -2.51215e-16 -0.866025 -0.5
    outer loop
      vertex 65.8299 -23.094 20
      vertex 41.335 -23.094 20
      vertex 45.4175 -20.2073 15
    endloop
  endfacet
  facet normal -3.92523e-16 -0.866025 -0.5
    outer loop
      vertex 65.8299 -23.094 20
      vertex 57.665 -20.2073 15
      vertex 57.665 -11.547 4.05861e-16
    endloop
  endfacet
  facet normal -1.63551e-16 -0.866025 -0.5
    outer loop
      vertex 65.8299 -23.094 20
      vertex 45.4175 -20.2073 15
      vertex 57.665 -20.2073 15
    endloop
  endfacet
  facet normal -3.53271e-16 -0.866025 -0.5
    outer loop
      vertex 57.665 -20.2073 15
      vertex 53.5825 -14.4338 5
      vertex 57.665 -11.547 4.05861e-16
    endloop
  endfacet
  facet normal -1.28198e-16 -9.06493e-17 -1
    outer loop
      vertex 53.5825 -5.7735 4.05861e-16
      vertex 57.665 -11.547 4.05861e-16
      vertex 41.335 -5.7735 1.97595e-15
    endloop
  endfacet
  facet normal -1.28198e-16 -9.06493e-17 -1
    outer loop
      vertex 57.665 5.7735 -1.16423e-15
      vertex 41.335 11.547 4.05861e-16
      vertex 65.8299 11.547 -2.73432e-15
    endloop
  endfacet
  facet normal -1.28198e-16 -9.06493e-17 -1
    outer loop
      vertex 33.1701 -11.547 3.54605e-15
      vertex 41.335 11.547 4.05861e-16
      vertex 45.4175 5.7735 4.05861e-16
    endloop
  endfacet
  facet normal -1.28198e-16 -9.06493e-17 -1
    outer loop
      vertex 33.1701 -11.547 3.54605e-15
      vertex 45.4175 5.7735 4.05861e-16
      vertex 41.335 -5.7735 1.97595e-15
    endloop
  endfacet
  facet normal -1.28198e-16 -9.06493e-17 -1
    outer loop
      vertex 33.1701 -11.547 3.54605e-15
      vertex 41.335 -5.7735 1.97595e-15
      vertex 57.665 -11.547 4.05861e-16
    endloop
  endfacet
  facet normal -1.28198e-16 -9.06493e-17 -1
    outer loop
      vertex 57.665 -11.547 4.05861e-16
      vertex 53.5825 -5.7735 4.05861e-16
      vertex 65.8299 11.547 -2.73432e-15
    endloop
  endfacet
  facet normal -1.28198e-16 -9.06493e-17 -1
    outer loop
      vertex 53.5825 -5.7735 4.05861e-16
      vertex 57.665 5.7735 -1.16423e-15
      vertex 65.8299 11.547 -2.73432e-15
    endloop
  endfacet
  facet normal -1.28198e-16 -9.06493e-17 -1
    outer loop
      vertex 45.4175 5.7735 4.05861e-16
      vertex 41.335 11.547 4.05861e-16
      vertex 57.665 5.7735 -1.16423e-15
    endloop
  endfacet
  facet normal 7.92507e-16 0.866025 0.5
    outer loop
      vertex 37.2526 -17.3205 20
      vertex 43.3763 -17.3205 20
      vertex 37.2526 -8.66025 5
    endloop
  endfacet
  facet normal 1.76635e-16 0.866025 0.5
    outer loop
      vertex 37.2526 -17.3205 20
      vertex 37.2526 -8.66025 5
      vertex 33.1701 -11.547 10
    endloop
  endfacet
  facet normal 0.816497 -0.288675 0.5
    outer loop
      vertex 33.1701 -11.547 10
      vertex 37.2526 -8.66025 5
      vertex 31.1288 3.04582e-15 20
    endloop
  endfacet
  facet normal 0.816497 -0.288675 0.5
    outer loop
      vertex 29.0876 -5.7735 20
      vertex 33.1701 -11.547 10
      vertex 31.1288 5.25039e-15 20
    endloop
  endfacet
  facet normal 1.42331e-16 5.43896e-17 -3.37505e-17
    outer loop
      vertex 31.1288 5.25039e-15 20
      vertex 33.1701 -11.547 10
      vertex 31.1288 3.04582e-15 20
    endloop
  endfacet
  facet normal 2.12352e-16 0.866025 -0.5
    outer loop
      vertex 43.3763 -17.3205 20
      vertex 37.2526 -17.3205 20
      vertex 37.2526 -8.66025 35
    endloop
  endfacet
  facet normal -1.76635e-16 0.866025 -0.5
    outer loop
      vertex 37.2526 -8.66025 35
      vertex 37.2526 -17.3205 20
      vertex 33.1701 -11.547 30
    endloop
  endfacet
  facet normal 0.816497 -0.288675 -0.5
    outer loop
      vertex 31.1288 5.25039e-15 20
      vertex 37.2526 -8.66025 35
      vertex 33.1701 -11.547 30
    endloop
  endfacet
  facet normal 0.816497 -0.288675 -0.5
    outer loop
      vertex 29.0876 -5.7735 20
      vertex 31.1288 5.25039e-15 20
      vertex 33.1701 -11.547 30
    endloop
  endfacet
  facet normal 1.87741e-17 -0 7.66449e-18
    outer loop
      vertex 31.1288 7.17336e-15 20
      vertex 31.1288 6.89174e-15 20
      vertex 37.2526 -8.66025 5
    endloop
  endfacet
  facet normal 2.22045e-16 2.22045e-16 -2.77556e-17
    outer loop
      vertex 37.2526 -8.66025 5
      vertex 31.1288 6.89174e-15 20
      vertex 31.1288 3.04582e-15 20
    endloop
  endfacet
  facet normal 0.816497 0.57735 -5.88785e-17
    outer loop
      vertex 31.1288 7.17336e-15 20
      vertex 37.2526 -8.66025 5
      vertex 33.1701 -2.88675 5
    endloop
  endfacet
  facet normal 0.816497 0.57735 -6.62383e-17
    outer loop
      vertex 31.1288 7.17336e-15 20
      vertex 33.1701 -2.88675 5
      vertex 29.0876 2.88675 15
    endloop
  endfacet
  facet normal 0.816497 -0.288675 -0.5
    outer loop
      vertex 33.1701 14.4338 15
      vertex 37.2526 17.3205 20
      vertex 31.1288 7.17336e-15 20
    endloop
  endfacet
  facet normal 0.816497 -0.288675 -0.5
    outer loop
      vertex 29.0876 2.88675 15
      vertex 33.1701 14.4338 15
      vertex 31.1288 7.17336e-15 20
    endloop
  endfacet
  facet normal -2.17558e-16 -0.866025 0.5
    outer loop
      vertex 43.3763 8.66025 5
      vertex 37.2526 17.3205 20
      vertex 37.2526 8.66025 5
    endloop
  endfacet
  facet normal -4.41589e-16 -0.866025 0.5
    outer loop
      vertex 37.2526 17.3205 20
      vertex 33.1701 14.4338 15
      vertex 37.2526 8.66025 5
    endloop
  endfacet
  facet normal 1.45039e-16 5.1279e-17 1
    outer loop
      vertex 37.2526 -8.66025 5
      vertex 43.3763 8.66025 5
      vertex 37.2526 8.66025 5
    endloop
  endfacet
  facet normal 7.25195e-17 5.1279e-17 1
    outer loop
      vertex 33.1701 -2.88675 5
      vertex 37.2526 -8.66025 5
      vertex 37.2526 8.66025 5
    endloop
  endfacet
  facet normal 0.816497 -0.288675 -0.5
    outer loop
      vertex 61.7474 -8.66025 5
      vertex 57.665 -11.547 4.05861e-16
      vertex 65.8299 11.547 -2.73432e-15
    endloop
  endfacet
  facet normal 0.816497 -0.288675 -0.5
    outer loop
      vertex 65.8299 -23.094 20
      vertex 57.665 -11.547 4.05861e-16
      vertex 61.7474 -8.66025 5
    endloop
  endfacet
  facet normal 0.816497 -0.288675 -0.5
    outer loop
      vertex 73.9949 -8.2825e-15 20
      vertex 65.8299 -23.094 20
      vertex 65.8299 -14.4338 15
    endloop
  endfacet
  facet normal 0.816497 -0.288675 -0.5
    outer loop
      vertex 73.9949 -8.2825e-15 20
      vertex 69.9124 -2.88675 15
      vertex 65.8299 11.547 -2.73432e-15
    endloop
  endfacet
  facet normal 0.816497 -0.288675 -0.5
    outer loop
      vertex 73.9949 -8.2825e-15 20
      vertex 65.8299 -14.4338 15
      vertex 69.9124 -2.88675 15
    endloop
  endfacet
  facet normal 0.816497 -0.288675 -0.5
    outer loop
      vertex 69.9124 -2.88675 15
      vertex 65.8299 2.88675 5
      vertex 65.8299 11.547 -2.73432e-15
    endloop
  endfacet
  facet normal 0.816497 -0.288675 -0.5
    outer loop
      vertex 61.7474 -8.66025 5
      vertex 65.8299 -14.4338 15
      vertex 65.8299 -23.094 20
    endloop
  endfacet
  facet normal 0.816497 -0.288675 -0.5
    outer loop
      vertex 65.8299 2.88675 5
      vertex 61.7474 -8.66025 5
      vertex 65.8299 11.547 -2.73432e-15
    endloop
  endfacet
  facet normal 0.816497 0.57735 -5.88785e-17
    outer loop
      vertex 61.7474 17.3205 20
      vertex 57.665 23.094 20
      vertex 65.8299 11.547 40
    endloop
  endfacet
  facet normal 0.816497 0.57735 0
    outer loop
      vertex 65.8299 11.547 -2.73432e-15
      vertex 57.665 23.094 20
      vertex 61.7474 17.3205 20
    endloop
  endfacet
  facet normal 0.816497 0.57735 -2.05116e-16
    outer loop
      vertex 65.8299 11.547 10
      vertex 69.9124 5.7735 20
      vertex 65.8299 11.547 -2.73432e-15
    endloop
  endfacet
  facet normal 0.816497 0.57735 -2.05116e-16
    outer loop
      vertex 65.8299 11.547 -2.73432e-15
      vertex 61.7474 17.3205 20
      vertex 65.8299 11.547 10
    endloop
  endfacet
  facet normal 0.816497 0.57735 -5.88785e-16
    outer loop
      vertex 73.9949 -8.2825e-15 20
      vertex 69.9124 5.7735 20
      vertex 65.8299 11.547 40
    endloop
  endfacet
  facet normal 0.816497 0.57735 5.49532e-16
    outer loop
      vertex 73.9949 -8.2825e-15 20
      vertex 65.8299 11.547 -2.73432e-15
      vertex 69.9124 5.7735 20
    endloop
  endfacet
  facet normal 0.816497 0.57735 -1.17757e-16
    outer loop
      vertex 69.9124 5.7735 20
      vertex 65.8299 11.547 30
      vertex 65.8299 11.547 40
    endloop
  endfacet
  facet normal 0.816497 0.57735 -1.02558e-16
    outer loop
      vertex 65.8299 11.547 30
      vertex 61.7474 17.3205 20
      vertex 65.8299 11.547 40
    endloop
  endfacet
  facet normal 0.816497 -0.288675 0.5
    outer loop
      vertex 37.2526 17.3205 20
      vertex 43.3763 8.66025 5
      vertex 41.335 20.2073 15
    endloop
  endfacet
  facet normal 0.816497 -0.288675 0.5
    outer loop
      vertex 41.335 20.2073 15
      vertex 43.3763 8.66025 5
      vertex 45.4175 14.4338 5
    endloop
  endfacet
  facet normal -1.78695e-16 -0.866025 -0.5
    outer loop
      vertex 41.335 20.2073 15
      vertex 53.5825 20.2073 15
      vertex 55.6237 17.3205 20
    endloop
  endfacet
  facet normal -7.07839e-17 -0.866025 -0.5
    outer loop
      vertex 37.2526 17.3205 20
      vertex 41.335 20.2073 15
      vertex 55.6237 17.3205 20
    endloop
  endfacet
  facet normal -0.816497 -0.57735 -2.94392e-16
    outer loop
      vertex 61.7474 8.66025 5
      vertex 55.6237 17.3205 20
      vertex 57.665 14.4338 5
    endloop
  endfacet
  facet normal -0.816497 -0.57735 -2.64953e-16
    outer loop
      vertex 57.665 14.4338 5
      vertex 55.6237 17.3205 20
      vertex 53.5825 20.2073 15
    endloop
  endfacet
  facet normal -7.25195e-17 -5.1279e-17 1
    outer loop
      vertex 61.7474 8.66025 5
      vertex 57.665 14.4338 5
      vertex 45.4175 14.4338 5
    endloop
  endfacet
  facet normal -4.83463e-17 1.7093e-17 1
    outer loop
      vertex 43.3763 8.66025 5
      vertex 61.7474 8.66025 5
      vertex 45.4175 14.4338 5
    endloop
  endfacet
  facet normal 0.816497 -0.288675 0.5
    outer loop
      vertex 65.8299 -14.4338 25
      vertex 57.665 -11.547 40
      vertex 65.8299 -23.094 20
    endloop
  endfacet
  facet normal 0.816497 -0.288675 0.5
    outer loop
      vertex 61.7474 -8.66025 35
      vertex 65.8299 2.88675 35
      vertex 65.8299 11.547 40
    endloop
  endfacet
  facet normal 0.816497 -0.288675 0.5
    outer loop
      vertex 61.7474 -8.66025 35
      vertex 57.665 -11.547 40
      vertex 65.8299 -14.4338 25
    endloop
  endfacet
  facet normal 0.816497 -0.288675 0.5
    outer loop
      vertex 65.8299 11.547 40
      vertex 57.665 -11.547 40
      vertex 61.7474 -8.66025 35
    endloop
  endfacet
  facet normal 0.816497 -0.288675 0.5
    outer loop
      vertex 73.9949 -8.2825e-15 20
      vertex 65.8299 11.547 40
      vertex 65.8299 2.88675 35
    endloop
  endfacet
  facet normal 0.816497 -0.288675 0.5
    outer loop
      vertex 73.9949 -8.2825e-15 20
      vertex 69.9124 -2.88675 25
      vertex 65.8299 -23.094 20
    endloop
  endfacet
  facet normal 0.816497 -0.288675 0.5
    outer loop
      vertex 73.9949 -8.2825e-15 20
      vertex 65.8299 2.88675 35
      vertex 69.9124 -2.88675 25
    endloop
  endfacet
  facet normal 0.816497 -0.288675 0.5
    outer loop
      vertex 69.9124 -2.88675 25
      vertex 65.8299 -14.4338 25
      vertex 65.8299 -23.094 20
    endloop
  endfacet
  facet normal -0 0 -1
    outer loop
      vertex 43.3763 8.66025 35
      vertex 45.4175 14.4338 35
      vertex 61.7474 8.66025 35
    endloop
  endfacet
  facet normal 0 0 -1
    outer loop
      vertex 57.665 14.4338 35
      vertex 61.7474 8.66025 35
      vertex 45.4175 14.4338 35
    endloop
  endfacet
  facet normal 0.816497 -0.288675 -0.5
    outer loop
      vertex 41.335 20.2073 25
      vertex 45.4175 14.4338 35
      vertex 43.3763 8.66025 35
    endloop
  endfacet
  facet normal 0.816497 -0.288675 -0.5
    outer loop
      vertex 37.2526 17.3205 20
      vertex 41.335 20.2073 25
      vertex 43.3763 8.66025 35
    endloop
  endfacet
  facet normal -0.816497 -0.57735 1.17757e-16
    outer loop
      vertex 55.6237 17.3205 20
      vertex 61.7474 8.66025 35
      vertex 57.665 14.4338 35
    endloop
  endfacet
  facet normal -0.816497 -0.57735 1.76635e-16
    outer loop
      vertex 57.665 14.4338 35
      vertex 53.5825 20.2073 25
      vertex 55.6237 17.3205 20
    endloop
  endfacet
  facet normal -2.4042e-16 -0.866025 0.5
    outer loop
      vertex 55.6237 17.3205 20
      vertex 53.5825 20.2073 25
      vertex 41.335 20.2073 25
    endloop
  endfacet
  facet normal -2.64169e-16 -0.866025 0.5
    outer loop
      vertex 55.6237 17.3205 20
      vertex 41.335 20.2073 25
      vertex 37.2526 17.3205 20
    endloop
  endfacet
  facet normal -3.88631e-17 0.866025 -0.5
    outer loop
      vertex 53.5825 -5.7735 40
      vertex 55.6237 -8.66025 35
      vertex 41.335 -5.7735 40
    endloop
  endfacet
  facet normal 1.67477e-16 0.866025 -0.5
    outer loop
      vertex 37.2526 -8.66025 35
      vertex 41.335 -5.7735 40
      vertex 55.6237 -8.66025 35
    endloop
  endfacet
  facet normal 0.816497 -0.288675 -0.5
    outer loop
      vertex 45.4175 5.7735 40
      vertex 37.2526 -8.66025 35
      vertex 43.3763 8.66025 35
    endloop
  endfacet
  facet normal 0.816497 -0.288675 -0.5
    outer loop
      vertex 41.335 -5.7735 40
      vertex 37.2526 -8.66025 35
      vertex 45.4175 5.7735 40
    endloop
  endfacet
  facet normal -0.816497 0.288675 -0.5
    outer loop
      vertex 61.7474 8.66025 35
      vertex 55.6237 -8.66025 35
      vertex 57.665 5.7735 40
    endloop
  endfacet
  facet normal -0.816497 0.288675 -0.5
    outer loop
      vertex 57.665 5.7735 40
      vertex 55.6237 -8.66025 35
      vertex 53.5825 -5.7735 40
    endloop
  endfacet
  facet normal -2.4042e-16 -0.866025 -0.5
    outer loop
      vertex 43.3763 8.66025 35
      vertex 57.665 5.7735 40
      vertex 45.4175 5.7735 40
    endloop
  endfacet
  facet normal -1.41568e-16 -0.866025 -0.5
    outer loop
      vertex 43.3763 8.66025 35
      vertex 61.7474 8.66025 35
      vertex 57.665 5.7735 40
    endloop
  endfacet
  facet normal 0.816497 0.57735 2.42874e-16
    outer loop
      vertex 41.335 -14.4338 35
      vertex 45.4175 -20.2073 25
      vertex 43.3763 -17.3205 20
    endloop
  endfacet
  facet normal 0.816497 0.57735 3.53271e-16
    outer loop
      vertex 37.2526 -8.66025 35
      vertex 41.335 -14.4338 35
      vertex 43.3763 -17.3205 20
    endloop
  endfacet
  facet normal 1.06176e-16 0.866025 0.5
    outer loop
      vertex 57.665 -20.2073 25
      vertex 61.7474 -17.3205 20
      vertex 45.4175 -20.2073 25
    endloop
  endfacet
  facet normal 6.97819e-17 0.866025 0.5
    outer loop
      vertex 45.4175 -20.2073 25
      vertex 61.7474 -17.3205 20
      vertex 43.3763 -17.3205 20
    endloop
  endfacet
  facet normal -0.816497 0.288675 -0.5
    outer loop
      vertex 55.6237 -8.66025 35
      vertex 61.7474 -17.3205 20
      vertex 57.665 -20.2073 25
    endloop
  endfacet
  facet normal -0.816497 0.288675 -0.5
    outer loop
      vertex 55.6237 -8.66025 35
      vertex 57.665 -20.2073 25
      vertex 53.5825 -14.4338 35
    endloop
  endfacet
  facet normal 0 -0 -1
    outer loop
      vertex 53.5825 -14.4338 35
      vertex 41.335 -14.4338 35
      vertex 55.6237 -8.66025 35
    endloop
  endfacet
  facet normal 0 0 -1
    outer loop
      vertex 55.6237 -8.66025 35
      vertex 41.335 -14.4338 35
      vertex 37.2526 -8.66025 35
    endloop
  endfacet
  facet normal 0.816497 0.57735 -1.98715e-16
    outer loop
      vertex 43.3763 -17.3205 20
      vertex 45.4175 -20.2073 15
      vertex 41.335 -14.4338 5
    endloop
  endfacet
  facet normal 0.816497 0.57735 -1.76635e-16
    outer loop
      vertex 43.3763 -17.3205 20
      vertex 41.335 -14.4338 5
      vertex 37.2526 -8.66025 5
    endloop
  endfacet
  facet normal 7.25195e-17 1.28198e-16 1
    outer loop
      vertex 41.335 -14.4338 5
      vertex 53.5825 -14.4338 5
      vertex 55.6237 -8.66025 5
    endloop
  endfacet
  facet normal 9.66926e-17 6.8372e-17 1
    outer loop
      vertex 37.2526 -8.66025 5
      vertex 41.335 -14.4338 5
      vertex 55.6237 -8.66025 5
    endloop
  endfacet
  facet normal -0.816497 0.288675 0.5
    outer loop
      vertex 57.665 -20.2073 15
      vertex 61.7474 -17.3205 20
      vertex 55.6237 -8.66025 5
    endloop
  endfacet
  facet normal -0.816497 0.288675 0.5
    outer loop
      vertex 57.665 -20.2073 15
      vertex 55.6237 -8.66025 5
      vertex 53.5825 -14.4338 5
    endloop
  endfacet
  facet normal 2.64169e-16 0.866025 -0.5
    outer loop
      vertex 43.3763 -17.3205 20
      vertex 61.7474 -17.3205 20
      vertex 57.665 -20.2073 15
    endloop
  endfacet
  facet normal 3.20561e-16 0.866025 -0.5
    outer loop
      vertex 43.3763 -17.3205 20
      vertex 57.665 -20.2073 15
      vertex 45.4175 -20.2073 15
    endloop
  endfacet
  facet normal 0.816497 -0.288675 0.5
    outer loop
      vertex 41.335 -5.7735 1.97595e-15
      vertex 45.4175 5.7735 4.05861e-16
      vertex 43.3763 8.66025 5
    endloop
  endfacet
  facet normal 0.816497 -0.288675 0.5
    outer loop
      vertex 43.3763 8.66025 5
      vertex 37.2526 -8.66025 5
      vertex 41.335 -5.7735 1.97595e-15
    endloop
  endfacet
  facet normal -1.87116e-16 -0.866025 0.5
    outer loop
      vertex 45.4175 5.7735 4.05861e-16
      vertex 57.665 5.7735 -1.16423e-15
      vertex 61.7474 8.66025 5
    endloop
  endfacet
  facet normal -1.9165e-16 -0.866025 0.5
    outer loop
      vertex 43.3763 8.66025 5
      vertex 45.4175 5.7735 4.05861e-16
      vertex 61.7474 8.66025 5
    endloop
  endfacet
  facet normal -0.816497 0.288675 0.5
    outer loop
      vertex 55.6237 -8.66025 5
      vertex 61.7474 8.66025 5
      vertex 57.665 5.7735 -1.16423e-15
    endloop
  endfacet
  facet normal -0.816497 0.288675 0.5
    outer loop
      vertex 55.6237 -8.66025 5
      vertex 57.665 5.7735 -1.16423e-15
      vertex 53.5825 -5.7735 4.05861e-16
    endloop
  endfacet
  facet normal 3.14018e-16 0.866025 0.5
    outer loop
      vertex 53.5825 -5.7735 4.05861e-16
      vertex 37.2526 -8.66025 5
      vertex 55.6237 -8.66025 5
    endloop
  endfacet
  facet normal 3.15314e-16 0.866025 0.5
    outer loop
      vertex 41.335 -5.7735 1.97595e-15
      vertex 37.2526 -8.66025 5
      vertex 53.5825 -5.7735 4.05861e-16
    endloop
  endfacet
  facet normal 0 -5.1279e-17 1
    outer loop
      vertex 61.7474 8.66025 5
      vertex 55.6237 -8.66025 5
      vertex 61.7474 -8.66025 5
    endloop
  endfacet
  facet normal -7.25195e-17 -5.1279e-17 1
    outer loop
      vertex 61.7474 -8.66025 5
      vertex 65.8299 2.88675 5
      vertex 61.7474 8.66025 5
    endloop
  endfacet
  facet normal 5.29906e-16 0.866025 0.5
    outer loop
      vertex 61.7474 -17.3205 20
      vertex 65.8299 -14.4338 15
      vertex 61.7474 -8.66025 5
    endloop
  endfacet
  facet normal 0 0.866025 0.5
    outer loop
      vertex 61.7474 -17.3205 20
      vertex 61.7474 -8.66025 5
      vertex 55.6237 -8.66025 5
    endloop
  endfacet
  facet normal -0.816497 -0.57735 -5.88785e-17
    outer loop
      vertex 69.9124 -2.88675 15
      vertex 67.8712 -6.89174e-15 20
      vertex 65.8299 2.88675 5
    endloop
  endfacet
  facet normal -1 0 -0
    outer loop
      vertex 67.8712 -5.25039e-15 20
      vertex 67.8712 -6.89174e-15 20
      vertex 67.8712 -3.04582e-15 20
    endloop
  endfacet
  facet normal -8.32667e-17 2.77556e-17 1.73472e-17
    outer loop
      vertex 65.8299 2.88675 5
      vertex 67.8712 -6.89174e-15 20
      vertex 67.8712 -5.25039e-15 20
    endloop
  endfacet
  facet normal -0.816497 -0.57735 5.88785e-17
    outer loop
      vertex 61.7474 8.66025 5
      vertex 65.8299 2.88675 5
      vertex 67.8712 -5.25039e-15 20
    endloop
  endfacet
  facet normal -5.63223e-17 0 -2.29935e-17
    outer loop
      vertex 67.8712 -6.89174e-15 20
      vertex 69.9124 -2.88675 15
      vertex 67.8712 -7.17336e-15 20
    endloop
  endfacet
  facet normal -0.816497 0.288675 -0.5
    outer loop
      vertex 67.8712 -7.17336e-15 20
      vertex 69.9124 -2.88675 15
      vertex 65.8299 -14.4338 15
    endloop
  endfacet
  facet normal -0.816497 0.288675 -0.5
    outer loop
      vertex 67.8712 -7.17336e-15 20
      vertex 65.8299 -14.4338 15
      vertex 61.7474 -17.3205 20
    endloop
  endfacet
  facet normal 3.53271e-16 -0.866025 -0.5
    outer loop
      vertex 61.7474 17.3205 20
      vertex 65.8299 11.547 30
      vertex 61.7474 8.66025 35
    endloop
  endfacet
  facet normal -7.92507e-16 -0.866025 -0.5
    outer loop
      vertex 55.6237 17.3205 20
      vertex 61.7474 17.3205 20
      vertex 61.7474 8.66025 35
    endloop
  endfacet
  facet normal 8.83177e-17 -0.866025 0.5
    outer loop
      vertex 61.7474 8.66025 5
      vertex 65.8299 11.547 10
      vertex 61.7474 17.3205 20
    endloop
  endfacet
  facet normal -2.12352e-16 -0.866025 0.5
    outer loop
      vertex 55.6237 17.3205 20
      vertex 61.7474 8.66025 5
      vertex 61.7474 17.3205 20
    endloop
  endfacet
  facet normal -0.816497 0.288675 -0.5
    outer loop
      vertex 69.9124 5.7735 20
      vertex 67.8712 -5.25039e-15 20
      vertex 65.8299 11.547 30
    endloop
  endfacet
  facet normal -2.22045e-16 -5.55112e-17 2.77556e-17
    outer loop
      vertex 65.8299 11.547 30
      vertex 67.8712 -5.25039e-15 20
      vertex 67.8712 -3.04582e-15 20
    endloop
  endfacet
  facet normal -0.816497 0.288675 -0.5
    outer loop
      vertex 65.8299 11.547 30
      vertex 67.8712 -3.04582e-15 20
      vertex 61.7474 8.66025 35
    endloop
  endfacet
  facet normal -0.816497 0.288675 0.5
    outer loop
      vertex 69.9124 5.7735 20
      vertex 65.8299 11.547 10
      vertex 67.8712 -5.25039e-15 20
    endloop
  endfacet
  facet normal -0.816497 0.288675 0.5
    outer loop
      vertex 67.8712 -5.25039e-15 20
      vertex 65.8299 11.547 10
      vertex 61.7474 8.66025 5
    endloop
  endfacet
  facet normal 2.51215e-16 0.866025 -0.5
    outer loop
      vertex 55.6237 -8.66025 35
      vertex 61.7474 -8.66025 35
      vertex 65.8299 -14.4338 25
    endloop
  endfacet
  facet normal 7.06542e-16 0.866025 -0.5
    outer loop
      vertex 55.6237 -8.66025 35
      vertex 65.8299 -14.4338 25
      vertex 61.7474 -17.3205 20
    endloop
  endfacet
  facet normal -0.816497 0.288675 0.5
    outer loop
      vertex 69.9124 -2.88675 25
      vertex 67.8712 -7.17336e-15 20
      vertex 65.8299 -14.4338 25
    endloop
  endfacet
  facet normal -0.816497 0.288675 0.5
    outer loop
      vertex 65.8299 -14.4338 25
      vertex 67.8712 -7.17336e-15 20
      vertex 61.7474 -17.3205 20
    endloop
  endfacet
  facet normal -5.63223e-17 0 2.29935e-17
    outer loop
      vertex 67.8712 -6.89174e-15 20
      vertex 67.8712 -7.17336e-15 20
      vertex 69.9124 -2.88675 25
    endloop
  endfacet
  facet normal -7.69185e-16 0 3.14018e-16
    outer loop
      vertex 67.8712 -6.89174e-15 20
      vertex 69.9124 -2.88675 25
      vertex 67.8712 -3.04582e-15 20
    endloop
  endfacet
  facet normal -0.816497 -0.57735 -1.57009e-16
    outer loop
      vertex 69.9124 -2.88675 25
      vertex 65.8299 2.88675 35
      vertex 67.8712 -3.04582e-15 20
    endloop
  endfacet
  facet normal -0.816497 -0.57735 -2.50233e-16
    outer loop
      vertex 65.8299 2.88675 35
      vertex 61.7474 8.66025 35
      vertex 67.8712 -3.04582e-15 20
    endloop
  endfacet
  facet normal 0 0 -1
    outer loop
      vertex 65.8299 2.88675 35
      vertex 61.7474 -8.66025 35
      vertex 61.7474 8.66025 35
    endloop
  endfacet
  facet normal 0 0 -1
    outer loop
      vertex 61.7474 8.66025 35
      vertex 61.7474 -8.66025 35
      vertex 55.6237 -8.66025 35
    endloop
  endfacet
  facet normal -0.816497 0.288675 0.5
    outer loop
      vertex 70.2526 8.66025 35
      vertex 66.1701 23.094 20
      vertex 66.1701 14.4338 25
    endloop
  endfacet
  facet normal -0.816497 0.288675 0.5
    outer loop
      vertex 70.2526 8.66025 35
      vertex 66.1701 -11.547 40
      vertex 74.335 11.547 40
    endloop
  endfacet
  facet normal -0.816497 0.288675 0.5
    outer loop
      vertex 58.0051 8.2825e-15 20
      vertex 66.1701 -11.547 40
      vertex 66.1701 -2.88675 35
    endloop
  endfacet
  facet normal -0.816497 0.288675 0.5
    outer loop
      vertex 58.0051 8.2825e-15 20
      vertex 66.1701 -2.88675 35
      vertex 62.0876 2.88675 25
    endloop
  endfacet
  facet normal -0.816497 0.288675 0.5
    outer loop
      vertex 58.0051 8.2825e-15 20
      vertex 62.0876 2.88675 25
      vertex 66.1701 23.094 20
    endloop
  endfacet
  facet normal -0.816497 0.288675 0.5
    outer loop
      vertex 62.0876 2.88675 25
      vertex 66.1701 14.4338 25
      vertex 66.1701 23.094 20
    endloop
  endfacet
  facet normal -0.816497 0.288675 0.5
    outer loop
      vertex 66.1701 23.094 20
      vertex 70.2526 8.66025 35
      vertex 74.335 11.547 40
    endloop
  endfacet
  facet normal -0.816497 0.288675 0.5
    outer loop
      vertex 66.1701 -2.88675 35
      vertex 66.1701 -11.547 40
      vertex 70.2526 8.66025 35
    endloop
  endfacet
  facet normal -0.816497 -0.57735 2.05116e-16
    outer loop
      vertex 66.1701 -11.547 30
      vertex 66.1701 -11.547 40
      vertex 62.0876 -5.7735 20
    endloop
  endfacet
  facet normal -0.816497 -0.57735 5.88785e-17
    outer loop
      vertex 70.2526 -17.3205 20
      vertex 66.1701 -11.547 3.54605e-15
      vertex 74.335 -23.094 20
    endloop
  endfacet
  facet normal -0.816497 -0.57735 0
    outer loop
      vertex 58.0051 8.2825e-15 20
      vertex 66.1701 -11.547 3.54605e-15
      vertex 66.1701 -11.547 10
    endloop
  endfacet
  facet normal -0.816497 -0.57735 5.23364e-16
    outer loop
      vertex 58.0051 8.2825e-15 20
      vertex 66.1701 -11.547 10
      vertex 62.0876 -5.7735 20
    endloop
  endfacet
  facet normal -0.816497 -0.57735 -2.35514e-16
    outer loop
      vertex 58.0051 8.2825e-15 20
      vertex 62.0876 -5.7735 20
      vertex 66.1701 -11.547 40
    endloop
  endfacet
  facet normal -0.816497 -0.57735 2.05116e-16
    outer loop
      vertex 66.1701 -11.547 40
      vertex 66.1701 -11.547 30
      vertex 74.335 -23.094 20
    endloop
  endfacet
  facet normal -0.816497 -0.57735 -1.04673e-16
    outer loop
      vertex 66.1701 -11.547 30
      vertex 70.2526 -17.3205 20
      vertex 74.335 -23.094 20
    endloop
  endfacet
  facet normal -0.816497 -0.57735 1.02558e-16
    outer loop
      vertex 66.1701 -11.547 10
      vertex 66.1701 -11.547 3.54605e-15
      vertex 70.2526 -17.3205 20
    endloop
  endfacet
  facet normal -0.816497 0.288675 -0.5
    outer loop
      vertex 70.2526 8.66025 5
      vertex 66.1701 23.094 20
      vertex 74.335 11.547 4.05861e-16
    endloop
  endfacet
  facet normal -0.816497 0.288675 -0.5
    outer loop
      vertex 58.0051 8.2825e-15 20
      vertex 66.1701 23.094 20
      vertex 62.0876 2.88675 15
    endloop
  endfacet
  facet normal -0.816497 0.288675 -0.5
    outer loop
      vertex 58.0051 8.2825e-15 20
      vertex 62.0876 2.88675 15
      vertex 66.1701 -11.547 3.54605e-15
    endloop
  endfacet
  facet normal -0.816497 0.288675 -0.5
    outer loop
      vertex 70.2526 8.66025 5
      vertex 66.1701 -11.547 3.54605e-15
      vertex 66.1701 -2.88675 5
    endloop
  endfacet
  facet normal -0.816497 0.288675 -0.5
    outer loop
      vertex 62.0876 2.88675 15
      vertex 66.1701 -2.88675 5
      vertex 66.1701 -11.547 3.54605e-15
    endloop
  endfacet
  facet normal -0.816497 0.288675 -0.5
    outer loop
      vertex 66.1701 14.4338 15
      vertex 66.1701 23.094 20
      vertex 70.2526 8.66025 5
    endloop
  endfacet
  facet normal -0.816497 0.288675 -0.5
    outer loop
      vertex 66.1701 -11.547 3.54605e-15
      vertex 70.2526 8.66025 5
      vertex 74.335 11.547 4.05861e-16
    endloop
  endfacet
  facet normal -0.816497 0.288675 -0.5
    outer loop
      vertex 62.0876 2.88675 15
      vertex 66.1701 23.094 20
      vertex 66.1701 14.4338 15
    endloop
  endfacet
  facet normal 3.9743e-16 0.866025 -0.5
    outer loop
      vertex 90.665 14.4338 5
      vertex 90.665 23.094 20
      vertex 98.8299 11.547 -2.73432e-15
    endloop
  endfacet
  facet normal 2.51215e-16 0.866025 -0.5
    outer loop
      vertex 66.1701 23.094 20
      vertex 90.665 23.094 20
      vertex 74.335 20.2073 15
    endloop
  endfacet
  facet normal 3.92523e-16 0.866025 -0.5
    outer loop
      vertex 66.1701 23.094 20
      vertex 74.335 20.2073 15
      vertex 74.335 11.547 4.05861e-16
    endloop
  endfacet
  facet normal -1.57009e-16 0.866025 -0.5
    outer loop
      vertex 86.5825 20.2073 15
      vertex 90.665 23.094 20
      vertex 90.665 14.4338 5
    endloop
  endfacet
  facet normal 3.12723e-16 0.866025 -0.5
    outer loop
      vertex 74.335 11.547 4.05861e-16
      vertex 78.4175 14.4338 5
      vertex 98.8299 11.547 -2.73432e-15
    endloop
  endfacet
  facet normal 2.87475e-16 0.866025 -0.5
    outer loop
      vertex 78.4175 14.4338 5
      vertex 90.665 14.4338 5
      vertex 98.8299 11.547 -2.73432e-15
    endloop
  endfacet
  facet normal 3.23734e-16 0.866025 -0.5
    outer loop
      vertex 74.335 20.2073 15
      vertex 90.665 23.094 20
      vertex 86.5825 20.2073 15
    endloop
  endfacet
  facet normal 1.57009e-16 0.866025 -0.5
    outer loop
      vertex 78.4175 14.4338 5
      vertex 74.335 11.547 4.05861e-16
      vertex 74.335 20.2073 15
    endloop
  endfacet
  facet normal 2.51215e-16 0.866025 0.5
    outer loop
      vertex 74.335 20.2073 25
      vertex 86.5825 20.2073 25
      vertex 90.665 23.094 20
    endloop
  endfacet
  facet normal 1.83995e-16 0.866025 0.5
    outer loop
      vertex 78.4175 14.4338 35
      vertex 74.335 11.547 40
      vertex 98.8299 11.547 40
    endloop
  endfacet
  facet normal 1.57009e-16 0.866025 0.5
    outer loop
      vertex 66.1701 23.094 20
      vertex 74.335 11.547 40
      vertex 78.4175 14.4338 35
    endloop
  endfacet
  facet normal 2.51215e-16 0.866025 0.5
    outer loop
      vertex 90.665 14.4338 35
      vertex 78.4175 14.4338 35
      vertex 98.8299 11.547 40
    endloop
  endfacet
  facet normal 8.83177e-17 0.866025 0.5
    outer loop
      vertex 66.1701 23.094 20
      vertex 78.4175 14.4338 35
      vertex 74.335 20.2073 25
    endloop
  endfacet
  facet normal 2.51215e-16 0.866025 0.5
    outer loop
      vertex 66.1701 23.094 20
      vertex 74.335 20.2073 25
      vertex 90.665 23.094 20
    endloop
  endfacet
  facet normal 2.35514e-16 0.866025 0.5
    outer loop
      vertex 90.665 23.094 20
      vertex 86.5825 20.2073 25
      vertex 98.8299 11.547 40
    endloop
  endfacet
  facet normal 0 0.866025 0.5
    outer loop
      vertex 86.5825 20.2073 25
      vertex 90.665 14.4338 35
      vertex 98.8299 11.547 40
    endloop
  endfacet
  facet normal 2.90078e-16 -4.10232e-16 1
    outer loop
      vertex 74.335 -5.7735 40
      vertex 66.1701 -11.547 40
      vertex 90.665 -11.547 40
    endloop
  endfacet
  facet normal -2.90078e-16 4.10232e-16 1
    outer loop
      vertex 74.335 11.547 40
      vertex 66.1701 -11.547 40
      vertex 74.335 -5.7735 40
    endloop
  endfacet
  facet normal 0 0 1
    outer loop
      vertex 78.4175 5.7735 40
      vertex 90.665 5.7735 40
      vertex 74.335 11.547 40
    endloop
  endfacet
  facet normal 5.80156e-16 4.10232e-16 1
    outer loop
      vertex 74.335 11.547 40
      vertex 74.335 -5.7735 40
      vertex 78.4175 5.7735 40
    endloop
  endfacet
  facet normal 0 0 1
    outer loop
      vertex 98.8299 11.547 40
      vertex 90.665 5.7735 40
      vertex 90.665 -11.547 40
    endloop
  endfacet
  facet normal -0 0 1
    outer loop
      vertex 98.8299 11.547 40
      vertex 74.335 11.547 40
      vertex 90.665 5.7735 40
    endloop
  endfacet
  facet normal 0 0 1
    outer loop
      vertex 90.665 5.7735 40
      vertex 86.5825 -5.7735 40
      vertex 90.665 -11.547 40
    endloop
  endfacet
  facet normal 5.80156e-16 4.10232e-16 1
    outer loop
      vertex 86.5825 -5.7735 40
      vertex 74.335 -5.7735 40
      vertex 90.665 -11.547 40
    endloop
  endfacet
  facet normal -8.83177e-17 -0.866025 0.5
    outer loop
      vertex 74.335 -14.4338 35
      vertex 66.1701 -11.547 40
      vertex 74.335 -23.094 20
    endloop
  endfacet
  facet normal -2.51215e-16 -0.866025 0.5
    outer loop
      vertex 98.8299 -23.094 20
      vertex 78.4175 -20.2073 25
      vertex 74.335 -23.094 20
    endloop
  endfacet
  facet normal -2.31783e-16 -0.866025 0.5
    outer loop
      vertex 90.665 -11.547 40
      vertex 66.1701 -11.547 40
      vertex 74.335 -14.4338 35
    endloop
  endfacet
  facet normal -3.92523e-16 -0.866025 0.5
    outer loop
      vertex 86.5825 -14.4338 35
      vertex 90.665 -20.2073 25
      vertex 90.665 -11.547 40
    endloop
  endfacet
  facet normal -2.61682e-16 -0.866025 0.5
    outer loop
      vertex 90.665 -11.547 40
      vertex 74.335 -14.4338 35
      vertex 86.5825 -14.4338 35
    endloop
  endfacet
  facet normal -3.6799e-16 -0.866025 0.5
    outer loop
      vertex 98.8299 -23.094 20
      vertex 90.665 -20.2073 25
      vertex 78.4175 -20.2073 25
    endloop
  endfacet
  facet normal -1.57009e-16 -0.866025 0.5
    outer loop
      vertex 98.8299 -23.094 20
      vertex 90.665 -11.547 40
      vertex 90.665 -20.2073 25
    endloop
  endfacet
  facet normal 0 -0.866025 0.5
    outer loop
      vertex 78.4175 -20.2073 25
      vertex 74.335 -14.4338 35
      vertex 74.335 -23.094 20
    endloop
  endfacet
  facet normal 0 0 -1
    outer loop
      vertex 70.2526 8.66025 35
      vertex 76.3763 8.66025 35
      vertex 70.2526 -8.66025 35
    endloop
  endfacet
  facet normal 0 0 -1
    outer loop
      vertex 70.2526 -8.66025 35
      vertex 66.1701 -2.88675 35
      vertex 70.2526 8.66025 35
    endloop
  endfacet
  facet normal 0.816497 0.57735 -5.88785e-17
    outer loop
      vertex 66.1701 -2.88675 35
      vertex 70.2526 -8.66025 35
      vertex 64.1288 5.25039e-15 20
    endloop
  endfacet
  facet normal 6.38421e-17 -3.22309e-17 -1.48906e-17
    outer loop
      vertex 64.1288 6.89174e-15 20
      vertex 66.1701 -2.88675 35
      vertex 64.1288 5.25039e-15 20
    endloop
  endfacet
  facet normal 1 0 0
    outer loop
      vertex 64.1288 3.04582e-15 20
      vertex 64.1288 6.89174e-15 20
      vertex 64.1288 5.25039e-15 20
    endloop
  endfacet
  facet normal 0.816497 0.57735 7.7278e-17
    outer loop
      vertex 64.1288 6.89174e-15 20
      vertex 62.0876 2.88675 25
      vertex 66.1701 -2.88675 35
    endloop
  endfacet
  facet normal 0 -0.866025 -0.5
    outer loop
      vertex 76.3763 8.66025 35
      vertex 70.2526 8.66025 35
      vertex 70.2526 17.3205 20
    endloop
  endfacet
  facet normal -8.83177e-16 -0.866025 -0.5
    outer loop
      vertex 70.2526 8.66025 35
      vertex 66.1701 14.4338 25
      vertex 70.2526 17.3205 20
    endloop
  endfacet
  facet normal 0.816497 -0.288675 0.5
    outer loop
      vertex 66.1701 14.4338 25
      vertex 64.1288 7.17336e-15 20
      vertex 70.2526 17.3205 20
    endloop
  endfacet
  facet normal 0.816497 -0.288675 0.5
    outer loop
      vertex 62.0876 2.88675 25
      vertex 64.1288 7.17336e-15 20
      vertex 66.1701 14.4338 25
    endloop
  endfacet
  facet normal 5.63223e-17 0 2.29935e-17
    outer loop
      vertex 64.1288 6.89174e-15 20
      vertex 64.1288 7.17336e-15 20
      vertex 62.0876 2.88675 25
    endloop
  endfacet
  facet normal -2.48598e-16 -0.866025 -0.5
    outer loop
      vertex 74.335 -14.4338 5
      vertex 66.1701 -11.547 3.54605e-15
      vertex 90.665 -11.547 4.05861e-16
    endloop
  endfacet
  facet normal -3.14018e-16 -0.866025 -0.5
    outer loop
      vertex 78.4175 -20.2073 15
      vertex 74.335 -23.094 20
      vertex 74.335 -14.4338 5
    endloop
  endfacet
  facet normal -2.87475e-16 -0.866025 -0.5
    outer loop
      vertex 86.5825 -14.4338 5
      vertex 74.335 -14.4338 5
      vertex 90.665 -11.547 4.05861e-16
    endloop
  endfacet
  facet normal -1.57009e-16 -0.866025 -0.5
    outer loop
      vertex 74.335 -23.094 20
      vertex 66.1701 -11.547 3.54605e-15
      vertex 74.335 -14.4338 5
    endloop
  endfacet
  facet normal -2.51215e-16 -0.866025 -0.5
    outer loop
      vertex 98.8299 -23.094 20
      vertex 74.335 -23.094 20
      vertex 78.4175 -20.2073 15
    endloop
  endfacet
  facet normal -3.92523e-16 -0.866025 -0.5
    outer loop
      vertex 98.8299 -23.094 20
      vertex 90.665 -20.2073 15
      vertex 90.665 -11.547 4.05861e-16
    endloop
  endfacet
  facet normal -1.63551e-16 -0.866025 -0.5
    outer loop
      vertex 98.8299 -23.094 20
      vertex 78.4175 -20.2073 15
      vertex 90.665 -20.2073 15
    endloop
  endfacet
  facet normal -3.53271e-16 -0.866025 -0.5
    outer loop
      vertex 90.665 -20.2073 15
      vertex 86.5825 -14.4338 5
      vertex 90.665 -11.547 4.05861e-16
    endloop
  endfacet
  facet normal -1.28198e-16 -9.06493e-17 -1
    outer loop
      vertex 86.5825 -5.7735 4.05861e-16
      vertex 90.665 -11.547 4.05861e-16
      vertex 74.335 -5.7735 1.97595e-15
    endloop
  endfacet
  facet normal -1.28198e-16 -9.06493e-17 -1
    outer loop
      vertex 90.665 5.7735 -1.16423e-15
      vertex 74.335 11.547 4.05861e-16
      vertex 98.8299 11.547 -2.73432e-15
    endloop
  endfacet
  facet normal -1.28198e-16 -9.06493e-17 -1
    outer loop
      vertex 66.1701 -11.547 3.54605e-15
      vertex 74.335 11.547 4.05861e-16
      vertex 78.4175 5.7735 4.05861e-16
    endloop
  endfacet
  facet normal -1.28198e-16 -9.06493e-17 -1
    outer loop
      vertex 66.1701 -11.547 3.54605e-15
      vertex 78.4175 5.7735 4.05861e-16
      vertex 74.335 -5.7735 1.97595e-15
    endloop
  endfacet
  facet normal -1.28198e-16 -9.06493e-17 -1
    outer loop
      vertex 66.1701 -11.547 3.54605e-15
      vertex 74.335 -5.7735 1.97595e-15
      vertex 90.665 -11.547 4.05861e-16
    endloop
  endfacet
  facet normal -1.28198e-16 -9.06493e-17 -1
    outer loop
      vertex 90.665 -11.547 4.05861e-16
      vertex 86.5825 -5.7735 4.05861e-16
      vertex 98.8299 11.547 -2.73432e-15
    endloop
  endfacet
  facet normal -1.28198e-16 -9.06493e-17 -1
    outer loop
      vertex 86.5825 -5.7735 4.05861e-16
      vertex 90.665 5.7735 -1.16423e-15
      vertex 98.8299 11.547 -2.73432e-15
    endloop
  endfacet
  facet normal -1.28198e-16 -9.06493e-17 -1
    outer loop
      vertex 78.4175 5.7735 4.05861e-16
      vertex 74.335 11.547 4.05861e-16
      vertex 90.665 5.7735 -1.16423e-15
    endloop
  endfacet
  facet normal 7.92507e-16 0.866025 0.5
    outer loop
      vertex 70.2526 -17.3205 20
      vertex 76.3763 -17.3205 20
      vertex 70.2526 -8.66025 5
    endloop
  endfacet
  facet normal 1.76635e-16 0.866025 0.5
    outer loop
      vertex 70.2526 -17.3205 20
      vertex 70.2526 -8.66025 5
      vertex 66.1701 -11.547 10
    endloop
  endfacet
  facet normal 0.816497 -0.288675 0.5
    outer loop
      vertex 66.1701 -11.547 10
      vertex 70.2526 -8.66025 5
      vertex 64.1288 3.04582e-15 20
    endloop
  endfacet
  facet normal 0.816497 -0.288675 0.5
    outer loop
      vertex 62.0876 -5.7735 20
      vertex 66.1701 -11.547 10
      vertex 64.1288 5.25039e-15 20
    endloop
  endfacet
  facet normal 1.42331e-16 5.43896e-17 -3.37505e-17
    outer loop
      vertex 64.1288 5.25039e-15 20
      vertex 66.1701 -11.547 10
      vertex 64.1288 3.04582e-15 20
    endloop
  endfacet
  facet normal 2.12352e-16 0.866025 -0.5
    outer loop
      vertex 76.3763 -17.3205 20
      vertex 70.2526 -17.3205 20
      vertex 70.2526 -8.66025 35
    endloop
  endfacet
  facet normal -1.76635e-16 0.866025 -0.5
    outer loop
      vertex 70.2526 -8.66025 35
      vertex 70.2526 -17.3205 20
      vertex 66.1701 -11.547 30
    endloop
  endfacet
  facet normal 0.816497 -0.288675 -0.5
    outer loop
      vertex 64.1288 5.25039e-15 20
      vertex 70.2526 -8.66025 35
      vertex 66.1701 -11.547 30
    endloop
  endfacet
  facet normal 0.816497 -0.288675 -0.5
    outer loop
      vertex 62.0876 -5.7735 20
      vertex 64.1288 5.25039e-15 20
      vertex 66.1701 -11.547 30
    endloop
  endfacet
  facet normal 1.87741e-17 -0 7.66449e-18
    outer loop
      vertex 64.1288 7.17336e-15 20
      vertex 64.1288 6.89174e-15 20
      vertex 70.2526 -8.66025 5
    endloop
  endfacet
  facet normal 2.22045e-16 0 8.32667e-17
    outer loop
      vertex 70.2526 -8.66025 5
      vertex 64.1288 6.89174e-15 20
      vertex 64.1288 3.04582e-15 20
    endloop
  endfacet
  facet normal 0.816497 0.57735 -5.88785e-17
    outer loop
      vertex 64.1288 7.17336e-15 20
      vertex 70.2526 -8.66025 5
      vertex 66.1701 -2.88675 5
    endloop
  endfacet
  facet normal 0.816497 0.57735 -6.62383e-17
    outer loop
      vertex 64.1288 7.17336e-15 20
      vertex 66.1701 -2.88675 5
      vertex 62.0876 2.88675 15
    endloop
  endfacet
  facet normal 0.816497 -0.288675 -0.5
    outer loop
      vertex 66.1701 14.4338 15
      vertex 70.2526 17.3205 20
      vertex 64.1288 7.17336e-15 20
    endloop
  endfacet
  facet normal 0.816497 -0.288675 -0.5
    outer loop
      vertex 62.0876 2.88675 15
      vertex 66.1701 14.4338 15
      vertex 64.1288 7.17336e-15 20
    endloop
  endfacet
  facet normal -2.17558e-16 -0.866025 0.5
    outer loop
      vertex 76.3763 8.66025 5
      vertex 70.2526 17.3205 20
      vertex 70.2526 8.66025 5
    endloop
  endfacet
  facet normal -4.41589e-16 -0.866025 0.5
    outer loop
      vertex 70.2526 17.3205 20
      vertex 66.1701 14.4338 15
      vertex 70.2526 8.66025 5
    endloop
  endfacet
  facet normal 1.45039e-16 5.1279e-17 1
    outer loop
      vertex 70.2526 -8.66025 5
      vertex 76.3763 8.66025 5
      vertex 70.2526 8.66025 5
    endloop
  endfacet
  facet normal 7.25195e-17 5.1279e-17 1
    outer loop
      vertex 66.1701 -2.88675 5
      vertex 70.2526 -8.66025 5
      vertex 70.2526 8.66025 5
    endloop
  endfacet
  facet normal 0.816497 -0.288675 -0.5
    outer loop
      vertex 94.7474 -8.66025 5
      vertex 90.665 -11.547 4.05861e-16
      vertex 98.8299 11.547 -2.73432e-15
    endloop
  endfacet
  facet normal 0.816497 -0.288675 -0.5
    outer loop
      vertex 98.8299 -23.094 20
      vertex 90.665 -11.547 4.05861e-16
      vertex 94.7474 -8.66025 5
    endloop
  endfacet
  facet normal 0.816497 -0.288675 -0.5
    outer loop
      vertex 106.995 -8.2825e-15 20
      vertex 98.8299 -23.094 20
      vertex 98.8299 -14.4338 15
    endloop
  endfacet
  facet normal 0.816497 -0.288675 -0.5
    outer loop
      vertex 106.995 -8.2825e-15 20
      vertex 102.912 -2.88675 15
      vertex 98.8299 11.547 -2.73432e-15
    endloop
  endfacet
  facet normal 0.816497 -0.288675 -0.5
    outer loop
      vertex 106.995 -8.2825e-15 20
      vertex 98.8299 -14.4338 15
      vertex 102.912 -2.88675 15
    endloop
  endfacet
  facet normal 0.816497 -0.288675 -0.5
    outer loop
      vertex 102.912 -2.88675 15
      vertex 98.8299 2.88675 5
      vertex 98.8299 11.547 -2.73432e-15
    endloop
  endfacet
  facet normal 0.816497 -0.288675 -0.5
    outer loop
      vertex 94.7474 -8.66025 5
      vertex 98.8299 -14.4338 15
      vertex 98.8299 -23.094 20
    endloop
  endfacet
  facet normal 0.816497 -0.288675 -0.5
    outer loop
      vertex 98.8299 2.88675 5
      vertex 94.7474 -8.66025 5
      vertex 98.8299 11.547 -2.73432e-15
    endloop
  endfacet
  facet normal 0.816497 0.57735 -5.88785e-17
    outer loop
      vertex 94.7474 17.3205 20
      vertex 90.665 23.094 20
      vertex 98.8299 11.547 40
    endloop
  endfacet
  facet normal 0.816497 0.57735 0
    outer loop
      vertex 98.8299 11.547 -2.73432e-15
      vertex 90.665 23.094 20
      vertex 94.7474 17.3205 20
    endloop
  endfacet
  facet normal 0.816497 0.57735 -2.05116e-16
    outer loop
      vertex 98.8299 11.547 10
      vertex 102.912 5.7735 20
      vertex 98.8299 11.547 -2.73432e-15
    endloop
  endfacet
  facet normal 0.816497 0.57735 -2.05116e-16
    outer loop
      vertex 98.8299 11.547 -2.73432e-15
      vertex 94.7474 17.3205 20
      vertex 98.8299 11.547 10
    endloop
  endfacet
  facet normal 0.816497 0.57735 -5.88785e-16
    outer loop
      vertex 106.995 -8.2825e-15 20
      vertex 102.912 5.7735 20
      vertex 98.8299 11.547 40
    endloop
  endfacet
  facet normal 0.816497 0.57735 5.49532e-16
    outer loop
      vertex 106.995 -8.2825e-15 20
      vertex 98.8299 11.547 -2.73432e-15
      vertex 102.912 5.7735 20
    endloop
  endfacet
  facet normal 0.816497 0.57735 -1.17757e-16
    outer loop
      vertex 102.912 5.7735 20
      vertex 98.8299 11.547 30
      vertex 98.8299 11.547 40
    endloop
  endfacet
  facet normal 0.816497 0.57735 -1.02558e-16
    outer loop
      vertex 98.8299 11.547 30
      vertex 94.7474 17.3205 20
      vertex 98.8299 11.547 40
    endloop
  endfacet
  facet normal 0.816497 -0.288675 0.5
    outer loop
      vertex 70.2526 17.3205 20
      vertex 76.3763 8.66025 5
      vertex 74.335 20.2073 15
    endloop
  endfacet
  facet normal 0.816497 -0.288675 0.5
    outer loop
      vertex 74.335 20.2073 15
      vertex 76.3763 8.66025 5
      vertex 78.4175 14.4338 5
    endloop
  endfacet
  facet normal -1.78695e-16 -0.866025 -0.5
    outer loop
      vertex 74.335 20.2073 15
      vertex 86.5825 20.2073 15
      vertex 88.6237 17.3205 20
    endloop
  endfacet
  facet normal -7.07839e-17 -0.866025 -0.5
    outer loop
      vertex 70.2526 17.3205 20
      vertex 74.335 20.2073 15
      vertex 88.6237 17.3205 20
    endloop
  endfacet
  facet normal -0.816497 -0.57735 -7.06542e-16
    outer loop
      vertex 94.7474 8.66025 5
      vertex 88.6237 17.3205 20
      vertex 90.665 14.4338 5
    endloop
  endfacet
  facet normal -0.816497 -0.57735 -5.29906e-16
    outer loop
      vertex 90.665 14.4338 5
      vertex 88.6237 17.3205 20
      vertex 86.5825 20.2073 15
    endloop
  endfacet
  facet normal -7.25195e-17 -5.1279e-17 1
    outer loop
      vertex 94.7474 8.66025 5
      vertex 90.665 14.4338 5
      vertex 78.4175 14.4338 5
    endloop
  endfacet
  facet normal -4.83463e-17 1.7093e-17 1
    outer loop
      vertex 76.3763 8.66025 5
      vertex 94.7474 8.66025 5
      vertex 78.4175 14.4338 5
    endloop
  endfacet
  facet normal 0.816497 -0.288675 0.5
    outer loop
      vertex 98.8299 -14.4338 25
      vertex 90.665 -11.547 40
      vertex 98.8299 -23.094 20
    endloop
  endfacet
  facet normal 0.816497 -0.288675 0.5
    outer loop
      vertex 94.7474 -8.66025 35
      vertex 98.8299 2.88675 35
      vertex 98.8299 11.547 40
    endloop
  endfacet
  facet normal 0.816497 -0.288675 0.5
    outer loop
      vertex 94.7474 -8.66025 35
      vertex 90.665 -11.547 40
      vertex 98.8299 -14.4338 25
    endloop
  endfacet
  facet normal 0.816497 -0.288675 0.5
    outer loop
      vertex 98.8299 11.547 40
      vertex 90.665 -11.547 40
      vertex 94.7474 -8.66025 35
    endloop
  endfacet
  facet normal 0.816497 -0.288675 0.5
    outer loop
      vertex 106.995 -8.2825e-15 20
      vertex 98.8299 11.547 40
      vertex 98.8299 2.88675 35
    endloop
  endfacet
  facet normal 0.816497 -0.288675 0.5
    outer loop
      vertex 106.995 -8.2825e-15 20
      vertex 102.912 -2.88675 25
      vertex 98.8299 -23.094 20
    endloop
  endfacet
  facet normal 0.816497 -0.288675 0.5
    outer loop
      vertex 106.995 -8.2825e-15 20
      vertex 98.8299 2.88675 35
      vertex 102.912 -2.88675 25
    endloop
  endfacet
  facet normal 0.816497 -0.288675 0.5
    outer loop
      vertex 102.912 -2.88675 25
      vertex 98.8299 -14.4338 25
      vertex 98.8299 -23.094 20
    endloop
  endfacet
  facet normal -0 0 -1
    outer loop
      vertex 76.3763 8.66025 35
      vertex 78.4175 14.4338 35
      vertex 94.7474 8.66025 35
    endloop
  endfacet
  facet normal 0 0 -1
    outer loop
      vertex 90.665 14.4338 35
      vertex 94.7474 8.66025 35
      vertex 78.4175 14.4338 35
    endloop
  endfacet
  facet normal 0.816497 -0.288675 -0.5
    outer loop
      vertex 74.335 20.2073 25
      vertex 78.4175 14.4338 35
      vertex 76.3763 8.66025 35
    endloop
  endfacet
  facet normal 0.816497 -0.288675 -0.5
    outer loop
      vertex 70.2526 17.3205 20
      vertex 74.335 20.2073 25
      vertex 76.3763 8.66025 35
    endloop
  endfacet
  facet normal -0.816497 -0.57735 7.06542e-16
    outer loop
      vertex 88.6237 17.3205 20
      vertex 94.7474 8.66025 35
      vertex 90.665 14.4338 35
    endloop
  endfacet
  facet normal -0.816497 -0.57735 4.63668e-16
    outer loop
      vertex 90.665 14.4338 35
      vertex 86.5825 20.2073 25
      vertex 88.6237 17.3205 20
    endloop
  endfacet
  facet normal -2.4042e-16 -0.866025 0.5
    outer loop
      vertex 88.6237 17.3205 20
      vertex 86.5825 20.2073 25
      vertex 74.335 20.2073 25
    endloop
  endfacet
  facet normal -2.64169e-16 -0.866025 0.5
    outer loop
      vertex 88.6237 17.3205 20
      vertex 74.335 20.2073 25
      vertex 70.2526 17.3205 20
    endloop
  endfacet
  facet normal -3.88631e-17 0.866025 -0.5
    outer loop
      vertex 86.5825 -5.7735 40
      vertex 88.6237 -8.66025 35
      vertex 74.335 -5.7735 40
    endloop
  endfacet
  facet normal 1.67477e-16 0.866025 -0.5
    outer loop
      vertex 70.2526 -8.66025 35
      vertex 74.335 -5.7735 40
      vertex 88.6237 -8.66025 35
    endloop
  endfacet
  facet normal 0.816497 -0.288675 -0.5
    outer loop
      vertex 78.4175 5.7735 40
      vertex 70.2526 -8.66025 35
      vertex 76.3763 8.66025 35
    endloop
  endfacet
  facet normal 0.816497 -0.288675 -0.5
    outer loop
      vertex 74.335 -5.7735 40
      vertex 70.2526 -8.66025 35
      vertex 78.4175 5.7735 40
    endloop
  endfacet
  facet normal -0.816497 0.288675 -0.5
    outer loop
      vertex 94.7474 8.66025 35
      vertex 88.6237 -8.66025 35
      vertex 90.665 5.7735 40
    endloop
  endfacet
  facet normal -0.816497 0.288675 -0.5
    outer loop
      vertex 90.665 5.7735 40
      vertex 88.6237 -8.66025 35
      vertex 86.5825 -5.7735 40
    endloop
  endfacet
  facet normal -2.4042e-16 -0.866025 -0.5
    outer loop
      vertex 76.3763 8.66025 35
      vertex 90.665 5.7735 40
      vertex 78.4175 5.7735 40
    endloop
  endfacet
  facet normal -1.41568e-16 -0.866025 -0.5
    outer loop
      vertex 76.3763 8.66025 35
      vertex 94.7474 8.66025 35
      vertex 90.665 5.7735 40
    endloop
  endfacet
  facet normal 0.816497 0.57735 5.29906e-16
    outer loop
      vertex 74.335 -14.4338 35
      vertex 78.4175 -20.2073 25
      vertex 76.3763 -17.3205 20
    endloop
  endfacet
  facet normal 0.816497 0.57735 7.6542e-16
    outer loop
      vertex 70.2526 -8.66025 35
      vertex 74.335 -14.4338 35
      vertex 76.3763 -17.3205 20
    endloop
  endfacet
  facet normal 1.06176e-16 0.866025 0.5
    outer loop
      vertex 90.665 -20.2073 25
      vertex 94.7474 -17.3205 20
      vertex 78.4175 -20.2073 25
    endloop
  endfacet
  facet normal 6.97819e-17 0.866025 0.5
    outer loop
      vertex 78.4175 -20.2073 25
      vertex 94.7474 -17.3205 20
      vertex 76.3763 -17.3205 20
    endloop
  endfacet
  facet normal -0.816497 0.288675 -0.5
    outer loop
      vertex 88.6237 -8.66025 35
      vertex 94.7474 -17.3205 20
      vertex 90.665 -20.2073 25
    endloop
  endfacet
  facet normal -0.816497 0.288675 -0.5
    outer loop
      vertex 88.6237 -8.66025 35
      vertex 90.665 -20.2073 25
      vertex 86.5825 -14.4338 35
    endloop
  endfacet
  facet normal 0 -0 -1
    outer loop
      vertex 86.5825 -14.4338 35
      vertex 74.335 -14.4338 35
      vertex 88.6237 -8.66025 35
    endloop
  endfacet
  facet normal 0 0 -1
    outer loop
      vertex 88.6237 -8.66025 35
      vertex 74.335 -14.4338 35
      vertex 70.2526 -8.66025 35
    endloop
  endfacet
  facet normal 0.816497 0.57735 -4.85747e-16
    outer loop
      vertex 76.3763 -17.3205 20
      vertex 78.4175 -20.2073 15
      vertex 74.335 -14.4338 5
    endloop
  endfacet
  facet normal 0.816497 0.57735 -7.6542e-16
    outer loop
      vertex 76.3763 -17.3205 20
      vertex 74.335 -14.4338 5
      vertex 70.2526 -8.66025 5
    endloop
  endfacet
  facet normal 7.25195e-17 1.28198e-16 1
    outer loop
      vertex 74.335 -14.4338 5
      vertex 86.5825 -14.4338 5
      vertex 88.6237 -8.66025 5
    endloop
  endfacet
  facet normal 9.66926e-17 6.8372e-17 1
    outer loop
      vertex 70.2526 -8.66025 5
      vertex 74.335 -14.4338 5
      vertex 88.6237 -8.66025 5
    endloop
  endfacet
  facet normal -0.816497 0.288675 0.5
    outer loop
      vertex 90.665 -20.2073 15
      vertex 94.7474 -17.3205 20
      vertex 88.6237 -8.66025 5
    endloop
  endfacet
  facet normal -0.816497 0.288675 0.5
    outer loop
      vertex 90.665 -20.2073 15
      vertex 88.6237 -8.66025 5
      vertex 86.5825 -14.4338 5
    endloop
  endfacet
  facet normal 2.64169e-16 0.866025 -0.5
    outer loop
      vertex 76.3763 -17.3205 20
      vertex 94.7474 -17.3205 20
      vertex 90.665 -20.2073 15
    endloop
  endfacet
  facet normal 3.20561e-16 0.866025 -0.5
    outer loop
      vertex 76.3763 -17.3205 20
      vertex 90.665 -20.2073 15
      vertex 78.4175 -20.2073 15
    endloop
  endfacet
  facet normal 0.816497 -0.288675 0.5
    outer loop
      vertex 74.335 -5.7735 1.97595e-15
      vertex 78.4175 5.7735 4.05861e-16
      vertex 76.3763 8.66025 5
    endloop
  endfacet
  facet normal 0.816497 -0.288675 0.5
    outer loop
      vertex 76.3763 8.66025 5
      vertex 70.2526 -8.66025 5
      vertex 74.335 -5.7735 1.97595e-15
    endloop
  endfacet
  facet normal -1.87116e-16 -0.866025 0.5
    outer loop
      vertex 78.4175 5.7735 4.05861e-16
      vertex 90.665 5.7735 -1.16423e-15
      vertex 94.7474 8.66025 5
    endloop
  endfacet
  facet normal -1.9165e-16 -0.866025 0.5
    outer loop
      vertex 76.3763 8.66025 5
      vertex 78.4175 5.7735 4.05861e-16
      vertex 94.7474 8.66025 5
    endloop
  endfacet
  facet normal -0.816497 0.288675 0.5
    outer loop
      vertex 88.6237 -8.66025 5
      vertex 94.7474 8.66025 5
      vertex 90.665 5.7735 -1.16423e-15
    endloop
  endfacet
  facet normal -0.816497 0.288675 0.5
    outer loop
      vertex 88.6237 -8.66025 5
      vertex 90.665 5.7735 -1.16423e-15
      vertex 86.5825 -5.7735 4.05861e-16
    endloop
  endfacet
  facet normal 2.96573e-16 0.866025 0.5
    outer loop
      vertex 86.5825 -5.7735 4.05861e-16
      vertex 70.2526 -8.66025 5
      vertex 88.6237 -8.66025 5
    endloop
  endfacet
  facet normal 3.15314e-16 0.866025 0.5
    outer loop
      vertex 74.335 -5.7735 1.97595e-15
      vertex 70.2526 -8.66025 5
      vertex 86.5825 -5.7735 4.05861e-16
    endloop
  endfacet
  facet normal 0 -5.1279e-17 1
    outer loop
      vertex 94.7474 8.66025 5
      vertex 88.6237 -8.66025 5
      vertex 94.7474 -8.66025 5
    endloop
  endfacet
  facet normal -7.25195e-17 -5.1279e-17 1
    outer loop
      vertex 94.7474 -8.66025 5
      vertex 98.8299 2.88675 5
      vertex 94.7474 8.66025 5
    endloop
  endfacet
  facet normal 5.29906e-16 0.866025 0.5
    outer loop
      vertex 94.7474 -17.3205 20
      vertex 98.8299 -14.4338 15
      vertex 94.7474 -8.66025 5
    endloop
  endfacet
  facet normal 0 0.866025 0.5
    outer loop
      vertex 94.7474 -17.3205 20
      vertex 94.7474 -8.66025 5
      vertex 88.6237 -8.66025 5
    endloop
  endfacet
  facet normal -0.816497 -0.57735 -5.88785e-17
    outer loop
      vertex 102.912 -2.88675 15
      vertex 100.871 -6.89174e-15 20
      vertex 98.8299 2.88675 5
    endloop
  endfacet
  facet normal -1 0 -0
    outer loop
      vertex 100.871 -5.25039e-15 20
      vertex 100.871 -6.89174e-15 20
      vertex 100.871 -3.04582e-15 20
    endloop
  endfacet
  facet normal -8.32667e-17 2.77556e-17 1.73472e-17
    outer loop
      vertex 98.8299 2.88675 5
      vertex 100.871 -6.89174e-15 20
      vertex 100.871 -5.25039e-15 20
    endloop
  endfacet
  facet normal -0.816497 -0.57735 5.88785e-17
    outer loop
      vertex 94.7474 8.66025 5
      vertex 98.8299 2.88675 5
      vertex 100.871 -5.25039e-15 20
    endloop
  endfacet
  facet normal -5.63223e-17 0 -2.29935e-17
    outer loop
      vertex 100.871 -6.89174e-15 20
      vertex 102.912 -2.88675 15
      vertex 100.871 -7.17336e-15 20
    endloop
  endfacet
  facet normal -0.816497 0.288675 -0.5
    outer loop
      vertex 100.871 -7.17336e-15 20
      vertex 102.912 -2.88675 15
      vertex 98.8299 -14.4338 15
    endloop
  endfacet
  facet normal -0.816497 0.288675 -0.5
    outer loop
      vertex 100.871 -7.17336e-15 20
      vertex 98.8299 -14.4338 15
      vertex 94.7474 -17.3205 20
    endloop
  endfacet
  facet normal 3.53271e-16 -0.866025 -0.5
    outer loop
      vertex 94.7474 17.3205 20
      vertex 98.8299 11.547 30
      vertex 94.7474 8.66025 35
    endloop
  endfacet
  facet normal -7.92507e-16 -0.866025 -0.5
    outer loop
      vertex 88.6237 17.3205 20
      vertex 94.7474 17.3205 20
      vertex 94.7474 8.66025 35
    endloop
  endfacet
  facet normal 8.83177e-17 -0.866025 0.5
    outer loop
      vertex 94.7474 8.66025 5
      vertex 98.8299 11.547 10
      vertex 94.7474 17.3205 20
    endloop
  endfacet
  facet normal -2.12352e-16 -0.866025 0.5
    outer loop
      vertex 88.6237 17.3205 20
      vertex 94.7474 8.66025 5
      vertex 94.7474 17.3205 20
    endloop
  endfacet
  facet normal -0.816497 0.288675 -0.5
    outer loop
      vertex 102.912 5.7735 20
      vertex 100.871 -5.25039e-15 20
      vertex 98.8299 11.547 30
    endloop
  endfacet
  facet normal -2.22045e-16 -5.55112e-17 2.77556e-17
    outer loop
      vertex 98.8299 11.547 30
      vertex 100.871 -5.25039e-15 20
      vertex 100.871 -3.04582e-15 20
    endloop
  endfacet
  facet normal -0.816497 0.288675 -0.5
    outer loop
      vertex 98.8299 11.547 30
      vertex 100.871 -3.04582e-15 20
      vertex 94.7474 8.66025 35
    endloop
  endfacet
  facet normal -0.816497 0.288675 0.5
    outer loop
      vertex 102.912 5.7735 20
      vertex 98.8299 11.547 10
      vertex 100.871 -5.25039e-15 20
    endloop
  endfacet
  facet normal -0.816497 0.288675 0.5
    outer loop
      vertex 100.871 -5.25039e-15 20
      vertex 98.8299 11.547 10
      vertex 94.7474 8.66025 5
    endloop
  endfacet
  facet normal 2.51215e-16 0.866025 -0.5
    outer loop
      vertex 88.6237 -8.66025 35
      vertex 94.7474 -8.66025 35
      vertex 98.8299 -14.4338 25
    endloop
  endfacet
  facet normal 7.06542e-16 0.866025 -0.5
    outer loop
      vertex 88.6237 -8.66025 35
      vertex 98.8299 -14.4338 25
      vertex 94.7474 -17.3205 20
    endloop
  endfacet
  facet normal -0.816497 0.288675 0.5
    outer loop
      vertex 102.912 -2.88675 25
      vertex 100.871 -7.17336e-15 20
      vertex 98.8299 -14.4338 25
    endloop
  endfacet
  facet normal -0.816497 0.288675 0.5
    outer loop
      vertex 98.8299 -14.4338 25
      vertex 100.871 -7.17336e-15 20
      vertex 94.7474 -17.3205 20
    endloop
  endfacet
  facet normal -5.63223e-17 0 2.29935e-17
    outer loop
      vertex 100.871 -6.89174e-15 20
      vertex 100.871 -7.17336e-15 20
      vertex 102.912 -2.88675 25
    endloop
  endfacet
  facet normal -7.69185e-16 0 3.14018e-16
    outer loop
      vertex 100.871 -6.89174e-15 20
      vertex 102.912 -2.88675 25
      vertex 100.871 -3.04582e-15 20
    endloop
  endfacet
  facet normal -0.816497 -0.57735 -1.57009e-16
    outer loop
      vertex 102.912 -2.88675 25
      vertex 98.8299 2.88675 35
      vertex 100.871 -3.04582e-15 20
    endloop
  endfacet
  facet normal -0.816497 -0.57735 -5.88785e-17
    outer loop
      vertex 98.8299 2.88675 35
      vertex 94.7474 8.66025 35
      vertex 100.871 -3.04582e-15 20
    endloop
  endfacet
  facet normal 0 0 -1
    outer loop
      vertex 98.8299 2.88675 35
      vertex 94.7474 -8.66025 35
      vertex 94.7474 8.66025 35
    endloop
  endfacet
  facet normal 0 0 -1
    outer loop
      vertex 94.7474 8.66025 35
      vertex 94.7474 -8.66025 35
      vertex 88.6237 -8.66025 35
    endloop
  endfacet
endsolid OpenSCAD_Model
