solid Default
  facet normal -1.063182e-01 8.075672e-01 5.801135e-01
    outer loop
      vertex 2.971497e-03 1.220041e+01 3.110302e+01
      vertex -2.510914e+00 1.909461e+01 2.104498e+01
      vertex -3.154783e+00 1.178466e+01 3.110302e+01
    endloop
  endfacet
  facet normal -1.063182e-01 8.075672e-01 5.801135e-01
    outer loop
      vertex 2.971497e-03 1.220041e+01 3.110302e+01
      vertex -2.510914e+00 1.909461e+01 2.104498e+01
      vertex -3.154783e+00 1.178466e+01 3.110302e+01
    endloop
  endfacet
  facet normal -1.063182e-01 8.075672e-01 5.801135e-01
    outer loop
      vertex 2.971497e-03 1.220041e+01 3.110302e+01
      vertex -2.510914e+00 1.909461e+01 2.104498e+01
      vertex -3.154783e+00 1.178466e+01 3.110302e+01
    endloop
  endfacet
  facet normal 2.945382e-01 7.110782e-01 6.384474e-01
    outer loop
      vertex 2.971497e-03 3.265381e-05 4.568509e+01
      vertex 6.103160e+00 1.056589e+01 3.110302e+01
      vertex 3.160660e+00 1.178466e+01 3.110302e+01
    endloop
  endfacet
  facet normal 2.945382e-01 7.110782e-01 6.384474e-01
    outer loop
      vertex 2.971497e-03 3.265381e-05 4.568509e+01
      vertex 6.103160e+00 1.056589e+01 3.110302e+01
      vertex 3.160660e+00 1.178466e+01 3.110302e+01
    endloop
  endfacet
  facet normal 2.945382e-01 7.110782e-01 6.384474e-01
    outer loop
      vertex 2.971497e-03 3.265381e-05 4.568509e+01
      vertex 6.103160e+00 1.056589e+01 3.110302e+01
      vertex 3.160660e+00 1.178466e+01 3.110302e+01
    endloop
  endfacet
  facet normal -1.827770e-01 8.008283e-01 5.703214e-01
    outer loop
      vertex -3.154783e+00 1.178466e+01 3.110302e+01
      vertex -2.510914e+00 1.909461e+01 2.104498e+01
      vertex -5.500370e+00 2.053876e+01 1.805905e+01
    endloop
  endfacet
  facet normal -1.827770e-01 8.008283e-01 5.703214e-01
    outer loop
      vertex -3.154783e+00 1.178466e+01 3.110302e+01
      vertex -2.510914e+00 1.909461e+01 2.104498e+01
      vertex -5.500370e+00 2.053876e+01 1.805905e+01
    endloop
  endfacet
  facet normal -1.827770e-01 8.008283e-01 5.703214e-01
    outer loop
      vertex -3.154783e+00 1.178466e+01 3.110302e+01
      vertex -2.510914e+00 1.909461e+01 2.104498e+01
      vertex -5.500370e+00 2.053876e+01 1.805905e+01
    endloop
  endfacet
  facet normal 8.008283e-01 -1.827770e-01 5.703214e-01
    outer loop
      vertex 1.909755e+01 -2.513854e+00 2.104498e+01
      vertex 1.178760e+01 -3.157721e+00 3.110302e+01
      vertex 2.054170e+01 -5.503310e+00 1.805905e+01
    endloop
  endfacet
  facet normal 8.008283e-01 -1.827770e-01 5.703214e-01
    outer loop
      vertex 1.909755e+01 -2.513854e+00 2.104498e+01
      vertex 1.178760e+01 -3.157721e+00 3.110302e+01
      vertex 2.054170e+01 -5.503310e+00 1.805905e+01
    endloop
  endfacet
  facet normal 8.008283e-01 -1.827770e-01 5.703214e-01
    outer loop
      vertex 1.909755e+01 -2.513854e+00 2.104498e+01
      vertex 1.178760e+01 -3.157721e+00 3.110302e+01
      vertex 2.054170e+01 -5.503310e+00 1.805905e+01
    endloop
  endfacet
  facet normal 3.838187e-01 7.262346e-01 5.703214e-01
    outer loop
      vertex 6.103160e+00 1.056589e+01 3.110302e+01
      vertex 1.063459e+01 1.841456e+01 1.805905e+01
      vertex 7.373198e+00 1.779335e+01 2.104498e+01
    endloop
  endfacet
  facet normal 3.838187e-01 7.262346e-01 5.703214e-01
    outer loop
      vertex 6.103160e+00 1.056589e+01 3.110302e+01
      vertex 1.063459e+01 1.841456e+01 1.805905e+01
      vertex 7.373198e+00 1.779335e+01 2.104498e+01
    endloop
  endfacet
  facet normal 3.838187e-01 7.262346e-01 5.703214e-01
    outer loop
      vertex 6.103160e+00 1.056589e+01 3.110302e+01
      vertex 1.063459e+01 1.841456e+01 1.805905e+01
      vertex 7.373198e+00 1.779335e+01 2.104498e+01
    endloop
  endfacet
  facet normal 4.242084e-01 7.402055e-01 5.216733e-01
    outer loop
      vertex 1.063459e+01 1.841456e+01 1.805905e+01
      vertex 1.449421e+01 2.509958e+01 5.435096e+00
      vertex 1.140960e+01 2.427389e+01 9.115049e+00
    endloop
  endfacet
  facet normal 4.242084e-01 7.402055e-01 5.216733e-01
    outer loop
      vertex 1.063459e+01 1.841456e+01 1.805905e+01
      vertex 1.449421e+01 2.509958e+01 5.435096e+00
      vertex 1.140960e+01 2.427389e+01 9.115049e+00
    endloop
  endfacet
  facet normal 4.242084e-01 7.402055e-01 5.216733e-01
    outer loop
      vertex 1.063459e+01 1.841456e+01 1.805905e+01
      vertex 1.449421e+01 2.509958e+01 5.435096e+00
      vertex 1.140960e+01 2.427389e+01 9.115049e+00
    endloop
  endfacet
  facet normal 2.421246e-01 7.849262e-01 5.703214e-01
    outer loop
      vertex 3.160660e+00 1.178466e+01 3.110302e+01
      vertex 7.373198e+00 1.779335e+01 2.104498e+01
      vertex 5.506314e+00 2.053876e+01 1.805905e+01
    endloop
  endfacet
  facet normal 2.421246e-01 7.849262e-01 5.703214e-01
    outer loop
      vertex 3.160660e+00 1.178466e+01 3.110302e+01
      vertex 7.373198e+00 1.779335e+01 2.104498e+01
      vertex 5.506314e+00 2.053876e+01 1.805905e+01
    endloop
  endfacet
  facet normal 2.421246e-01 7.849262e-01 5.703214e-01
    outer loop
      vertex 3.160660e+00 1.178466e+01 3.110302e+01
      vertex 7.373198e+00 1.779335e+01 2.104498e+01
      vertex 5.506314e+00 2.053876e+01 1.805905e+01
    endloop
  endfacet
  facet normal 8.531410e-01 -2.727516e-03 5.216733e-01
    outer loop
      vertex 2.126622e+01 3.265381e-05 1.805905e+01
      vertex 2.672809e+01 -2.258500e+00 9.115049e+00
      vertex 2.898544e+01 3.265381e-05 5.435096e+00
    endloop
  endfacet
  facet normal 8.531410e-01 -2.727516e-03 5.216733e-01
    outer loop
      vertex 2.126622e+01 3.265381e-05 1.805905e+01
      vertex 2.672809e+01 -2.258500e+00 9.115049e+00
      vertex 2.898544e+01 3.265381e-05 5.435096e+00
    endloop
  endfacet
  facet normal 8.531410e-01 -2.727516e-03 5.216733e-01
    outer loop
      vertex 2.126622e+01 3.265381e-05 1.805905e+01
      vertex 2.672809e+01 -2.258500e+00 9.115049e+00
      vertex 2.898544e+01 3.265381e-05 5.435096e+00
    endloop
  endfacet
  facet normal 8.343073e-01 -1.316696e-01 5.353451e-01
    outer loop
      vertex 1.909755e+01 -2.513854e+00 2.104498e+01
      vertex 2.054170e+01 -5.503310e+00 1.805905e+01
      vertex 2.640200e+01 -4.735423e+00 9.115049e+00
    endloop
  endfacet
  facet normal 8.343073e-01 -1.316696e-01 5.353451e-01
    outer loop
      vertex 1.909755e+01 -2.513854e+00 2.104498e+01
      vertex 2.054170e+01 -5.503310e+00 1.805905e+01
      vertex 2.640200e+01 -4.735423e+00 9.115049e+00
    endloop
  endfacet
  facet normal 8.343073e-01 -1.316696e-01 5.353451e-01
    outer loop
      vertex 1.909755e+01 -2.513854e+00 2.104498e+01
      vertex 2.054170e+01 -5.503310e+00 1.805905e+01
      vertex 2.640200e+01 -4.735423e+00 9.115049e+00
    endloop
  endfacet
  facet normal -1.004615e-01 7.630809e-01 6.384474e-01
    outer loop
      vertex 2.971497e-03 3.265381e-05 4.568509e+01
      vertex 2.971497e-03 1.220041e+01 3.110302e+01
      vertex -3.154783e+00 1.178466e+01 3.110302e+01
    endloop
  endfacet
  facet normal -1.004615e-01 7.630809e-01 6.384474e-01
    outer loop
      vertex 2.971497e-03 3.265381e-05 4.568509e+01
      vertex 2.971497e-03 1.220041e+01 3.110302e+01
      vertex -3.154783e+00 1.178466e+01 3.110302e+01
    endloop
  endfacet
  facet normal -1.004615e-01 7.630809e-01 6.384474e-01
    outer loop
      vertex 2.971497e-03 3.265381e-05 4.568509e+01
      vertex 2.971497e-03 1.220041e+01 3.110302e+01
      vertex -3.154783e+00 1.178466e+01 3.110302e+01
    endloop
  endfacet
  facet normal -3.072057e-02 8.208469e-01 5.703214e-01
    outer loop
      vertex 2.971497e-03 1.220041e+01 3.110302e+01
      vertex 2.971497e-03 2.126327e+01 1.805905e+01
      vertex -2.510914e+00 1.909461e+01 2.104498e+01
    endloop
  endfacet
  facet normal -3.072057e-02 8.208469e-01 5.703214e-01
    outer loop
      vertex 2.971497e-03 1.220041e+01 3.110302e+01
      vertex 2.971497e-03 2.126327e+01 1.805905e+01
      vertex -2.510914e+00 1.909461e+01 2.104498e+01
    endloop
  endfacet
  facet normal -3.072057e-02 8.208469e-01 5.703214e-01
    outer loop
      vertex 2.971497e-03 1.220041e+01 3.110302e+01
      vertex 2.971497e-03 2.126327e+01 1.805905e+01
      vertex -2.510914e+00 1.909461e+01 2.104498e+01
    endloop
  endfacet
  facet normal -2.727516e-03 8.531410e-01 5.216733e-01
    outer loop
      vertex 2.971497e-03 2.126327e+01 1.805905e+01
      vertex 2.971497e-03 2.898251e+01 5.435096e+00
      vertex -2.255562e+00 2.672515e+01 9.115049e+00
    endloop
  endfacet
  facet normal -2.727516e-03 8.531410e-01 5.216733e-01
    outer loop
      vertex 2.971497e-03 2.126327e+01 1.805905e+01
      vertex 2.971497e-03 2.898251e+01 5.435096e+00
      vertex -2.255562e+00 2.672515e+01 9.115049e+00
    endloop
  endfacet
  facet normal -2.727516e-03 8.531410e-01 5.216733e-01
    outer loop
      vertex 2.971497e-03 2.126327e+01 1.805905e+01
      vertex 2.971497e-03 2.898251e+01 5.435096e+00
      vertex -2.255562e+00 2.672515e+01 9.115049e+00
    endloop
  endfacet
  facet normal -2.181746e-01 8.247768e-01 5.216733e-01
    outer loop
      vertex -5.500370e+00 2.053876e+01 1.805905e+01
      vertex -4.732484e+00 2.639907e+01 9.115049e+00
      vertex -7.498261e+00 2.799499e+01 5.435096e+00
    endloop
  endfacet
  facet normal -2.181746e-01 8.247768e-01 5.216733e-01
    outer loop
      vertex -5.500370e+00 2.053876e+01 1.805905e+01
      vertex -4.732484e+00 2.639907e+01 9.115049e+00
      vertex -7.498261e+00 2.799499e+01 5.435096e+00
    endloop
  endfacet
  facet normal -2.181746e-01 8.247768e-01 5.216733e-01
    outer loop
      vertex -5.500370e+00 2.053876e+01 1.805905e+01
      vertex -4.732484e+00 2.639907e+01 9.115049e+00
      vertex -7.498261e+00 2.799499e+01 5.435096e+00
    endloop
  endfacet
  facet normal -8.875161e-02 8.399576e-01 5.353451e-01
    outer loop
      vertex -2.510914e+00 1.909461e+01 2.104498e+01
      vertex 2.971497e-03 2.126327e+01 1.805905e+01
      vertex -2.255562e+00 2.672515e+01 9.115049e+00
    endloop
  endfacet
  facet normal -8.875161e-02 8.399576e-01 5.353451e-01
    outer loop
      vertex -2.510914e+00 1.909461e+01 2.104498e+01
      vertex 2.971497e-03 2.126327e+01 1.805905e+01
      vertex -2.255562e+00 2.672515e+01 9.115049e+00
    endloop
  endfacet
  facet normal -8.875161e-02 8.399576e-01 5.353451e-01
    outer loop
      vertex -2.510914e+00 1.909461e+01 2.104498e+01
      vertex 2.971497e-03 2.126327e+01 1.805905e+01
      vertex -2.255562e+00 2.672515e+01 9.115049e+00
    endloop
  endfacet
  facet normal -1.316696e-01 8.343073e-01 5.353451e-01
    outer loop
      vertex -2.510914e+00 1.909461e+01 2.104498e+01
      vertex -4.732484e+00 2.639907e+01 9.115049e+00
      vertex -5.500370e+00 2.053876e+01 1.805905e+01
    endloop
  endfacet
  facet normal -1.316696e-01 8.343073e-01 5.353451e-01
    outer loop
      vertex -2.510914e+00 1.909461e+01 2.104498e+01
      vertex -4.732484e+00 2.639907e+01 9.115049e+00
      vertex -5.500370e+00 2.053876e+01 1.805905e+01
    endloop
  endfacet
  facet normal -1.316696e-01 8.343073e-01 5.353451e-01
    outer loop
      vertex -2.510914e+00 1.909461e+01 2.104498e+01
      vertex -4.732484e+00 2.639907e+01 9.115049e+00
      vertex -5.500370e+00 2.053876e+01 1.805905e+01
    endloop
  endfacet
  facet normal -1.103702e-01 8.383446e-01 5.338508e-01
    outer loop
      vertex -2.510914e+00 1.909461e+01 2.104498e+01
      vertex -2.255562e+00 2.672515e+01 9.115049e+00
      vertex -4.732484e+00 2.639907e+01 9.115049e+00
    endloop
  endfacet
  facet normal -1.103702e-01 8.383446e-01 5.338508e-01
    outer loop
      vertex -2.510914e+00 1.909461e+01 2.104498e+01
      vertex -2.255562e+00 2.672515e+01 9.115049e+00
      vertex -4.732484e+00 2.639907e+01 9.115049e+00
    endloop
  endfacet
  facet normal -1.103702e-01 8.383446e-01 5.338508e-01
    outer loop
      vertex -2.510914e+00 1.909461e+01 2.104498e+01
      vertex -2.255562e+00 2.672515e+01 9.115049e+00
      vertex -4.732484e+00 2.639907e+01 9.115049e+00
    endloop
  endfacet
  facet normal 8.383446e-01 -1.103702e-01 5.338508e-01
    outer loop
      vertex 2.672809e+01 -2.258500e+00 9.115049e+00
      vertex 1.909755e+01 -2.513854e+00 2.104498e+01
      vertex 2.640200e+01 -4.735423e+00 9.115049e+00
    endloop
  endfacet
  facet normal 8.383446e-01 -1.103702e-01 5.338508e-01
    outer loop
      vertex 2.672809e+01 -2.258500e+00 9.115049e+00
      vertex 1.909755e+01 -2.513854e+00 2.104498e+01
      vertex 2.640200e+01 -4.735423e+00 9.115049e+00
    endloop
  endfacet
  facet normal 8.383446e-01 -1.103702e-01 5.338508e-01
    outer loop
      vertex 2.672809e+01 -2.258500e+00 9.115049e+00
      vertex 1.909755e+01 -2.513854e+00 2.104498e+01
      vertex 2.640200e+01 -4.735423e+00 9.115049e+00
    endloop
  endfacet
  facet normal 3.431177e-01 7.718004e-01 5.353451e-01
    outer loop
      vertex 7.373198e+00 1.779335e+01 2.104498e+01
      vertex 1.063459e+01 1.841456e+01 1.805905e+01
      vertex 1.140960e+01 2.427389e+01 9.115049e+00
    endloop
  endfacet
  facet normal 3.431177e-01 7.718004e-01 5.353451e-01
    outer loop
      vertex 7.373198e+00 1.779335e+01 2.104498e+01
      vertex 1.063459e+01 1.841456e+01 1.805905e+01
      vertex 1.140960e+01 2.427389e+01 9.115049e+00
    endloop
  endfacet
  facet normal 3.431177e-01 7.718004e-01 5.353451e-01
    outer loop
      vertex 7.373198e+00 1.779335e+01 2.104498e+01
      vertex 1.063459e+01 1.841456e+01 1.805905e+01
      vertex 1.140960e+01 2.427389e+01 9.115049e+00
    endloop
  endfacet
  facet normal 8.075672e-01 -1.063182e-01 5.801135e-01
    outer loop
      vertex 1.220335e+01 3.265381e-05 3.110302e+01
      vertex 1.178760e+01 -3.157721e+00 3.110302e+01
      vertex 1.909755e+01 -2.513854e+00 2.104498e+01
    endloop
  endfacet
  facet normal 8.075672e-01 -1.063182e-01 5.801135e-01
    outer loop
      vertex 1.220335e+01 3.265381e-05 3.110302e+01
      vertex 1.178760e+01 -3.157721e+00 3.110302e+01
      vertex 1.909755e+01 -2.513854e+00 2.104498e+01
    endloop
  endfacet
  facet normal 8.075672e-01 -1.063182e-01 5.801135e-01
    outer loop
      vertex 1.220335e+01 3.265381e-05 3.110302e+01
      vertex 1.178760e+01 -3.157721e+00 3.110302e+01
      vertex 1.909755e+01 -2.513854e+00 2.104498e+01
    endloop
  endfacet
  facet normal 3.117093e-01 7.525328e-01 5.801135e-01
    outer loop
      vertex 6.103160e+00 1.056589e+01 3.110302e+01
      vertex 7.373198e+00 1.779335e+01 2.104498e+01
      vertex 3.160660e+00 1.178466e+01 3.110302e+01
    endloop
  endfacet
  facet normal 3.117093e-01 7.525328e-01 5.801135e-01
    outer loop
      vertex 6.103160e+00 1.056589e+01 3.110302e+01
      vertex 7.373198e+00 1.779335e+01 2.104498e+01
      vertex 3.160660e+00 1.178466e+01 3.110302e+01
    endloop
  endfacet
  facet normal 3.117093e-01 7.525328e-01 5.801135e-01
    outer loop
      vertex 6.103160e+00 1.056589e+01 3.110302e+01
      vertex 7.373198e+00 1.779335e+01 2.104498e+01
      vertex 3.160660e+00 1.178466e+01 3.110302e+01
    endloop
  endfacet
  facet normal 8.399576e-01 -8.875161e-02 5.353451e-01
    outer loop
      vertex 2.126622e+01 3.265381e-05 1.805905e+01
      vertex 1.909755e+01 -2.513854e+00 2.104498e+01
      vertex 2.672809e+01 -2.258500e+00 9.115049e+00
    endloop
  endfacet
  facet normal 8.399576e-01 -8.875161e-02 5.353451e-01
    outer loop
      vertex 2.126622e+01 3.265381e-05 1.805905e+01
      vertex 1.909755e+01 -2.513854e+00 2.104498e+01
      vertex 2.672809e+01 -2.258500e+00 9.115049e+00
    endloop
  endfacet
  facet normal 8.399576e-01 -8.875161e-02 5.353451e-01
    outer loop
      vertex 2.126622e+01 3.265381e-05 1.805905e+01
      vertex 1.909755e+01 -2.513854e+00 2.104498e+01
      vertex 2.672809e+01 -2.258500e+00 9.115049e+00
    endloop
  endfacet
  facet normal 7.630809e-01 -1.004615e-01 6.384474e-01
    outer loop
      vertex 2.971497e-03 3.265381e-05 4.568509e+01
      vertex 1.178760e+01 -3.157721e+00 3.110302e+01
      vertex 1.220335e+01 3.265381e-05 3.110302e+01
    endloop
  endfacet
  facet normal 7.630809e-01 -1.004615e-01 6.384474e-01
    outer loop
      vertex 2.971497e-03 3.265381e-05 4.568509e+01
      vertex 1.178760e+01 -3.157721e+00 3.110302e+01
      vertex 1.220335e+01 3.265381e-05 3.110302e+01
    endloop
  endfacet
  facet normal 7.630809e-01 -1.004615e-01 6.384474e-01
    outer loop
      vertex 2.971497e-03 3.265381e-05 4.568509e+01
      vertex 1.178760e+01 -3.157721e+00 3.110302e+01
      vertex 1.220335e+01 3.265381e-05 3.110302e+01
    endloop
  endfacet
  facet normal 3.235889e-01 7.812128e-01 5.338508e-01
    outer loop
      vertex 7.373198e+00 1.779335e+01 2.104498e+01
      vertex 1.140960e+01 2.427389e+01 9.115049e+00
      vertex 9.101498e+00 2.522994e+01 9.115049e+00
    endloop
  endfacet
  facet normal 3.235889e-01 7.812128e-01 5.338508e-01
    outer loop
      vertex 7.373198e+00 1.779335e+01 2.104498e+01
      vertex 1.140960e+01 2.427389e+01 9.115049e+00
      vertex 9.101498e+00 2.522994e+01 9.115049e+00
    endloop
  endfacet
  facet normal 3.235889e-01 7.812128e-01 5.338508e-01
    outer loop
      vertex 7.373198e+00 1.779335e+01 2.104498e+01
      vertex 1.140960e+01 2.427389e+01 9.115049e+00
      vertex 9.101498e+00 2.522994e+01 9.115049e+00
    endloop
  endfacet
  facet normal 8.208469e-01 -3.072057e-02 5.703214e-01
    outer loop
      vertex 1.220335e+01 3.265381e-05 3.110302e+01
      vertex 1.909755e+01 -2.513854e+00 2.104498e+01
      vertex 2.126622e+01 3.265381e-05 1.805905e+01
    endloop
  endfacet
  facet normal 8.208469e-01 -3.072057e-02 5.703214e-01
    outer loop
      vertex 1.220335e+01 3.265381e-05 3.110302e+01
      vertex 1.909755e+01 -2.513854e+00 2.104498e+01
      vertex 2.126622e+01 3.265381e-05 1.805905e+01
    endloop
  endfacet
  facet normal 8.208469e-01 -3.072057e-02 5.703214e-01
    outer loop
      vertex 1.220335e+01 3.265381e-05 3.110302e+01
      vertex 1.909755e+01 -2.513854e+00 2.104498e+01
      vertex 2.126622e+01 3.265381e-05 1.805905e+01
    endloop
  endfacet
  facet normal 2.234437e-01 8.233650e-01 5.216733e-01
    outer loop
      vertex 5.506314e+00 2.053876e+01 1.805905e+01
      vertex 9.101498e+00 2.522994e+01 9.115049e+00
      vertex 7.504204e+00 2.799499e+01 5.435096e+00
    endloop
  endfacet
  facet normal 2.234437e-01 8.233650e-01 5.216733e-01
    outer loop
      vertex 5.506314e+00 2.053876e+01 1.805905e+01
      vertex 9.101498e+00 2.522994e+01 9.115049e+00
      vertex 7.504204e+00 2.799499e+01 5.435096e+00
    endloop
  endfacet
  facet normal 2.234437e-01 8.233650e-01 5.216733e-01
    outer loop
      vertex 5.506314e+00 2.053876e+01 1.805905e+01
      vertex 9.101498e+00 2.522994e+01 9.115049e+00
      vertex 7.504204e+00 2.799499e+01 5.435096e+00
    endloop
  endfacet
  facet normal 8.247768e-01 -2.181746e-01 5.216733e-01
    outer loop
      vertex 2.640200e+01 -4.735423e+00 9.115049e+00
      vertex 2.054170e+01 -5.503310e+00 1.805905e+01
      vertex 2.799793e+01 -7.501201e+00 5.435096e+00
    endloop
  endfacet
  facet normal 8.247768e-01 -2.181746e-01 5.216733e-01
    outer loop
      vertex 2.640200e+01 -4.735423e+00 9.115049e+00
      vertex 2.054170e+01 -5.503310e+00 1.805905e+01
      vertex 2.799793e+01 -7.501201e+00 5.435096e+00
    endloop
  endfacet
  facet normal 8.247768e-01 -2.181746e-01 5.216733e-01
    outer loop
      vertex 2.640200e+01 -4.735423e+00 9.115049e+00
      vertex 2.054170e+01 -5.503310e+00 1.805905e+01
      vertex 2.799793e+01 -7.501201e+00 5.435096e+00
    endloop
  endfacet
  facet normal 3.031245e-01 7.883661e-01 5.353451e-01
    outer loop
      vertex 7.373198e+00 1.779335e+01 2.104498e+01
      vertex 9.101498e+00 2.522994e+01 9.115049e+00
      vertex 5.506314e+00 2.053876e+01 1.805905e+01
    endloop
  endfacet
  facet normal 3.031245e-01 7.883661e-01 5.353451e-01
    outer loop
      vertex 7.373198e+00 1.779335e+01 2.104498e+01
      vertex 9.101498e+00 2.522994e+01 9.115049e+00
      vertex 5.506314e+00 2.053876e+01 1.805905e+01
    endloop
  endfacet
  facet normal 3.031245e-01 7.883661e-01 5.353451e-01
    outer loop
      vertex 7.373198e+00 1.779335e+01 2.104498e+01
      vertex 9.101498e+00 2.522994e+01 9.115049e+00
      vertex 5.506314e+00 2.053876e+01 1.805905e+01
    endloop
  endfacet
  facet normal 6.021491e-01 5.587037e-01 5.703214e-01
    outer loop
      vertex 1.503835e+01 1.503542e+01 1.805905e+01
      vertex 8.629912e+00 8.626973e+00 3.110302e+01
      vertex 1.528240e+01 1.172439e+01 2.104498e+01
    endloop
  endfacet
  facet normal 6.021491e-01 5.587037e-01 5.703214e-01
    outer loop
      vertex 1.503835e+01 1.503542e+01 1.805905e+01
      vertex 8.629912e+00 8.626973e+00 3.110302e+01
      vertex 1.528240e+01 1.172439e+01 2.104498e+01
    endloop
  endfacet
  facet normal 6.021491e-01 5.587037e-01 5.703214e-01
    outer loop
      vertex 1.503835e+01 1.503542e+01 1.805905e+01
      vertex 8.629912e+00 8.626973e+00 3.110302e+01
      vertex 1.528240e+01 1.172439e+01 2.104498e+01
    endloop
  endfacet
  facet normal 6.955140e-01 4.370283e-01 5.703214e-01
    outer loop
      vertex 1.528240e+01 1.172439e+01 2.104498e+01
      vertex 1.056883e+01 6.100221e+00 3.110302e+01
      vertex 1.841750e+01 1.063166e+01 1.805905e+01
    endloop
  endfacet
  facet normal 6.955140e-01 4.370283e-01 5.703214e-01
    outer loop
      vertex 1.528240e+01 1.172439e+01 2.104498e+01
      vertex 1.056883e+01 6.100221e+00 3.110302e+01
      vertex 1.841750e+01 1.063166e+01 1.805905e+01
    endloop
  endfacet
  facet normal 6.955140e-01 4.370283e-01 5.703214e-01
    outer loop
      vertex 1.528240e+01 1.172439e+01 2.104498e+01
      vertex 1.056883e+01 6.100221e+00 3.110302e+01
      vertex 1.841750e+01 1.063166e+01 1.805905e+01
    endloop
  endfacet
  facet normal 6.462146e-01 4.958579e-01 5.801135e-01
    outer loop
      vertex 1.528240e+01 1.172439e+01 2.104498e+01
      vertex 8.629912e+00 8.626973e+00 3.110302e+01
      vertex 1.056883e+01 6.100221e+00 3.110302e+01
    endloop
  endfacet
  facet normal 6.462146e-01 4.958579e-01 5.801135e-01
    outer loop
      vertex 1.528240e+01 1.172439e+01 2.104498e+01
      vertex 8.629912e+00 8.626973e+00 3.110302e+01
      vertex 1.056883e+01 6.100221e+00 3.110302e+01
    endloop
  endfacet
  facet normal 6.462146e-01 4.958579e-01 5.801135e-01
    outer loop
      vertex 1.528240e+01 1.172439e+01 2.104498e+01
      vertex 8.629912e+00 8.626973e+00 3.110302e+01
      vertex 1.056883e+01 6.100221e+00 3.110302e+01
    endloop
  endfacet
  facet normal 6.708426e-01 5.147558e-01 5.338508e-01
    outer loop
      vertex 2.049748e+01 1.730048e+01 9.115049e+00
      vertex 1.528240e+01 1.172439e+01 2.104498e+01
      vertex 2.201830e+01 1.531853e+01 9.115049e+00
    endloop
  endfacet
  facet normal 6.708426e-01 5.147558e-01 5.338508e-01
    outer loop
      vertex 2.049748e+01 1.730048e+01 9.115049e+00
      vertex 1.528240e+01 1.172439e+01 2.104498e+01
      vertex 2.201830e+01 1.531853e+01 9.115049e+00
    endloop
  endfacet
  facet normal 6.708426e-01 5.147558e-01 5.338508e-01
    outer loop
      vertex 2.049748e+01 1.730048e+01 9.115049e+00
      vertex 1.528240e+01 1.172439e+01 2.104498e+01
      vertex 2.201830e+01 1.531853e+01 9.115049e+00
    endloop
  endfacet
  facet normal 6.566966e-01 5.311828e-01 5.353451e-01
    outer loop
      vertex 2.049748e+01 1.730048e+01 9.115049e+00
      vertex 1.503835e+01 1.503542e+01 1.805905e+01
      vertex 1.528240e+01 1.172439e+01 2.104498e+01
    endloop
  endfacet
  facet normal 6.566966e-01 5.311828e-01 5.353451e-01
    outer loop
      vertex 2.049748e+01 1.730048e+01 9.115049e+00
      vertex 1.503835e+01 1.503542e+01 1.805905e+01
      vertex 1.528240e+01 1.172439e+01 2.104498e+01
    endloop
  endfacet
  facet normal 6.566966e-01 5.311828e-01 5.353451e-01
    outer loop
      vertex 2.049748e+01 1.730048e+01 9.115049e+00
      vertex 1.503835e+01 1.503542e+01 1.805905e+01
      vertex 1.528240e+01 1.172439e+01 2.104498e+01
    endloop
  endfacet
  facet normal 6.830488e-01 4.968399e-01 5.353451e-01
    outer loop
      vertex 2.201830e+01 1.531853e+01 9.115049e+00
      vertex 1.528240e+01 1.172439e+01 2.104498e+01
      vertex 1.841750e+01 1.063166e+01 1.805905e+01
    endloop
  endfacet
  facet normal 6.830488e-01 4.968399e-01 5.353451e-01
    outer loop
      vertex 2.201830e+01 1.531853e+01 9.115049e+00
      vertex 1.528240e+01 1.172439e+01 2.104498e+01
      vertex 1.841750e+01 1.063166e+01 1.805905e+01
    endloop
  endfacet
  facet normal 6.830488e-01 4.968399e-01 5.353451e-01
    outer loop
      vertex 2.201830e+01 1.531853e+01 9.115049e+00
      vertex 1.528240e+01 1.172439e+01 2.104498e+01
      vertex 1.841750e+01 1.063166e+01 1.805905e+01
    endloop
  endfacet
  facet normal 6.106167e-01 4.685426e-01 6.384474e-01
    outer loop
      vertex 1.056883e+01 6.100221e+00 3.110302e+01
      vertex 8.629912e+00 8.626973e+00 3.110302e+01
      vertex 2.971497e-03 3.265381e-05 4.568509e+01
    endloop
  endfacet
  facet normal 6.106167e-01 4.685426e-01 6.384474e-01
    outer loop
      vertex 1.056883e+01 6.100221e+00 3.110302e+01
      vertex 8.629912e+00 8.626973e+00 3.110302e+01
      vertex 2.971497e-03 3.265381e-05 4.568509e+01
    endloop
  endfacet
  facet normal 6.106167e-01 4.685426e-01 6.384474e-01
    outer loop
      vertex 1.056883e+01 6.100221e+00 3.110302e+01
      vertex 8.629912e+00 8.626973e+00 3.110302e+01
      vertex 2.971497e-03 3.265381e-05 4.568509e+01
    endloop
  endfacet
  facet normal 6.051904e-01 6.013331e-01 5.216733e-01
    outer loop
      vertex 2.049670e+01 2.049376e+01 5.435096e+00
      vertex 1.503835e+01 1.503542e+01 1.805905e+01
      vertex 2.049748e+01 1.730048e+01 9.115049e+00
    endloop
  endfacet
  facet normal 6.051904e-01 6.013331e-01 5.216733e-01
    outer loop
      vertex 2.049670e+01 2.049376e+01 5.435096e+00
      vertex 1.503835e+01 1.503542e+01 1.805905e+01
      vertex 2.049748e+01 1.730048e+01 9.115049e+00
    endloop
  endfacet
  facet normal 6.051904e-01 6.013331e-01 5.216733e-01
    outer loop
      vertex 2.049670e+01 2.049376e+01 5.435096e+00
      vertex 1.503835e+01 1.503542e+01 1.805905e+01
      vertex 2.049748e+01 1.730048e+01 9.115049e+00
    endloop
  endfacet
  facet normal 7.374780e-01 4.289326e-01 5.216733e-01
    outer loop
      vertex 2.201830e+01 1.531853e+01 9.115049e+00
      vertex 1.841750e+01 1.063166e+01 1.805905e+01
      vertex 2.510252e+01 1.449127e+01 5.435096e+00
    endloop
  endfacet
  facet normal 7.374780e-01 4.289326e-01 5.216733e-01
    outer loop
      vertex 2.201830e+01 1.531853e+01 9.115049e+00
      vertex 1.841750e+01 1.063166e+01 1.805905e+01
      vertex 2.510252e+01 1.449127e+01 5.435096e+00
    endloop
  endfacet
  facet normal 7.374780e-01 4.289326e-01 5.216733e-01
    outer loop
      vertex 2.201830e+01 1.531853e+01 9.115049e+00
      vertex 1.841750e+01 1.063166e+01 1.805905e+01
      vertex 2.510252e+01 1.449127e+01 5.435096e+00
    endloop
  endfacet
  facet normal -7.812128e-01 -3.235889e-01 5.338508e-01
    outer loop
      vertex -1.779042e+01 -7.370258e+00 2.104498e+01
      vertex -2.522699e+01 -9.098559e+00 9.115049e+00
      vertex -2.427096e+01 -1.140660e+01 9.115049e+00
    endloop
  endfacet
  facet normal -7.812128e-01 -3.235889e-01 5.338508e-01
    outer loop
      vertex -1.779042e+01 -7.370258e+00 2.104498e+01
      vertex -2.522699e+01 -9.098559e+00 9.115049e+00
      vertex -2.427096e+01 -1.140660e+01 9.115049e+00
    endloop
  endfacet
  facet normal -7.812128e-01 -3.235889e-01 5.338508e-01
    outer loop
      vertex -1.779042e+01 -7.370258e+00 2.104498e+01
      vertex -2.522699e+01 -9.098559e+00 9.115049e+00
      vertex -2.427096e+01 -1.140660e+01 9.115049e+00
    endloop
  endfacet
  facet normal -7.718004e-01 -3.431177e-01 5.353451e-01
    outer loop
      vertex -1.779042e+01 -7.370258e+00 2.104498e+01
      vertex -2.427096e+01 -1.140660e+01 9.115049e+00
      vertex -1.841162e+01 -1.063166e+01 1.805905e+01
    endloop
  endfacet
  facet normal -7.718004e-01 -3.431177e-01 5.353451e-01
    outer loop
      vertex -1.779042e+01 -7.370258e+00 2.104498e+01
      vertex -2.427096e+01 -1.140660e+01 9.115049e+00
      vertex -1.841162e+01 -1.063166e+01 1.805905e+01
    endloop
  endfacet
  facet normal -7.718004e-01 -3.431177e-01 5.353451e-01
    outer loop
      vertex -1.779042e+01 -7.370258e+00 2.104498e+01
      vertex -2.427096e+01 -1.140660e+01 9.115049e+00
      vertex -1.841162e+01 -1.063166e+01 1.805905e+01
    endloop
  endfacet
  facet normal 1.103702e-01 8.383446e-01 5.338508e-01
    outer loop
      vertex 2.516792e+00 1.909461e+01 2.104498e+01
      vertex 4.738361e+00 2.639907e+01 9.115049e+00
      vertex 2.261440e+00 2.672515e+01 9.115049e+00
    endloop
  endfacet
  facet normal 1.103702e-01 8.383446e-01 5.338508e-01
    outer loop
      vertex 2.516792e+00 1.909461e+01 2.104498e+01
      vertex 4.738361e+00 2.639907e+01 9.115049e+00
      vertex 2.261440e+00 2.672515e+01 9.115049e+00
    endloop
  endfacet
  facet normal 1.103702e-01 8.383446e-01 5.338508e-01
    outer loop
      vertex 2.516792e+00 1.909461e+01 2.104498e+01
      vertex 4.738361e+00 2.639907e+01 9.115049e+00
      vertex 2.261440e+00 2.672515e+01 9.115049e+00
    endloop
  endfacet
  facet normal 8.875161e-02 8.399576e-01 5.353451e-01
    outer loop
      vertex 2.516792e+00 1.909461e+01 2.104498e+01
      vertex 2.261440e+00 2.672515e+01 9.115049e+00
      vertex 2.971497e-03 2.126327e+01 1.805905e+01
    endloop
  endfacet
  facet normal 8.875161e-02 8.399576e-01 5.353451e-01
    outer loop
      vertex 2.516792e+00 1.909461e+01 2.104498e+01
      vertex 2.261440e+00 2.672515e+01 9.115049e+00
      vertex 2.971497e-03 2.126327e+01 1.805905e+01
    endloop
  endfacet
  facet normal 8.875161e-02 8.399576e-01 5.353451e-01
    outer loop
      vertex 2.516792e+00 1.909461e+01 2.104498e+01
      vertex 2.261440e+00 2.672515e+01 9.115049e+00
      vertex 2.971497e-03 2.126327e+01 1.805905e+01
    endloop
  endfacet
  facet normal 1.316696e-01 8.343073e-01 5.353451e-01
    outer loop
      vertex 2.516792e+00 1.909461e+01 2.104498e+01
      vertex 5.506314e+00 2.053876e+01 1.805905e+01
      vertex 4.738361e+00 2.639907e+01 9.115049e+00
    endloop
  endfacet
  facet normal 1.316696e-01 8.343073e-01 5.353451e-01
    outer loop
      vertex 2.516792e+00 1.909461e+01 2.104498e+01
      vertex 5.506314e+00 2.053876e+01 1.805905e+01
      vertex 4.738361e+00 2.639907e+01 9.115049e+00
    endloop
  endfacet
  facet normal 1.316696e-01 8.343073e-01 5.353451e-01
    outer loop
      vertex 2.516792e+00 1.909461e+01 2.104498e+01
      vertex 5.506314e+00 2.053876e+01 1.805905e+01
      vertex 4.738361e+00 2.639907e+01 9.115049e+00
    endloop
  endfacet
  facet normal 2.727516e-03 8.531410e-01 5.216733e-01
    outer loop
      vertex 2.971497e-03 2.126327e+01 1.805905e+01
      vertex 2.261440e+00 2.672515e+01 9.115049e+00
      vertex 2.971497e-03 2.898251e+01 5.435096e+00
    endloop
  endfacet
  facet normal 2.727516e-03 8.531410e-01 5.216733e-01
    outer loop
      vertex 2.971497e-03 2.126327e+01 1.805905e+01
      vertex 2.261440e+00 2.672515e+01 9.115049e+00
      vertex 2.971497e-03 2.898251e+01 5.435096e+00
    endloop
  endfacet
  facet normal 2.727516e-03 8.531410e-01 5.216733e-01
    outer loop
      vertex 2.971497e-03 2.126327e+01 1.805905e+01
      vertex 2.261440e+00 2.672515e+01 9.115049e+00
      vertex 2.971497e-03 2.898251e+01 5.435096e+00
    endloop
  endfacet
  facet normal 2.181746e-01 8.247768e-01 5.216733e-01
    outer loop
      vertex 5.506314e+00 2.053876e+01 1.805905e+01
      vertex 7.504204e+00 2.799499e+01 5.435096e+00
      vertex 4.738361e+00 2.639907e+01 9.115049e+00
    endloop
  endfacet
  facet normal 2.181746e-01 8.247768e-01 5.216733e-01
    outer loop
      vertex 5.506314e+00 2.053876e+01 1.805905e+01
      vertex 7.504204e+00 2.799499e+01 5.435096e+00
      vertex 4.738361e+00 2.639907e+01 9.115049e+00
    endloop
  endfacet
  facet normal 2.181746e-01 8.247768e-01 5.216733e-01
    outer loop
      vertex 5.506314e+00 2.053876e+01 1.805905e+01
      vertex 7.504204e+00 2.799499e+01 5.435096e+00
      vertex 4.738361e+00 2.639907e+01 9.115049e+00
    endloop
  endfacet
  facet normal 1.063182e-01 8.075672e-01 5.801135e-01
    outer loop
      vertex 3.160660e+00 1.178466e+01 3.110302e+01
      vertex 2.516792e+00 1.909461e+01 2.104498e+01
      vertex 2.971497e-03 1.220041e+01 3.110302e+01
    endloop
  endfacet
  facet normal 1.063182e-01 8.075672e-01 5.801135e-01
    outer loop
      vertex 3.160660e+00 1.178466e+01 3.110302e+01
      vertex 2.516792e+00 1.909461e+01 2.104498e+01
      vertex 2.971497e-03 1.220041e+01 3.110302e+01
    endloop
  endfacet
  facet normal 1.063182e-01 8.075672e-01 5.801135e-01
    outer loop
      vertex 3.160660e+00 1.178466e+01 3.110302e+01
      vertex 2.516792e+00 1.909461e+01 2.104498e+01
      vertex 2.971497e-03 1.220041e+01 3.110302e+01
    endloop
  endfacet
  facet normal 3.072057e-02 8.208469e-01 5.703214e-01
    outer loop
      vertex 2.971497e-03 1.220041e+01 3.110302e+01
      vertex 2.516792e+00 1.909461e+01 2.104498e+01
      vertex 2.971497e-03 2.126327e+01 1.805905e+01
    endloop
  endfacet
  facet normal 3.072057e-02 8.208469e-01 5.703214e-01
    outer loop
      vertex 2.971497e-03 1.220041e+01 3.110302e+01
      vertex 2.516792e+00 1.909461e+01 2.104498e+01
      vertex 2.971497e-03 2.126327e+01 1.805905e+01
    endloop
  endfacet
  facet normal 3.072057e-02 8.208469e-01 5.703214e-01
    outer loop
      vertex 2.971497e-03 1.220041e+01 3.110302e+01
      vertex 2.516792e+00 1.909461e+01 2.104498e+01
      vertex 2.971497e-03 2.126327e+01 1.805905e+01
    endloop
  endfacet
  facet normal 1.827770e-01 8.008283e-01 5.703214e-01
    outer loop
      vertex 3.160660e+00 1.178466e+01 3.110302e+01
      vertex 5.506314e+00 2.053876e+01 1.805905e+01
      vertex 2.516792e+00 1.909461e+01 2.104498e+01
    endloop
  endfacet
  facet normal 1.827770e-01 8.008283e-01 5.703214e-01
    outer loop
      vertex 3.160660e+00 1.178466e+01 3.110302e+01
      vertex 5.506314e+00 2.053876e+01 1.805905e+01
      vertex 2.516792e+00 1.909461e+01 2.104498e+01
    endloop
  endfacet
  facet normal 1.827770e-01 8.008283e-01 5.703214e-01
    outer loop
      vertex 3.160660e+00 1.178466e+01 3.110302e+01
      vertex 5.506314e+00 2.053876e+01 1.805905e+01
      vertex 2.516792e+00 1.909461e+01 2.104498e+01
    endloop
  endfacet
  facet normal 1.004615e-01 7.630809e-01 6.384474e-01
    outer loop
      vertex 2.971497e-03 3.265381e-05 4.568509e+01
      vertex 3.160660e+00 1.178466e+01 3.110302e+01
      vertex 2.971497e-03 1.220041e+01 3.110302e+01
    endloop
  endfacet
  facet normal 1.004615e-01 7.630809e-01 6.384474e-01
    outer loop
      vertex 2.971497e-03 3.265381e-05 4.568509e+01
      vertex 3.160660e+00 1.178466e+01 3.110302e+01
      vertex 2.971497e-03 1.220041e+01 3.110302e+01
    endloop
  endfacet
  facet normal 1.004615e-01 7.630809e-01 6.384474e-01
    outer loop
      vertex 2.971497e-03 3.265381e-05 4.568509e+01
      vertex 3.160660e+00 1.178466e+01 3.110302e+01
      vertex 2.971497e-03 1.220041e+01 3.110302e+01
    endloop
  endfacet
  facet normal -7.883661e-01 -3.031245e-01 5.353451e-01
    outer loop
      vertex -2.053581e+01 -5.503310e+00 1.805905e+01
      vertex -2.522699e+01 -9.098559e+00 9.115049e+00
      vertex -1.779042e+01 -7.370258e+00 2.104498e+01
    endloop
  endfacet
  facet normal -7.883661e-01 -3.031245e-01 5.353451e-01
    outer loop
      vertex -2.053581e+01 -5.503310e+00 1.805905e+01
      vertex -2.522699e+01 -9.098559e+00 9.115049e+00
      vertex -1.779042e+01 -7.370258e+00 2.104498e+01
    endloop
  endfacet
  facet normal -7.883661e-01 -3.031245e-01 5.353451e-01
    outer loop
      vertex -2.053581e+01 -5.503310e+00 1.805905e+01
      vertex -2.522699e+01 -9.098559e+00 9.115049e+00
      vertex -1.779042e+01 -7.370258e+00 2.104498e+01
    endloop
  endfacet
  facet normal -7.402055e-01 -4.242084e-01 5.216733e-01
    outer loop
      vertex -1.841162e+01 -1.063166e+01 1.805905e+01
      vertex -2.427096e+01 -1.140660e+01 9.115049e+00
      vertex -2.509664e+01 -1.449127e+01 5.435096e+00
    endloop
  endfacet
  facet normal -7.402055e-01 -4.242084e-01 5.216733e-01
    outer loop
      vertex -1.841162e+01 -1.063166e+01 1.805905e+01
      vertex -2.427096e+01 -1.140660e+01 9.115049e+00
      vertex -2.509664e+01 -1.449127e+01 5.435096e+00
    endloop
  endfacet
  facet normal -7.402055e-01 -4.242084e-01 5.216733e-01
    outer loop
      vertex -1.841162e+01 -1.063166e+01 1.805905e+01
      vertex -2.427096e+01 -1.140660e+01 9.115049e+00
      vertex -2.509664e+01 -1.449127e+01 5.435096e+00
    endloop
  endfacet
  facet normal -8.233650e-01 -2.234437e-01 5.216733e-01
    outer loop
      vertex -2.053581e+01 -5.503310e+00 1.805905e+01
      vertex -2.799206e+01 -7.501201e+00 5.435096e+00
      vertex -2.522699e+01 -9.098559e+00 9.115049e+00
    endloop
  endfacet
  facet normal -8.233650e-01 -2.234437e-01 5.216733e-01
    outer loop
      vertex -2.053581e+01 -5.503310e+00 1.805905e+01
      vertex -2.799206e+01 -7.501201e+00 5.435096e+00
      vertex -2.522699e+01 -9.098559e+00 9.115049e+00
    endloop
  endfacet
  facet normal -8.233650e-01 -2.234437e-01 5.216733e-01
    outer loop
      vertex -2.053581e+01 -5.503310e+00 1.805905e+01
      vertex -2.799206e+01 -7.501201e+00 5.435096e+00
      vertex -2.522699e+01 -9.098559e+00 9.115049e+00
    endloop
  endfacet
  facet normal -7.525328e-01 -3.117093e-01 5.801135e-01
    outer loop
      vertex -1.178173e+01 -3.157721e+00 3.110302e+01
      vertex -1.779042e+01 -7.370258e+00 2.104498e+01
      vertex -1.056289e+01 -6.100221e+00 3.110302e+01
    endloop
  endfacet
  facet normal -7.525328e-01 -3.117093e-01 5.801135e-01
    outer loop
      vertex -1.178173e+01 -3.157721e+00 3.110302e+01
      vertex -1.779042e+01 -7.370258e+00 2.104498e+01
      vertex -1.056289e+01 -6.100221e+00 3.110302e+01
    endloop
  endfacet
  facet normal -7.525328e-01 -3.117093e-01 5.801135e-01
    outer loop
      vertex -1.178173e+01 -3.157721e+00 3.110302e+01
      vertex -1.779042e+01 -7.370258e+00 2.104498e+01
      vertex -1.056289e+01 -6.100221e+00 3.110302e+01
    endloop
  endfacet
  facet normal -7.262346e-01 -3.838187e-01 5.703214e-01
    outer loop
      vertex -1.056289e+01 -6.100221e+00 3.110302e+01
      vertex -1.779042e+01 -7.370258e+00 2.104498e+01
      vertex -1.841162e+01 -1.063166e+01 1.805905e+01
    endloop
  endfacet
  facet normal -7.262346e-01 -3.838187e-01 5.703214e-01
    outer loop
      vertex -1.056289e+01 -6.100221e+00 3.110302e+01
      vertex -1.779042e+01 -7.370258e+00 2.104498e+01
      vertex -1.841162e+01 -1.063166e+01 1.805905e+01
    endloop
  endfacet
  facet normal -7.262346e-01 -3.838187e-01 5.703214e-01
    outer loop
      vertex -1.056289e+01 -6.100221e+00 3.110302e+01
      vertex -1.779042e+01 -7.370258e+00 2.104498e+01
      vertex -1.841162e+01 -1.063166e+01 1.805905e+01
    endloop
  endfacet
  facet normal -7.849262e-01 -2.421246e-01 5.703214e-01
    outer loop
      vertex -1.178173e+01 -3.157721e+00 3.110302e+01
      vertex -2.053581e+01 -5.503310e+00 1.805905e+01
      vertex -1.779042e+01 -7.370258e+00 2.104498e+01
    endloop
  endfacet
  facet normal -7.849262e-01 -2.421246e-01 5.703214e-01
    outer loop
      vertex -1.178173e+01 -3.157721e+00 3.110302e+01
      vertex -2.053581e+01 -5.503310e+00 1.805905e+01
      vertex -1.779042e+01 -7.370258e+00 2.104498e+01
    endloop
  endfacet
  facet normal -7.849262e-01 -2.421246e-01 5.703214e-01
    outer loop
      vertex -1.178173e+01 -3.157721e+00 3.110302e+01
      vertex -2.053581e+01 -5.503310e+00 1.805905e+01
      vertex -1.779042e+01 -7.370258e+00 2.104498e+01
    endloop
  endfacet
  facet normal -7.110782e-01 -2.945382e-01 6.384474e-01
    outer loop
      vertex 2.971497e-03 3.265381e-05 4.568509e+01
      vertex -1.178173e+01 -3.157721e+00 3.110302e+01
      vertex -1.056289e+01 -6.100221e+00 3.110302e+01
    endloop
  endfacet
  facet normal -7.110782e-01 -2.945382e-01 6.384474e-01
    outer loop
      vertex 2.971497e-03 3.265381e-05 4.568509e+01
      vertex -1.178173e+01 -3.157721e+00 3.110302e+01
      vertex -1.056289e+01 -6.100221e+00 3.110302e+01
    endloop
  endfacet
  facet normal -7.110782e-01 -2.945382e-01 6.384474e-01
    outer loop
      vertex 2.971497e-03 3.265381e-05 4.568509e+01
      vertex -1.178173e+01 -3.157721e+00 3.110302e+01
      vertex -1.056289e+01 -6.100221e+00 3.110302e+01
    endloop
  endfacet
  facet normal 5.147558e-01 6.708426e-01 5.338508e-01
    outer loop
      vertex 1.172732e+01 1.527947e+01 2.104498e+01
      vertex 1.730342e+01 2.049454e+01 9.115049e+00
      vertex 1.532146e+01 2.201536e+01 9.115049e+00
    endloop
  endfacet
  facet normal 5.147558e-01 6.708426e-01 5.338508e-01
    outer loop
      vertex 1.172732e+01 1.527947e+01 2.104498e+01
      vertex 1.730342e+01 2.049454e+01 9.115049e+00
      vertex 1.532146e+01 2.201536e+01 9.115049e+00
    endloop
  endfacet
  facet normal 5.147558e-01 6.708426e-01 5.338508e-01
    outer loop
      vertex 1.172732e+01 1.527947e+01 2.104498e+01
      vertex 1.730342e+01 2.049454e+01 9.115049e+00
      vertex 1.532146e+01 2.201536e+01 9.115049e+00
    endloop
  endfacet
  facet normal 4.968399e-01 6.830488e-01 5.353451e-01
    outer loop
      vertex 1.172732e+01 1.527947e+01 2.104498e+01
      vertex 1.532146e+01 2.201536e+01 9.115049e+00
      vertex 1.063459e+01 1.841456e+01 1.805905e+01
    endloop
  endfacet
  facet normal 4.968399e-01 6.830488e-01 5.353451e-01
    outer loop
      vertex 1.172732e+01 1.527947e+01 2.104498e+01
      vertex 1.532146e+01 2.201536e+01 9.115049e+00
      vertex 1.063459e+01 1.841456e+01 1.805905e+01
    endloop
  endfacet
  facet normal 4.968399e-01 6.830488e-01 5.353451e-01
    outer loop
      vertex 1.172732e+01 1.527947e+01 2.104498e+01
      vertex 1.532146e+01 2.201536e+01 9.115049e+00
      vertex 1.063459e+01 1.841456e+01 1.805905e+01
    endloop
  endfacet
  facet normal 5.311828e-01 6.566966e-01 5.353451e-01
    outer loop
      vertex 1.172732e+01 1.527947e+01 2.104498e+01
      vertex 1.503835e+01 1.503542e+01 1.805905e+01
      vertex 1.730342e+01 2.049454e+01 9.115049e+00
    endloop
  endfacet
  facet normal 5.311828e-01 6.566966e-01 5.353451e-01
    outer loop
      vertex 1.172732e+01 1.527947e+01 2.104498e+01
      vertex 1.503835e+01 1.503542e+01 1.805905e+01
      vertex 1.730342e+01 2.049454e+01 9.115049e+00
    endloop
  endfacet
  facet normal 5.311828e-01 6.566966e-01 5.353451e-01
    outer loop
      vertex 1.172732e+01 1.527947e+01 2.104498e+01
      vertex 1.503835e+01 1.503542e+01 1.805905e+01
      vertex 1.730342e+01 2.049454e+01 9.115049e+00
    endloop
  endfacet
  facet normal 4.289326e-01 7.374780e-01 5.216733e-01
    outer loop
      vertex 1.063459e+01 1.841456e+01 1.805905e+01
      vertex 1.532146e+01 2.201536e+01 9.115049e+00
      vertex 1.449421e+01 2.509958e+01 5.435096e+00
    endloop
  endfacet
  facet normal 4.289326e-01 7.374780e-01 5.216733e-01
    outer loop
      vertex 1.063459e+01 1.841456e+01 1.805905e+01
      vertex 1.532146e+01 2.201536e+01 9.115049e+00
      vertex 1.449421e+01 2.509958e+01 5.435096e+00
    endloop
  endfacet
  facet normal 4.289326e-01 7.374780e-01 5.216733e-01
    outer loop
      vertex 1.063459e+01 1.841456e+01 1.805905e+01
      vertex 1.532146e+01 2.201536e+01 9.115049e+00
      vertex 1.449421e+01 2.509958e+01 5.435096e+00
    endloop
  endfacet
  facet normal 6.013331e-01 6.051904e-01 5.216733e-01
    outer loop
      vertex 1.503835e+01 1.503542e+01 1.805905e+01
      vertex 2.049670e+01 2.049376e+01 5.435096e+00
      vertex 1.730342e+01 2.049454e+01 9.115049e+00
    endloop
  endfacet
  facet normal 6.013331e-01 6.051904e-01 5.216733e-01
    outer loop
      vertex 1.503835e+01 1.503542e+01 1.805905e+01
      vertex 2.049670e+01 2.049376e+01 5.435096e+00
      vertex 1.730342e+01 2.049454e+01 9.115049e+00
    endloop
  endfacet
  facet normal 6.013331e-01 6.051904e-01 5.216733e-01
    outer loop
      vertex 1.503835e+01 1.503542e+01 1.805905e+01
      vertex 2.049670e+01 2.049376e+01 5.435096e+00
      vertex 1.730342e+01 2.049454e+01 9.115049e+00
    endloop
  endfacet
  facet normal 4.958579e-01 6.462146e-01 5.801135e-01
    outer loop
      vertex 8.629912e+00 8.626973e+00 3.110302e+01
      vertex 1.172732e+01 1.527947e+01 2.104498e+01
      vertex 6.103160e+00 1.056589e+01 3.110302e+01
    endloop
  endfacet
  facet normal 4.958579e-01 6.462146e-01 5.801135e-01
    outer loop
      vertex 8.629912e+00 8.626973e+00 3.110302e+01
      vertex 1.172732e+01 1.527947e+01 2.104498e+01
      vertex 6.103160e+00 1.056589e+01 3.110302e+01
    endloop
  endfacet
  facet normal 4.958579e-01 6.462146e-01 5.801135e-01
    outer loop
      vertex 8.629912e+00 8.626973e+00 3.110302e+01
      vertex 1.172732e+01 1.527947e+01 2.104498e+01
      vertex 6.103160e+00 1.056589e+01 3.110302e+01
    endloop
  endfacet
  facet normal 4.370283e-01 6.955140e-01 5.703214e-01
    outer loop
      vertex 6.103160e+00 1.056589e+01 3.110302e+01
      vertex 1.172732e+01 1.527947e+01 2.104498e+01
      vertex 1.063459e+01 1.841456e+01 1.805905e+01
    endloop
  endfacet
  facet normal 4.370283e-01 6.955140e-01 5.703214e-01
    outer loop
      vertex 6.103160e+00 1.056589e+01 3.110302e+01
      vertex 1.172732e+01 1.527947e+01 2.104498e+01
      vertex 1.063459e+01 1.841456e+01 1.805905e+01
    endloop
  endfacet
  facet normal 4.370283e-01 6.955140e-01 5.703214e-01
    outer loop
      vertex 6.103160e+00 1.056589e+01 3.110302e+01
      vertex 1.172732e+01 1.527947e+01 2.104498e+01
      vertex 1.063459e+01 1.841456e+01 1.805905e+01
    endloop
  endfacet
  facet normal 5.587037e-01 6.021491e-01 5.703214e-01
    outer loop
      vertex 8.629912e+00 8.626973e+00 3.110302e+01
      vertex 1.503835e+01 1.503542e+01 1.805905e+01
      vertex 1.172732e+01 1.527947e+01 2.104498e+01
    endloop
  endfacet
  facet normal 5.587037e-01 6.021491e-01 5.703214e-01
    outer loop
      vertex 8.629912e+00 8.626973e+00 3.110302e+01
      vertex 1.503835e+01 1.503542e+01 1.805905e+01
      vertex 1.172732e+01 1.527947e+01 2.104498e+01
    endloop
  endfacet
  facet normal 5.587037e-01 6.021491e-01 5.703214e-01
    outer loop
      vertex 8.629912e+00 8.626973e+00 3.110302e+01
      vertex 1.503835e+01 1.503542e+01 1.805905e+01
      vertex 1.172732e+01 1.527947e+01 2.104498e+01
    endloop
  endfacet
  facet normal 4.685426e-01 6.106167e-01 6.384474e-01
    outer loop
      vertex 8.629912e+00 8.626973e+00 3.110302e+01
      vertex 6.103160e+00 1.056589e+01 3.110302e+01
      vertex 2.971497e-03 3.265381e-05 4.568509e+01
    endloop
  endfacet
  facet normal 4.685426e-01 6.106167e-01 6.384474e-01
    outer loop
      vertex 8.629912e+00 8.626973e+00 3.110302e+01
      vertex 6.103160e+00 1.056589e+01 3.110302e+01
      vertex 2.971497e-03 3.265381e-05 4.568509e+01
    endloop
  endfacet
  facet normal 4.685426e-01 6.106167e-01 6.384474e-01
    outer loop
      vertex 8.629912e+00 8.626973e+00 3.110302e+01
      vertex 6.103160e+00 1.056589e+01 3.110302e+01
      vertex 2.971497e-03 3.265381e-05 4.568509e+01
    endloop
  endfacet
  facet normal 7.374780e-01 -4.289326e-01 5.216733e-01
    outer loop
      vertex 1.841750e+01 -1.063166e+01 1.805905e+01
      vertex 2.201830e+01 -1.531853e+01 9.115049e+00
      vertex 2.510252e+01 -1.449127e+01 5.435096e+00
    endloop
  endfacet
  facet normal 7.374780e-01 -4.289326e-01 5.216733e-01
    outer loop
      vertex 1.841750e+01 -1.063166e+01 1.805905e+01
      vertex 2.201830e+01 -1.531853e+01 9.115049e+00
      vertex 2.510252e+01 -1.449127e+01 5.435096e+00
    endloop
  endfacet
  facet normal 7.374780e-01 -4.289326e-01 5.216733e-01
    outer loop
      vertex 1.841750e+01 -1.063166e+01 1.805905e+01
      vertex 2.201830e+01 -1.531853e+01 9.115049e+00
      vertex 2.510252e+01 -1.449127e+01 5.435096e+00
    endloop
  endfacet
  facet normal 6.051904e-01 -6.013331e-01 5.216733e-01
    outer loop
      vertex 1.503835e+01 -1.503542e+01 1.805905e+01
      vertex 2.049670e+01 -2.049376e+01 5.435096e+00
      vertex 2.049748e+01 -1.730048e+01 9.115049e+00
    endloop
  endfacet
  facet normal 6.051904e-01 -6.013331e-01 5.216733e-01
    outer loop
      vertex 1.503835e+01 -1.503542e+01 1.805905e+01
      vertex 2.049670e+01 -2.049376e+01 5.435096e+00
      vertex 2.049748e+01 -1.730048e+01 9.115049e+00
    endloop
  endfacet
  facet normal 6.051904e-01 -6.013331e-01 5.216733e-01
    outer loop
      vertex 1.503835e+01 -1.503542e+01 1.805905e+01
      vertex 2.049670e+01 -2.049376e+01 5.435096e+00
      vertex 2.049748e+01 -1.730048e+01 9.115049e+00
    endloop
  endfacet
  facet normal 6.462146e-01 -4.958579e-01 5.801135e-01
    outer loop
      vertex 1.056883e+01 -6.100221e+00 3.110302e+01
      vertex 8.629912e+00 -8.626973e+00 3.110302e+01
      vertex 1.528240e+01 -1.172439e+01 2.104498e+01
    endloop
  endfacet
  facet normal 6.462146e-01 -4.958579e-01 5.801135e-01
    outer loop
      vertex 1.056883e+01 -6.100221e+00 3.110302e+01
      vertex 8.629912e+00 -8.626973e+00 3.110302e+01
      vertex 1.528240e+01 -1.172439e+01 2.104498e+01
    endloop
  endfacet
  facet normal 6.462146e-01 -4.958579e-01 5.801135e-01
    outer loop
      vertex 1.056883e+01 -6.100221e+00 3.110302e+01
      vertex 8.629912e+00 -8.626973e+00 3.110302e+01
      vertex 1.528240e+01 -1.172439e+01 2.104498e+01
    endloop
  endfacet
  facet normal 6.955140e-01 -4.370283e-01 5.703214e-01
    outer loop
      vertex 1.056883e+01 -6.100221e+00 3.110302e+01
      vertex 1.528240e+01 -1.172439e+01 2.104498e+01
      vertex 1.841750e+01 -1.063166e+01 1.805905e+01
    endloop
  endfacet
  facet normal 6.955140e-01 -4.370283e-01 5.703214e-01
    outer loop
      vertex 1.056883e+01 -6.100221e+00 3.110302e+01
      vertex 1.528240e+01 -1.172439e+01 2.104498e+01
      vertex 1.841750e+01 -1.063166e+01 1.805905e+01
    endloop
  endfacet
  facet normal 6.955140e-01 -4.370283e-01 5.703214e-01
    outer loop
      vertex 1.056883e+01 -6.100221e+00 3.110302e+01
      vertex 1.528240e+01 -1.172439e+01 2.104498e+01
      vertex 1.841750e+01 -1.063166e+01 1.805905e+01
    endloop
  endfacet
  facet normal 6.021491e-01 -5.587037e-01 5.703214e-01
    outer loop
      vertex 8.629912e+00 -8.626973e+00 3.110302e+01
      vertex 1.503835e+01 -1.503542e+01 1.805905e+01
      vertex 1.528240e+01 -1.172439e+01 2.104498e+01
    endloop
  endfacet
  facet normal 6.021491e-01 -5.587037e-01 5.703214e-01
    outer loop
      vertex 8.629912e+00 -8.626973e+00 3.110302e+01
      vertex 1.503835e+01 -1.503542e+01 1.805905e+01
      vertex 1.528240e+01 -1.172439e+01 2.104498e+01
    endloop
  endfacet
  facet normal 6.021491e-01 -5.587037e-01 5.703214e-01
    outer loop
      vertex 8.629912e+00 -8.626973e+00 3.110302e+01
      vertex 1.503835e+01 -1.503542e+01 1.805905e+01
      vertex 1.528240e+01 -1.172439e+01 2.104498e+01
    endloop
  endfacet
  facet normal 6.106167e-01 -4.685426e-01 6.384474e-01
    outer loop
      vertex 1.056883e+01 -6.100221e+00 3.110302e+01
      vertex 2.971497e-03 3.265381e-05 4.568509e+01
      vertex 8.629912e+00 -8.626973e+00 3.110302e+01
    endloop
  endfacet
  facet normal 6.106167e-01 -4.685426e-01 6.384474e-01
    outer loop
      vertex 1.056883e+01 -6.100221e+00 3.110302e+01
      vertex 2.971497e-03 3.265381e-05 4.568509e+01
      vertex 8.629912e+00 -8.626973e+00 3.110302e+01
    endloop
  endfacet
  facet normal 6.106167e-01 -4.685426e-01 6.384474e-01
    outer loop
      vertex 1.056883e+01 -6.100221e+00 3.110302e+01
      vertex 2.971497e-03 3.265381e-05 4.568509e+01
      vertex 8.629912e+00 -8.626973e+00 3.110302e+01
    endloop
  endfacet
  facet normal 6.566966e-01 -5.311828e-01 5.353451e-01
    outer loop
      vertex 1.528240e+01 -1.172439e+01 2.104498e+01
      vertex 1.503835e+01 -1.503542e+01 1.805905e+01
      vertex 2.049748e+01 -1.730048e+01 9.115049e+00
    endloop
  endfacet
  facet normal 6.566966e-01 -5.311828e-01 5.353451e-01
    outer loop
      vertex 1.528240e+01 -1.172439e+01 2.104498e+01
      vertex 1.503835e+01 -1.503542e+01 1.805905e+01
      vertex 2.049748e+01 -1.730048e+01 9.115049e+00
    endloop
  endfacet
  facet normal 6.566966e-01 -5.311828e-01 5.353451e-01
    outer loop
      vertex 1.528240e+01 -1.172439e+01 2.104498e+01
      vertex 1.503835e+01 -1.503542e+01 1.805905e+01
      vertex 2.049748e+01 -1.730048e+01 9.115049e+00
    endloop
  endfacet
  facet normal 6.830488e-01 -4.968399e-01 5.353451e-01
    outer loop
      vertex 1.841750e+01 -1.063166e+01 1.805905e+01
      vertex 1.528240e+01 -1.172439e+01 2.104498e+01
      vertex 2.201830e+01 -1.531853e+01 9.115049e+00
    endloop
  endfacet
  facet normal 6.830488e-01 -4.968399e-01 5.353451e-01
    outer loop
      vertex 1.841750e+01 -1.063166e+01 1.805905e+01
      vertex 1.528240e+01 -1.172439e+01 2.104498e+01
      vertex 2.201830e+01 -1.531853e+01 9.115049e+00
    endloop
  endfacet
  facet normal 6.830488e-01 -4.968399e-01 5.353451e-01
    outer loop
      vertex 1.841750e+01 -1.063166e+01 1.805905e+01
      vertex 1.528240e+01 -1.172439e+01 2.104498e+01
      vertex 2.201830e+01 -1.531853e+01 9.115049e+00
    endloop
  endfacet
  facet normal 6.708426e-01 -5.147558e-01 5.338508e-01
    outer loop
      vertex 1.528240e+01 -1.172439e+01 2.104498e+01
      vertex 2.049748e+01 -1.730048e+01 9.115049e+00
      vertex 2.201830e+01 -1.531853e+01 9.115049e+00
    endloop
  endfacet
  facet normal 6.708426e-01 -5.147558e-01 5.338508e-01
    outer loop
      vertex 1.528240e+01 -1.172439e+01 2.104498e+01
      vertex 2.049748e+01 -1.730048e+01 9.115049e+00
      vertex 2.201830e+01 -1.531853e+01 9.115049e+00
    endloop
  endfacet
  facet normal 6.708426e-01 -5.147558e-01 5.338508e-01
    outer loop
      vertex 1.528240e+01 -1.172439e+01 2.104498e+01
      vertex 2.049748e+01 -1.730048e+01 9.115049e+00
      vertex 2.201830e+01 -1.531853e+01 9.115049e+00
    endloop
  endfacet
  facet normal -5.147558e-01 -6.708426e-01 5.338508e-01
    outer loop
      vertex -1.172144e+01 -1.527947e+01 2.104498e+01
      vertex -1.729753e+01 -2.049454e+01 9.115049e+00
      vertex -1.531558e+01 -2.201536e+01 9.115049e+00
    endloop
  endfacet
  facet normal -5.147558e-01 -6.708426e-01 5.338508e-01
    outer loop
      vertex -1.172144e+01 -1.527947e+01 2.104498e+01
      vertex -1.729753e+01 -2.049454e+01 9.115049e+00
      vertex -1.531558e+01 -2.201536e+01 9.115049e+00
    endloop
  endfacet
  facet normal -5.147558e-01 -6.708426e-01 5.338508e-01
    outer loop
      vertex -1.172144e+01 -1.527947e+01 2.104498e+01
      vertex -1.729753e+01 -2.049454e+01 9.115049e+00
      vertex -1.531558e+01 -2.201536e+01 9.115049e+00
    endloop
  endfacet
  facet normal -4.968399e-01 -6.830488e-01 5.353451e-01
    outer loop
      vertex -1.172144e+01 -1.527947e+01 2.104498e+01
      vertex -1.531558e+01 -2.201536e+01 9.115049e+00
      vertex -1.062872e+01 -1.841456e+01 1.805905e+01
    endloop
  endfacet
  facet normal -4.968399e-01 -6.830488e-01 5.353451e-01
    outer loop
      vertex -1.172144e+01 -1.527947e+01 2.104498e+01
      vertex -1.531558e+01 -2.201536e+01 9.115049e+00
      vertex -1.062872e+01 -1.841456e+01 1.805905e+01
    endloop
  endfacet
  facet normal -4.968399e-01 -6.830488e-01 5.353451e-01
    outer loop
      vertex -1.172144e+01 -1.527947e+01 2.104498e+01
      vertex -1.531558e+01 -2.201536e+01 9.115049e+00
      vertex -1.062872e+01 -1.841456e+01 1.805905e+01
    endloop
  endfacet
  facet normal -5.311828e-01 -6.566966e-01 5.353451e-01
    outer loop
      vertex -1.172144e+01 -1.527947e+01 2.104498e+01
      vertex -1.503247e+01 -1.503542e+01 1.805905e+01
      vertex -1.729753e+01 -2.049454e+01 9.115049e+00
    endloop
  endfacet
  facet normal -5.311828e-01 -6.566966e-01 5.353451e-01
    outer loop
      vertex -1.172144e+01 -1.527947e+01 2.104498e+01
      vertex -1.503247e+01 -1.503542e+01 1.805905e+01
      vertex -1.729753e+01 -2.049454e+01 9.115049e+00
    endloop
  endfacet
  facet normal -5.311828e-01 -6.566966e-01 5.353451e-01
    outer loop
      vertex -1.172144e+01 -1.527947e+01 2.104498e+01
      vertex -1.503247e+01 -1.503542e+01 1.805905e+01
      vertex -1.729753e+01 -2.049454e+01 9.115049e+00
    endloop
  endfacet
  facet normal -4.289326e-01 -7.374780e-01 5.216733e-01
    outer loop
      vertex -1.062872e+01 -1.841456e+01 1.805905e+01
      vertex -1.531558e+01 -2.201536e+01 9.115049e+00
      vertex -1.448833e+01 -2.509958e+01 5.435096e+00
    endloop
  endfacet
  facet normal -4.289326e-01 -7.374780e-01 5.216733e-01
    outer loop
      vertex -1.062872e+01 -1.841456e+01 1.805905e+01
      vertex -1.531558e+01 -2.201536e+01 9.115049e+00
      vertex -1.448833e+01 -2.509958e+01 5.435096e+00
    endloop
  endfacet
  facet normal -4.289326e-01 -7.374780e-01 5.216733e-01
    outer loop
      vertex -1.062872e+01 -1.841456e+01 1.805905e+01
      vertex -1.531558e+01 -2.201536e+01 9.115049e+00
      vertex -1.448833e+01 -2.509958e+01 5.435096e+00
    endloop
  endfacet
  facet normal -6.013331e-01 -6.051904e-01 5.216733e-01
    outer loop
      vertex -1.503247e+01 -1.503542e+01 1.805905e+01
      vertex -2.049082e+01 -2.049376e+01 5.435096e+00
      vertex -1.729753e+01 -2.049454e+01 9.115049e+00
    endloop
  endfacet
  facet normal -6.013331e-01 -6.051904e-01 5.216733e-01
    outer loop
      vertex -1.503247e+01 -1.503542e+01 1.805905e+01
      vertex -2.049082e+01 -2.049376e+01 5.435096e+00
      vertex -1.729753e+01 -2.049454e+01 9.115049e+00
    endloop
  endfacet
  facet normal -6.013331e-01 -6.051904e-01 5.216733e-01
    outer loop
      vertex -1.503247e+01 -1.503542e+01 1.805905e+01
      vertex -2.049082e+01 -2.049376e+01 5.435096e+00
      vertex -1.729753e+01 -2.049454e+01 9.115049e+00
    endloop
  endfacet
  facet normal -4.958579e-01 -6.462146e-01 5.801135e-01
    outer loop
      vertex -8.624034e+00 -8.626973e+00 3.110302e+01
      vertex -1.172144e+01 -1.527947e+01 2.104498e+01
      vertex -6.097282e+00 -1.056583e+01 3.110302e+01
    endloop
  endfacet
  facet normal -4.958579e-01 -6.462146e-01 5.801135e-01
    outer loop
      vertex -8.624034e+00 -8.626973e+00 3.110302e+01
      vertex -1.172144e+01 -1.527947e+01 2.104498e+01
      vertex -6.097282e+00 -1.056583e+01 3.110302e+01
    endloop
  endfacet
  facet normal -4.958579e-01 -6.462146e-01 5.801135e-01
    outer loop
      vertex -8.624034e+00 -8.626973e+00 3.110302e+01
      vertex -1.172144e+01 -1.527947e+01 2.104498e+01
      vertex -6.097282e+00 -1.056583e+01 3.110302e+01
    endloop
  endfacet
  facet normal -4.370283e-01 -6.955140e-01 5.703214e-01
    outer loop
      vertex -6.097282e+00 -1.056583e+01 3.110302e+01
      vertex -1.172144e+01 -1.527947e+01 2.104498e+01
      vertex -1.062872e+01 -1.841456e+01 1.805905e+01
    endloop
  endfacet
  facet normal -4.370283e-01 -6.955140e-01 5.703214e-01
    outer loop
      vertex -6.097282e+00 -1.056583e+01 3.110302e+01
      vertex -1.172144e+01 -1.527947e+01 2.104498e+01
      vertex -1.062872e+01 -1.841456e+01 1.805905e+01
    endloop
  endfacet
  facet normal -4.370283e-01 -6.955140e-01 5.703214e-01
    outer loop
      vertex -6.097282e+00 -1.056583e+01 3.110302e+01
      vertex -1.172144e+01 -1.527947e+01 2.104498e+01
      vertex -1.062872e+01 -1.841456e+01 1.805905e+01
    endloop
  endfacet
  facet normal -5.587037e-01 -6.021491e-01 5.703214e-01
    outer loop
      vertex -8.624034e+00 -8.626973e+00 3.110302e+01
      vertex -1.503247e+01 -1.503542e+01 1.805905e+01
      vertex -1.172144e+01 -1.527947e+01 2.104498e+01
    endloop
  endfacet
  facet normal -5.587037e-01 -6.021491e-01 5.703214e-01
    outer loop
      vertex -8.624034e+00 -8.626973e+00 3.110302e+01
      vertex -1.503247e+01 -1.503542e+01 1.805905e+01
      vertex -1.172144e+01 -1.527947e+01 2.104498e+01
    endloop
  endfacet
  facet normal -5.587037e-01 -6.021491e-01 5.703214e-01
    outer loop
      vertex -8.624034e+00 -8.626973e+00 3.110302e+01
      vertex -1.503247e+01 -1.503542e+01 1.805905e+01
      vertex -1.172144e+01 -1.527947e+01 2.104498e+01
    endloop
  endfacet
  facet normal -4.685426e-01 -6.106167e-01 6.384474e-01
    outer loop
      vertex 2.971497e-03 3.265381e-05 4.568509e+01
      vertex -8.624034e+00 -8.626973e+00 3.110302e+01
      vertex -6.097282e+00 -1.056583e+01 3.110302e+01
    endloop
  endfacet
  facet normal -4.685426e-01 -6.106167e-01 6.384474e-01
    outer loop
      vertex 2.971497e-03 3.265381e-05 4.568509e+01
      vertex -8.624034e+00 -8.626973e+00 3.110302e+01
      vertex -6.097282e+00 -1.056583e+01 3.110302e+01
    endloop
  endfacet
  facet normal -4.685426e-01 -6.106167e-01 6.384474e-01
    outer loop
      vertex 2.971497e-03 3.265381e-05 4.568509e+01
      vertex -8.624034e+00 -8.626973e+00 3.110302e+01
      vertex -6.097282e+00 -1.056583e+01 3.110302e+01
    endloop
  endfacet
  facet normal -3.235889e-01 -7.812128e-01 5.338508e-01
    outer loop
      vertex -7.367319e+00 -1.779335e+01 2.104498e+01
      vertex -1.140365e+01 -2.427389e+01 9.115049e+00
      vertex -9.095620e+00 -2.522994e+01 9.115049e+00
    endloop
  endfacet
  facet normal -3.235889e-01 -7.812128e-01 5.338508e-01
    outer loop
      vertex -7.367319e+00 -1.779335e+01 2.104498e+01
      vertex -1.140365e+01 -2.427389e+01 9.115049e+00
      vertex -9.095620e+00 -2.522994e+01 9.115049e+00
    endloop
  endfacet
  facet normal -3.235889e-01 -7.812128e-01 5.338508e-01
    outer loop
      vertex -7.367319e+00 -1.779335e+01 2.104498e+01
      vertex -1.140365e+01 -2.427389e+01 9.115049e+00
      vertex -9.095620e+00 -2.522994e+01 9.115049e+00
    endloop
  endfacet
  facet normal -3.031245e-01 -7.883661e-01 5.353451e-01
    outer loop
      vertex -7.367319e+00 -1.779335e+01 2.104498e+01
      vertex -9.095620e+00 -2.522994e+01 9.115049e+00
      vertex -5.500370e+00 -2.053876e+01 1.805905e+01
    endloop
  endfacet
  facet normal -3.031245e-01 -7.883661e-01 5.353451e-01
    outer loop
      vertex -7.367319e+00 -1.779335e+01 2.104498e+01
      vertex -9.095620e+00 -2.522994e+01 9.115049e+00
      vertex -5.500370e+00 -2.053876e+01 1.805905e+01
    endloop
  endfacet
  facet normal -3.031245e-01 -7.883661e-01 5.353451e-01
    outer loop
      vertex -7.367319e+00 -1.779335e+01 2.104498e+01
      vertex -9.095620e+00 -2.522994e+01 9.115049e+00
      vertex -5.500370e+00 -2.053876e+01 1.805905e+01
    endloop
  endfacet
  facet normal -3.431177e-01 -7.718004e-01 5.353451e-01
    outer loop
      vertex -7.367319e+00 -1.779335e+01 2.104498e+01
      vertex -1.062872e+01 -1.841456e+01 1.805905e+01
      vertex -1.140365e+01 -2.427389e+01 9.115049e+00
    endloop
  endfacet
  facet normal -3.431177e-01 -7.718004e-01 5.353451e-01
    outer loop
      vertex -7.367319e+00 -1.779335e+01 2.104498e+01
      vertex -1.062872e+01 -1.841456e+01 1.805905e+01
      vertex -1.140365e+01 -2.427389e+01 9.115049e+00
    endloop
  endfacet
  facet normal -3.431177e-01 -7.718004e-01 5.353451e-01
    outer loop
      vertex -7.367319e+00 -1.779335e+01 2.104498e+01
      vertex -1.062872e+01 -1.841456e+01 1.805905e+01
      vertex -1.140365e+01 -2.427389e+01 9.115049e+00
    endloop
  endfacet
  facet normal -2.234437e-01 -8.233650e-01 5.216733e-01
    outer loop
      vertex -5.500370e+00 -2.053876e+01 1.805905e+01
      vertex -9.095620e+00 -2.522994e+01 9.115049e+00
      vertex -7.498261e+00 -2.799499e+01 5.435096e+00
    endloop
  endfacet
  facet normal -2.234437e-01 -8.233650e-01 5.216733e-01
    outer loop
      vertex -5.500370e+00 -2.053876e+01 1.805905e+01
      vertex -9.095620e+00 -2.522994e+01 9.115049e+00
      vertex -7.498261e+00 -2.799499e+01 5.435096e+00
    endloop
  endfacet
  facet normal -2.234437e-01 -8.233650e-01 5.216733e-01
    outer loop
      vertex -5.500370e+00 -2.053876e+01 1.805905e+01
      vertex -9.095620e+00 -2.522994e+01 9.115049e+00
      vertex -7.498261e+00 -2.799499e+01 5.435096e+00
    endloop
  endfacet
  facet normal -4.242084e-01 -7.402055e-01 5.216733e-01
    outer loop
      vertex -1.062872e+01 -1.841456e+01 1.805905e+01
      vertex -1.448833e+01 -2.509958e+01 5.435096e+00
      vertex -1.140365e+01 -2.427389e+01 9.115049e+00
    endloop
  endfacet
  facet normal -4.242084e-01 -7.402055e-01 5.216733e-01
    outer loop
      vertex -1.062872e+01 -1.841456e+01 1.805905e+01
      vertex -1.448833e+01 -2.509958e+01 5.435096e+00
      vertex -1.140365e+01 -2.427389e+01 9.115049e+00
    endloop
  endfacet
  facet normal -4.242084e-01 -7.402055e-01 5.216733e-01
    outer loop
      vertex -1.062872e+01 -1.841456e+01 1.805905e+01
      vertex -1.448833e+01 -2.509958e+01 5.435096e+00
      vertex -1.140365e+01 -2.427389e+01 9.115049e+00
    endloop
  endfacet
  facet normal -3.117093e-01 -7.525328e-01 5.801135e-01
    outer loop
      vertex -6.097282e+00 -1.056583e+01 3.110302e+01
      vertex -7.367319e+00 -1.779335e+01 2.104498e+01
      vertex -3.154783e+00 -1.178466e+01 3.110302e+01
    endloop
  endfacet
  facet normal -3.117093e-01 -7.525328e-01 5.801135e-01
    outer loop
      vertex -6.097282e+00 -1.056583e+01 3.110302e+01
      vertex -7.367319e+00 -1.779335e+01 2.104498e+01
      vertex -3.154783e+00 -1.178466e+01 3.110302e+01
    endloop
  endfacet
  facet normal -3.117093e-01 -7.525328e-01 5.801135e-01
    outer loop
      vertex -6.097282e+00 -1.056583e+01 3.110302e+01
      vertex -7.367319e+00 -1.779335e+01 2.104498e+01
      vertex -3.154783e+00 -1.178466e+01 3.110302e+01
    endloop
  endfacet
  facet normal -2.421246e-01 -7.849262e-01 5.703214e-01
    outer loop
      vertex -3.154783e+00 -1.178466e+01 3.110302e+01
      vertex -7.367319e+00 -1.779335e+01 2.104498e+01
      vertex -5.500370e+00 -2.053876e+01 1.805905e+01
    endloop
  endfacet
  facet normal -2.421246e-01 -7.849262e-01 5.703214e-01
    outer loop
      vertex -3.154783e+00 -1.178466e+01 3.110302e+01
      vertex -7.367319e+00 -1.779335e+01 2.104498e+01
      vertex -5.500370e+00 -2.053876e+01 1.805905e+01
    endloop
  endfacet
  facet normal -2.421246e-01 -7.849262e-01 5.703214e-01
    outer loop
      vertex -3.154783e+00 -1.178466e+01 3.110302e+01
      vertex -7.367319e+00 -1.779335e+01 2.104498e+01
      vertex -5.500370e+00 -2.053876e+01 1.805905e+01
    endloop
  endfacet
  facet normal -3.838187e-01 -7.262346e-01 5.703214e-01
    outer loop
      vertex -6.097282e+00 -1.056583e+01 3.110302e+01
      vertex -1.062872e+01 -1.841456e+01 1.805905e+01
      vertex -7.367319e+00 -1.779335e+01 2.104498e+01
    endloop
  endfacet
  facet normal -3.838187e-01 -7.262346e-01 5.703214e-01
    outer loop
      vertex -6.097282e+00 -1.056583e+01 3.110302e+01
      vertex -1.062872e+01 -1.841456e+01 1.805905e+01
      vertex -7.367319e+00 -1.779335e+01 2.104498e+01
    endloop
  endfacet
  facet normal -3.838187e-01 -7.262346e-01 5.703214e-01
    outer loop
      vertex -6.097282e+00 -1.056583e+01 3.110302e+01
      vertex -1.062872e+01 -1.841456e+01 1.805905e+01
      vertex -7.367319e+00 -1.779335e+01 2.104498e+01
    endloop
  endfacet
  facet normal -2.945382e-01 -7.110782e-01 6.384474e-01
    outer loop
      vertex 2.971497e-03 3.265381e-05 4.568509e+01
      vertex -6.097282e+00 -1.056583e+01 3.110302e+01
      vertex -3.154783e+00 -1.178466e+01 3.110302e+01
    endloop
  endfacet
  facet normal -2.945382e-01 -7.110782e-01 6.384474e-01
    outer loop
      vertex 2.971497e-03 3.265381e-05 4.568509e+01
      vertex -6.097282e+00 -1.056583e+01 3.110302e+01
      vertex -3.154783e+00 -1.178466e+01 3.110302e+01
    endloop
  endfacet
  facet normal -2.945382e-01 -7.110782e-01 6.384474e-01
    outer loop
      vertex 2.971497e-03 3.265381e-05 4.568509e+01
      vertex -6.097282e+00 -1.056583e+01 3.110302e+01
      vertex -3.154783e+00 -1.178466e+01 3.110302e+01
    endloop
  endfacet
  facet normal 7.883661e-01 -3.031245e-01 5.353451e-01
    outer loop
      vertex 2.054170e+01 -5.503310e+00 1.805905e+01
      vertex 1.779629e+01 -7.370258e+00 2.104498e+01
      vertex 2.523287e+01 -9.098559e+00 9.115049e+00
    endloop
  endfacet
  facet normal 7.883661e-01 -3.031245e-01 5.353451e-01
    outer loop
      vertex 2.054170e+01 -5.503310e+00 1.805905e+01
      vertex 1.779629e+01 -7.370258e+00 2.104498e+01
      vertex 2.523287e+01 -9.098559e+00 9.115049e+00
    endloop
  endfacet
  facet normal 7.883661e-01 -3.031245e-01 5.353451e-01
    outer loop
      vertex 2.054170e+01 -5.503310e+00 1.805905e+01
      vertex 1.779629e+01 -7.370258e+00 2.104498e+01
      vertex 2.523287e+01 -9.098559e+00 9.115049e+00
    endloop
  endfacet
  facet normal 7.812128e-01 -3.235889e-01 5.338508e-01
    outer loop
      vertex 1.779629e+01 -7.370258e+00 2.104498e+01
      vertex 2.427683e+01 -1.140660e+01 9.115049e+00
      vertex 2.523287e+01 -9.098559e+00 9.115049e+00
    endloop
  endfacet
  facet normal 7.812128e-01 -3.235889e-01 5.338508e-01
    outer loop
      vertex 1.779629e+01 -7.370258e+00 2.104498e+01
      vertex 2.427683e+01 -1.140660e+01 9.115049e+00
      vertex 2.523287e+01 -9.098559e+00 9.115049e+00
    endloop
  endfacet
  facet normal 7.812128e-01 -3.235889e-01 5.338508e-01
    outer loop
      vertex 1.779629e+01 -7.370258e+00 2.104498e+01
      vertex 2.427683e+01 -1.140660e+01 9.115049e+00
      vertex 2.523287e+01 -9.098559e+00 9.115049e+00
    endloop
  endfacet
  facet normal 2.727516e-03 -8.531410e-01 5.216733e-01
    outer loop
      vertex 2.971497e-03 -2.126327e+01 1.805905e+01
      vertex 2.971497e-03 -2.898251e+01 5.435096e+00
      vertex 2.261440e+00 -2.672515e+01 9.115049e+00
    endloop
  endfacet
  facet normal 2.727516e-03 -8.531410e-01 5.216733e-01
    outer loop
      vertex 2.971497e-03 -2.126327e+01 1.805905e+01
      vertex 2.971497e-03 -2.898251e+01 5.435096e+00
      vertex 2.261440e+00 -2.672515e+01 9.115049e+00
    endloop
  endfacet
  facet normal 2.727516e-03 -8.531410e-01 5.216733e-01
    outer loop
      vertex 2.971497e-03 -2.126327e+01 1.805905e+01
      vertex 2.971497e-03 -2.898251e+01 5.435096e+00
      vertex 2.261440e+00 -2.672515e+01 9.115049e+00
    endloop
  endfacet
  facet normal 8.875161e-02 -8.399576e-01 5.353451e-01
    outer loop
      vertex 2.516792e+00 -1.909461e+01 2.104498e+01
      vertex 2.971497e-03 -2.126327e+01 1.805905e+01
      vertex 2.261440e+00 -2.672515e+01 9.115049e+00
    endloop
  endfacet
  facet normal 8.875161e-02 -8.399576e-01 5.353451e-01
    outer loop
      vertex 2.516792e+00 -1.909461e+01 2.104498e+01
      vertex 2.971497e-03 -2.126327e+01 1.805905e+01
      vertex 2.261440e+00 -2.672515e+01 9.115049e+00
    endloop
  endfacet
  facet normal 8.875161e-02 -8.399576e-01 5.353451e-01
    outer loop
      vertex 2.516792e+00 -1.909461e+01 2.104498e+01
      vertex 2.971497e-03 -2.126327e+01 1.805905e+01
      vertex 2.261440e+00 -2.672515e+01 9.115049e+00
    endloop
  endfacet
  facet normal 1.316696e-01 -8.343073e-01 5.353451e-01
    outer loop
      vertex 2.516792e+00 -1.909461e+01 2.104498e+01
      vertex 4.738361e+00 -2.639901e+01 9.115049e+00
      vertex 5.506314e+00 -2.053876e+01 1.805905e+01
    endloop
  endfacet
  facet normal 1.316696e-01 -8.343073e-01 5.353451e-01
    outer loop
      vertex 2.516792e+00 -1.909461e+01 2.104498e+01
      vertex 4.738361e+00 -2.639901e+01 9.115049e+00
      vertex 5.506314e+00 -2.053876e+01 1.805905e+01
    endloop
  endfacet
  facet normal 1.316696e-01 -8.343073e-01 5.353451e-01
    outer loop
      vertex 2.516792e+00 -1.909461e+01 2.104498e+01
      vertex 4.738361e+00 -2.639901e+01 9.115049e+00
      vertex 5.506314e+00 -2.053876e+01 1.805905e+01
    endloop
  endfacet
  facet normal 1.103702e-01 -8.383446e-01 5.338508e-01
    outer loop
      vertex 2.516792e+00 -1.909461e+01 2.104498e+01
      vertex 2.261440e+00 -2.672515e+01 9.115049e+00
      vertex 4.738361e+00 -2.639901e+01 9.115049e+00
    endloop
  endfacet
  facet normal 1.103702e-01 -8.383446e-01 5.338508e-01
    outer loop
      vertex 2.516792e+00 -1.909461e+01 2.104498e+01
      vertex 2.261440e+00 -2.672515e+01 9.115049e+00
      vertex 4.738361e+00 -2.639901e+01 9.115049e+00
    endloop
  endfacet
  facet normal 1.103702e-01 -8.383446e-01 5.338508e-01
    outer loop
      vertex 2.516792e+00 -1.909461e+01 2.104498e+01
      vertex 2.261440e+00 -2.672515e+01 9.115049e+00
      vertex 4.738361e+00 -2.639901e+01 9.115049e+00
    endloop
  endfacet
  facet normal 7.630809e-01 1.004615e-01 6.384474e-01
    outer loop
      vertex 1.178760e+01 3.157721e+00 3.110302e+01
      vertex 2.971497e-03 3.265381e-05 4.568509e+01
      vertex 1.220335e+01 3.265381e-05 3.110302e+01
    endloop
  endfacet
  facet normal 7.630809e-01 1.004615e-01 6.384474e-01
    outer loop
      vertex 1.178760e+01 3.157721e+00 3.110302e+01
      vertex 2.971497e-03 3.265381e-05 4.568509e+01
      vertex 1.220335e+01 3.265381e-05 3.110302e+01
    endloop
  endfacet
  facet normal 7.630809e-01 1.004615e-01 6.384474e-01
    outer loop
      vertex 1.178760e+01 3.157721e+00 3.110302e+01
      vertex 2.971497e-03 3.265381e-05 4.568509e+01
      vertex 1.220335e+01 3.265381e-05 3.110302e+01
    endloop
  endfacet
  facet normal 7.402055e-01 -4.242084e-01 5.216733e-01
    outer loop
      vertex 1.841750e+01 -1.063166e+01 1.805905e+01
      vertex 2.510252e+01 -1.449127e+01 5.435096e+00
      vertex 2.427683e+01 -1.140660e+01 9.115049e+00
    endloop
  endfacet
  facet normal 7.402055e-01 -4.242084e-01 5.216733e-01
    outer loop
      vertex 1.841750e+01 -1.063166e+01 1.805905e+01
      vertex 2.510252e+01 -1.449127e+01 5.435096e+00
      vertex 2.427683e+01 -1.140660e+01 9.115049e+00
    endloop
  endfacet
  facet normal 7.402055e-01 -4.242084e-01 5.216733e-01
    outer loop
      vertex 1.841750e+01 -1.063166e+01 1.805905e+01
      vertex 2.510252e+01 -1.449127e+01 5.435096e+00
      vertex 2.427683e+01 -1.140660e+01 9.115049e+00
    endloop
  endfacet
  facet normal 4.242084e-01 -7.402055e-01 5.216733e-01
    outer loop
      vertex 1.063459e+01 -1.841456e+01 1.805905e+01
      vertex 1.140960e+01 -2.427389e+01 9.115049e+00
      vertex 1.449421e+01 -2.509958e+01 5.435096e+00
    endloop
  endfacet
  facet normal 4.242084e-01 -7.402055e-01 5.216733e-01
    outer loop
      vertex 1.063459e+01 -1.841456e+01 1.805905e+01
      vertex 1.140960e+01 -2.427389e+01 9.115049e+00
      vertex 1.449421e+01 -2.509958e+01 5.435096e+00
    endloop
  endfacet
  facet normal 4.242084e-01 -7.402055e-01 5.216733e-01
    outer loop
      vertex 1.063459e+01 -1.841456e+01 1.805905e+01
      vertex 1.140960e+01 -2.427389e+01 9.115049e+00
      vertex 1.449421e+01 -2.509958e+01 5.435096e+00
    endloop
  endfacet
  facet normal 3.117093e-01 -7.525328e-01 5.801135e-01
    outer loop
      vertex 3.160660e+00 -1.178466e+01 3.110302e+01
      vertex 7.373198e+00 -1.779335e+01 2.104498e+01
      vertex 6.103160e+00 -1.056583e+01 3.110302e+01
    endloop
  endfacet
  facet normal 3.117093e-01 -7.525328e-01 5.801135e-01
    outer loop
      vertex 3.160660e+00 -1.178466e+01 3.110302e+01
      vertex 7.373198e+00 -1.779335e+01 2.104498e+01
      vertex 6.103160e+00 -1.056583e+01 3.110302e+01
    endloop
  endfacet
  facet normal 3.117093e-01 -7.525328e-01 5.801135e-01
    outer loop
      vertex 3.160660e+00 -1.178466e+01 3.110302e+01
      vertex 7.373198e+00 -1.779335e+01 2.104498e+01
      vertex 6.103160e+00 -1.056583e+01 3.110302e+01
    endloop
  endfacet
  facet normal 1.063182e-01 -8.075672e-01 5.801135e-01
    outer loop
      vertex 2.971497e-03 -1.220041e+01 3.110302e+01
      vertex 2.516792e+00 -1.909461e+01 2.104498e+01
      vertex 3.160660e+00 -1.178466e+01 3.110302e+01
    endloop
  endfacet
  facet normal 1.063182e-01 -8.075672e-01 5.801135e-01
    outer loop
      vertex 2.971497e-03 -1.220041e+01 3.110302e+01
      vertex 2.516792e+00 -1.909461e+01 2.104498e+01
      vertex 3.160660e+00 -1.178466e+01 3.110302e+01
    endloop
  endfacet
  facet normal 1.063182e-01 -8.075672e-01 5.801135e-01
    outer loop
      vertex 2.971497e-03 -1.220041e+01 3.110302e+01
      vertex 2.516792e+00 -1.909461e+01 2.104498e+01
      vertex 3.160660e+00 -1.178466e+01 3.110302e+01
    endloop
  endfacet
  facet normal 7.525328e-01 -3.117093e-01 5.801135e-01
    outer loop
      vertex 1.178760e+01 -3.157721e+00 3.110302e+01
      vertex 1.056883e+01 -6.100221e+00 3.110302e+01
      vertex 1.779629e+01 -7.370258e+00 2.104498e+01
    endloop
  endfacet
  facet normal 7.525328e-01 -3.117093e-01 5.801135e-01
    outer loop
      vertex 1.178760e+01 -3.157721e+00 3.110302e+01
      vertex 1.056883e+01 -6.100221e+00 3.110302e+01
      vertex 1.779629e+01 -7.370258e+00 2.104498e+01
    endloop
  endfacet
  facet normal 7.525328e-01 -3.117093e-01 5.801135e-01
    outer loop
      vertex 1.178760e+01 -3.157721e+00 3.110302e+01
      vertex 1.056883e+01 -6.100221e+00 3.110302e+01
      vertex 1.779629e+01 -7.370258e+00 2.104498e+01
    endloop
  endfacet
  facet normal 7.849262e-01 -2.421246e-01 5.703214e-01
    outer loop
      vertex 1.178760e+01 -3.157721e+00 3.110302e+01
      vertex 1.779629e+01 -7.370258e+00 2.104498e+01
      vertex 2.054170e+01 -5.503310e+00 1.805905e+01
    endloop
  endfacet
  facet normal 7.849262e-01 -2.421246e-01 5.703214e-01
    outer loop
      vertex 1.178760e+01 -3.157721e+00 3.110302e+01
      vertex 1.779629e+01 -7.370258e+00 2.104498e+01
      vertex 2.054170e+01 -5.503310e+00 1.805905e+01
    endloop
  endfacet
  facet normal 7.849262e-01 -2.421246e-01 5.703214e-01
    outer loop
      vertex 1.178760e+01 -3.157721e+00 3.110302e+01
      vertex 1.779629e+01 -7.370258e+00 2.104498e+01
      vertex 2.054170e+01 -5.503310e+00 1.805905e+01
    endloop
  endfacet
  facet normal 7.110782e-01 -2.945382e-01 6.384474e-01
    outer loop
      vertex 2.971497e-03 3.265381e-05 4.568509e+01
      vertex 1.056883e+01 -6.100221e+00 3.110302e+01
      vertex 1.178760e+01 -3.157721e+00 3.110302e+01
    endloop
  endfacet
  facet normal 7.110782e-01 -2.945382e-01 6.384474e-01
    outer loop
      vertex 2.971497e-03 3.265381e-05 4.568509e+01
      vertex 1.056883e+01 -6.100221e+00 3.110302e+01
      vertex 1.178760e+01 -3.157721e+00 3.110302e+01
    endloop
  endfacet
  facet normal 7.110782e-01 -2.945382e-01 6.384474e-01
    outer loop
      vertex 2.971497e-03 3.265381e-05 4.568509e+01
      vertex 1.056883e+01 -6.100221e+00 3.110302e+01
      vertex 1.178760e+01 -3.157721e+00 3.110302e+01
    endloop
  endfacet
  facet normal 7.262346e-01 -3.838187e-01 5.703214e-01
    outer loop
      vertex 1.056883e+01 -6.100221e+00 3.110302e+01
      vertex 1.841750e+01 -1.063166e+01 1.805905e+01
      vertex 1.779629e+01 -7.370258e+00 2.104498e+01
    endloop
  endfacet
  facet normal 7.262346e-01 -3.838187e-01 5.703214e-01
    outer loop
      vertex 1.056883e+01 -6.100221e+00 3.110302e+01
      vertex 1.841750e+01 -1.063166e+01 1.805905e+01
      vertex 1.779629e+01 -7.370258e+00 2.104498e+01
    endloop
  endfacet
  facet normal 7.262346e-01 -3.838187e-01 5.703214e-01
    outer loop
      vertex 1.056883e+01 -6.100221e+00 3.110302e+01
      vertex 1.841750e+01 -1.063166e+01 1.805905e+01
      vertex 1.779629e+01 -7.370258e+00 2.104498e+01
    endloop
  endfacet
  facet normal -8.383446e-01 1.103702e-01 5.338508e-01
    outer loop
      vertex -2.639607e+01 4.735423e+00 9.115049e+00
      vertex -2.672221e+01 2.258500e+00 9.115049e+00
      vertex -1.909167e+01 2.513854e+00 2.104498e+01
    endloop
  endfacet
  facet normal -8.383446e-01 1.103702e-01 5.338508e-01
    outer loop
      vertex -2.639607e+01 4.735423e+00 9.115049e+00
      vertex -2.672221e+01 2.258500e+00 9.115049e+00
      vertex -1.909167e+01 2.513854e+00 2.104498e+01
    endloop
  endfacet
  facet normal -8.383446e-01 1.103702e-01 5.338508e-01
    outer loop
      vertex -2.639607e+01 4.735423e+00 9.115049e+00
      vertex -2.672221e+01 2.258500e+00 9.115049e+00
      vertex -1.909167e+01 2.513854e+00 2.104498e+01
    endloop
  endfacet
  facet normal -8.399576e-01 8.875161e-02 5.353451e-01
    outer loop
      vertex -1.909167e+01 2.513854e+00 2.104498e+01
      vertex -2.672221e+01 2.258500e+00 9.115049e+00
      vertex -2.126034e+01 3.265381e-05 1.805905e+01
    endloop
  endfacet
  facet normal -8.399576e-01 8.875161e-02 5.353451e-01
    outer loop
      vertex -1.909167e+01 2.513854e+00 2.104498e+01
      vertex -2.672221e+01 2.258500e+00 9.115049e+00
      vertex -2.126034e+01 3.265381e-05 1.805905e+01
    endloop
  endfacet
  facet normal -8.399576e-01 8.875161e-02 5.353451e-01
    outer loop
      vertex -1.909167e+01 2.513854e+00 2.104498e+01
      vertex -2.672221e+01 2.258500e+00 9.115049e+00
      vertex -2.126034e+01 3.265381e-05 1.805905e+01
    endloop
  endfacet
  facet normal -8.343073e-01 1.316696e-01 5.353451e-01
    outer loop
      vertex -2.053581e+01 5.503375e+00 1.805905e+01
      vertex -2.639607e+01 4.735423e+00 9.115049e+00
      vertex -1.909167e+01 2.513854e+00 2.104498e+01
    endloop
  endfacet
  facet normal -8.343073e-01 1.316696e-01 5.353451e-01
    outer loop
      vertex -2.053581e+01 5.503375e+00 1.805905e+01
      vertex -2.639607e+01 4.735423e+00 9.115049e+00
      vertex -1.909167e+01 2.513854e+00 2.104498e+01
    endloop
  endfacet
  facet normal -8.343073e-01 1.316696e-01 5.353451e-01
    outer loop
      vertex -2.053581e+01 5.503375e+00 1.805905e+01
      vertex -2.639607e+01 4.735423e+00 9.115049e+00
      vertex -1.909167e+01 2.513854e+00 2.104498e+01
    endloop
  endfacet
  facet normal -8.531410e-01 2.727516e-03 5.216733e-01
    outer loop
      vertex -2.672221e+01 2.258500e+00 9.115049e+00
      vertex -2.897957e+01 3.265381e-05 5.435096e+00
      vertex -2.126034e+01 3.265381e-05 1.805905e+01
    endloop
  endfacet
  facet normal -8.531410e-01 2.727516e-03 5.216733e-01
    outer loop
      vertex -2.672221e+01 2.258500e+00 9.115049e+00
      vertex -2.897957e+01 3.265381e-05 5.435096e+00
      vertex -2.126034e+01 3.265381e-05 1.805905e+01
    endloop
  endfacet
  facet normal -8.531410e-01 2.727516e-03 5.216733e-01
    outer loop
      vertex -2.672221e+01 2.258500e+00 9.115049e+00
      vertex -2.897957e+01 3.265381e-05 5.435096e+00
      vertex -2.126034e+01 3.265381e-05 1.805905e+01
    endloop
  endfacet
  facet normal -8.247768e-01 2.181746e-01 5.216733e-01
    outer loop
      vertex -2.799206e+01 7.501266e+00 5.435096e+00
      vertex -2.639607e+01 4.735423e+00 9.115049e+00
      vertex -2.053581e+01 5.503375e+00 1.805905e+01
    endloop
  endfacet
  facet normal -8.247768e-01 2.181746e-01 5.216733e-01
    outer loop
      vertex -2.799206e+01 7.501266e+00 5.435096e+00
      vertex -2.639607e+01 4.735423e+00 9.115049e+00
      vertex -2.053581e+01 5.503375e+00 1.805905e+01
    endloop
  endfacet
  facet normal -8.247768e-01 2.181746e-01 5.216733e-01
    outer loop
      vertex -2.799206e+01 7.501266e+00 5.435096e+00
      vertex -2.639607e+01 4.735423e+00 9.115049e+00
      vertex -2.053581e+01 5.503375e+00 1.805905e+01
    endloop
  endfacet
  facet normal -8.075672e-01 1.063182e-01 5.801135e-01
    outer loop
      vertex -1.178173e+01 3.157721e+00 3.110302e+01
      vertex -1.909167e+01 2.513854e+00 2.104498e+01
      vertex -1.219748e+01 3.265381e-05 3.110302e+01
    endloop
  endfacet
  facet normal -8.075672e-01 1.063182e-01 5.801135e-01
    outer loop
      vertex -1.178173e+01 3.157721e+00 3.110302e+01
      vertex -1.909167e+01 2.513854e+00 2.104498e+01
      vertex -1.219748e+01 3.265381e-05 3.110302e+01
    endloop
  endfacet
  facet normal -8.075672e-01 1.063182e-01 5.801135e-01
    outer loop
      vertex -1.178173e+01 3.157721e+00 3.110302e+01
      vertex -1.909167e+01 2.513854e+00 2.104498e+01
      vertex -1.219748e+01 3.265381e-05 3.110302e+01
    endloop
  endfacet
  facet normal -8.208469e-01 3.072057e-02 5.703214e-01
    outer loop
      vertex -1.909167e+01 2.513854e+00 2.104498e+01
      vertex -2.126034e+01 3.265381e-05 1.805905e+01
      vertex -1.219748e+01 3.265381e-05 3.110302e+01
    endloop
  endfacet
  facet normal -8.208469e-01 3.072057e-02 5.703214e-01
    outer loop
      vertex -1.909167e+01 2.513854e+00 2.104498e+01
      vertex -2.126034e+01 3.265381e-05 1.805905e+01
      vertex -1.219748e+01 3.265381e-05 3.110302e+01
    endloop
  endfacet
  facet normal -8.208469e-01 3.072057e-02 5.703214e-01
    outer loop
      vertex -1.909167e+01 2.513854e+00 2.104498e+01
      vertex -2.126034e+01 3.265381e-05 1.805905e+01
      vertex -1.219748e+01 3.265381e-05 3.110302e+01
    endloop
  endfacet
  facet normal -8.008283e-01 1.827770e-01 5.703214e-01
    outer loop
      vertex -2.053581e+01 5.503375e+00 1.805905e+01
      vertex -1.909167e+01 2.513854e+00 2.104498e+01
      vertex -1.178173e+01 3.157721e+00 3.110302e+01
    endloop
  endfacet
  facet normal -8.008283e-01 1.827770e-01 5.703214e-01
    outer loop
      vertex -2.053581e+01 5.503375e+00 1.805905e+01
      vertex -1.909167e+01 2.513854e+00 2.104498e+01
      vertex -1.178173e+01 3.157721e+00 3.110302e+01
    endloop
  endfacet
  facet normal -8.008283e-01 1.827770e-01 5.703214e-01
    outer loop
      vertex -2.053581e+01 5.503375e+00 1.805905e+01
      vertex -1.909167e+01 2.513854e+00 2.104498e+01
      vertex -1.178173e+01 3.157721e+00 3.110302e+01
    endloop
  endfacet
  facet normal -7.630809e-01 1.004615e-01 6.384474e-01
    outer loop
      vertex -1.178173e+01 3.157721e+00 3.110302e+01
      vertex -1.219748e+01 3.265381e-05 3.110302e+01
      vertex 2.971497e-03 3.265381e-05 4.568509e+01
    endloop
  endfacet
  facet normal -7.630809e-01 1.004615e-01 6.384474e-01
    outer loop
      vertex -1.178173e+01 3.157721e+00 3.110302e+01
      vertex -1.219748e+01 3.265381e-05 3.110302e+01
      vertex 2.971497e-03 3.265381e-05 4.568509e+01
    endloop
  endfacet
  facet normal -7.630809e-01 1.004615e-01 6.384474e-01
    outer loop
      vertex -1.178173e+01 3.157721e+00 3.110302e+01
      vertex -1.219748e+01 3.265381e-05 3.110302e+01
      vertex 2.971497e-03 3.265381e-05 4.568509e+01
    endloop
  endfacet
  facet normal 8.343073e-01 1.316696e-01 5.353451e-01
    outer loop
      vertex 2.054170e+01 5.503375e+00 1.805905e+01
      vertex 1.909755e+01 2.513854e+00 2.104498e+01
      vertex 2.640200e+01 4.735423e+00 9.115049e+00
    endloop
  endfacet
  facet normal 8.343073e-01 1.316696e-01 5.353451e-01
    outer loop
      vertex 2.054170e+01 5.503375e+00 1.805905e+01
      vertex 1.909755e+01 2.513854e+00 2.104498e+01
      vertex 2.640200e+01 4.735423e+00 9.115049e+00
    endloop
  endfacet
  facet normal 8.343073e-01 1.316696e-01 5.353451e-01
    outer loop
      vertex 2.054170e+01 5.503375e+00 1.805905e+01
      vertex 1.909755e+01 2.513854e+00 2.104498e+01
      vertex 2.640200e+01 4.735423e+00 9.115049e+00
    endloop
  endfacet
  facet normal -7.630809e-01 -1.004615e-01 6.384474e-01
    outer loop
      vertex -1.219748e+01 3.265381e-05 3.110302e+01
      vertex -1.178173e+01 -3.157721e+00 3.110302e+01
      vertex 2.971497e-03 3.265381e-05 4.568509e+01
    endloop
  endfacet
  facet normal -7.630809e-01 -1.004615e-01 6.384474e-01
    outer loop
      vertex -1.219748e+01 3.265381e-05 3.110302e+01
      vertex -1.178173e+01 -3.157721e+00 3.110302e+01
      vertex 2.971497e-03 3.265381e-05 4.568509e+01
    endloop
  endfacet
  facet normal -7.630809e-01 -1.004615e-01 6.384474e-01
    outer loop
      vertex -1.219748e+01 3.265381e-05 3.110302e+01
      vertex -1.178173e+01 -3.157721e+00 3.110302e+01
      vertex 2.971497e-03 3.265381e-05 4.568509e+01
    endloop
  endfacet
  facet normal 6.013331e-01 -6.051904e-01 5.216733e-01
    outer loop
      vertex 1.503835e+01 -1.503542e+01 1.805905e+01
      vertex 1.730342e+01 -2.049454e+01 9.115049e+00
      vertex 2.049670e+01 -2.049376e+01 5.435096e+00
    endloop
  endfacet
  facet normal 6.013331e-01 -6.051904e-01 5.216733e-01
    outer loop
      vertex 1.503835e+01 -1.503542e+01 1.805905e+01
      vertex 1.730342e+01 -2.049454e+01 9.115049e+00
      vertex 2.049670e+01 -2.049376e+01 5.435096e+00
    endloop
  endfacet
  facet normal 6.013331e-01 -6.051904e-01 5.216733e-01
    outer loop
      vertex 1.503835e+01 -1.503542e+01 1.805905e+01
      vertex 1.730342e+01 -2.049454e+01 9.115049e+00
      vertex 2.049670e+01 -2.049376e+01 5.435096e+00
    endloop
  endfacet
  facet normal 8.233650e-01 -2.234437e-01 5.216733e-01
    outer loop
      vertex 2.054170e+01 -5.503310e+00 1.805905e+01
      vertex 2.523287e+01 -9.098559e+00 9.115049e+00
      vertex 2.799793e+01 -7.501201e+00 5.435096e+00
    endloop
  endfacet
  facet normal 8.233650e-01 -2.234437e-01 5.216733e-01
    outer loop
      vertex 2.054170e+01 -5.503310e+00 1.805905e+01
      vertex 2.523287e+01 -9.098559e+00 9.115049e+00
      vertex 2.799793e+01 -7.501201e+00 5.435096e+00
    endloop
  endfacet
  facet normal 8.233650e-01 -2.234437e-01 5.216733e-01
    outer loop
      vertex 2.054170e+01 -5.503310e+00 1.805905e+01
      vertex 2.523287e+01 -9.098559e+00 9.115049e+00
      vertex 2.799793e+01 -7.501201e+00 5.435096e+00
    endloop
  endfacet
  facet normal 7.525328e-01 3.117093e-01 5.801135e-01
    outer loop
      vertex 1.779629e+01 7.370258e+00 2.104498e+01
      vertex 1.056883e+01 6.100221e+00 3.110302e+01
      vertex 1.178760e+01 3.157721e+00 3.110302e+01
    endloop
  endfacet
  facet normal 7.525328e-01 3.117093e-01 5.801135e-01
    outer loop
      vertex 1.779629e+01 7.370258e+00 2.104498e+01
      vertex 1.056883e+01 6.100221e+00 3.110302e+01
      vertex 1.178760e+01 3.157721e+00 3.110302e+01
    endloop
  endfacet
  facet normal 7.525328e-01 3.117093e-01 5.801135e-01
    outer loop
      vertex 1.779629e+01 7.370258e+00 2.104498e+01
      vertex 1.056883e+01 6.100221e+00 3.110302e+01
      vertex 1.178760e+01 3.157721e+00 3.110302e+01
    endloop
  endfacet
  facet normal 5.311828e-01 -6.566966e-01 5.353451e-01
    outer loop
      vertex 1.172732e+01 -1.527947e+01 2.104498e+01
      vertex 1.730342e+01 -2.049454e+01 9.115049e+00
      vertex 1.503835e+01 -1.503542e+01 1.805905e+01
    endloop
  endfacet
  facet normal 5.311828e-01 -6.566966e-01 5.353451e-01
    outer loop
      vertex 1.172732e+01 -1.527947e+01 2.104498e+01
      vertex 1.730342e+01 -2.049454e+01 9.115049e+00
      vertex 1.503835e+01 -1.503542e+01 1.805905e+01
    endloop
  endfacet
  facet normal 5.311828e-01 -6.566966e-01 5.353451e-01
    outer loop
      vertex 1.172732e+01 -1.527947e+01 2.104498e+01
      vertex 1.730342e+01 -2.049454e+01 9.115049e+00
      vertex 1.503835e+01 -1.503542e+01 1.805905e+01
    endloop
  endfacet
  facet normal 5.147558e-01 -6.708426e-01 5.338508e-01
    outer loop
      vertex 1.172732e+01 -1.527947e+01 2.104498e+01
      vertex 1.532146e+01 -2.201536e+01 9.115049e+00
      vertex 1.730342e+01 -2.049454e+01 9.115049e+00
    endloop
  endfacet
  facet normal 5.147558e-01 -6.708426e-01 5.338508e-01
    outer loop
      vertex 1.172732e+01 -1.527947e+01 2.104498e+01
      vertex 1.532146e+01 -2.201536e+01 9.115049e+00
      vertex 1.730342e+01 -2.049454e+01 9.115049e+00
    endloop
  endfacet
  facet normal 5.147558e-01 -6.708426e-01 5.338508e-01
    outer loop
      vertex 1.172732e+01 -1.527947e+01 2.104498e+01
      vertex 1.532146e+01 -2.201536e+01 9.115049e+00
      vertex 1.730342e+01 -2.049454e+01 9.115049e+00
    endloop
  endfacet
  facet normal 7.110782e-01 2.945382e-01 6.384474e-01
    outer loop
      vertex 1.056883e+01 6.100221e+00 3.110302e+01
      vertex 2.971497e-03 3.265381e-05 4.568509e+01
      vertex 1.178760e+01 3.157721e+00 3.110302e+01
    endloop
  endfacet
  facet normal 7.110782e-01 2.945382e-01 6.384474e-01
    outer loop
      vertex 1.056883e+01 6.100221e+00 3.110302e+01
      vertex 2.971497e-03 3.265381e-05 4.568509e+01
      vertex 1.178760e+01 3.157721e+00 3.110302e+01
    endloop
  endfacet
  facet normal 7.110782e-01 2.945382e-01 6.384474e-01
    outer loop
      vertex 1.056883e+01 6.100221e+00 3.110302e+01
      vertex 2.971497e-03 3.265381e-05 4.568509e+01
      vertex 1.178760e+01 3.157721e+00 3.110302e+01
    endloop
  endfacet
  facet normal 7.849262e-01 2.421246e-01 5.703214e-01
    outer loop
      vertex 1.779629e+01 7.370258e+00 2.104498e+01
      vertex 1.178760e+01 3.157721e+00 3.110302e+01
      vertex 2.054170e+01 5.503375e+00 1.805905e+01
    endloop
  endfacet
  facet normal 7.849262e-01 2.421246e-01 5.703214e-01
    outer loop
      vertex 1.779629e+01 7.370258e+00 2.104498e+01
      vertex 1.178760e+01 3.157721e+00 3.110302e+01
      vertex 2.054170e+01 5.503375e+00 1.805905e+01
    endloop
  endfacet
  facet normal 7.849262e-01 2.421246e-01 5.703214e-01
    outer loop
      vertex 1.779629e+01 7.370258e+00 2.104498e+01
      vertex 1.178760e+01 3.157721e+00 3.110302e+01
      vertex 2.054170e+01 5.503375e+00 1.805905e+01
    endloop
  endfacet
  facet normal 7.262346e-01 3.838187e-01 5.703214e-01
    outer loop
      vertex 1.841750e+01 1.063166e+01 1.805905e+01
      vertex 1.056883e+01 6.100221e+00 3.110302e+01
      vertex 1.779629e+01 7.370258e+00 2.104498e+01
    endloop
  endfacet
  facet normal 7.262346e-01 3.838187e-01 5.703214e-01
    outer loop
      vertex 1.841750e+01 1.063166e+01 1.805905e+01
      vertex 1.056883e+01 6.100221e+00 3.110302e+01
      vertex 1.779629e+01 7.370258e+00 2.104498e+01
    endloop
  endfacet
  facet normal 7.262346e-01 3.838187e-01 5.703214e-01
    outer loop
      vertex 1.841750e+01 1.063166e+01 1.805905e+01
      vertex 1.056883e+01 6.100221e+00 3.110302e+01
      vertex 1.779629e+01 7.370258e+00 2.104498e+01
    endloop
  endfacet
  facet normal -6.051904e-01 -6.013331e-01 5.216733e-01
    outer loop
      vertex -1.503247e+01 -1.503542e+01 1.805905e+01
      vertex -2.049160e+01 -1.730048e+01 9.115049e+00
      vertex -2.049082e+01 -2.049376e+01 5.435096e+00
    endloop
  endfacet
  facet normal -6.051904e-01 -6.013331e-01 5.216733e-01
    outer loop
      vertex -1.503247e+01 -1.503542e+01 1.805905e+01
      vertex -2.049160e+01 -1.730048e+01 9.115049e+00
      vertex -2.049082e+01 -2.049376e+01 5.435096e+00
    endloop
  endfacet
  facet normal -6.051904e-01 -6.013331e-01 5.216733e-01
    outer loop
      vertex -1.503247e+01 -1.503542e+01 1.805905e+01
      vertex -2.049160e+01 -1.730048e+01 9.115049e+00
      vertex -2.049082e+01 -2.049376e+01 5.435096e+00
    endloop
  endfacet
  facet normal -6.708426e-01 -5.147558e-01 5.338508e-01
    outer loop
      vertex -1.527653e+01 -1.172439e+01 2.104498e+01
      vertex -2.201242e+01 -1.531853e+01 9.115049e+00
      vertex -2.049160e+01 -1.730048e+01 9.115049e+00
    endloop
  endfacet
  facet normal -6.708426e-01 -5.147558e-01 5.338508e-01
    outer loop
      vertex -1.527653e+01 -1.172439e+01 2.104498e+01
      vertex -2.201242e+01 -1.531853e+01 9.115049e+00
      vertex -2.049160e+01 -1.730048e+01 9.115049e+00
    endloop
  endfacet
  facet normal -6.708426e-01 -5.147558e-01 5.338508e-01
    outer loop
      vertex -1.527653e+01 -1.172439e+01 2.104498e+01
      vertex -2.201242e+01 -1.531853e+01 9.115049e+00
      vertex -2.049160e+01 -1.730048e+01 9.115049e+00
    endloop
  endfacet
  facet normal -6.830488e-01 -4.968399e-01 5.353451e-01
    outer loop
      vertex -1.841162e+01 -1.063166e+01 1.805905e+01
      vertex -2.201242e+01 -1.531853e+01 9.115049e+00
      vertex -1.527653e+01 -1.172439e+01 2.104498e+01
    endloop
  endfacet
  facet normal -6.830488e-01 -4.968399e-01 5.353451e-01
    outer loop
      vertex -1.841162e+01 -1.063166e+01 1.805905e+01
      vertex -2.201242e+01 -1.531853e+01 9.115049e+00
      vertex -1.527653e+01 -1.172439e+01 2.104498e+01
    endloop
  endfacet
  facet normal -6.830488e-01 -4.968399e-01 5.353451e-01
    outer loop
      vertex -1.841162e+01 -1.063166e+01 1.805905e+01
      vertex -2.201242e+01 -1.531853e+01 9.115049e+00
      vertex -1.527653e+01 -1.172439e+01 2.104498e+01
    endloop
  endfacet
  facet normal -6.566966e-01 -5.311828e-01 5.353451e-01
    outer loop
      vertex -1.527653e+01 -1.172439e+01 2.104498e+01
      vertex -2.049160e+01 -1.730048e+01 9.115049e+00
      vertex -1.503247e+01 -1.503542e+01 1.805905e+01
    endloop
  endfacet
  facet normal -6.566966e-01 -5.311828e-01 5.353451e-01
    outer loop
      vertex -1.527653e+01 -1.172439e+01 2.104498e+01
      vertex -2.049160e+01 -1.730048e+01 9.115049e+00
      vertex -1.503247e+01 -1.503542e+01 1.805905e+01
    endloop
  endfacet
  facet normal -6.566966e-01 -5.311828e-01 5.353451e-01
    outer loop
      vertex -1.527653e+01 -1.172439e+01 2.104498e+01
      vertex -2.049160e+01 -1.730048e+01 9.115049e+00
      vertex -1.503247e+01 -1.503542e+01 1.805905e+01
    endloop
  endfacet
  facet normal 8.233650e-01 2.234437e-01 5.216733e-01
    outer loop
      vertex 2.523287e+01 9.098559e+00 9.115049e+00
      vertex 2.054170e+01 5.503375e+00 1.805905e+01
      vertex 2.799793e+01 7.501266e+00 5.435096e+00
    endloop
  endfacet
  facet normal 8.233650e-01 2.234437e-01 5.216733e-01
    outer loop
      vertex 2.523287e+01 9.098559e+00 9.115049e+00
      vertex 2.054170e+01 5.503375e+00 1.805905e+01
      vertex 2.799793e+01 7.501266e+00 5.435096e+00
    endloop
  endfacet
  facet normal 8.233650e-01 2.234437e-01 5.216733e-01
    outer loop
      vertex 2.523287e+01 9.098559e+00 9.115049e+00
      vertex 2.054170e+01 5.503375e+00 1.805905e+01
      vertex 2.799793e+01 7.501266e+00 5.435096e+00
    endloop
  endfacet
  facet normal 4.968399e-01 -6.830488e-01 5.353451e-01
    outer loop
      vertex 1.172732e+01 -1.527947e+01 2.104498e+01
      vertex 1.063459e+01 -1.841456e+01 1.805905e+01
      vertex 1.532146e+01 -2.201536e+01 9.115049e+00
    endloop
  endfacet
  facet normal 4.968399e-01 -6.830488e-01 5.353451e-01
    outer loop
      vertex 1.172732e+01 -1.527947e+01 2.104498e+01
      vertex 1.063459e+01 -1.841456e+01 1.805905e+01
      vertex 1.532146e+01 -2.201536e+01 9.115049e+00
    endloop
  endfacet
  facet normal 4.968399e-01 -6.830488e-01 5.353451e-01
    outer loop
      vertex 1.172732e+01 -1.527947e+01 2.104498e+01
      vertex 1.063459e+01 -1.841456e+01 1.805905e+01
      vertex 1.532146e+01 -2.201536e+01 9.115049e+00
    endloop
  endfacet
  facet normal -6.955140e-01 -4.370283e-01 5.703214e-01
    outer loop
      vertex -1.056289e+01 -6.100221e+00 3.110302e+01
      vertex -1.841162e+01 -1.063166e+01 1.805905e+01
      vertex -1.527653e+01 -1.172439e+01 2.104498e+01
    endloop
  endfacet
  facet normal -6.955140e-01 -4.370283e-01 5.703214e-01
    outer loop
      vertex -1.056289e+01 -6.100221e+00 3.110302e+01
      vertex -1.841162e+01 -1.063166e+01 1.805905e+01
      vertex -1.527653e+01 -1.172439e+01 2.104498e+01
    endloop
  endfacet
  facet normal -6.955140e-01 -4.370283e-01 5.703214e-01
    outer loop
      vertex -1.056289e+01 -6.100221e+00 3.110302e+01
      vertex -1.841162e+01 -1.063166e+01 1.805905e+01
      vertex -1.527653e+01 -1.172439e+01 2.104498e+01
    endloop
  endfacet
  facet normal -1.063182e-01 -8.075672e-01 5.801135e-01
    outer loop
      vertex -3.154783e+00 -1.178466e+01 3.110302e+01
      vertex -2.510914e+00 -1.909461e+01 2.104498e+01
      vertex 2.971497e-03 -1.220041e+01 3.110302e+01
    endloop
  endfacet
  facet normal -1.063182e-01 -8.075672e-01 5.801135e-01
    outer loop
      vertex -3.154783e+00 -1.178466e+01 3.110302e+01
      vertex -2.510914e+00 -1.909461e+01 2.104498e+01
      vertex 2.971497e-03 -1.220041e+01 3.110302e+01
    endloop
  endfacet
  facet normal -1.063182e-01 -8.075672e-01 5.801135e-01
    outer loop
      vertex -3.154783e+00 -1.178466e+01 3.110302e+01
      vertex -2.510914e+00 -1.909461e+01 2.104498e+01
      vertex 2.971497e-03 -1.220041e+01 3.110302e+01
    endloop
  endfacet
  facet normal -3.072057e-02 -8.208469e-01 5.703214e-01
    outer loop
      vertex 2.971497e-03 -1.220041e+01 3.110302e+01
      vertex -2.510914e+00 -1.909461e+01 2.104498e+01
      vertex 2.971497e-03 -2.126327e+01 1.805905e+01
    endloop
  endfacet
  facet normal -3.072057e-02 -8.208469e-01 5.703214e-01
    outer loop
      vertex 2.971497e-03 -1.220041e+01 3.110302e+01
      vertex -2.510914e+00 -1.909461e+01 2.104498e+01
      vertex 2.971497e-03 -2.126327e+01 1.805905e+01
    endloop
  endfacet
  facet normal -3.072057e-02 -8.208469e-01 5.703214e-01
    outer loop
      vertex 2.971497e-03 -1.220041e+01 3.110302e+01
      vertex -2.510914e+00 -1.909461e+01 2.104498e+01
      vertex 2.971497e-03 -2.126327e+01 1.805905e+01
    endloop
  endfacet
  facet normal 8.399576e-01 8.875161e-02 5.353451e-01
    outer loop
      vertex 1.909755e+01 2.513854e+00 2.104498e+01
      vertex 2.126622e+01 3.265381e-05 1.805905e+01
      vertex 2.672809e+01 2.258500e+00 9.115049e+00
    endloop
  endfacet
  facet normal 8.399576e-01 8.875161e-02 5.353451e-01
    outer loop
      vertex 1.909755e+01 2.513854e+00 2.104498e+01
      vertex 2.126622e+01 3.265381e-05 1.805905e+01
      vertex 2.672809e+01 2.258500e+00 9.115049e+00
    endloop
  endfacet
  facet normal 8.399576e-01 8.875161e-02 5.353451e-01
    outer loop
      vertex 1.909755e+01 2.513854e+00 2.104498e+01
      vertex 2.126622e+01 3.265381e-05 1.805905e+01
      vertex 2.672809e+01 2.258500e+00 9.115049e+00
    endloop
  endfacet
  facet normal -7.374780e-01 -4.289326e-01 5.216733e-01
    outer loop
      vertex -1.841162e+01 -1.063166e+01 1.805905e+01
      vertex -2.509664e+01 -1.449127e+01 5.435096e+00
      vertex -2.201242e+01 -1.531853e+01 9.115049e+00
    endloop
  endfacet
  facet normal -7.374780e-01 -4.289326e-01 5.216733e-01
    outer loop
      vertex -1.841162e+01 -1.063166e+01 1.805905e+01
      vertex -2.509664e+01 -1.449127e+01 5.435096e+00
      vertex -2.201242e+01 -1.531853e+01 9.115049e+00
    endloop
  endfacet
  facet normal -7.374780e-01 -4.289326e-01 5.216733e-01
    outer loop
      vertex -1.841162e+01 -1.063166e+01 1.805905e+01
      vertex -2.509664e+01 -1.449127e+01 5.435096e+00
      vertex -2.201242e+01 -1.531853e+01 9.115049e+00
    endloop
  endfacet
  facet normal -6.106167e-01 -4.685426e-01 6.384474e-01
    outer loop
      vertex 2.971497e-03 3.265381e-05 4.568509e+01
      vertex -1.056289e+01 -6.100221e+00 3.110302e+01
      vertex -8.624034e+00 -8.626973e+00 3.110302e+01
    endloop
  endfacet
  facet normal -6.106167e-01 -4.685426e-01 6.384474e-01
    outer loop
      vertex 2.971497e-03 3.265381e-05 4.568509e+01
      vertex -1.056289e+01 -6.100221e+00 3.110302e+01
      vertex -8.624034e+00 -8.626973e+00 3.110302e+01
    endloop
  endfacet
  facet normal -6.106167e-01 -4.685426e-01 6.384474e-01
    outer loop
      vertex 2.971497e-03 3.265381e-05 4.568509e+01
      vertex -1.056289e+01 -6.100221e+00 3.110302e+01
      vertex -8.624034e+00 -8.626973e+00 3.110302e+01
    endloop
  endfacet
  facet normal 7.718004e-01 3.431177e-01 5.353451e-01
    outer loop
      vertex 2.427683e+01 1.140666e+01 9.115049e+00
      vertex 1.841750e+01 1.063166e+01 1.805905e+01
      vertex 1.779629e+01 7.370258e+00 2.104498e+01
    endloop
  endfacet
  facet normal 7.718004e-01 3.431177e-01 5.353451e-01
    outer loop
      vertex 2.427683e+01 1.140666e+01 9.115049e+00
      vertex 1.841750e+01 1.063166e+01 1.805905e+01
      vertex 1.779629e+01 7.370258e+00 2.104498e+01
    endloop
  endfacet
  facet normal 7.718004e-01 3.431177e-01 5.353451e-01
    outer loop
      vertex 2.427683e+01 1.140666e+01 9.115049e+00
      vertex 1.841750e+01 1.063166e+01 1.805905e+01
      vertex 1.779629e+01 7.370258e+00 2.104498e+01
    endloop
  endfacet
  facet normal 7.812128e-01 3.235889e-01 5.338508e-01
    outer loop
      vertex 2.427683e+01 1.140666e+01 9.115049e+00
      vertex 1.779629e+01 7.370258e+00 2.104498e+01
      vertex 2.523287e+01 9.098559e+00 9.115049e+00
    endloop
  endfacet
  facet normal 7.812128e-01 3.235889e-01 5.338508e-01
    outer loop
      vertex 2.427683e+01 1.140666e+01 9.115049e+00
      vertex 1.779629e+01 7.370258e+00 2.104498e+01
      vertex 2.523287e+01 9.098559e+00 9.115049e+00
    endloop
  endfacet
  facet normal 7.812128e-01 3.235889e-01 5.338508e-01
    outer loop
      vertex 2.427683e+01 1.140666e+01 9.115049e+00
      vertex 1.779629e+01 7.370258e+00 2.104498e+01
      vertex 2.523287e+01 9.098559e+00 9.115049e+00
    endloop
  endfacet
  facet normal 7.402055e-01 4.242084e-01 5.216733e-01
    outer loop
      vertex 2.510252e+01 1.449127e+01 5.435096e+00
      vertex 1.841750e+01 1.063166e+01 1.805905e+01
      vertex 2.427683e+01 1.140666e+01 9.115049e+00
    endloop
  endfacet
  facet normal 7.402055e-01 4.242084e-01 5.216733e-01
    outer loop
      vertex 2.510252e+01 1.449127e+01 5.435096e+00
      vertex 1.841750e+01 1.063166e+01 1.805905e+01
      vertex 2.427683e+01 1.140666e+01 9.115049e+00
    endloop
  endfacet
  facet normal 7.402055e-01 4.242084e-01 5.216733e-01
    outer loop
      vertex 2.510252e+01 1.449127e+01 5.435096e+00
      vertex 1.841750e+01 1.063166e+01 1.805905e+01
      vertex 2.427683e+01 1.140666e+01 9.115049e+00
    endloop
  endfacet
  facet normal 7.883661e-01 3.031245e-01 5.353451e-01
    outer loop
      vertex 2.523287e+01 9.098559e+00 9.115049e+00
      vertex 1.779629e+01 7.370258e+00 2.104498e+01
      vertex 2.054170e+01 5.503375e+00 1.805905e+01
    endloop
  endfacet
  facet normal 7.883661e-01 3.031245e-01 5.353451e-01
    outer loop
      vertex 2.523287e+01 9.098559e+00 9.115049e+00
      vertex 1.779629e+01 7.370258e+00 2.104498e+01
      vertex 2.054170e+01 5.503375e+00 1.805905e+01
    endloop
  endfacet
  facet normal 7.883661e-01 3.031245e-01 5.353451e-01
    outer loop
      vertex 2.523287e+01 9.098559e+00 9.115049e+00
      vertex 1.779629e+01 7.370258e+00 2.104498e+01
      vertex 2.054170e+01 5.503375e+00 1.805905e+01
    endloop
  endfacet
  facet normal -6.021491e-01 -5.587037e-01 5.703214e-01
    outer loop
      vertex -8.624034e+00 -8.626973e+00 3.110302e+01
      vertex -1.527653e+01 -1.172439e+01 2.104498e+01
      vertex -1.503247e+01 -1.503542e+01 1.805905e+01
    endloop
  endfacet
  facet normal -6.021491e-01 -5.587037e-01 5.703214e-01
    outer loop
      vertex -8.624034e+00 -8.626973e+00 3.110302e+01
      vertex -1.527653e+01 -1.172439e+01 2.104498e+01
      vertex -1.503247e+01 -1.503542e+01 1.805905e+01
    endloop
  endfacet
  facet normal -6.021491e-01 -5.587037e-01 5.703214e-01
    outer loop
      vertex -8.624034e+00 -8.626973e+00 3.110302e+01
      vertex -1.527653e+01 -1.172439e+01 2.104498e+01
      vertex -1.503247e+01 -1.503542e+01 1.805905e+01
    endloop
  endfacet
  facet normal -6.462146e-01 -4.958579e-01 5.801135e-01
    outer loop
      vertex -1.056289e+01 -6.100221e+00 3.110302e+01
      vertex -1.527653e+01 -1.172439e+01 2.104498e+01
      vertex -8.624034e+00 -8.626973e+00 3.110302e+01
    endloop
  endfacet
  facet normal -6.462146e-01 -4.958579e-01 5.801135e-01
    outer loop
      vertex -1.056289e+01 -6.100221e+00 3.110302e+01
      vertex -1.527653e+01 -1.172439e+01 2.104498e+01
      vertex -8.624034e+00 -8.626973e+00 3.110302e+01
    endloop
  endfacet
  facet normal -6.462146e-01 -4.958579e-01 5.801135e-01
    outer loop
      vertex -1.056289e+01 -6.100221e+00 3.110302e+01
      vertex -1.527653e+01 -1.172439e+01 2.104498e+01
      vertex -8.624034e+00 -8.626973e+00 3.110302e+01
    endloop
  endfacet
  facet normal 8.247768e-01 2.181746e-01 5.216733e-01
    outer loop
      vertex 2.799793e+01 7.501266e+00 5.435096e+00
      vertex 2.054170e+01 5.503375e+00 1.805905e+01
      vertex 2.640200e+01 4.735423e+00 9.115049e+00
    endloop
  endfacet
  facet normal 8.247768e-01 2.181746e-01 5.216733e-01
    outer loop
      vertex 2.799793e+01 7.501266e+00 5.435096e+00
      vertex 2.054170e+01 5.503375e+00 1.805905e+01
      vertex 2.640200e+01 4.735423e+00 9.115049e+00
    endloop
  endfacet
  facet normal 8.247768e-01 2.181746e-01 5.216733e-01
    outer loop
      vertex 2.799793e+01 7.501266e+00 5.435096e+00
      vertex 2.054170e+01 5.503375e+00 1.805905e+01
      vertex 2.640200e+01 4.735423e+00 9.115049e+00
    endloop
  endfacet
  facet normal 8.383446e-01 1.103702e-01 5.338508e-01
    outer loop
      vertex 2.640200e+01 4.735423e+00 9.115049e+00
      vertex 1.909755e+01 2.513854e+00 2.104498e+01
      vertex 2.672809e+01 2.258500e+00 9.115049e+00
    endloop
  endfacet
  facet normal 8.383446e-01 1.103702e-01 5.338508e-01
    outer loop
      vertex 2.640200e+01 4.735423e+00 9.115049e+00
      vertex 1.909755e+01 2.513854e+00 2.104498e+01
      vertex 2.672809e+01 2.258500e+00 9.115049e+00
    endloop
  endfacet
  facet normal 8.383446e-01 1.103702e-01 5.338508e-01
    outer loop
      vertex 2.640200e+01 4.735423e+00 9.115049e+00
      vertex 1.909755e+01 2.513854e+00 2.104498e+01
      vertex 2.672809e+01 2.258500e+00 9.115049e+00
    endloop
  endfacet
  facet normal 1.004615e-01 -7.630809e-01 6.384474e-01
    outer loop
      vertex 2.971497e-03 3.265381e-05 4.568509e+01
      vertex 2.971497e-03 -1.220041e+01 3.110302e+01
      vertex 3.160660e+00 -1.178466e+01 3.110302e+01
    endloop
  endfacet
  facet normal 1.004615e-01 -7.630809e-01 6.384474e-01
    outer loop
      vertex 2.971497e-03 3.265381e-05 4.568509e+01
      vertex 2.971497e-03 -1.220041e+01 3.110302e+01
      vertex 3.160660e+00 -1.178466e+01 3.110302e+01
    endloop
  endfacet
  facet normal 1.004615e-01 -7.630809e-01 6.384474e-01
    outer loop
      vertex 2.971497e-03 3.265381e-05 4.568509e+01
      vertex 2.971497e-03 -1.220041e+01 3.110302e+01
      vertex 3.160660e+00 -1.178466e+01 3.110302e+01
    endloop
  endfacet
  facet normal 3.072057e-02 -8.208469e-01 5.703214e-01
    outer loop
      vertex 2.971497e-03 -1.220041e+01 3.110302e+01
      vertex 2.971497e-03 -2.126327e+01 1.805905e+01
      vertex 2.516792e+00 -1.909461e+01 2.104498e+01
    endloop
  endfacet
  facet normal 3.072057e-02 -8.208469e-01 5.703214e-01
    outer loop
      vertex 2.971497e-03 -1.220041e+01 3.110302e+01
      vertex 2.971497e-03 -2.126327e+01 1.805905e+01
      vertex 2.516792e+00 -1.909461e+01 2.104498e+01
    endloop
  endfacet
  facet normal 3.072057e-02 -8.208469e-01 5.703214e-01
    outer loop
      vertex 2.971497e-03 -1.220041e+01 3.110302e+01
      vertex 2.971497e-03 -2.126327e+01 1.805905e+01
      vertex 2.516792e+00 -1.909461e+01 2.104498e+01
    endloop
  endfacet
  facet normal 1.827770e-01 -8.008283e-01 5.703214e-01
    outer loop
      vertex 3.160660e+00 -1.178466e+01 3.110302e+01
      vertex 2.516792e+00 -1.909461e+01 2.104498e+01
      vertex 5.506314e+00 -2.053876e+01 1.805905e+01
    endloop
  endfacet
  facet normal 1.827770e-01 -8.008283e-01 5.703214e-01
    outer loop
      vertex 3.160660e+00 -1.178466e+01 3.110302e+01
      vertex 2.516792e+00 -1.909461e+01 2.104498e+01
      vertex 5.506314e+00 -2.053876e+01 1.805905e+01
    endloop
  endfacet
  facet normal 1.827770e-01 -8.008283e-01 5.703214e-01
    outer loop
      vertex 3.160660e+00 -1.178466e+01 3.110302e+01
      vertex 2.516792e+00 -1.909461e+01 2.104498e+01
      vertex 5.506314e+00 -2.053876e+01 1.805905e+01
    endloop
  endfacet
  facet normal -4.958579e-01 6.462146e-01 5.801135e-01
    outer loop
      vertex -6.097282e+00 1.056589e+01 3.110302e+01
      vertex -1.172144e+01 1.527947e+01 2.104498e+01
      vertex -8.624034e+00 8.626973e+00 3.110302e+01
    endloop
  endfacet
  facet normal -4.958579e-01 6.462146e-01 5.801135e-01
    outer loop
      vertex -6.097282e+00 1.056589e+01 3.110302e+01
      vertex -1.172144e+01 1.527947e+01 2.104498e+01
      vertex -8.624034e+00 8.626973e+00 3.110302e+01
    endloop
  endfacet
  facet normal -4.958579e-01 6.462146e-01 5.801135e-01
    outer loop
      vertex -6.097282e+00 1.056589e+01 3.110302e+01
      vertex -1.172144e+01 1.527947e+01 2.104498e+01
      vertex -8.624034e+00 8.626973e+00 3.110302e+01
    endloop
  endfacet
  facet normal -1.004615e-01 -7.630809e-01 6.384474e-01
    outer loop
      vertex 2.971497e-03 3.265381e-05 4.568509e+01
      vertex -3.154783e+00 -1.178466e+01 3.110302e+01
      vertex 2.971497e-03 -1.220041e+01 3.110302e+01
    endloop
  endfacet
  facet normal -1.004615e-01 -7.630809e-01 6.384474e-01
    outer loop
      vertex 2.971497e-03 3.265381e-05 4.568509e+01
      vertex -3.154783e+00 -1.178466e+01 3.110302e+01
      vertex 2.971497e-03 -1.220041e+01 3.110302e+01
    endloop
  endfacet
  facet normal -1.004615e-01 -7.630809e-01 6.384474e-01
    outer loop
      vertex 2.971497e-03 3.265381e-05 4.568509e+01
      vertex -3.154783e+00 -1.178466e+01 3.110302e+01
      vertex 2.971497e-03 -1.220041e+01 3.110302e+01
    endloop
  endfacet
  facet normal -1.827770e-01 -8.008283e-01 5.703214e-01
    outer loop
      vertex -3.154783e+00 -1.178466e+01 3.110302e+01
      vertex -5.500370e+00 -2.053876e+01 1.805905e+01
      vertex -2.510914e+00 -1.909461e+01 2.104498e+01
    endloop
  endfacet
  facet normal -1.827770e-01 -8.008283e-01 5.703214e-01
    outer loop
      vertex -3.154783e+00 -1.178466e+01 3.110302e+01
      vertex -5.500370e+00 -2.053876e+01 1.805905e+01
      vertex -2.510914e+00 -1.909461e+01 2.104498e+01
    endloop
  endfacet
  facet normal -1.827770e-01 -8.008283e-01 5.703214e-01
    outer loop
      vertex -3.154783e+00 -1.178466e+01 3.110302e+01
      vertex -5.500370e+00 -2.053876e+01 1.805905e+01
      vertex -2.510914e+00 -1.909461e+01 2.104498e+01
    endloop
  endfacet
  facet normal -2.181746e-01 -8.247768e-01 5.216733e-01
    outer loop
      vertex -5.500370e+00 -2.053876e+01 1.805905e+01
      vertex -7.498261e+00 -2.799499e+01 5.435096e+00
      vertex -4.732484e+00 -2.639901e+01 9.115049e+00
    endloop
  endfacet
  facet normal -2.181746e-01 -8.247768e-01 5.216733e-01
    outer loop
      vertex -5.500370e+00 -2.053876e+01 1.805905e+01
      vertex -7.498261e+00 -2.799499e+01 5.435096e+00
      vertex -4.732484e+00 -2.639901e+01 9.115049e+00
    endloop
  endfacet
  facet normal -2.181746e-01 -8.247768e-01 5.216733e-01
    outer loop
      vertex -5.500370e+00 -2.053876e+01 1.805905e+01
      vertex -7.498261e+00 -2.799499e+01 5.435096e+00
      vertex -4.732484e+00 -2.639901e+01 9.115049e+00
    endloop
  endfacet
  facet normal -2.727516e-03 -8.531410e-01 5.216733e-01
    outer loop
      vertex 2.971497e-03 -2.126327e+01 1.805905e+01
      vertex -2.255562e+00 -2.672515e+01 9.115049e+00
      vertex 2.971497e-03 -2.898251e+01 5.435096e+00
    endloop
  endfacet
  facet normal -2.727516e-03 -8.531410e-01 5.216733e-01
    outer loop
      vertex 2.971497e-03 -2.126327e+01 1.805905e+01
      vertex -2.255562e+00 -2.672515e+01 9.115049e+00
      vertex 2.971497e-03 -2.898251e+01 5.435096e+00
    endloop
  endfacet
  facet normal -2.727516e-03 -8.531410e-01 5.216733e-01
    outer loop
      vertex 2.971497e-03 -2.126327e+01 1.805905e+01
      vertex -2.255562e+00 -2.672515e+01 9.115049e+00
      vertex 2.971497e-03 -2.898251e+01 5.435096e+00
    endloop
  endfacet
  facet normal -1.316696e-01 -8.343073e-01 5.353451e-01
    outer loop
      vertex -2.510914e+00 -1.909461e+01 2.104498e+01
      vertex -5.500370e+00 -2.053876e+01 1.805905e+01
      vertex -4.732484e+00 -2.639901e+01 9.115049e+00
    endloop
  endfacet
  facet normal -1.316696e-01 -8.343073e-01 5.353451e-01
    outer loop
      vertex -2.510914e+00 -1.909461e+01 2.104498e+01
      vertex -5.500370e+00 -2.053876e+01 1.805905e+01
      vertex -4.732484e+00 -2.639901e+01 9.115049e+00
    endloop
  endfacet
  facet normal -1.316696e-01 -8.343073e-01 5.353451e-01
    outer loop
      vertex -2.510914e+00 -1.909461e+01 2.104498e+01
      vertex -5.500370e+00 -2.053876e+01 1.805905e+01
      vertex -4.732484e+00 -2.639901e+01 9.115049e+00
    endloop
  endfacet
  facet normal -8.875161e-02 -8.399576e-01 5.353451e-01
    outer loop
      vertex -2.510914e+00 -1.909461e+01 2.104498e+01
      vertex -2.255562e+00 -2.672515e+01 9.115049e+00
      vertex 2.971497e-03 -2.126327e+01 1.805905e+01
    endloop
  endfacet
  facet normal -8.875161e-02 -8.399576e-01 5.353451e-01
    outer loop
      vertex -2.510914e+00 -1.909461e+01 2.104498e+01
      vertex -2.255562e+00 -2.672515e+01 9.115049e+00
      vertex 2.971497e-03 -2.126327e+01 1.805905e+01
    endloop
  endfacet
  facet normal -8.875161e-02 -8.399576e-01 5.353451e-01
    outer loop
      vertex -2.510914e+00 -1.909461e+01 2.104498e+01
      vertex -2.255562e+00 -2.672515e+01 9.115049e+00
      vertex 2.971497e-03 -2.126327e+01 1.805905e+01
    endloop
  endfacet
  facet normal -1.103702e-01 -8.383446e-01 5.338508e-01
    outer loop
      vertex -2.510914e+00 -1.909461e+01 2.104498e+01
      vertex -4.732484e+00 -2.639901e+01 9.115049e+00
      vertex -2.255562e+00 -2.672515e+01 9.115049e+00
    endloop
  endfacet
  facet normal -1.103702e-01 -8.383446e-01 5.338508e-01
    outer loop
      vertex -2.510914e+00 -1.909461e+01 2.104498e+01
      vertex -4.732484e+00 -2.639901e+01 9.115049e+00
      vertex -2.255562e+00 -2.672515e+01 9.115049e+00
    endloop
  endfacet
  facet normal -1.103702e-01 -8.383446e-01 5.338508e-01
    outer loop
      vertex -2.510914e+00 -1.909461e+01 2.104498e+01
      vertex -4.732484e+00 -2.639901e+01 9.115049e+00
      vertex -2.255562e+00 -2.672515e+01 9.115049e+00
    endloop
  endfacet
  facet normal 2.234437e-01 -8.233650e-01 5.216733e-01
    outer loop
      vertex 5.506314e+00 -2.053876e+01 1.805905e+01
      vertex 7.504204e+00 -2.799499e+01 5.435096e+00
      vertex 9.101498e+00 -2.522994e+01 9.115049e+00
    endloop
  endfacet
  facet normal 2.234437e-01 -8.233650e-01 5.216733e-01
    outer loop
      vertex 5.506314e+00 -2.053876e+01 1.805905e+01
      vertex 7.504204e+00 -2.799499e+01 5.435096e+00
      vertex 9.101498e+00 -2.522994e+01 9.115049e+00
    endloop
  endfacet
  facet normal 2.234437e-01 -8.233650e-01 5.216733e-01
    outer loop
      vertex 5.506314e+00 -2.053876e+01 1.805905e+01
      vertex 7.504204e+00 -2.799499e+01 5.435096e+00
      vertex 9.101498e+00 -2.522994e+01 9.115049e+00
    endloop
  endfacet
  facet normal -4.968399e-01 6.830488e-01 5.353451e-01
    outer loop
      vertex -1.172144e+01 1.527947e+01 2.104498e+01
      vertex -1.062872e+01 1.841456e+01 1.805905e+01
      vertex -1.531558e+01 2.201536e+01 9.115049e+00
    endloop
  endfacet
  facet normal -4.968399e-01 6.830488e-01 5.353451e-01
    outer loop
      vertex -1.172144e+01 1.527947e+01 2.104498e+01
      vertex -1.062872e+01 1.841456e+01 1.805905e+01
      vertex -1.531558e+01 2.201536e+01 9.115049e+00
    endloop
  endfacet
  facet normal -4.968399e-01 6.830488e-01 5.353451e-01
    outer loop
      vertex -1.172144e+01 1.527947e+01 2.104498e+01
      vertex -1.062872e+01 1.841456e+01 1.805905e+01
      vertex -1.531558e+01 2.201536e+01 9.115049e+00
    endloop
  endfacet
  facet normal -4.370283e-01 6.955140e-01 5.703214e-01
    outer loop
      vertex -6.097282e+00 1.056589e+01 3.110302e+01
      vertex -1.062872e+01 1.841456e+01 1.805905e+01
      vertex -1.172144e+01 1.527947e+01 2.104498e+01
    endloop
  endfacet
  facet normal -4.370283e-01 6.955140e-01 5.703214e-01
    outer loop
      vertex -6.097282e+00 1.056589e+01 3.110302e+01
      vertex -1.062872e+01 1.841456e+01 1.805905e+01
      vertex -1.172144e+01 1.527947e+01 2.104498e+01
    endloop
  endfacet
  facet normal -4.370283e-01 6.955140e-01 5.703214e-01
    outer loop
      vertex -6.097282e+00 1.056589e+01 3.110302e+01
      vertex -1.062872e+01 1.841456e+01 1.805905e+01
      vertex -1.172144e+01 1.527947e+01 2.104498e+01
    endloop
  endfacet
  facet normal -4.685426e-01 6.106167e-01 6.384474e-01
    outer loop
      vertex 2.971497e-03 3.265381e-05 4.568509e+01
      vertex -6.097282e+00 1.056589e+01 3.110302e+01
      vertex -8.624034e+00 8.626973e+00 3.110302e+01
    endloop
  endfacet
  facet normal -4.685426e-01 6.106167e-01 6.384474e-01
    outer loop
      vertex 2.971497e-03 3.265381e-05 4.568509e+01
      vertex -6.097282e+00 1.056589e+01 3.110302e+01
      vertex -8.624034e+00 8.626973e+00 3.110302e+01
    endloop
  endfacet
  facet normal -4.685426e-01 6.106167e-01 6.384474e-01
    outer loop
      vertex 2.971497e-03 3.265381e-05 4.568509e+01
      vertex -6.097282e+00 1.056589e+01 3.110302e+01
      vertex -8.624034e+00 8.626973e+00 3.110302e+01
    endloop
  endfacet
  facet normal -5.587037e-01 6.021491e-01 5.703214e-01
    outer loop
      vertex -8.624034e+00 8.626973e+00 3.110302e+01
      vertex -1.172144e+01 1.527947e+01 2.104498e+01
      vertex -1.503247e+01 1.503542e+01 1.805905e+01
    endloop
  endfacet
  facet normal -5.587037e-01 6.021491e-01 5.703214e-01
    outer loop
      vertex -8.624034e+00 8.626973e+00 3.110302e+01
      vertex -1.172144e+01 1.527947e+01 2.104498e+01
      vertex -1.503247e+01 1.503542e+01 1.805905e+01
    endloop
  endfacet
  facet normal -5.587037e-01 6.021491e-01 5.703214e-01
    outer loop
      vertex -8.624034e+00 8.626973e+00 3.110302e+01
      vertex -1.172144e+01 1.527947e+01 2.104498e+01
      vertex -1.503247e+01 1.503542e+01 1.805905e+01
    endloop
  endfacet
  facet normal 3.431177e-01 -7.718004e-01 5.353451e-01
    outer loop
      vertex 7.373198e+00 -1.779335e+01 2.104498e+01
      vertex 1.140960e+01 -2.427389e+01 9.115049e+00
      vertex 1.063459e+01 -1.841456e+01 1.805905e+01
    endloop
  endfacet
  facet normal 3.431177e-01 -7.718004e-01 5.353451e-01
    outer loop
      vertex 7.373198e+00 -1.779335e+01 2.104498e+01
      vertex 1.140960e+01 -2.427389e+01 9.115049e+00
      vertex 1.063459e+01 -1.841456e+01 1.805905e+01
    endloop
  endfacet
  facet normal 3.431177e-01 -7.718004e-01 5.353451e-01
    outer loop
      vertex 7.373198e+00 -1.779335e+01 2.104498e+01
      vertex 1.140960e+01 -2.427389e+01 9.115049e+00
      vertex 1.063459e+01 -1.841456e+01 1.805905e+01
    endloop
  endfacet
  facet normal 3.235889e-01 -7.812128e-01 5.338508e-01
    outer loop
      vertex 7.373198e+00 -1.779335e+01 2.104498e+01
      vertex 9.101498e+00 -2.522994e+01 9.115049e+00
      vertex 1.140960e+01 -2.427389e+01 9.115049e+00
    endloop
  endfacet
  facet normal 3.235889e-01 -7.812128e-01 5.338508e-01
    outer loop
      vertex 7.373198e+00 -1.779335e+01 2.104498e+01
      vertex 9.101498e+00 -2.522994e+01 9.115049e+00
      vertex 1.140960e+01 -2.427389e+01 9.115049e+00
    endloop
  endfacet
  facet normal 3.235889e-01 -7.812128e-01 5.338508e-01
    outer loop
      vertex 7.373198e+00 -1.779335e+01 2.104498e+01
      vertex 9.101498e+00 -2.522994e+01 9.115049e+00
      vertex 1.140960e+01 -2.427389e+01 9.115049e+00
    endloop
  endfacet
  facet normal -8.531410e-01 -2.727516e-03 5.216733e-01
    outer loop
      vertex -2.897957e+01 3.265381e-05 5.435096e+00
      vertex -2.672221e+01 -2.258500e+00 9.115049e+00
      vertex -2.126034e+01 3.265381e-05 1.805905e+01
    endloop
  endfacet
  facet normal -8.531410e-01 -2.727516e-03 5.216733e-01
    outer loop
      vertex -2.897957e+01 3.265381e-05 5.435096e+00
      vertex -2.672221e+01 -2.258500e+00 9.115049e+00
      vertex -2.126034e+01 3.265381e-05 1.805905e+01
    endloop
  endfacet
  facet normal -8.531410e-01 -2.727516e-03 5.216733e-01
    outer loop
      vertex -2.897957e+01 3.265381e-05 5.435096e+00
      vertex -2.672221e+01 -2.258500e+00 9.115049e+00
      vertex -2.126034e+01 3.265381e-05 1.805905e+01
    endloop
  endfacet
  facet normal -8.208469e-01 -3.072057e-02 5.703214e-01
    outer loop
      vertex -2.126034e+01 3.265381e-05 1.805905e+01
      vertex -1.909167e+01 -2.513854e+00 2.104498e+01
      vertex -1.219748e+01 3.265381e-05 3.110302e+01
    endloop
  endfacet
  facet normal -8.208469e-01 -3.072057e-02 5.703214e-01
    outer loop
      vertex -2.126034e+01 3.265381e-05 1.805905e+01
      vertex -1.909167e+01 -2.513854e+00 2.104498e+01
      vertex -1.219748e+01 3.265381e-05 3.110302e+01
    endloop
  endfacet
  facet normal -8.208469e-01 -3.072057e-02 5.703214e-01
    outer loop
      vertex -2.126034e+01 3.265381e-05 1.805905e+01
      vertex -1.909167e+01 -2.513854e+00 2.104498e+01
      vertex -1.219748e+01 3.265381e-05 3.110302e+01
    endloop
  endfacet
  facet normal -8.008283e-01 -1.827770e-01 5.703214e-01
    outer loop
      vertex -1.909167e+01 -2.513854e+00 2.104498e+01
      vertex -2.053581e+01 -5.503310e+00 1.805905e+01
      vertex -1.178173e+01 -3.157721e+00 3.110302e+01
    endloop
  endfacet
  facet normal -8.008283e-01 -1.827770e-01 5.703214e-01
    outer loop
      vertex -1.909167e+01 -2.513854e+00 2.104498e+01
      vertex -2.053581e+01 -5.503310e+00 1.805905e+01
      vertex -1.178173e+01 -3.157721e+00 3.110302e+01
    endloop
  endfacet
  facet normal -8.008283e-01 -1.827770e-01 5.703214e-01
    outer loop
      vertex -1.909167e+01 -2.513854e+00 2.104498e+01
      vertex -2.053581e+01 -5.503310e+00 1.805905e+01
      vertex -1.178173e+01 -3.157721e+00 3.110302e+01
    endloop
  endfacet
  facet normal -8.075672e-01 -1.063182e-01 5.801135e-01
    outer loop
      vertex -1.219748e+01 3.265381e-05 3.110302e+01
      vertex -1.909167e+01 -2.513854e+00 2.104498e+01
      vertex -1.178173e+01 -3.157721e+00 3.110302e+01
    endloop
  endfacet
  facet normal -8.075672e-01 -1.063182e-01 5.801135e-01
    outer loop
      vertex -1.219748e+01 3.265381e-05 3.110302e+01
      vertex -1.909167e+01 -2.513854e+00 2.104498e+01
      vertex -1.178173e+01 -3.157721e+00 3.110302e+01
    endloop
  endfacet
  facet normal -8.075672e-01 -1.063182e-01 5.801135e-01
    outer loop
      vertex -1.219748e+01 3.265381e-05 3.110302e+01
      vertex -1.909167e+01 -2.513854e+00 2.104498e+01
      vertex -1.178173e+01 -3.157721e+00 3.110302e+01
    endloop
  endfacet
  facet normal 3.031245e-01 -7.883661e-01 5.353451e-01
    outer loop
      vertex 7.373198e+00 -1.779335e+01 2.104498e+01
      vertex 5.506314e+00 -2.053876e+01 1.805905e+01
      vertex 9.101498e+00 -2.522994e+01 9.115049e+00
    endloop
  endfacet
  facet normal 3.031245e-01 -7.883661e-01 5.353451e-01
    outer loop
      vertex 7.373198e+00 -1.779335e+01 2.104498e+01
      vertex 5.506314e+00 -2.053876e+01 1.805905e+01
      vertex 9.101498e+00 -2.522994e+01 9.115049e+00
    endloop
  endfacet
  facet normal 3.031245e-01 -7.883661e-01 5.353451e-01
    outer loop
      vertex 7.373198e+00 -1.779335e+01 2.104498e+01
      vertex 5.506314e+00 -2.053876e+01 1.805905e+01
      vertex 9.101498e+00 -2.522994e+01 9.115049e+00
    endloop
  endfacet
  facet normal -8.399576e-01 -8.875161e-02 5.353451e-01
    outer loop
      vertex -2.126034e+01 3.265381e-05 1.805905e+01
      vertex -2.672221e+01 -2.258500e+00 9.115049e+00
      vertex -1.909167e+01 -2.513854e+00 2.104498e+01
    endloop
  endfacet
  facet normal -8.399576e-01 -8.875161e-02 5.353451e-01
    outer loop
      vertex -2.126034e+01 3.265381e-05 1.805905e+01
      vertex -2.672221e+01 -2.258500e+00 9.115049e+00
      vertex -1.909167e+01 -2.513854e+00 2.104498e+01
    endloop
  endfacet
  facet normal -8.399576e-01 -8.875161e-02 5.353451e-01
    outer loop
      vertex -2.126034e+01 3.265381e-05 1.805905e+01
      vertex -2.672221e+01 -2.258500e+00 9.115049e+00
      vertex -1.909167e+01 -2.513854e+00 2.104498e+01
    endloop
  endfacet
  facet normal 2.945382e-01 -7.110782e-01 6.384474e-01
    outer loop
      vertex 2.971497e-03 3.265381e-05 4.568509e+01
      vertex 3.160660e+00 -1.178466e+01 3.110302e+01
      vertex 6.103160e+00 -1.056583e+01 3.110302e+01
    endloop
  endfacet
  facet normal 2.945382e-01 -7.110782e-01 6.384474e-01
    outer loop
      vertex 2.971497e-03 3.265381e-05 4.568509e+01
      vertex 3.160660e+00 -1.178466e+01 3.110302e+01
      vertex 6.103160e+00 -1.056583e+01 3.110302e+01
    endloop
  endfacet
  facet normal 2.945382e-01 -7.110782e-01 6.384474e-01
    outer loop
      vertex 2.971497e-03 3.265381e-05 4.568509e+01
      vertex 3.160660e+00 -1.178466e+01 3.110302e+01
      vertex 6.103160e+00 -1.056583e+01 3.110302e+01
    endloop
  endfacet
  facet normal -8.247768e-01 -2.181746e-01 5.216733e-01
    outer loop
      vertex -2.639607e+01 -4.735423e+00 9.115049e+00
      vertex -2.799206e+01 -7.501201e+00 5.435096e+00
      vertex -2.053581e+01 -5.503310e+00 1.805905e+01
    endloop
  endfacet
  facet normal -8.247768e-01 -2.181746e-01 5.216733e-01
    outer loop
      vertex -2.639607e+01 -4.735423e+00 9.115049e+00
      vertex -2.799206e+01 -7.501201e+00 5.435096e+00
      vertex -2.053581e+01 -5.503310e+00 1.805905e+01
    endloop
  endfacet
  facet normal -8.247768e-01 -2.181746e-01 5.216733e-01
    outer loop
      vertex -2.639607e+01 -4.735423e+00 9.115049e+00
      vertex -2.799206e+01 -7.501201e+00 5.435096e+00
      vertex -2.053581e+01 -5.503310e+00 1.805905e+01
    endloop
  endfacet
  facet normal -8.343073e-01 -1.316696e-01 5.353451e-01
    outer loop
      vertex -1.909167e+01 -2.513854e+00 2.104498e+01
      vertex -2.639607e+01 -4.735423e+00 9.115049e+00
      vertex -2.053581e+01 -5.503310e+00 1.805905e+01
    endloop
  endfacet
  facet normal -8.343073e-01 -1.316696e-01 5.353451e-01
    outer loop
      vertex -1.909167e+01 -2.513854e+00 2.104498e+01
      vertex -2.639607e+01 -4.735423e+00 9.115049e+00
      vertex -2.053581e+01 -5.503310e+00 1.805905e+01
    endloop
  endfacet
  facet normal -8.343073e-01 -1.316696e-01 5.353451e-01
    outer loop
      vertex -1.909167e+01 -2.513854e+00 2.104498e+01
      vertex -2.639607e+01 -4.735423e+00 9.115049e+00
      vertex -2.053581e+01 -5.503310e+00 1.805905e+01
    endloop
  endfacet
  facet normal -8.383446e-01 -1.103702e-01 5.338508e-01
    outer loop
      vertex -2.672221e+01 -2.258500e+00 9.115049e+00
      vertex -2.639607e+01 -4.735423e+00 9.115049e+00
      vertex -1.909167e+01 -2.513854e+00 2.104498e+01
    endloop
  endfacet
  facet normal -8.383446e-01 -1.103702e-01 5.338508e-01
    outer loop
      vertex -2.672221e+01 -2.258500e+00 9.115049e+00
      vertex -2.639607e+01 -4.735423e+00 9.115049e+00
      vertex -1.909167e+01 -2.513854e+00 2.104498e+01
    endloop
  endfacet
  facet normal -8.383446e-01 -1.103702e-01 5.338508e-01
    outer loop
      vertex -2.672221e+01 -2.258500e+00 9.115049e+00
      vertex -2.639607e+01 -4.735423e+00 9.115049e+00
      vertex -1.909167e+01 -2.513854e+00 2.104498e+01
    endloop
  endfacet
  facet normal 3.838187e-01 -7.262346e-01 5.703214e-01
    outer loop
      vertex 6.103160e+00 -1.056583e+01 3.110302e+01
      vertex 7.373198e+00 -1.779335e+01 2.104498e+01
      vertex 1.063459e+01 -1.841456e+01 1.805905e+01
    endloop
  endfacet
  facet normal 3.838187e-01 -7.262346e-01 5.703214e-01
    outer loop
      vertex 6.103160e+00 -1.056583e+01 3.110302e+01
      vertex 7.373198e+00 -1.779335e+01 2.104498e+01
      vertex 1.063459e+01 -1.841456e+01 1.805905e+01
    endloop
  endfacet
  facet normal 3.838187e-01 -7.262346e-01 5.703214e-01
    outer loop
      vertex 6.103160e+00 -1.056583e+01 3.110302e+01
      vertex 7.373198e+00 -1.779335e+01 2.104498e+01
      vertex 1.063459e+01 -1.841456e+01 1.805905e+01
    endloop
  endfacet
  facet normal 2.421246e-01 -7.849262e-01 5.703214e-01
    outer loop
      vertex 3.160660e+00 -1.178466e+01 3.110302e+01
      vertex 5.506314e+00 -2.053876e+01 1.805905e+01
      vertex 7.373198e+00 -1.779335e+01 2.104498e+01
    endloop
  endfacet
  facet normal 2.421246e-01 -7.849262e-01 5.703214e-01
    outer loop
      vertex 3.160660e+00 -1.178466e+01 3.110302e+01
      vertex 5.506314e+00 -2.053876e+01 1.805905e+01
      vertex 7.373198e+00 -1.779335e+01 2.104498e+01
    endloop
  endfacet
  facet normal 2.421246e-01 -7.849262e-01 5.703214e-01
    outer loop
      vertex 3.160660e+00 -1.178466e+01 3.110302e+01
      vertex 5.506314e+00 -2.053876e+01 1.805905e+01
      vertex 7.373198e+00 -1.779335e+01 2.104498e+01
    endloop
  endfacet
  facet normal -5.147558e-01 6.708426e-01 5.338508e-01
    outer loop
      vertex -1.172144e+01 1.527947e+01 2.104498e+01
      vertex -1.531558e+01 2.201536e+01 9.115049e+00
      vertex -1.729753e+01 2.049454e+01 9.115049e+00
    endloop
  endfacet
  facet normal -5.147558e-01 6.708426e-01 5.338508e-01
    outer loop
      vertex -1.172144e+01 1.527947e+01 2.104498e+01
      vertex -1.531558e+01 2.201536e+01 9.115049e+00
      vertex -1.729753e+01 2.049454e+01 9.115049e+00
    endloop
  endfacet
  facet normal -5.147558e-01 6.708426e-01 5.338508e-01
    outer loop
      vertex -1.172144e+01 1.527947e+01 2.104498e+01
      vertex -1.531558e+01 2.201536e+01 9.115049e+00
      vertex -1.729753e+01 2.049454e+01 9.115049e+00
    endloop
  endfacet
  facet normal -6.462146e-01 4.958579e-01 5.801135e-01
    outer loop
      vertex -1.527653e+01 1.172439e+01 2.104498e+01
      vertex -1.056289e+01 6.100221e+00 3.110302e+01
      vertex -8.624034e+00 8.626973e+00 3.110302e+01
    endloop
  endfacet
  facet normal -6.462146e-01 4.958579e-01 5.801135e-01
    outer loop
      vertex -1.527653e+01 1.172439e+01 2.104498e+01
      vertex -1.056289e+01 6.100221e+00 3.110302e+01
      vertex -8.624034e+00 8.626973e+00 3.110302e+01
    endloop
  endfacet
  facet normal -6.462146e-01 4.958579e-01 5.801135e-01
    outer loop
      vertex -1.527653e+01 1.172439e+01 2.104498e+01
      vertex -1.056289e+01 6.100221e+00 3.110302e+01
      vertex -8.624034e+00 8.626973e+00 3.110302e+01
    endloop
  endfacet
  facet normal -6.051904e-01 6.013331e-01 5.216733e-01
    outer loop
      vertex -2.049082e+01 2.049376e+01 5.435096e+00
      vertex -2.049160e+01 1.730048e+01 9.115049e+00
      vertex -1.503247e+01 1.503542e+01 1.805905e+01
    endloop
  endfacet
  facet normal -6.051904e-01 6.013331e-01 5.216733e-01
    outer loop
      vertex -2.049082e+01 2.049376e+01 5.435096e+00
      vertex -2.049160e+01 1.730048e+01 9.115049e+00
      vertex -1.503247e+01 1.503542e+01 1.805905e+01
    endloop
  endfacet
  facet normal -6.051904e-01 6.013331e-01 5.216733e-01
    outer loop
      vertex -2.049082e+01 2.049376e+01 5.435096e+00
      vertex -2.049160e+01 1.730048e+01 9.115049e+00
      vertex -1.503247e+01 1.503542e+01 1.805905e+01
    endloop
  endfacet
  facet normal -7.374780e-01 4.289326e-01 5.216733e-01
    outer loop
      vertex -2.201242e+01 1.531853e+01 9.115049e+00
      vertex -2.509664e+01 1.449127e+01 5.435096e+00
      vertex -1.841162e+01 1.063166e+01 1.805905e+01
    endloop
  endfacet
  facet normal -7.374780e-01 4.289326e-01 5.216733e-01
    outer loop
      vertex -2.201242e+01 1.531853e+01 9.115049e+00
      vertex -2.509664e+01 1.449127e+01 5.435096e+00
      vertex -1.841162e+01 1.063166e+01 1.805905e+01
    endloop
  endfacet
  facet normal -7.374780e-01 4.289326e-01 5.216733e-01
    outer loop
      vertex -2.201242e+01 1.531853e+01 9.115049e+00
      vertex -2.509664e+01 1.449127e+01 5.435096e+00
      vertex -1.841162e+01 1.063166e+01 1.805905e+01
    endloop
  endfacet
  facet normal -6.106167e-01 4.685426e-01 6.384474e-01
    outer loop
      vertex 2.971497e-03 3.265381e-05 4.568509e+01
      vertex -8.624034e+00 8.626973e+00 3.110302e+01
      vertex -1.056289e+01 6.100221e+00 3.110302e+01
    endloop
  endfacet
  facet normal -6.106167e-01 4.685426e-01 6.384474e-01
    outer loop
      vertex 2.971497e-03 3.265381e-05 4.568509e+01
      vertex -8.624034e+00 8.626973e+00 3.110302e+01
      vertex -1.056289e+01 6.100221e+00 3.110302e+01
    endloop
  endfacet
  facet normal -6.106167e-01 4.685426e-01 6.384474e-01
    outer loop
      vertex 2.971497e-03 3.265381e-05 4.568509e+01
      vertex -8.624034e+00 8.626973e+00 3.110302e+01
      vertex -1.056289e+01 6.100221e+00 3.110302e+01
    endloop
  endfacet
  facet normal -6.021491e-01 5.587037e-01 5.703214e-01
    outer loop
      vertex -1.503247e+01 1.503542e+01 1.805905e+01
      vertex -1.527653e+01 1.172439e+01 2.104498e+01
      vertex -8.624034e+00 8.626973e+00 3.110302e+01
    endloop
  endfacet
  facet normal -6.021491e-01 5.587037e-01 5.703214e-01
    outer loop
      vertex -1.503247e+01 1.503542e+01 1.805905e+01
      vertex -1.527653e+01 1.172439e+01 2.104498e+01
      vertex -8.624034e+00 8.626973e+00 3.110302e+01
    endloop
  endfacet
  facet normal -6.021491e-01 5.587037e-01 5.703214e-01
    outer loop
      vertex -1.503247e+01 1.503542e+01 1.805905e+01
      vertex -1.527653e+01 1.172439e+01 2.104498e+01
      vertex -8.624034e+00 8.626973e+00 3.110302e+01
    endloop
  endfacet
  facet normal -6.955140e-01 4.370283e-01 5.703214e-01
    outer loop
      vertex -1.527653e+01 1.172439e+01 2.104498e+01
      vertex -1.841162e+01 1.063166e+01 1.805905e+01
      vertex -1.056289e+01 6.100221e+00 3.110302e+01
    endloop
  endfacet
  facet normal -6.955140e-01 4.370283e-01 5.703214e-01
    outer loop
      vertex -1.527653e+01 1.172439e+01 2.104498e+01
      vertex -1.841162e+01 1.063166e+01 1.805905e+01
      vertex -1.056289e+01 6.100221e+00 3.110302e+01
    endloop
  endfacet
  facet normal -6.955140e-01 4.370283e-01 5.703214e-01
    outer loop
      vertex -1.527653e+01 1.172439e+01 2.104498e+01
      vertex -1.841162e+01 1.063166e+01 1.805905e+01
      vertex -1.056289e+01 6.100221e+00 3.110302e+01
    endloop
  endfacet
  facet normal -6.830488e-01 4.968399e-01 5.353451e-01
    outer loop
      vertex -2.201242e+01 1.531853e+01 9.115049e+00
      vertex -1.841162e+01 1.063166e+01 1.805905e+01
      vertex -1.527653e+01 1.172439e+01 2.104498e+01
    endloop
  endfacet
  facet normal -6.830488e-01 4.968399e-01 5.353451e-01
    outer loop
      vertex -2.201242e+01 1.531853e+01 9.115049e+00
      vertex -1.841162e+01 1.063166e+01 1.805905e+01
      vertex -1.527653e+01 1.172439e+01 2.104498e+01
    endloop
  endfacet
  facet normal -6.830488e-01 4.968399e-01 5.353451e-01
    outer loop
      vertex -2.201242e+01 1.531853e+01 9.115049e+00
      vertex -1.841162e+01 1.063166e+01 1.805905e+01
      vertex -1.527653e+01 1.172439e+01 2.104498e+01
    endloop
  endfacet
  facet normal -6.566966e-01 5.311828e-01 5.353451e-01
    outer loop
      vertex -2.049160e+01 1.730048e+01 9.115049e+00
      vertex -1.527653e+01 1.172439e+01 2.104498e+01
      vertex -1.503247e+01 1.503542e+01 1.805905e+01
    endloop
  endfacet
  facet normal -6.566966e-01 5.311828e-01 5.353451e-01
    outer loop
      vertex -2.049160e+01 1.730048e+01 9.115049e+00
      vertex -1.527653e+01 1.172439e+01 2.104498e+01
      vertex -1.503247e+01 1.503542e+01 1.805905e+01
    endloop
  endfacet
  facet normal -6.566966e-01 5.311828e-01 5.353451e-01
    outer loop
      vertex -2.049160e+01 1.730048e+01 9.115049e+00
      vertex -1.527653e+01 1.172439e+01 2.104498e+01
      vertex -1.503247e+01 1.503542e+01 1.805905e+01
    endloop
  endfacet
  facet normal -6.708426e-01 5.147558e-01 5.338508e-01
    outer loop
      vertex -2.049160e+01 1.730048e+01 9.115049e+00
      vertex -2.201242e+01 1.531853e+01 9.115049e+00
      vertex -1.527653e+01 1.172439e+01 2.104498e+01
    endloop
  endfacet
  facet normal -6.708426e-01 5.147558e-01 5.338508e-01
    outer loop
      vertex -2.049160e+01 1.730048e+01 9.115049e+00
      vertex -2.201242e+01 1.531853e+01 9.115049e+00
      vertex -1.527653e+01 1.172439e+01 2.104498e+01
    endloop
  endfacet
  facet normal -6.708426e-01 5.147558e-01 5.338508e-01
    outer loop
      vertex -2.049160e+01 1.730048e+01 9.115049e+00
      vertex -2.201242e+01 1.531853e+01 9.115049e+00
      vertex -1.527653e+01 1.172439e+01 2.104498e+01
    endloop
  endfacet
  facet normal 8.075672e-01 1.063182e-01 5.801135e-01
    outer loop
      vertex 1.178760e+01 3.157721e+00 3.110302e+01
      vertex 1.220335e+01 3.265381e-05 3.110302e+01
      vertex 1.909755e+01 2.513854e+00 2.104498e+01
    endloop
  endfacet
  facet normal 8.075672e-01 1.063182e-01 5.801135e-01
    outer loop
      vertex 1.178760e+01 3.157721e+00 3.110302e+01
      vertex 1.220335e+01 3.265381e-05 3.110302e+01
      vertex 1.909755e+01 2.513854e+00 2.104498e+01
    endloop
  endfacet
  facet normal 8.075672e-01 1.063182e-01 5.801135e-01
    outer loop
      vertex 1.178760e+01 3.157721e+00 3.110302e+01
      vertex 1.220335e+01 3.265381e-05 3.110302e+01
      vertex 1.909755e+01 2.513854e+00 2.104498e+01
    endloop
  endfacet
  facet normal 8.208469e-01 3.072057e-02 5.703214e-01
    outer loop
      vertex 1.909755e+01 2.513854e+00 2.104498e+01
      vertex 1.220335e+01 3.265381e-05 3.110302e+01
      vertex 2.126622e+01 3.265381e-05 1.805905e+01
    endloop
  endfacet
  facet normal 8.208469e-01 3.072057e-02 5.703214e-01
    outer loop
      vertex 1.909755e+01 2.513854e+00 2.104498e+01
      vertex 1.220335e+01 3.265381e-05 3.110302e+01
      vertex 2.126622e+01 3.265381e-05 1.805905e+01
    endloop
  endfacet
  facet normal 8.208469e-01 3.072057e-02 5.703214e-01
    outer loop
      vertex 1.909755e+01 2.513854e+00 2.104498e+01
      vertex 1.220335e+01 3.265381e-05 3.110302e+01
      vertex 2.126622e+01 3.265381e-05 1.805905e+01
    endloop
  endfacet
  facet normal 7.718004e-01 -3.431177e-01 5.353451e-01
    outer loop
      vertex 1.779629e+01 -7.370258e+00 2.104498e+01
      vertex 1.841750e+01 -1.063166e+01 1.805905e+01
      vertex 2.427683e+01 -1.140660e+01 9.115049e+00
    endloop
  endfacet
  facet normal 7.718004e-01 -3.431177e-01 5.353451e-01
    outer loop
      vertex 1.779629e+01 -7.370258e+00 2.104498e+01
      vertex 1.841750e+01 -1.063166e+01 1.805905e+01
      vertex 2.427683e+01 -1.140660e+01 9.115049e+00
    endloop
  endfacet
  facet normal 7.718004e-01 -3.431177e-01 5.353451e-01
    outer loop
      vertex 1.779629e+01 -7.370258e+00 2.104498e+01
      vertex 1.841750e+01 -1.063166e+01 1.805905e+01
      vertex 2.427683e+01 -1.140660e+01 9.115049e+00
    endloop
  endfacet
  facet normal -4.289326e-01 7.374780e-01 5.216733e-01
    outer loop
      vertex -1.062872e+01 1.841456e+01 1.805905e+01
      vertex -1.448833e+01 2.509958e+01 5.435096e+00
      vertex -1.531558e+01 2.201536e+01 9.115049e+00
    endloop
  endfacet
  facet normal -4.289326e-01 7.374780e-01 5.216733e-01
    outer loop
      vertex -1.062872e+01 1.841456e+01 1.805905e+01
      vertex -1.448833e+01 2.509958e+01 5.435096e+00
      vertex -1.531558e+01 2.201536e+01 9.115049e+00
    endloop
  endfacet
  facet normal -4.289326e-01 7.374780e-01 5.216733e-01
    outer loop
      vertex -1.062872e+01 1.841456e+01 1.805905e+01
      vertex -1.448833e+01 2.509958e+01 5.435096e+00
      vertex -1.531558e+01 2.201536e+01 9.115049e+00
    endloop
  endfacet
  facet normal -6.013331e-01 6.051904e-01 5.216733e-01
    outer loop
      vertex -1.503247e+01 1.503542e+01 1.805905e+01
      vertex -1.729753e+01 2.049454e+01 9.115049e+00
      vertex -2.049082e+01 2.049376e+01 5.435096e+00
    endloop
  endfacet
  facet normal -6.013331e-01 6.051904e-01 5.216733e-01
    outer loop
      vertex -1.503247e+01 1.503542e+01 1.805905e+01
      vertex -1.729753e+01 2.049454e+01 9.115049e+00
      vertex -2.049082e+01 2.049376e+01 5.435096e+00
    endloop
  endfacet
  facet normal -6.013331e-01 6.051904e-01 5.216733e-01
    outer loop
      vertex -1.503247e+01 1.503542e+01 1.805905e+01
      vertex -1.729753e+01 2.049454e+01 9.115049e+00
      vertex -2.049082e+01 2.049376e+01 5.435096e+00
    endloop
  endfacet
  facet normal -5.311828e-01 6.566966e-01 5.353451e-01
    outer loop
      vertex -1.172144e+01 1.527947e+01 2.104498e+01
      vertex -1.729753e+01 2.049454e+01 9.115049e+00
      vertex -1.503247e+01 1.503542e+01 1.805905e+01
    endloop
  endfacet
  facet normal -5.311828e-01 6.566966e-01 5.353451e-01
    outer loop
      vertex -1.172144e+01 1.527947e+01 2.104498e+01
      vertex -1.729753e+01 2.049454e+01 9.115049e+00
      vertex -1.503247e+01 1.503542e+01 1.805905e+01
    endloop
  endfacet
  facet normal -5.311828e-01 6.566966e-01 5.353451e-01
    outer loop
      vertex -1.172144e+01 1.527947e+01 2.104498e+01
      vertex -1.729753e+01 2.049454e+01 9.115049e+00
      vertex -1.503247e+01 1.503542e+01 1.805905e+01
    endloop
  endfacet
  facet normal 8.008283e-01 1.827770e-01 5.703214e-01
    outer loop
      vertex 2.054170e+01 5.503375e+00 1.805905e+01
      vertex 1.178760e+01 3.157721e+00 3.110302e+01
      vertex 1.909755e+01 2.513854e+00 2.104498e+01
    endloop
  endfacet
  facet normal 8.008283e-01 1.827770e-01 5.703214e-01
    outer loop
      vertex 2.054170e+01 5.503375e+00 1.805905e+01
      vertex 1.178760e+01 3.157721e+00 3.110302e+01
      vertex 1.909755e+01 2.513854e+00 2.104498e+01
    endloop
  endfacet
  facet normal 8.008283e-01 1.827770e-01 5.703214e-01
    outer loop
      vertex 2.054170e+01 5.503375e+00 1.805905e+01
      vertex 1.178760e+01 3.157721e+00 3.110302e+01
      vertex 1.909755e+01 2.513854e+00 2.104498e+01
    endloop
  endfacet
  facet normal 8.531410e-01 2.727516e-03 5.216733e-01
    outer loop
      vertex 2.672809e+01 2.258500e+00 9.115049e+00
      vertex 2.126622e+01 3.265381e-05 1.805905e+01
      vertex 2.898544e+01 3.265381e-05 5.435096e+00
    endloop
  endfacet
  facet normal 8.531410e-01 2.727516e-03 5.216733e-01
    outer loop
      vertex 2.672809e+01 2.258500e+00 9.115049e+00
      vertex 2.126622e+01 3.265381e-05 1.805905e+01
      vertex 2.898544e+01 3.265381e-05 5.435096e+00
    endloop
  endfacet
  facet normal 8.531410e-01 2.727516e-03 5.216733e-01
    outer loop
      vertex 2.672809e+01 2.258500e+00 9.115049e+00
      vertex 2.126622e+01 3.265381e-05 1.805905e+01
      vertex 2.898544e+01 3.265381e-05 5.435096e+00
    endloop
  endfacet
  facet normal -3.235889e-01 7.812128e-01 5.338508e-01
    outer loop
      vertex -7.367319e+00 1.779335e+01 2.104498e+01
      vertex -9.095620e+00 2.522994e+01 9.115049e+00
      vertex -1.140365e+01 2.427389e+01 9.115049e+00
    endloop
  endfacet
  facet normal -3.235889e-01 7.812128e-01 5.338508e-01
    outer loop
      vertex -7.367319e+00 1.779335e+01 2.104498e+01
      vertex -9.095620e+00 2.522994e+01 9.115049e+00
      vertex -1.140365e+01 2.427389e+01 9.115049e+00
    endloop
  endfacet
  facet normal -3.235889e-01 7.812128e-01 5.338508e-01
    outer loop
      vertex -7.367319e+00 1.779335e+01 2.104498e+01
      vertex -9.095620e+00 2.522994e+01 9.115049e+00
      vertex -1.140365e+01 2.427389e+01 9.115049e+00
    endloop
  endfacet
  facet normal -3.838187e-01 7.262346e-01 5.703214e-01
    outer loop
      vertex -6.097282e+00 1.056589e+01 3.110302e+01
      vertex -7.367319e+00 1.779335e+01 2.104498e+01
      vertex -1.062872e+01 1.841456e+01 1.805905e+01
    endloop
  endfacet
  facet normal -3.838187e-01 7.262346e-01 5.703214e-01
    outer loop
      vertex -6.097282e+00 1.056589e+01 3.110302e+01
      vertex -7.367319e+00 1.779335e+01 2.104498e+01
      vertex -1.062872e+01 1.841456e+01 1.805905e+01
    endloop
  endfacet
  facet normal -3.838187e-01 7.262346e-01 5.703214e-01
    outer loop
      vertex -6.097282e+00 1.056589e+01 3.110302e+01
      vertex -7.367319e+00 1.779335e+01 2.104498e+01
      vertex -1.062872e+01 1.841456e+01 1.805905e+01
    endloop
  endfacet
  facet normal -7.110782e-01 2.945382e-01 6.384474e-01
    outer loop
      vertex -1.056289e+01 6.100221e+00 3.110302e+01
      vertex -1.178173e+01 3.157721e+00 3.110302e+01
      vertex 2.971497e-03 3.265381e-05 4.568509e+01
    endloop
  endfacet
  facet normal -7.110782e-01 2.945382e-01 6.384474e-01
    outer loop
      vertex -1.056289e+01 6.100221e+00 3.110302e+01
      vertex -1.178173e+01 3.157721e+00 3.110302e+01
      vertex 2.971497e-03 3.265381e-05 4.568509e+01
    endloop
  endfacet
  facet normal -7.110782e-01 2.945382e-01 6.384474e-01
    outer loop
      vertex -1.056289e+01 6.100221e+00 3.110302e+01
      vertex -1.178173e+01 3.157721e+00 3.110302e+01
      vertex 2.971497e-03 3.265381e-05 4.568509e+01
    endloop
  endfacet
  facet normal -7.402055e-01 4.242084e-01 5.216733e-01
    outer loop
      vertex -2.509664e+01 1.449127e+01 5.435096e+00
      vertex -2.427096e+01 1.140666e+01 9.115049e+00
      vertex -1.841162e+01 1.063166e+01 1.805905e+01
    endloop
  endfacet
  facet normal -7.402055e-01 4.242084e-01 5.216733e-01
    outer loop
      vertex -2.509664e+01 1.449127e+01 5.435096e+00
      vertex -2.427096e+01 1.140666e+01 9.115049e+00
      vertex -1.841162e+01 1.063166e+01 1.805905e+01
    endloop
  endfacet
  facet normal -7.402055e-01 4.242084e-01 5.216733e-01
    outer loop
      vertex -2.509664e+01 1.449127e+01 5.435096e+00
      vertex -2.427096e+01 1.140666e+01 9.115049e+00
      vertex -1.841162e+01 1.063166e+01 1.805905e+01
    endloop
  endfacet
  facet normal -7.718004e-01 3.431177e-01 5.353451e-01
    outer loop
      vertex -2.427096e+01 1.140666e+01 9.115049e+00
      vertex -1.779042e+01 7.370258e+00 2.104498e+01
      vertex -1.841162e+01 1.063166e+01 1.805905e+01
    endloop
  endfacet
  facet normal -7.718004e-01 3.431177e-01 5.353451e-01
    outer loop
      vertex -2.427096e+01 1.140666e+01 9.115049e+00
      vertex -1.779042e+01 7.370258e+00 2.104498e+01
      vertex -1.841162e+01 1.063166e+01 1.805905e+01
    endloop
  endfacet
  facet normal -7.718004e-01 3.431177e-01 5.353451e-01
    outer loop
      vertex -2.427096e+01 1.140666e+01 9.115049e+00
      vertex -1.779042e+01 7.370258e+00 2.104498e+01
      vertex -1.841162e+01 1.063166e+01 1.805905e+01
    endloop
  endfacet
  facet normal -7.883661e-01 3.031245e-01 5.353451e-01
    outer loop
      vertex -2.522699e+01 9.098559e+00 9.115049e+00
      vertex -2.053581e+01 5.503375e+00 1.805905e+01
      vertex -1.779042e+01 7.370258e+00 2.104498e+01
    endloop
  endfacet
  facet normal -7.883661e-01 3.031245e-01 5.353451e-01
    outer loop
      vertex -2.522699e+01 9.098559e+00 9.115049e+00
      vertex -2.053581e+01 5.503375e+00 1.805905e+01
      vertex -1.779042e+01 7.370258e+00 2.104498e+01
    endloop
  endfacet
  facet normal -7.883661e-01 3.031245e-01 5.353451e-01
    outer loop
      vertex -2.522699e+01 9.098559e+00 9.115049e+00
      vertex -2.053581e+01 5.503375e+00 1.805905e+01
      vertex -1.779042e+01 7.370258e+00 2.104498e+01
    endloop
  endfacet
  facet normal -3.031245e-01 7.883661e-01 5.353451e-01
    outer loop
      vertex -7.367319e+00 1.779335e+01 2.104498e+01
      vertex -5.500370e+00 2.053876e+01 1.805905e+01
      vertex -9.095620e+00 2.522994e+01 9.115049e+00
    endloop
  endfacet
  facet normal -3.031245e-01 7.883661e-01 5.353451e-01
    outer loop
      vertex -7.367319e+00 1.779335e+01 2.104498e+01
      vertex -5.500370e+00 2.053876e+01 1.805905e+01
      vertex -9.095620e+00 2.522994e+01 9.115049e+00
    endloop
  endfacet
  facet normal -3.031245e-01 7.883661e-01 5.353451e-01
    outer loop
      vertex -7.367319e+00 1.779335e+01 2.104498e+01
      vertex -5.500370e+00 2.053876e+01 1.805905e+01
      vertex -9.095620e+00 2.522994e+01 9.115049e+00
    endloop
  endfacet
  facet normal -3.117093e-01 7.525328e-01 5.801135e-01
    outer loop
      vertex -3.154783e+00 1.178466e+01 3.110302e+01
      vertex -7.367319e+00 1.779335e+01 2.104498e+01
      vertex -6.097282e+00 1.056589e+01 3.110302e+01
    endloop
  endfacet
  facet normal -3.117093e-01 7.525328e-01 5.801135e-01
    outer loop
      vertex -3.154783e+00 1.178466e+01 3.110302e+01
      vertex -7.367319e+00 1.779335e+01 2.104498e+01
      vertex -6.097282e+00 1.056589e+01 3.110302e+01
    endloop
  endfacet
  facet normal -3.117093e-01 7.525328e-01 5.801135e-01
    outer loop
      vertex -3.154783e+00 1.178466e+01 3.110302e+01
      vertex -7.367319e+00 1.779335e+01 2.104498e+01
      vertex -6.097282e+00 1.056589e+01 3.110302e+01
    endloop
  endfacet
  facet normal -2.945382e-01 7.110782e-01 6.384474e-01
    outer loop
      vertex 2.971497e-03 3.265381e-05 4.568509e+01
      vertex -3.154783e+00 1.178466e+01 3.110302e+01
      vertex -6.097282e+00 1.056589e+01 3.110302e+01
    endloop
  endfacet
  facet normal -2.945382e-01 7.110782e-01 6.384474e-01
    outer loop
      vertex 2.971497e-03 3.265381e-05 4.568509e+01
      vertex -3.154783e+00 1.178466e+01 3.110302e+01
      vertex -6.097282e+00 1.056589e+01 3.110302e+01
    endloop
  endfacet
  facet normal -2.945382e-01 7.110782e-01 6.384474e-01
    outer loop
      vertex 2.971497e-03 3.265381e-05 4.568509e+01
      vertex -3.154783e+00 1.178466e+01 3.110302e+01
      vertex -6.097282e+00 1.056589e+01 3.110302e+01
    endloop
  endfacet
  facet normal -4.242084e-01 7.402055e-01 5.216733e-01
    outer loop
      vertex -1.062872e+01 1.841456e+01 1.805905e+01
      vertex -1.140365e+01 2.427389e+01 9.115049e+00
      vertex -1.448833e+01 2.509958e+01 5.435096e+00
    endloop
  endfacet
  facet normal -4.242084e-01 7.402055e-01 5.216733e-01
    outer loop
      vertex -1.062872e+01 1.841456e+01 1.805905e+01
      vertex -1.140365e+01 2.427389e+01 9.115049e+00
      vertex -1.448833e+01 2.509958e+01 5.435096e+00
    endloop
  endfacet
  facet normal -4.242084e-01 7.402055e-01 5.216733e-01
    outer loop
      vertex -1.062872e+01 1.841456e+01 1.805905e+01
      vertex -1.140365e+01 2.427389e+01 9.115049e+00
      vertex -1.448833e+01 2.509958e+01 5.435096e+00
    endloop
  endfacet
  facet normal -3.431177e-01 7.718004e-01 5.353451e-01
    outer loop
      vertex -7.367319e+00 1.779335e+01 2.104498e+01
      vertex -1.140365e+01 2.427389e+01 9.115049e+00
      vertex -1.062872e+01 1.841456e+01 1.805905e+01
    endloop
  endfacet
  facet normal -3.431177e-01 7.718004e-01 5.353451e-01
    outer loop
      vertex -7.367319e+00 1.779335e+01 2.104498e+01
      vertex -1.140365e+01 2.427389e+01 9.115049e+00
      vertex -1.062872e+01 1.841456e+01 1.805905e+01
    endloop
  endfacet
  facet normal -3.431177e-01 7.718004e-01 5.353451e-01
    outer loop
      vertex -7.367319e+00 1.779335e+01 2.104498e+01
      vertex -1.140365e+01 2.427389e+01 9.115049e+00
      vertex -1.062872e+01 1.841456e+01 1.805905e+01
    endloop
  endfacet
  facet normal -7.262346e-01 3.838187e-01 5.703214e-01
    outer loop
      vertex -1.841162e+01 1.063166e+01 1.805905e+01
      vertex -1.779042e+01 7.370258e+00 2.104498e+01
      vertex -1.056289e+01 6.100221e+00 3.110302e+01
    endloop
  endfacet
  facet normal -7.262346e-01 3.838187e-01 5.703214e-01
    outer loop
      vertex -1.841162e+01 1.063166e+01 1.805905e+01
      vertex -1.779042e+01 7.370258e+00 2.104498e+01
      vertex -1.056289e+01 6.100221e+00 3.110302e+01
    endloop
  endfacet
  facet normal -7.262346e-01 3.838187e-01 5.703214e-01
    outer loop
      vertex -1.841162e+01 1.063166e+01 1.805905e+01
      vertex -1.779042e+01 7.370258e+00 2.104498e+01
      vertex -1.056289e+01 6.100221e+00 3.110302e+01
    endloop
  endfacet
  facet normal -7.849262e-01 2.421246e-01 5.703214e-01
    outer loop
      vertex -1.779042e+01 7.370258e+00 2.104498e+01
      vertex -2.053581e+01 5.503375e+00 1.805905e+01
      vertex -1.178173e+01 3.157721e+00 3.110302e+01
    endloop
  endfacet
  facet normal -7.849262e-01 2.421246e-01 5.703214e-01
    outer loop
      vertex -1.779042e+01 7.370258e+00 2.104498e+01
      vertex -2.053581e+01 5.503375e+00 1.805905e+01
      vertex -1.178173e+01 3.157721e+00 3.110302e+01
    endloop
  endfacet
  facet normal -7.849262e-01 2.421246e-01 5.703214e-01
    outer loop
      vertex -1.779042e+01 7.370258e+00 2.104498e+01
      vertex -2.053581e+01 5.503375e+00 1.805905e+01
      vertex -1.178173e+01 3.157721e+00 3.110302e+01
    endloop
  endfacet
  facet normal -7.525328e-01 3.117093e-01 5.801135e-01
    outer loop
      vertex -1.779042e+01 7.370258e+00 2.104498e+01
      vertex -1.178173e+01 3.157721e+00 3.110302e+01
      vertex -1.056289e+01 6.100221e+00 3.110302e+01
    endloop
  endfacet
  facet normal -7.525328e-01 3.117093e-01 5.801135e-01
    outer loop
      vertex -1.779042e+01 7.370258e+00 2.104498e+01
      vertex -1.178173e+01 3.157721e+00 3.110302e+01
      vertex -1.056289e+01 6.100221e+00 3.110302e+01
    endloop
  endfacet
  facet normal -7.525328e-01 3.117093e-01 5.801135e-01
    outer loop
      vertex -1.779042e+01 7.370258e+00 2.104498e+01
      vertex -1.178173e+01 3.157721e+00 3.110302e+01
      vertex -1.056289e+01 6.100221e+00 3.110302e+01
    endloop
  endfacet
  facet normal -2.234437e-01 8.233650e-01 5.216733e-01
    outer loop
      vertex -5.500370e+00 2.053876e+01 1.805905e+01
      vertex -7.498261e+00 2.799499e+01 5.435096e+00
      vertex -9.095620e+00 2.522994e+01 9.115049e+00
    endloop
  endfacet
  facet normal -2.234437e-01 8.233650e-01 5.216733e-01
    outer loop
      vertex -5.500370e+00 2.053876e+01 1.805905e+01
      vertex -7.498261e+00 2.799499e+01 5.435096e+00
      vertex -9.095620e+00 2.522994e+01 9.115049e+00
    endloop
  endfacet
  facet normal -2.234437e-01 8.233650e-01 5.216733e-01
    outer loop
      vertex -5.500370e+00 2.053876e+01 1.805905e+01
      vertex -7.498261e+00 2.799499e+01 5.435096e+00
      vertex -9.095620e+00 2.522994e+01 9.115049e+00
    endloop
  endfacet
  facet normal -7.812128e-01 3.235889e-01 5.338508e-01
    outer loop
      vertex -2.427096e+01 1.140666e+01 9.115049e+00
      vertex -2.522699e+01 9.098559e+00 9.115049e+00
      vertex -1.779042e+01 7.370258e+00 2.104498e+01
    endloop
  endfacet
  facet normal -7.812128e-01 3.235889e-01 5.338508e-01
    outer loop
      vertex -2.427096e+01 1.140666e+01 9.115049e+00
      vertex -2.522699e+01 9.098559e+00 9.115049e+00
      vertex -1.779042e+01 7.370258e+00 2.104498e+01
    endloop
  endfacet
  facet normal -7.812128e-01 3.235889e-01 5.338508e-01
    outer loop
      vertex -2.427096e+01 1.140666e+01 9.115049e+00
      vertex -2.522699e+01 9.098559e+00 9.115049e+00
      vertex -1.779042e+01 7.370258e+00 2.104498e+01
    endloop
  endfacet
  facet normal -2.421246e-01 7.849262e-01 5.703214e-01
    outer loop
      vertex -3.154783e+00 1.178466e+01 3.110302e+01
      vertex -5.500370e+00 2.053876e+01 1.805905e+01
      vertex -7.367319e+00 1.779335e+01 2.104498e+01
    endloop
  endfacet
  facet normal -2.421246e-01 7.849262e-01 5.703214e-01
    outer loop
      vertex -3.154783e+00 1.178466e+01 3.110302e+01
      vertex -5.500370e+00 2.053876e+01 1.805905e+01
      vertex -7.367319e+00 1.779335e+01 2.104498e+01
    endloop
  endfacet
  facet normal -2.421246e-01 7.849262e-01 5.703214e-01
    outer loop
      vertex -3.154783e+00 1.178466e+01 3.110302e+01
      vertex -5.500370e+00 2.053876e+01 1.805905e+01
      vertex -7.367319e+00 1.779335e+01 2.104498e+01
    endloop
  endfacet
  facet normal -8.233650e-01 2.234437e-01 5.216733e-01
    outer loop
      vertex -2.522699e+01 9.098559e+00 9.115049e+00
      vertex -2.799206e+01 7.501266e+00 5.435096e+00
      vertex -2.053581e+01 5.503375e+00 1.805905e+01
    endloop
  endfacet
  facet normal -8.233650e-01 2.234437e-01 5.216733e-01
    outer loop
      vertex -2.522699e+01 9.098559e+00 9.115049e+00
      vertex -2.799206e+01 7.501266e+00 5.435096e+00
      vertex -2.053581e+01 5.503375e+00 1.805905e+01
    endloop
  endfacet
  facet normal -8.233650e-01 2.234437e-01 5.216733e-01
    outer loop
      vertex -2.522699e+01 9.098559e+00 9.115049e+00
      vertex -2.799206e+01 7.501266e+00 5.435096e+00
      vertex -2.053581e+01 5.503375e+00 1.805905e+01
    endloop
  endfacet
  facet normal 2.181746e-01 -8.247768e-01 5.216733e-01
    outer loop
      vertex 5.506314e+00 -2.053876e+01 1.805905e+01
      vertex 4.738361e+00 -2.639901e+01 9.115049e+00
      vertex 7.504204e+00 -2.799499e+01 5.435096e+00
    endloop
  endfacet
  facet normal 2.181746e-01 -8.247768e-01 5.216733e-01
    outer loop
      vertex 5.506314e+00 -2.053876e+01 1.805905e+01
      vertex 4.738361e+00 -2.639901e+01 9.115049e+00
      vertex 7.504204e+00 -2.799499e+01 5.435096e+00
    endloop
  endfacet
  facet normal 2.181746e-01 -8.247768e-01 5.216733e-01
    outer loop
      vertex 5.506314e+00 -2.053876e+01 1.805905e+01
      vertex 4.738361e+00 -2.639901e+01 9.115049e+00
      vertex 7.504204e+00 -2.799499e+01 5.435096e+00
    endloop
  endfacet
  facet normal 4.370283e-01 -6.955140e-01 5.703214e-01
    outer loop
      vertex 6.103160e+00 -1.056583e+01 3.110302e+01
      vertex 1.063459e+01 -1.841456e+01 1.805905e+01
      vertex 1.172732e+01 -1.527947e+01 2.104498e+01
    endloop
  endfacet
  facet normal 4.370283e-01 -6.955140e-01 5.703214e-01
    outer loop
      vertex 6.103160e+00 -1.056583e+01 3.110302e+01
      vertex 1.063459e+01 -1.841456e+01 1.805905e+01
      vertex 1.172732e+01 -1.527947e+01 2.104498e+01
    endloop
  endfacet
  facet normal 4.370283e-01 -6.955140e-01 5.703214e-01
    outer loop
      vertex 6.103160e+00 -1.056583e+01 3.110302e+01
      vertex 1.063459e+01 -1.841456e+01 1.805905e+01
      vertex 1.172732e+01 -1.527947e+01 2.104498e+01
    endloop
  endfacet
  facet normal 4.685426e-01 -6.106167e-01 6.384474e-01
    outer loop
      vertex 8.629912e+00 -8.626973e+00 3.110302e+01
      vertex 2.971497e-03 3.265381e-05 4.568509e+01
      vertex 6.103160e+00 -1.056583e+01 3.110302e+01
    endloop
  endfacet
  facet normal 4.685426e-01 -6.106167e-01 6.384474e-01
    outer loop
      vertex 8.629912e+00 -8.626973e+00 3.110302e+01
      vertex 2.971497e-03 3.265381e-05 4.568509e+01
      vertex 6.103160e+00 -1.056583e+01 3.110302e+01
    endloop
  endfacet
  facet normal 4.685426e-01 -6.106167e-01 6.384474e-01
    outer loop
      vertex 8.629912e+00 -8.626973e+00 3.110302e+01
      vertex 2.971497e-03 3.265381e-05 4.568509e+01
      vertex 6.103160e+00 -1.056583e+01 3.110302e+01
    endloop
  endfacet
  facet normal 5.587037e-01 -6.021491e-01 5.703214e-01
    outer loop
      vertex 8.629912e+00 -8.626973e+00 3.110302e+01
      vertex 1.172732e+01 -1.527947e+01 2.104498e+01
      vertex 1.503835e+01 -1.503542e+01 1.805905e+01
    endloop
  endfacet
  facet normal 5.587037e-01 -6.021491e-01 5.703214e-01
    outer loop
      vertex 8.629912e+00 -8.626973e+00 3.110302e+01
      vertex 1.172732e+01 -1.527947e+01 2.104498e+01
      vertex 1.503835e+01 -1.503542e+01 1.805905e+01
    endloop
  endfacet
  facet normal 5.587037e-01 -6.021491e-01 5.703214e-01
    outer loop
      vertex 8.629912e+00 -8.626973e+00 3.110302e+01
      vertex 1.172732e+01 -1.527947e+01 2.104498e+01
      vertex 1.503835e+01 -1.503542e+01 1.805905e+01
    endloop
  endfacet
  facet normal 4.958579e-01 -6.462146e-01 5.801135e-01
    outer loop
      vertex 6.103160e+00 -1.056583e+01 3.110302e+01
      vertex 1.172732e+01 -1.527947e+01 2.104498e+01
      vertex 8.629912e+00 -8.626973e+00 3.110302e+01
    endloop
  endfacet
  facet normal 4.958579e-01 -6.462146e-01 5.801135e-01
    outer loop
      vertex 6.103160e+00 -1.056583e+01 3.110302e+01
      vertex 1.172732e+01 -1.527947e+01 2.104498e+01
      vertex 8.629912e+00 -8.626973e+00 3.110302e+01
    endloop
  endfacet
  facet normal 4.958579e-01 -6.462146e-01 5.801135e-01
    outer loop
      vertex 6.103160e+00 -1.056583e+01 3.110302e+01
      vertex 1.172732e+01 -1.527947e+01 2.104498e+01
      vertex 8.629912e+00 -8.626973e+00 3.110302e+01
    endloop
  endfacet
  facet normal 4.289326e-01 -7.374780e-01 5.216733e-01
    outer loop
      vertex 1.063459e+01 -1.841456e+01 1.805905e+01
      vertex 1.449421e+01 -2.509958e+01 5.435096e+00
      vertex 1.532146e+01 -2.201536e+01 9.115049e+00
    endloop
  endfacet
  facet normal 4.289326e-01 -7.374780e-01 5.216733e-01
    outer loop
      vertex 1.063459e+01 -1.841456e+01 1.805905e+01
      vertex 1.449421e+01 -2.509958e+01 5.435096e+00
      vertex 1.532146e+01 -2.201536e+01 9.115049e+00
    endloop
  endfacet
  facet normal 4.289326e-01 -7.374780e-01 5.216733e-01
    outer loop
      vertex 1.063459e+01 -1.841456e+01 1.805905e+01
      vertex 1.449421e+01 -2.509958e+01 5.435096e+00
      vertex 1.532146e+01 -2.201536e+01 9.115049e+00
    endloop
  endfacet
  facet normal 2.923180e-01 8.148999e-01 5.004881e-01
    outer loop
      vertex 9.101498e+00 2.522994e+01 9.115049e+00
      vertex 1.202682e+01 2.977881e+01 0.000000e+00
      vertex 1.031981e+01 3.039112e+01 0.000000e+00
    endloop
  endfacet
  facet normal 2.923180e-01 8.148999e-01 5.004881e-01
    outer loop
      vertex 9.101498e+00 2.522994e+01 9.115049e+00
      vertex 1.202682e+01 2.977881e+01 0.000000e+00
      vertex 1.031981e+01 3.039112e+01 0.000000e+00
    endloop
  endfacet
  facet normal 2.923180e-01 8.148999e-01 5.004881e-01
    outer loop
      vertex 9.101498e+00 2.522994e+01 9.115049e+00
      vertex 1.202682e+01 2.977881e+01 0.000000e+00
      vertex 1.031981e+01 3.039112e+01 0.000000e+00
    endloop
  endfacet
  facet normal 2.682449e-01 8.224829e-01 5.015641e-01
    outer loop
      vertex 7.504204e+00 2.799499e+01 5.435096e+00
      vertex 1.031981e+01 3.039112e+01 0.000000e+00
      vertex 9.459124e+00 3.067182e+01 0.000000e+00
    endloop
  endfacet
  facet normal 2.682449e-01 8.224829e-01 5.015641e-01
    outer loop
      vertex 7.504204e+00 2.799499e+01 5.435096e+00
      vertex 1.031981e+01 3.039112e+01 0.000000e+00
      vertex 9.459124e+00 3.067182e+01 0.000000e+00
    endloop
  endfacet
  facet normal 2.682449e-01 8.224829e-01 5.015641e-01
    outer loop
      vertex 7.504204e+00 2.799499e+01 5.435096e+00
      vertex 1.031981e+01 3.039112e+01 0.000000e+00
      vertex 9.459124e+00 3.067182e+01 0.000000e+00
    endloop
  endfacet
  facet normal 2.682449e-01 8.224829e-01 5.015641e-01
    outer loop
      vertex 1.031981e+01 3.039112e+01 0.000000e+00
      vertex 7.504204e+00 2.799499e+01 5.435096e+00
      vertex 9.101498e+00 2.522994e+01 9.115049e+00
    endloop
  endfacet
  facet normal 2.682449e-01 8.224829e-01 5.015641e-01
    outer loop
      vertex 1.031981e+01 3.039112e+01 0.000000e+00
      vertex 7.504204e+00 2.799499e+01 5.435096e+00
      vertex 9.101498e+00 2.522994e+01 9.115049e+00
    endloop
  endfacet
  facet normal 2.682449e-01 8.224829e-01 5.015641e-01
    outer loop
      vertex 1.031981e+01 3.039112e+01 0.000000e+00
      vertex 7.504204e+00 2.799499e+01 5.435096e+00
      vertex 9.101498e+00 2.522994e+01 9.115049e+00
    endloop
  endfacet
  facet normal 3.304759e-01 7.978394e-01 5.042202e-01
    outer loop
      vertex 9.101498e+00 2.522994e+01 9.115049e+00
      vertex 1.255757e+01 2.955891e+01 0.000000e+00
      vertex 1.202682e+01 2.977881e+01 0.000000e+00
    endloop
  endfacet
  facet normal 3.304759e-01 7.978394e-01 5.042202e-01
    outer loop
      vertex 9.101498e+00 2.522994e+01 9.115049e+00
      vertex 1.255757e+01 2.955891e+01 0.000000e+00
      vertex 1.202682e+01 2.977881e+01 0.000000e+00
    endloop
  endfacet
  facet normal 3.304759e-01 7.978394e-01 5.042202e-01
    outer loop
      vertex 9.101498e+00 2.522994e+01 9.115049e+00
      vertex 1.255757e+01 2.955891e+01 0.000000e+00
      vertex 1.202682e+01 2.977881e+01 0.000000e+00
    endloop
  endfacet
  facet normal 3.304759e-01 7.978394e-01 5.042202e-01
    outer loop
      vertex 1.255757e+01 2.955891e+01 0.000000e+00
      vertex 9.101498e+00 2.522994e+01 9.115049e+00
      vertex 1.140960e+01 2.427389e+01 9.115049e+00
    endloop
  endfacet
  facet normal 3.304759e-01 7.978394e-01 5.042202e-01
    outer loop
      vertex 1.255757e+01 2.955891e+01 0.000000e+00
      vertex 9.101498e+00 2.522994e+01 9.115049e+00
      vertex 1.140960e+01 2.427389e+01 9.115049e+00
    endloop
  endfacet
  facet normal 3.304759e-01 7.978394e-01 5.042202e-01
    outer loop
      vertex 1.255757e+01 2.955891e+01 0.000000e+00
      vertex 9.101498e+00 2.522994e+01 9.115049e+00
      vertex 1.140960e+01 2.427389e+01 9.115049e+00
    endloop
  endfacet
  facet normal -7.545474e-01 4.306958e-01 4.951357e-01
    outer loop
      vertex -2.777915e+01 1.604004e+01 0.000000e+00
      vertex -2.837182e+01 1.500171e+01 0.000000e+00
      vertex -2.509664e+01 1.449127e+01 5.435096e+00
    endloop
  endfacet
  facet normal -7.545474e-01 4.306958e-01 4.951357e-01
    outer loop
      vertex -2.777915e+01 1.604004e+01 0.000000e+00
      vertex -2.837182e+01 1.500171e+01 0.000000e+00
      vertex -2.509664e+01 1.449127e+01 5.435096e+00
    endloop
  endfacet
  facet normal -7.545474e-01 4.306958e-01 4.951357e-01
    outer loop
      vertex -2.777915e+01 1.604004e+01 0.000000e+00
      vertex -2.837182e+01 1.500171e+01 0.000000e+00
      vertex -2.509664e+01 1.449127e+01 5.435096e+00
    endloop
  endfacet
  facet normal -7.829213e-01 3.695212e-01 5.004881e-01
    outer loop
      vertex -2.878195e+01 1.419464e+01 0.000000e+00
      vertex -2.955598e+01 1.255464e+01 0.000000e+00
      vertex -2.427096e+01 1.140666e+01 9.115049e+00
    endloop
  endfacet
  facet normal -7.829213e-01 3.695212e-01 5.004881e-01
    outer loop
      vertex -2.878195e+01 1.419464e+01 0.000000e+00
      vertex -2.955598e+01 1.255464e+01 0.000000e+00
      vertex -2.427096e+01 1.140666e+01 9.115049e+00
    endloop
  endfacet
  facet normal -7.829213e-01 3.695212e-01 5.004881e-01
    outer loop
      vertex -2.878195e+01 1.419464e+01 0.000000e+00
      vertex -2.955598e+01 1.255464e+01 0.000000e+00
      vertex -2.427096e+01 1.140666e+01 9.115049e+00
    endloop
  endfacet
  facet normal -8.224829e-01 2.682449e-01 5.015641e-01
    outer loop
      vertex -2.522699e+01 9.098559e+00 9.115049e+00
      vertex -3.066889e+01 9.456184e+00 0.000000e+00
      vertex -2.799206e+01 7.501266e+00 5.435096e+00
    endloop
  endfacet
  facet normal -8.224829e-01 2.682449e-01 5.015641e-01
    outer loop
      vertex -2.522699e+01 9.098559e+00 9.115049e+00
      vertex -3.066889e+01 9.456184e+00 0.000000e+00
      vertex -2.799206e+01 7.501266e+00 5.435096e+00
    endloop
  endfacet
  facet normal -8.224829e-01 2.682449e-01 5.015641e-01
    outer loop
      vertex -2.522699e+01 9.098559e+00 9.115049e+00
      vertex -3.066889e+01 9.456184e+00 0.000000e+00
      vertex -2.799206e+01 7.501266e+00 5.435096e+00
    endloop
  endfacet
  facet normal -8.224829e-01 2.682449e-01 5.015641e-01
    outer loop
      vertex -3.066889e+01 9.456184e+00 0.000000e+00
      vertex -2.522699e+01 9.098559e+00 9.115049e+00
      vertex -3.038813e+01 1.031687e+01 0.000000e+00
    endloop
  endfacet
  facet normal -8.224829e-01 2.682449e-01 5.015641e-01
    outer loop
      vertex -3.066889e+01 9.456184e+00 0.000000e+00
      vertex -2.522699e+01 9.098559e+00 9.115049e+00
      vertex -3.038813e+01 1.031687e+01 0.000000e+00
    endloop
  endfacet
  facet normal -8.224829e-01 2.682449e-01 5.015641e-01
    outer loop
      vertex -3.066889e+01 9.456184e+00 0.000000e+00
      vertex -2.522699e+01 9.098559e+00 9.115049e+00
      vertex -3.038813e+01 1.031687e+01 0.000000e+00
    endloop
  endfacet
  facet normal -8.148999e-01 2.923180e-01 5.004881e-01
    outer loop
      vertex -2.977586e+01 1.202388e+01 0.000000e+00
      vertex -3.038813e+01 1.031687e+01 0.000000e+00
      vertex -2.522699e+01 9.098559e+00 9.115049e+00
    endloop
  endfacet
  facet normal -8.148999e-01 2.923180e-01 5.004881e-01
    outer loop
      vertex -2.977586e+01 1.202388e+01 0.000000e+00
      vertex -3.038813e+01 1.031687e+01 0.000000e+00
      vertex -2.522699e+01 9.098559e+00 9.115049e+00
    endloop
  endfacet
  facet normal -8.148999e-01 2.923180e-01 5.004881e-01
    outer loop
      vertex -2.977586e+01 1.202388e+01 0.000000e+00
      vertex -3.038813e+01 1.031687e+01 0.000000e+00
      vertex -2.522699e+01 9.098559e+00 9.115049e+00
    endloop
  endfacet
  facet normal -2.682449e-01 8.224829e-01 5.015641e-01
    outer loop
      vertex -9.095620e+00 2.522994e+01 9.115049e+00
      vertex -9.453245e+00 3.067182e+01 0.000000e+00
      vertex -1.031393e+01 3.039112e+01 0.000000e+00
    endloop
  endfacet
  facet normal -2.682449e-01 8.224829e-01 5.015641e-01
    outer loop
      vertex -9.095620e+00 2.522994e+01 9.115049e+00
      vertex -9.453245e+00 3.067182e+01 0.000000e+00
      vertex -1.031393e+01 3.039112e+01 0.000000e+00
    endloop
  endfacet
  facet normal -2.682449e-01 8.224829e-01 5.015641e-01
    outer loop
      vertex -9.095620e+00 2.522994e+01 9.115049e+00
      vertex -9.453245e+00 3.067182e+01 0.000000e+00
      vertex -1.031393e+01 3.039112e+01 0.000000e+00
    endloop
  endfacet
  facet normal -2.682449e-01 8.224829e-01 5.015641e-01
    outer loop
      vertex -9.453245e+00 3.067182e+01 0.000000e+00
      vertex -9.095620e+00 2.522994e+01 9.115049e+00
      vertex -7.498261e+00 2.799499e+01 5.435096e+00
    endloop
  endfacet
  facet normal -2.682449e-01 8.224829e-01 5.015641e-01
    outer loop
      vertex -9.453245e+00 3.067182e+01 0.000000e+00
      vertex -9.095620e+00 2.522994e+01 9.115049e+00
      vertex -7.498261e+00 2.799499e+01 5.435096e+00
    endloop
  endfacet
  facet normal -2.682449e-01 8.224829e-01 5.015641e-01
    outer loop
      vertex -9.453245e+00 3.067182e+01 0.000000e+00
      vertex -9.095620e+00 2.522994e+01 9.115049e+00
      vertex -7.498261e+00 2.799499e+01 5.435096e+00
    endloop
  endfacet
  facet normal 7.114754e-01 4.932691e-01 5.004882e-01
    outer loop
      vertex 2.565502e+01 1.932148e+01 0.000000e+00
      vertex 2.201830e+01 1.531853e+01 9.115049e+00
      vertex 2.668831e+01 1.783117e+01 0.000000e+00
    endloop
  endfacet
  facet normal 7.114754e-01 4.932691e-01 5.004882e-01
    outer loop
      vertex 2.565502e+01 1.932148e+01 0.000000e+00
      vertex 2.201830e+01 1.531853e+01 9.115049e+00
      vertex 2.668831e+01 1.783117e+01 0.000000e+00
    endloop
  endfacet
  facet normal 7.114754e-01 4.932691e-01 5.004882e-01
    outer loop
      vertex 2.565502e+01 1.932148e+01 0.000000e+00
      vertex 2.201830e+01 1.531853e+01 9.115049e+00
      vertex 2.668831e+01 1.783117e+01 0.000000e+00
    endloop
  endfacet
  facet normal -4.306958e-01 7.545474e-01 4.951357e-01
    outer loop
      vertex -1.448833e+01 2.509958e+01 5.435096e+00
      vertex -1.499878e+01 2.837475e+01 0.000000e+00
      vertex -1.603703e+01 2.778215e+01 0.000000e+00
    endloop
  endfacet
  facet normal -4.306958e-01 7.545474e-01 4.951357e-01
    outer loop
      vertex -1.448833e+01 2.509958e+01 5.435096e+00
      vertex -1.499878e+01 2.837475e+01 0.000000e+00
      vertex -1.603703e+01 2.778215e+01 0.000000e+00
    endloop
  endfacet
  facet normal -4.306958e-01 7.545474e-01 4.951357e-01
    outer loop
      vertex -1.448833e+01 2.509958e+01 5.435096e+00
      vertex -1.499878e+01 2.837475e+01 0.000000e+00
      vertex -1.603703e+01 2.778215e+01 0.000000e+00
    endloop
  endfacet
  facet normal -3.695212e-01 7.829213e-01 5.004881e-01
    outer loop
      vertex -1.140365e+01 2.427389e+01 9.115049e+00
      vertex -1.255170e+01 2.955891e+01 0.000000e+00
      vertex -1.419164e+01 2.878488e+01 0.000000e+00
    endloop
  endfacet
  facet normal -3.695212e-01 7.829213e-01 5.004881e-01
    outer loop
      vertex -1.140365e+01 2.427389e+01 9.115049e+00
      vertex -1.255170e+01 2.955891e+01 0.000000e+00
      vertex -1.419164e+01 2.878488e+01 0.000000e+00
    endloop
  endfacet
  facet normal -3.695212e-01 7.829213e-01 5.004881e-01
    outer loop
      vertex -1.140365e+01 2.427389e+01 9.115049e+00
      vertex -1.255170e+01 2.955891e+01 0.000000e+00
      vertex -1.419164e+01 2.878488e+01 0.000000e+00
    endloop
  endfacet
  facet normal 6.851202e-01 5.257112e-01 5.042202e-01
    outer loop
      vertex 2.565502e+01 1.932148e+01 0.000000e+00
      vertex 2.049748e+01 1.730048e+01 9.115049e+00
      vertex 2.201830e+01 1.531853e+01 9.115049e+00
    endloop
  endfacet
  facet normal 6.851202e-01 5.257112e-01 5.042202e-01
    outer loop
      vertex 2.565502e+01 1.932148e+01 0.000000e+00
      vertex 2.049748e+01 1.730048e+01 9.115049e+00
      vertex 2.201830e+01 1.531853e+01 9.115049e+00
    endloop
  endfacet
  facet normal 6.851202e-01 5.257112e-01 5.042202e-01
    outer loop
      vertex 2.565502e+01 1.932148e+01 0.000000e+00
      vertex 2.049748e+01 1.730048e+01 9.115049e+00
      vertex 2.201830e+01 1.531853e+01 9.115049e+00
    endloop
  endfacet
  facet normal 6.851202e-01 5.257112e-01 5.042202e-01
    outer loop
      vertex 2.049748e+01 1.730048e+01 9.115049e+00
      vertex 2.565502e+01 1.932148e+01 0.000000e+00
      vertex 2.530530e+01 1.977727e+01 0.000000e+00
    endloop
  endfacet
  facet normal 6.851202e-01 5.257112e-01 5.042202e-01
    outer loop
      vertex 2.049748e+01 1.730048e+01 9.115049e+00
      vertex 2.565502e+01 1.932148e+01 0.000000e+00
      vertex 2.530530e+01 1.977727e+01 0.000000e+00
    endloop
  endfacet
  facet normal 6.851202e-01 5.257112e-01 5.042202e-01
    outer loop
      vertex 2.049748e+01 1.730048e+01 9.115049e+00
      vertex 2.565502e+01 1.932148e+01 0.000000e+00
      vertex 2.530530e+01 1.977727e+01 0.000000e+00
    endloop
  endfacet
  facet normal -3.919055e-01 7.712610e-01 5.015641e-01
    outer loop
      vertex -1.499878e+01 2.837475e+01 0.000000e+00
      vertex -1.140365e+01 2.427389e+01 9.115049e+00
      vertex -1.419164e+01 2.878488e+01 0.000000e+00
    endloop
  endfacet
  facet normal -3.919055e-01 7.712610e-01 5.015641e-01
    outer loop
      vertex -1.499878e+01 2.837475e+01 0.000000e+00
      vertex -1.140365e+01 2.427389e+01 9.115049e+00
      vertex -1.419164e+01 2.878488e+01 0.000000e+00
    endloop
  endfacet
  facet normal -3.919055e-01 7.712610e-01 5.015641e-01
    outer loop
      vertex -1.499878e+01 2.837475e+01 0.000000e+00
      vertex -1.140365e+01 2.427389e+01 9.115049e+00
      vertex -1.419164e+01 2.878488e+01 0.000000e+00
    endloop
  endfacet
  facet normal -3.919055e-01 7.712610e-01 5.015641e-01
    outer loop
      vertex -1.140365e+01 2.427389e+01 9.115049e+00
      vertex -1.499878e+01 2.837475e+01 0.000000e+00
      vertex -1.448833e+01 2.509958e+01 5.435096e+00
    endloop
  endfacet
  facet normal -3.919055e-01 7.712610e-01 5.015641e-01
    outer loop
      vertex -1.140365e+01 2.427389e+01 9.115049e+00
      vertex -1.499878e+01 2.837475e+01 0.000000e+00
      vertex -1.448833e+01 2.509958e+01 5.435096e+00
    endloop
  endfacet
  facet normal -3.919055e-01 7.712610e-01 5.015641e-01
    outer loop
      vertex -1.140365e+01 2.427389e+01 9.115049e+00
      vertex -1.499878e+01 2.837475e+01 0.000000e+00
      vertex -1.448833e+01 2.509958e+01 5.435096e+00
    endloop
  endfacet
  facet normal 6.173646e-01 -6.113114e-01 4.951357e-01
    outer loop
      vertex 2.049670e+01 -2.049376e+01 5.435096e+00
      vertex 2.268692e+01 -2.268398e+01 0.000000e+00
      vertex 2.352814e+01 -2.183446e+01 0.000000e+00
    endloop
  endfacet
  facet normal 6.173646e-01 -6.113114e-01 4.951357e-01
    outer loop
      vertex 2.049670e+01 -2.049376e+01 5.435096e+00
      vertex 2.268692e+01 -2.268398e+01 0.000000e+00
      vertex 2.352814e+01 -2.183446e+01 0.000000e+00
    endloop
  endfacet
  facet normal 6.173646e-01 -6.113114e-01 4.951357e-01
    outer loop
      vertex 2.049670e+01 -2.049376e+01 5.435096e+00
      vertex 2.268692e+01 -2.268398e+01 0.000000e+00
      vertex 2.352814e+01 -2.183446e+01 0.000000e+00
    endloop
  endfacet
  facet normal -3.304759e-01 7.978394e-01 5.042202e-01
    outer loop
      vertex -1.140365e+01 2.427389e+01 9.115049e+00
      vertex -1.202095e+01 2.977881e+01 0.000000e+00
      vertex -1.255170e+01 2.955891e+01 0.000000e+00
    endloop
  endfacet
  facet normal -3.304759e-01 7.978394e-01 5.042202e-01
    outer loop
      vertex -1.140365e+01 2.427389e+01 9.115049e+00
      vertex -1.202095e+01 2.977881e+01 0.000000e+00
      vertex -1.255170e+01 2.955891e+01 0.000000e+00
    endloop
  endfacet
  facet normal -3.304759e-01 7.978394e-01 5.042202e-01
    outer loop
      vertex -1.140365e+01 2.427389e+01 9.115049e+00
      vertex -1.202095e+01 2.977881e+01 0.000000e+00
      vertex -1.255170e+01 2.955891e+01 0.000000e+00
    endloop
  endfacet
  facet normal -3.304759e-01 7.978394e-01 5.042202e-01
    outer loop
      vertex -1.202095e+01 2.977881e+01 0.000000e+00
      vertex -1.140365e+01 2.427389e+01 9.115049e+00
      vertex -9.095620e+00 2.522994e+01 9.115049e+00
    endloop
  endfacet
  facet normal -3.304759e-01 7.978394e-01 5.042202e-01
    outer loop
      vertex -1.202095e+01 2.977881e+01 0.000000e+00
      vertex -1.140365e+01 2.427389e+01 9.115049e+00
      vertex -9.095620e+00 2.522994e+01 9.115049e+00
    endloop
  endfacet
  facet normal -3.304759e-01 7.978394e-01 5.042202e-01
    outer loop
      vertex -1.202095e+01 2.977881e+01 0.000000e+00
      vertex -1.140365e+01 2.427389e+01 9.115049e+00
      vertex -9.095620e+00 2.522994e+01 9.115049e+00
    endloop
  endfacet
  facet normal 7.114754e-01 -4.932691e-01 5.004882e-01
    outer loop
      vertex 2.201830e+01 -1.531853e+01 9.115049e+00
      vertex 2.565502e+01 -1.932148e+01 0.000000e+00
      vertex 2.668831e+01 -1.783117e+01 0.000000e+00
    endloop
  endfacet
  facet normal 7.114754e-01 -4.932691e-01 5.004882e-01
    outer loop
      vertex 2.201830e+01 -1.531853e+01 9.115049e+00
      vertex 2.565502e+01 -1.932148e+01 0.000000e+00
      vertex 2.668831e+01 -1.783117e+01 0.000000e+00
    endloop
  endfacet
  facet normal 7.114754e-01 -4.932691e-01 5.004882e-01
    outer loop
      vertex 2.201830e+01 -1.531853e+01 9.115049e+00
      vertex 2.565502e+01 -1.932148e+01 0.000000e+00
      vertex 2.668831e+01 -1.783117e+01 0.000000e+00
    endloop
  endfacet
  facet normal 7.250306e-01 4.719789e-01 5.015641e-01
    outer loop
      vertex 2.718217e+01 1.707243e+01 0.000000e+00
      vertex 2.201830e+01 1.531853e+01 9.115049e+00
      vertex 2.510252e+01 1.449127e+01 5.435096e+00
    endloop
  endfacet
  facet normal 7.250306e-01 4.719789e-01 5.015641e-01
    outer loop
      vertex 2.718217e+01 1.707243e+01 0.000000e+00
      vertex 2.201830e+01 1.531853e+01 9.115049e+00
      vertex 2.510252e+01 1.449127e+01 5.435096e+00
    endloop
  endfacet
  facet normal 7.250306e-01 4.719789e-01 5.015641e-01
    outer loop
      vertex 2.718217e+01 1.707243e+01 0.000000e+00
      vertex 2.201830e+01 1.531853e+01 9.115049e+00
      vertex 2.510252e+01 1.449127e+01 5.435096e+00
    endloop
  endfacet
  facet normal 7.250306e-01 4.719789e-01 5.015641e-01
    outer loop
      vertex 2.201830e+01 1.531853e+01 9.115049e+00
      vertex 2.718217e+01 1.707243e+01 0.000000e+00
      vertex 2.668831e+01 1.783117e+01 0.000000e+00
    endloop
  endfacet
  facet normal 7.250306e-01 4.719789e-01 5.015641e-01
    outer loop
      vertex 2.201830e+01 1.531853e+01 9.115049e+00
      vertex 2.718217e+01 1.707243e+01 0.000000e+00
      vertex 2.668831e+01 1.783117e+01 0.000000e+00
    endloop
  endfacet
  facet normal 7.250306e-01 4.719789e-01 5.015641e-01
    outer loop
      vertex 2.201830e+01 1.531853e+01 9.115049e+00
      vertex 2.718217e+01 1.707243e+01 0.000000e+00
      vertex 2.668831e+01 1.783117e+01 0.000000e+00
    endloop
  endfacet
  facet normal 6.173646e-01 6.113114e-01 4.951357e-01
    outer loop
      vertex 2.268692e+01 2.268398e+01 0.000000e+00
      vertex 2.049670e+01 2.049376e+01 5.435096e+00
      vertex 2.352814e+01 2.183446e+01 0.000000e+00
    endloop
  endfacet
  facet normal 6.173646e-01 6.113114e-01 4.951357e-01
    outer loop
      vertex 2.268692e+01 2.268398e+01 0.000000e+00
      vertex 2.049670e+01 2.049376e+01 5.435096e+00
      vertex 2.352814e+01 2.183446e+01 0.000000e+00
    endloop
  endfacet
  facet normal 6.173646e-01 6.113114e-01 4.951357e-01
    outer loop
      vertex 2.268692e+01 2.268398e+01 0.000000e+00
      vertex 2.049670e+01 2.049376e+01 5.435096e+00
      vertex 2.352814e+01 2.183446e+01 0.000000e+00
    endloop
  endfacet
  facet normal 6.606048e-01 5.595650e-01 5.004881e-01
    outer loop
      vertex 2.413315e+01 2.116100e+01 0.000000e+00
      vertex 2.049748e+01 1.730048e+01 9.115049e+00
      vertex 2.530530e+01 1.977727e+01 0.000000e+00
    endloop
  endfacet
  facet normal 6.606048e-01 5.595650e-01 5.004881e-01
    outer loop
      vertex 2.413315e+01 2.116100e+01 0.000000e+00
      vertex 2.049748e+01 1.730048e+01 9.115049e+00
      vertex 2.530530e+01 1.977727e+01 0.000000e+00
    endloop
  endfacet
  facet normal 6.606048e-01 5.595650e-01 5.004881e-01
    outer loop
      vertex 2.413315e+01 2.116100e+01 0.000000e+00
      vertex 2.049748e+01 1.730048e+01 9.115049e+00
      vertex 2.530530e+01 1.977727e+01 0.000000e+00
    endloop
  endfacet
  facet normal -7.712610e-01 3.919055e-01 5.015641e-01
    outer loop
      vertex -2.509664e+01 1.449127e+01 5.435096e+00
      vertex -2.878195e+01 1.419464e+01 0.000000e+00
      vertex -2.427096e+01 1.140666e+01 9.115049e+00
    endloop
  endfacet
  facet normal -7.712610e-01 3.919055e-01 5.015641e-01
    outer loop
      vertex -2.509664e+01 1.449127e+01 5.435096e+00
      vertex -2.878195e+01 1.419464e+01 0.000000e+00
      vertex -2.427096e+01 1.140666e+01 9.115049e+00
    endloop
  endfacet
  facet normal -7.712610e-01 3.919055e-01 5.015641e-01
    outer loop
      vertex -2.509664e+01 1.449127e+01 5.435096e+00
      vertex -2.878195e+01 1.419464e+01 0.000000e+00
      vertex -2.427096e+01 1.140666e+01 9.115049e+00
    endloop
  endfacet
  facet normal -7.712610e-01 3.919055e-01 5.015641e-01
    outer loop
      vertex -2.878195e+01 1.419464e+01 0.000000e+00
      vertex -2.509664e+01 1.449127e+01 5.435096e+00
      vertex -2.837182e+01 1.500171e+01 0.000000e+00
    endloop
  endfacet
  facet normal -7.712610e-01 3.919055e-01 5.015641e-01
    outer loop
      vertex -2.878195e+01 1.419464e+01 0.000000e+00
      vertex -2.509664e+01 1.449127e+01 5.435096e+00
      vertex -2.837182e+01 1.500171e+01 0.000000e+00
    endloop
  endfacet
  facet normal -7.712610e-01 3.919055e-01 5.015641e-01
    outer loop
      vertex -2.878195e+01 1.419464e+01 0.000000e+00
      vertex -2.509664e+01 1.449127e+01 5.435096e+00
      vertex -2.837182e+01 1.500171e+01 0.000000e+00
    endloop
  endfacet
  facet normal 6.435484e-01 5.781686e-01 5.015641e-01
    outer loop
      vertex 2.413315e+01 2.116100e+01 0.000000e+00
      vertex 2.049670e+01 2.049376e+01 5.435096e+00
      vertex 2.049748e+01 1.730048e+01 9.115049e+00
    endloop
  endfacet
  facet normal 6.435484e-01 5.781686e-01 5.015641e-01
    outer loop
      vertex 2.413315e+01 2.116100e+01 0.000000e+00
      vertex 2.049670e+01 2.049376e+01 5.435096e+00
      vertex 2.049748e+01 1.730048e+01 9.115049e+00
    endloop
  endfacet
  facet normal 6.435484e-01 5.781686e-01 5.015641e-01
    outer loop
      vertex 2.413315e+01 2.116100e+01 0.000000e+00
      vertex 2.049670e+01 2.049376e+01 5.435096e+00
      vertex 2.049748e+01 1.730048e+01 9.115049e+00
    endloop
  endfacet
  facet normal 6.435484e-01 5.781686e-01 5.015641e-01
    outer loop
      vertex 2.049670e+01 2.049376e+01 5.435096e+00
      vertex 2.413315e+01 2.116100e+01 0.000000e+00
      vertex 2.352814e+01 2.183446e+01 0.000000e+00
    endloop
  endfacet
  facet normal 6.435484e-01 5.781686e-01 5.015641e-01
    outer loop
      vertex 2.049670e+01 2.049376e+01 5.435096e+00
      vertex 2.413315e+01 2.116100e+01 0.000000e+00
      vertex 2.352814e+01 2.183446e+01 0.000000e+00
    endloop
  endfacet
  facet normal 6.435484e-01 5.781686e-01 5.015641e-01
    outer loop
      vertex 2.049670e+01 2.049376e+01 5.435096e+00
      vertex 2.413315e+01 2.116100e+01 0.000000e+00
      vertex 2.352814e+01 2.183446e+01 0.000000e+00
    endloop
  endfacet
  facet normal -8.380935e-01 2.289977e-01 4.951357e-01
    outer loop
      vertex -3.066889e+01 9.456184e+00 0.000000e+00
      vertex -3.098399e+01 8.302917e+00 0.000000e+00
      vertex -2.799206e+01 7.501266e+00 5.435096e+00
    endloop
  endfacet
  facet normal -8.380935e-01 2.289977e-01 4.951357e-01
    outer loop
      vertex -3.066889e+01 9.456184e+00 0.000000e+00
      vertex -3.098399e+01 8.302917e+00 0.000000e+00
      vertex -2.799206e+01 7.501266e+00 5.435096e+00
    endloop
  endfacet
  facet normal -8.380935e-01 2.289977e-01 4.951357e-01
    outer loop
      vertex -3.066889e+01 9.456184e+00 0.000000e+00
      vertex -3.098399e+01 8.302917e+00 0.000000e+00
      vertex -2.799206e+01 7.501266e+00 5.435096e+00
    endloop
  endfacet
  facet normal -2.923180e-01 8.148999e-01 5.004881e-01
    outer loop
      vertex -9.095620e+00 2.522994e+01 9.115049e+00
      vertex -1.031393e+01 3.039112e+01 0.000000e+00
      vertex -1.202095e+01 2.977881e+01 0.000000e+00
    endloop
  endfacet
  facet normal -2.923180e-01 8.148999e-01 5.004881e-01
    outer loop
      vertex -9.095620e+00 2.522994e+01 9.115049e+00
      vertex -1.031393e+01 3.039112e+01 0.000000e+00
      vertex -1.202095e+01 2.977881e+01 0.000000e+00
    endloop
  endfacet
  facet normal -2.923180e-01 8.148999e-01 5.004881e-01
    outer loop
      vertex -9.095620e+00 2.522994e+01 9.115049e+00
      vertex -1.031393e+01 3.039112e+01 0.000000e+00
      vertex -1.202095e+01 2.977881e+01 0.000000e+00
    endloop
  endfacet
  facet normal -7.978394e-01 3.304759e-01 5.042202e-01
    outer loop
      vertex -2.427096e+01 1.140666e+01 9.115049e+00
      vertex -2.977586e+01 1.202388e+01 0.000000e+00
      vertex -2.522699e+01 9.098559e+00 9.115049e+00
    endloop
  endfacet
  facet normal -7.978394e-01 3.304759e-01 5.042202e-01
    outer loop
      vertex -2.427096e+01 1.140666e+01 9.115049e+00
      vertex -2.977586e+01 1.202388e+01 0.000000e+00
      vertex -2.522699e+01 9.098559e+00 9.115049e+00
    endloop
  endfacet
  facet normal -7.978394e-01 3.304759e-01 5.042202e-01
    outer loop
      vertex -2.427096e+01 1.140666e+01 9.115049e+00
      vertex -2.977586e+01 1.202388e+01 0.000000e+00
      vertex -2.522699e+01 9.098559e+00 9.115049e+00
    endloop
  endfacet
  facet normal -7.978394e-01 3.304759e-01 5.042202e-01
    outer loop
      vertex -2.977586e+01 1.202388e+01 0.000000e+00
      vertex -2.427096e+01 1.140666e+01 9.115049e+00
      vertex -2.955598e+01 1.255464e+01 0.000000e+00
    endloop
  endfacet
  facet normal -7.978394e-01 3.304759e-01 5.042202e-01
    outer loop
      vertex -2.977586e+01 1.202388e+01 0.000000e+00
      vertex -2.427096e+01 1.140666e+01 9.115049e+00
      vertex -2.955598e+01 1.255464e+01 0.000000e+00
    endloop
  endfacet
  facet normal -7.978394e-01 3.304759e-01 5.042202e-01
    outer loop
      vertex -2.977586e+01 1.202388e+01 0.000000e+00
      vertex -2.427096e+01 1.140666e+01 9.115049e+00
      vertex -2.955598e+01 1.255464e+01 0.000000e+00
    endloop
  endfacet
  facet normal -2.289977e-01 8.380935e-01 4.951357e-01
    outer loop
      vertex -7.498261e+00 2.799499e+01 5.435096e+00
      vertex -8.299978e+00 3.098693e+01 0.000000e+00
      vertex -9.453245e+00 3.067182e+01 0.000000e+00
    endloop
  endfacet
  facet normal -2.289977e-01 8.380935e-01 4.951357e-01
    outer loop
      vertex -7.498261e+00 2.799499e+01 5.435096e+00
      vertex -8.299978e+00 3.098693e+01 0.000000e+00
      vertex -9.453245e+00 3.067182e+01 0.000000e+00
    endloop
  endfacet
  facet normal -2.289977e-01 8.380935e-01 4.951357e-01
    outer loop
      vertex -7.498261e+00 2.799499e+01 5.435096e+00
      vertex -8.299978e+00 3.098693e+01 0.000000e+00
      vertex -9.453245e+00 3.067182e+01 0.000000e+00
    endloop
  endfacet
  facet normal 7.829213e-01 -3.695212e-01 5.004881e-01
    outer loop
      vertex 2.427683e+01 -1.140660e+01 9.115049e+00
      vertex 2.878783e+01 -1.419458e+01 0.000000e+00
      vertex 2.956185e+01 -1.255464e+01 0.000000e+00
    endloop
  endfacet
  facet normal 7.829213e-01 -3.695212e-01 5.004881e-01
    outer loop
      vertex 2.427683e+01 -1.140660e+01 9.115049e+00
      vertex 2.878783e+01 -1.419458e+01 0.000000e+00
      vertex 2.956185e+01 -1.255464e+01 0.000000e+00
    endloop
  endfacet
  facet normal 7.829213e-01 -3.695212e-01 5.004881e-01
    outer loop
      vertex 2.427683e+01 -1.140660e+01 9.115049e+00
      vertex 2.878783e+01 -1.419458e+01 0.000000e+00
      vertex 2.956185e+01 -1.255464e+01 0.000000e+00
    endloop
  endfacet
  facet normal -2.289977e-01 -8.380935e-01 4.951357e-01
    outer loop
      vertex -7.498261e+00 -2.799499e+01 5.435096e+00
      vertex -9.453245e+00 -3.067182e+01 0.000000e+00
      vertex -8.299978e+00 -3.098693e+01 0.000000e+00
    endloop
  endfacet
  facet normal -2.289977e-01 -8.380935e-01 4.951357e-01
    outer loop
      vertex -7.498261e+00 -2.799499e+01 5.435096e+00
      vertex -9.453245e+00 -3.067182e+01 0.000000e+00
      vertex -8.299978e+00 -3.098693e+01 0.000000e+00
    endloop
  endfacet
  facet normal -2.289977e-01 -8.380935e-01 4.951357e-01
    outer loop
      vertex -7.498261e+00 -2.799499e+01 5.435096e+00
      vertex -9.453245e+00 -3.067182e+01 0.000000e+00
      vertex -8.299978e+00 -3.098693e+01 0.000000e+00
    endloop
  endfacet
  facet normal -3.919055e-01 -7.712610e-01 5.015641e-01
    outer loop
      vertex -1.140365e+01 -2.427389e+01 9.115049e+00
      vertex -1.499878e+01 -2.837475e+01 0.000000e+00
      vertex -1.419164e+01 -2.878488e+01 0.000000e+00
    endloop
  endfacet
  facet normal -3.919055e-01 -7.712610e-01 5.015641e-01
    outer loop
      vertex -1.140365e+01 -2.427389e+01 9.115049e+00
      vertex -1.499878e+01 -2.837475e+01 0.000000e+00
      vertex -1.419164e+01 -2.878488e+01 0.000000e+00
    endloop
  endfacet
  facet normal -3.919055e-01 -7.712610e-01 5.015641e-01
    outer loop
      vertex -1.140365e+01 -2.427389e+01 9.115049e+00
      vertex -1.499878e+01 -2.837475e+01 0.000000e+00
      vertex -1.419164e+01 -2.878488e+01 0.000000e+00
    endloop
  endfacet
  facet normal -3.919055e-01 -7.712610e-01 5.015641e-01
    outer loop
      vertex -1.499878e+01 -2.837475e+01 0.000000e+00
      vertex -1.140365e+01 -2.427389e+01 9.115049e+00
      vertex -1.448833e+01 -2.509958e+01 5.435096e+00
    endloop
  endfacet
  facet normal -3.919055e-01 -7.712610e-01 5.015641e-01
    outer loop
      vertex -1.499878e+01 -2.837475e+01 0.000000e+00
      vertex -1.140365e+01 -2.427389e+01 9.115049e+00
      vertex -1.448833e+01 -2.509958e+01 5.435096e+00
    endloop
  endfacet
  facet normal -3.919055e-01 -7.712610e-01 5.015641e-01
    outer loop
      vertex -1.499878e+01 -2.837475e+01 0.000000e+00
      vertex -1.140365e+01 -2.427389e+01 9.115049e+00
      vertex -1.448833e+01 -2.509958e+01 5.435096e+00
    endloop
  endfacet
  facet normal 7.502672e-01 -4.381094e-01 4.951357e-01
    outer loop
      vertex 2.510252e+01 -1.449127e+01 5.435096e+00
      vertex 2.718217e+01 -1.707243e+01 0.000000e+00
      vertex 2.778510e+01 -1.603997e+01 0.000000e+00
    endloop
  endfacet
  facet normal 7.502672e-01 -4.381094e-01 4.951357e-01
    outer loop
      vertex 2.510252e+01 -1.449127e+01 5.435096e+00
      vertex 2.718217e+01 -1.707243e+01 0.000000e+00
      vertex 2.778510e+01 -1.603997e+01 0.000000e+00
    endloop
  endfacet
  facet normal 7.502672e-01 -4.381094e-01 4.951357e-01
    outer loop
      vertex 2.510252e+01 -1.449127e+01 5.435096e+00
      vertex 2.718217e+01 -1.707243e+01 0.000000e+00
      vertex 2.778510e+01 -1.603997e+01 0.000000e+00
    endloop
  endfacet
  facet normal -7.829213e-01 -3.695212e-01 5.004881e-01
    outer loop
      vertex -2.427096e+01 -1.140660e+01 9.115049e+00
      vertex -2.955598e+01 -1.255464e+01 0.000000e+00
      vertex -2.878195e+01 -1.419458e+01 0.000000e+00
    endloop
  endfacet
  facet normal -7.829213e-01 -3.695212e-01 5.004881e-01
    outer loop
      vertex -2.427096e+01 -1.140660e+01 9.115049e+00
      vertex -2.955598e+01 -1.255464e+01 0.000000e+00
      vertex -2.878195e+01 -1.419458e+01 0.000000e+00
    endloop
  endfacet
  facet normal -7.829213e-01 -3.695212e-01 5.004881e-01
    outer loop
      vertex -2.427096e+01 -1.140660e+01 9.115049e+00
      vertex -2.955598e+01 -1.255464e+01 0.000000e+00
      vertex -2.878195e+01 -1.419458e+01 0.000000e+00
    endloop
  endfacet
  facet normal 4.623042e-02 -8.638844e-01 5.015641e-01
    outer loop
      vertex 2.261440e+00 -2.672515e+01 9.115049e+00
      vertex 1.198493e+00 -3.207411e+01 0.000000e+00
      vertex 2.102480e+00 -3.202577e+01 0.000000e+00
    endloop
  endfacet
  facet normal 4.623042e-02 -8.638844e-01 5.015641e-01
    outer loop
      vertex 2.261440e+00 -2.672515e+01 9.115049e+00
      vertex 1.198493e+00 -3.207411e+01 0.000000e+00
      vertex 2.102480e+00 -3.202577e+01 0.000000e+00
    endloop
  endfacet
  facet normal 4.623042e-02 -8.638844e-01 5.015641e-01
    outer loop
      vertex 2.261440e+00 -2.672515e+01 9.115049e+00
      vertex 1.198493e+00 -3.207411e+01 0.000000e+00
      vertex 2.102480e+00 -3.202577e+01 0.000000e+00
    endloop
  endfacet
  facet normal 4.623042e-02 -8.638844e-01 5.015641e-01
    outer loop
      vertex 1.198493e+00 -3.207411e+01 0.000000e+00
      vertex 2.261440e+00 -2.672515e+01 9.115049e+00
      vertex 2.971497e-03 -2.898251e+01 5.435096e+00
    endloop
  endfacet
  facet normal 4.623042e-02 -8.638844e-01 5.015641e-01
    outer loop
      vertex 1.198493e+00 -3.207411e+01 0.000000e+00
      vertex 2.261440e+00 -2.672515e+01 9.115049e+00
      vertex 2.971497e-03 -2.898251e+01 5.435096e+00
    endloop
  endfacet
  facet normal 4.623042e-02 -8.638844e-01 5.015641e-01
    outer loop
      vertex 1.198493e+00 -3.207411e+01 0.000000e+00
      vertex 2.261440e+00 -2.672515e+01 9.115049e+00
      vertex 2.971497e-03 -2.898251e+01 5.435096e+00
    endloop
  endfacet
  facet normal 1.127192e-01 8.561871e-01 5.042202e-01
    outer loop
      vertex 2.261440e+00 2.672515e+01 9.115049e+00
      vertex 4.479352e+00 3.180112e+01 0.000000e+00
      vertex 3.909804e+00 3.187609e+01 0.000000e+00
    endloop
  endfacet
  facet normal 1.127192e-01 8.561871e-01 5.042202e-01
    outer loop
      vertex 2.261440e+00 2.672515e+01 9.115049e+00
      vertex 4.479352e+00 3.180112e+01 0.000000e+00
      vertex 3.909804e+00 3.187609e+01 0.000000e+00
    endloop
  endfacet
  facet normal 1.127192e-01 8.561871e-01 5.042202e-01
    outer loop
      vertex 2.261440e+00 2.672515e+01 9.115049e+00
      vertex 4.479352e+00 3.180112e+01 0.000000e+00
      vertex 3.909804e+00 3.187609e+01 0.000000e+00
    endloop
  endfacet
  facet normal 1.127192e-01 8.561871e-01 5.042202e-01
    outer loop
      vertex 4.479352e+00 3.180112e+01 0.000000e+00
      vertex 2.261440e+00 2.672515e+01 9.115049e+00
      vertex 4.738361e+00 2.639907e+01 9.115049e+00
    endloop
  endfacet
  facet normal 1.127192e-01 8.561871e-01 5.042202e-01
    outer loop
      vertex 4.479352e+00 3.180112e+01 0.000000e+00
      vertex 2.261440e+00 2.672515e+01 9.115049e+00
      vertex 4.738361e+00 2.639907e+01 9.115049e+00
    endloop
  endfacet
  facet normal 1.127192e-01 8.561871e-01 5.042202e-01
    outer loop
      vertex 4.479352e+00 3.180112e+01 0.000000e+00
      vertex 2.261440e+00 2.672515e+01 9.115049e+00
      vertex 4.738361e+00 2.639907e+01 9.115049e+00
    endloop
  endfacet
  facet normal 7.712610e-01 3.919055e-01 5.015641e-01
    outer loop
      vertex 2.878783e+01 1.419464e+01 0.000000e+00
      vertex 2.510252e+01 1.449127e+01 5.435096e+00
      vertex 2.427683e+01 1.140666e+01 9.115049e+00
    endloop
  endfacet
  facet normal 7.712610e-01 3.919055e-01 5.015641e-01
    outer loop
      vertex 2.878783e+01 1.419464e+01 0.000000e+00
      vertex 2.510252e+01 1.449127e+01 5.435096e+00
      vertex 2.427683e+01 1.140666e+01 9.115049e+00
    endloop
  endfacet
  facet normal 7.712610e-01 3.919055e-01 5.015641e-01
    outer loop
      vertex 2.878783e+01 1.419464e+01 0.000000e+00
      vertex 2.510252e+01 1.449127e+01 5.435096e+00
      vertex 2.427683e+01 1.140666e+01 9.115049e+00
    endloop
  endfacet
  facet normal 7.712610e-01 3.919055e-01 5.015641e-01
    outer loop
      vertex 2.510252e+01 1.449127e+01 5.435096e+00
      vertex 2.878783e+01 1.419464e+01 0.000000e+00
      vertex 2.837769e+01 1.500171e+01 0.000000e+00
    endloop
  endfacet
  facet normal 7.712610e-01 3.919055e-01 5.015641e-01
    outer loop
      vertex 2.510252e+01 1.449127e+01 5.435096e+00
      vertex 2.878783e+01 1.419464e+01 0.000000e+00
      vertex 2.837769e+01 1.500171e+01 0.000000e+00
    endloop
  endfacet
  facet normal 7.712610e-01 3.919055e-01 5.015641e-01
    outer loop
      vertex 2.510252e+01 1.449127e+01 5.435096e+00
      vertex 2.878783e+01 1.419464e+01 0.000000e+00
      vertex 2.837769e+01 1.500171e+01 0.000000e+00
    endloop
  endfacet
  facet normal -4.280230e-03 8.688051e-01 4.951357e-01
    outer loop
      vertex 2.971497e-03 2.898251e+01 5.435096e+00
      vertex 2.971497e-03 3.208004e+01 0.000000e+00
      vertex -1.192549e+00 3.207417e+01 0.000000e+00
    endloop
  endfacet
  facet normal -4.280230e-03 8.688051e-01 4.951357e-01
    outer loop
      vertex 2.971497e-03 2.898251e+01 5.435096e+00
      vertex 2.971497e-03 3.208004e+01 0.000000e+00
      vertex -1.192549e+00 3.207417e+01 0.000000e+00
    endloop
  endfacet
  facet normal -4.280230e-03 8.688051e-01 4.951357e-01
    outer loop
      vertex 2.971497e-03 2.898251e+01 5.435096e+00
      vertex 2.971497e-03 3.208004e+01 0.000000e+00
      vertex -1.192549e+00 3.207417e+01 0.000000e+00
    endloop
  endfacet
  facet normal -8.638844e-01 -4.623042e-02 5.015641e-01
    outer loop
      vertex -2.897957e+01 3.265381e-05 5.435096e+00
      vertex -3.202284e+01 -2.099542e+00 0.000000e+00
      vertex -2.672221e+01 -2.258500e+00 9.115049e+00
    endloop
  endfacet
  facet normal -8.638844e-01 -4.623042e-02 5.015641e-01
    outer loop
      vertex -2.897957e+01 3.265381e-05 5.435096e+00
      vertex -3.202284e+01 -2.099542e+00 0.000000e+00
      vertex -2.672221e+01 -2.258500e+00 9.115049e+00
    endloop
  endfacet
  facet normal -8.638844e-01 -4.623042e-02 5.015641e-01
    outer loop
      vertex -2.897957e+01 3.265381e-05 5.435096e+00
      vertex -3.202284e+01 -2.099542e+00 0.000000e+00
      vertex -2.672221e+01 -2.258500e+00 9.115049e+00
    endloop
  endfacet
  facet normal -8.638844e-01 -4.623042e-02 5.015641e-01
    outer loop
      vertex -3.202284e+01 -2.099542e+00 0.000000e+00
      vertex -2.897957e+01 3.265381e-05 5.435096e+00
      vertex -3.207116e+01 -1.195489e+00 0.000000e+00
    endloop
  endfacet
  facet normal -8.638844e-01 -4.623042e-02 5.015641e-01
    outer loop
      vertex -3.202284e+01 -2.099542e+00 0.000000e+00
      vertex -2.897957e+01 3.265381e-05 5.435096e+00
      vertex -3.207116e+01 -1.195489e+00 0.000000e+00
    endloop
  endfacet
  facet normal -8.638844e-01 -4.623042e-02 5.015641e-01
    outer loop
      vertex -3.202284e+01 -2.099542e+00 0.000000e+00
      vertex -2.897957e+01 3.265381e-05 5.435096e+00
      vertex -3.207116e+01 -1.195489e+00 0.000000e+00
    endloop
  endfacet
  facet normal 7.829213e-01 3.695212e-01 5.004881e-01
    outer loop
      vertex 2.878783e+01 1.419464e+01 0.000000e+00
      vertex 2.427683e+01 1.140666e+01 9.115049e+00
      vertex 2.956185e+01 1.255464e+01 0.000000e+00
    endloop
  endfacet
  facet normal 7.829213e-01 3.695212e-01 5.004881e-01
    outer loop
      vertex 2.878783e+01 1.419464e+01 0.000000e+00
      vertex 2.427683e+01 1.140666e+01 9.115049e+00
      vertex 2.956185e+01 1.255464e+01 0.000000e+00
    endloop
  endfacet
  facet normal 7.829213e-01 3.695212e-01 5.004881e-01
    outer loop
      vertex 2.878783e+01 1.419464e+01 0.000000e+00
      vertex 2.427683e+01 1.140666e+01 9.115049e+00
      vertex 2.956185e+01 1.255464e+01 0.000000e+00
    endloop
  endfacet
  facet normal -8.561871e-01 1.127192e-01 5.042202e-01
    outer loop
      vertex -2.639607e+01 4.735423e+00 9.115049e+00
      vertex -3.187315e+01 3.906865e+00 0.000000e+00
      vertex -2.672221e+01 2.258500e+00 9.115049e+00
    endloop
  endfacet
  facet normal -8.561871e-01 1.127192e-01 5.042202e-01
    outer loop
      vertex -2.639607e+01 4.735423e+00 9.115049e+00
      vertex -3.187315e+01 3.906865e+00 0.000000e+00
      vertex -2.672221e+01 2.258500e+00 9.115049e+00
    endloop
  endfacet
  facet normal -8.561871e-01 1.127192e-01 5.042202e-01
    outer loop
      vertex -2.639607e+01 4.735423e+00 9.115049e+00
      vertex -3.187315e+01 3.906865e+00 0.000000e+00
      vertex -2.672221e+01 2.258500e+00 9.115049e+00
    endloop
  endfacet
  facet normal -8.561871e-01 1.127192e-01 5.042202e-01
    outer loop
      vertex -3.187315e+01 3.906865e+00 0.000000e+00
      vertex -2.639607e+01 4.735423e+00 9.115049e+00
      vertex -3.179818e+01 4.476413e+00 0.000000e+00
    endloop
  endfacet
  facet normal -8.561871e-01 1.127192e-01 5.042202e-01
    outer loop
      vertex -3.187315e+01 3.906865e+00 0.000000e+00
      vertex -2.639607e+01 4.735423e+00 9.115049e+00
      vertex -3.179818e+01 4.476413e+00 0.000000e+00
    endloop
  endfacet
  facet normal -8.561871e-01 1.127192e-01 5.042202e-01
    outer loop
      vertex -3.187315e+01 3.906865e+00 0.000000e+00
      vertex -2.639607e+01 4.735423e+00 9.115049e+00
      vertex -3.179818e+01 4.476413e+00 0.000000e+00
    endloop
  endfacet
  facet normal -1.542951e-01 8.518830e-01 5.004881e-01
    outer loop
      vertex -4.732484e+00 2.639907e+01 9.115049e+00
      vertex -4.473474e+00 3.180112e+01 0.000000e+00
      vertex -6.257939e+00 3.147791e+01 0.000000e+00
    endloop
  endfacet
  facet normal -1.542951e-01 8.518830e-01 5.004881e-01
    outer loop
      vertex -4.732484e+00 2.639907e+01 9.115049e+00
      vertex -4.473474e+00 3.180112e+01 0.000000e+00
      vertex -6.257939e+00 3.147791e+01 0.000000e+00
    endloop
  endfacet
  facet normal -1.542951e-01 8.518830e-01 5.004881e-01
    outer loop
      vertex -4.732484e+00 2.639907e+01 9.115049e+00
      vertex -4.473474e+00 3.180112e+01 0.000000e+00
      vertex -6.257939e+00 3.147791e+01 0.000000e+00
    endloop
  endfacet
  facet normal 8.464136e-01 1.789346e-01 5.015641e-01
    outer loop
      vertex 3.148086e+01 6.260878e+00 0.000000e+00
      vertex 2.799793e+01 7.501266e+00 5.435096e+00
      vertex 2.640200e+01 4.735423e+00 9.115049e+00
    endloop
  endfacet
  facet normal 8.464136e-01 1.789346e-01 5.015641e-01
    outer loop
      vertex 3.148086e+01 6.260878e+00 0.000000e+00
      vertex 2.799793e+01 7.501266e+00 5.435096e+00
      vertex 2.640200e+01 4.735423e+00 9.115049e+00
    endloop
  endfacet
  facet normal 8.464136e-01 1.789346e-01 5.015641e-01
    outer loop
      vertex 3.148086e+01 6.260878e+00 0.000000e+00
      vertex 2.799793e+01 7.501266e+00 5.435096e+00
      vertex 2.640200e+01 4.735423e+00 9.115049e+00
    endloop
  endfacet
  facet normal 8.464136e-01 1.789346e-01 5.015641e-01
    outer loop
      vertex 2.799793e+01 7.501266e+00 5.435096e+00
      vertex 3.148086e+01 6.260878e+00 0.000000e+00
      vertex 3.129362e+01 7.146646e+00 0.000000e+00
    endloop
  endfacet
  facet normal 8.464136e-01 1.789346e-01 5.015641e-01
    outer loop
      vertex 2.799793e+01 7.501266e+00 5.435096e+00
      vertex 3.148086e+01 6.260878e+00 0.000000e+00
      vertex 3.129362e+01 7.146646e+00 0.000000e+00
    endloop
  endfacet
  facet normal 8.464136e-01 1.789346e-01 5.015641e-01
    outer loop
      vertex 2.799793e+01 7.501266e+00 5.435096e+00
      vertex 3.148086e+01 6.260878e+00 0.000000e+00
      vertex 3.129362e+01 7.146646e+00 0.000000e+00
    endloop
  endfacet
  facet normal 8.561871e-01 1.127192e-01 5.042202e-01
    outer loop
      vertex 3.187903e+01 3.906865e+00 0.000000e+00
      vertex 2.640200e+01 4.735423e+00 9.115049e+00
      vertex 2.672809e+01 2.258500e+00 9.115049e+00
    endloop
  endfacet
  facet normal 8.561871e-01 1.127192e-01 5.042202e-01
    outer loop
      vertex 3.187903e+01 3.906865e+00 0.000000e+00
      vertex 2.640200e+01 4.735423e+00 9.115049e+00
      vertex 2.672809e+01 2.258500e+00 9.115049e+00
    endloop
  endfacet
  facet normal 8.561871e-01 1.127192e-01 5.042202e-01
    outer loop
      vertex 3.187903e+01 3.906865e+00 0.000000e+00
      vertex 2.640200e+01 4.735423e+00 9.115049e+00
      vertex 2.672809e+01 2.258500e+00 9.115049e+00
    endloop
  endfacet
  facet normal 8.561871e-01 1.127192e-01 5.042202e-01
    outer loop
      vertex 2.640200e+01 4.735423e+00 9.115049e+00
      vertex 3.187903e+01 3.906865e+00 0.000000e+00
      vertex 3.180406e+01 4.476413e+00 0.000000e+00
    endloop
  endfacet
  facet normal 8.561871e-01 1.127192e-01 5.042202e-01
    outer loop
      vertex 2.640200e+01 4.735423e+00 9.115049e+00
      vertex 3.187903e+01 3.906865e+00 0.000000e+00
      vertex 3.180406e+01 4.476413e+00 0.000000e+00
    endloop
  endfacet
  facet normal 8.561871e-01 1.127192e-01 5.042202e-01
    outer loop
      vertex 2.640200e+01 4.735423e+00 9.115049e+00
      vertex 3.187903e+01 3.906865e+00 0.000000e+00
      vertex 3.180406e+01 4.476413e+00 0.000000e+00
    endloop
  endfacet
  facet normal 4.280230e-03 -8.688051e-01 4.951357e-01
    outer loop
      vertex 2.971497e-03 -2.898251e+01 5.435096e+00
      vertex 2.971497e-03 -3.208004e+01 0.000000e+00
      vertex 1.198493e+00 -3.207411e+01 0.000000e+00
    endloop
  endfacet
  facet normal 4.280230e-03 -8.688051e-01 4.951357e-01
    outer loop
      vertex 2.971497e-03 -2.898251e+01 5.435096e+00
      vertex 2.971497e-03 -3.208004e+01 0.000000e+00
      vertex 1.198493e+00 -3.207411e+01 0.000000e+00
    endloop
  endfacet
  facet normal 4.280230e-03 -8.688051e-01 4.951357e-01
    outer loop
      vertex 2.971497e-03 -2.898251e+01 5.435096e+00
      vertex 2.971497e-03 -3.208004e+01 0.000000e+00
      vertex 1.198493e+00 -3.207411e+01 0.000000e+00
    endloop
  endfacet
  facet normal -8.403091e-01 -2.207289e-01 4.951357e-01
    outer loop
      vertex -3.128774e+01 -7.146580e+00 0.000000e+00
      vertex -3.098399e+01 -8.302917e+00 0.000000e+00
      vertex -2.799206e+01 -7.501201e+00 5.435096e+00
    endloop
  endfacet
  facet normal -8.403091e-01 -2.207289e-01 4.951357e-01
    outer loop
      vertex -3.128774e+01 -7.146580e+00 0.000000e+00
      vertex -3.098399e+01 -8.302917e+00 0.000000e+00
      vertex -2.799206e+01 -7.501201e+00 5.435096e+00
    endloop
  endfacet
  facet normal -8.403091e-01 -2.207289e-01 4.951357e-01
    outer loop
      vertex -3.128774e+01 -7.146580e+00 0.000000e+00
      vertex -3.098399e+01 -8.302917e+00 0.000000e+00
      vertex -2.799206e+01 -7.501201e+00 5.435096e+00
    endloop
  endfacet
  facet normal 7.502672e-01 4.381094e-01 4.951357e-01
    outer loop
      vertex 2.718217e+01 1.707243e+01 0.000000e+00
      vertex 2.510252e+01 1.449127e+01 5.435096e+00
      vertex 2.778510e+01 1.604004e+01 0.000000e+00
    endloop
  endfacet
  facet normal 7.502672e-01 4.381094e-01 4.951357e-01
    outer loop
      vertex 2.718217e+01 1.707243e+01 0.000000e+00
      vertex 2.510252e+01 1.449127e+01 5.435096e+00
      vertex 2.778510e+01 1.604004e+01 0.000000e+00
    endloop
  endfacet
  facet normal 7.502672e-01 4.381094e-01 4.951357e-01
    outer loop
      vertex 2.718217e+01 1.707243e+01 0.000000e+00
      vertex 2.510252e+01 1.449127e+01 5.435096e+00
      vertex 2.778510e+01 1.604004e+01 0.000000e+00
    endloop
  endfacet
  facet normal -1.127192e-01 -8.561871e-01 5.042202e-01
    outer loop
      vertex -2.255562e+00 -2.672515e+01 9.115049e+00
      vertex -4.473474e+00 -3.180112e+01 0.000000e+00
      vertex -3.903926e+00 -3.187609e+01 0.000000e+00
    endloop
  endfacet
  facet normal -1.127192e-01 -8.561871e-01 5.042202e-01
    outer loop
      vertex -2.255562e+00 -2.672515e+01 9.115049e+00
      vertex -4.473474e+00 -3.180112e+01 0.000000e+00
      vertex -3.903926e+00 -3.187609e+01 0.000000e+00
    endloop
  endfacet
  facet normal -1.127192e-01 -8.561871e-01 5.042202e-01
    outer loop
      vertex -2.255562e+00 -2.672515e+01 9.115049e+00
      vertex -4.473474e+00 -3.180112e+01 0.000000e+00
      vertex -3.903926e+00 -3.187609e+01 0.000000e+00
    endloop
  endfacet
  facet normal -1.127192e-01 -8.561871e-01 5.042202e-01
    outer loop
      vertex -4.473474e+00 -3.180112e+01 0.000000e+00
      vertex -2.255562e+00 -2.672515e+01 9.115049e+00
      vertex -4.732484e+00 -2.639901e+01 9.115049e+00
    endloop
  endfacet
  facet normal -1.127192e-01 -8.561871e-01 5.042202e-01
    outer loop
      vertex -4.473474e+00 -3.180112e+01 0.000000e+00
      vertex -2.255562e+00 -2.672515e+01 9.115049e+00
      vertex -4.732484e+00 -2.639901e+01 9.115049e+00
    endloop
  endfacet
  facet normal -1.127192e-01 -8.561871e-01 5.042202e-01
    outer loop
      vertex -4.473474e+00 -3.180112e+01 0.000000e+00
      vertex -2.255562e+00 -2.672515e+01 9.115049e+00
      vertex -4.732484e+00 -2.639901e+01 9.115049e+00
    endloop
  endfacet
  facet normal -4.381094e-01 7.502672e-01 4.951357e-01
    outer loop
      vertex -1.448833e+01 2.509958e+01 5.435096e+00
      vertex -1.603703e+01 2.778215e+01 0.000000e+00
      vertex -1.706949e+01 2.717923e+01 0.000000e+00
    endloop
  endfacet
  facet normal -4.381094e-01 7.502672e-01 4.951357e-01
    outer loop
      vertex -1.448833e+01 2.509958e+01 5.435096e+00
      vertex -1.603703e+01 2.778215e+01 0.000000e+00
      vertex -1.706949e+01 2.717923e+01 0.000000e+00
    endloop
  endfacet
  facet normal -4.381094e-01 7.502672e-01 4.951357e-01
    outer loop
      vertex -1.448833e+01 2.509958e+01 5.435096e+00
      vertex -1.603703e+01 2.778215e+01 0.000000e+00
      vertex -1.706949e+01 2.717923e+01 0.000000e+00
    endloop
  endfacet
  facet normal 4.381094e-01 7.502672e-01 4.951357e-01
    outer loop
      vertex 1.449421e+01 2.509958e+01 5.435096e+00
      vertex 1.707536e+01 2.717923e+01 0.000000e+00
      vertex 1.604298e+01 2.778215e+01 0.000000e+00
    endloop
  endfacet
  facet normal 4.381094e-01 7.502672e-01 4.951357e-01
    outer loop
      vertex 1.449421e+01 2.509958e+01 5.435096e+00
      vertex 1.707536e+01 2.717923e+01 0.000000e+00
      vertex 1.604298e+01 2.778215e+01 0.000000e+00
    endloop
  endfacet
  facet normal 4.381094e-01 7.502672e-01 4.951357e-01
    outer loop
      vertex 1.449421e+01 2.509958e+01 5.435096e+00
      vertex 1.707536e+01 2.717923e+01 0.000000e+00
      vertex 1.604298e+01 2.778215e+01 0.000000e+00
    endloop
  endfacet
  facet normal -8.688051e-01 4.280230e-03 4.951357e-01
    outer loop
      vertex -3.207116e+01 1.195554e+00 0.000000e+00
      vertex -3.207711e+01 3.265381e-05 0.000000e+00
      vertex -2.897957e+01 3.265381e-05 5.435096e+00
    endloop
  endfacet
  facet normal -8.688051e-01 4.280230e-03 4.951357e-01
    outer loop
      vertex -3.207116e+01 1.195554e+00 0.000000e+00
      vertex -3.207711e+01 3.265381e-05 0.000000e+00
      vertex -2.897957e+01 3.265381e-05 5.435096e+00
    endloop
  endfacet
  facet normal -8.688051e-01 4.280230e-03 4.951357e-01
    outer loop
      vertex -3.207116e+01 1.195554e+00 0.000000e+00
      vertex -3.207711e+01 3.265381e-05 0.000000e+00
      vertex -2.897957e+01 3.265381e-05 5.435096e+00
    endloop
  endfacet
  facet normal 8.627903e-01 7.144590e-02 5.004882e-01
    outer loop
      vertex 3.187903e+01 3.906865e+00 0.000000e+00
      vertex 2.672809e+01 2.258500e+00 9.115049e+00
      vertex 3.202872e+01 2.099542e+00 0.000000e+00
    endloop
  endfacet
  facet normal 8.627903e-01 7.144590e-02 5.004882e-01
    outer loop
      vertex 3.187903e+01 3.906865e+00 0.000000e+00
      vertex 2.672809e+01 2.258500e+00 9.115049e+00
      vertex 3.202872e+01 2.099542e+00 0.000000e+00
    endloop
  endfacet
  facet normal 8.627903e-01 7.144590e-02 5.004882e-01
    outer loop
      vertex 3.187903e+01 3.906865e+00 0.000000e+00
      vertex 2.672809e+01 2.258500e+00 9.115049e+00
      vertex 3.202872e+01 2.099542e+00 0.000000e+00
    endloop
  endfacet
  facet normal -7.978394e-01 -3.304759e-01 5.042202e-01
    outer loop
      vertex -2.427096e+01 -1.140660e+01 9.115049e+00
      vertex -2.977586e+01 -1.202388e+01 0.000000e+00
      vertex -2.955598e+01 -1.255464e+01 0.000000e+00
    endloop
  endfacet
  facet normal -7.978394e-01 -3.304759e-01 5.042202e-01
    outer loop
      vertex -2.427096e+01 -1.140660e+01 9.115049e+00
      vertex -2.977586e+01 -1.202388e+01 0.000000e+00
      vertex -2.955598e+01 -1.255464e+01 0.000000e+00
    endloop
  endfacet
  facet normal -7.978394e-01 -3.304759e-01 5.042202e-01
    outer loop
      vertex -2.427096e+01 -1.140660e+01 9.115049e+00
      vertex -2.977586e+01 -1.202388e+01 0.000000e+00
      vertex -2.955598e+01 -1.255464e+01 0.000000e+00
    endloop
  endfacet
  facet normal -7.978394e-01 -3.304759e-01 5.042202e-01
    outer loop
      vertex -2.977586e+01 -1.202388e+01 0.000000e+00
      vertex -2.427096e+01 -1.140660e+01 9.115049e+00
      vertex -2.522699e+01 -9.098559e+00 9.115049e+00
    endloop
  endfacet
  facet normal -7.978394e-01 -3.304759e-01 5.042202e-01
    outer loop
      vertex -2.977586e+01 -1.202388e+01 0.000000e+00
      vertex -2.427096e+01 -1.140660e+01 9.115049e+00
      vertex -2.522699e+01 -9.098559e+00 9.115049e+00
    endloop
  endfacet
  facet normal -7.978394e-01 -3.304759e-01 5.042202e-01
    outer loop
      vertex -2.977586e+01 -1.202388e+01 0.000000e+00
      vertex -2.427096e+01 -1.140660e+01 9.115049e+00
      vertex -2.522699e+01 -9.098559e+00 9.115049e+00
    endloop
  endfacet
  facet normal -6.851202e-01 -5.257112e-01 5.042202e-01
    outer loop
      vertex -2.049160e+01 -1.730048e+01 9.115049e+00
      vertex -2.564914e+01 -1.932148e+01 0.000000e+00
      vertex -2.529942e+01 -1.977727e+01 0.000000e+00
    endloop
  endfacet
  facet normal -6.851202e-01 -5.257112e-01 5.042202e-01
    outer loop
      vertex -2.049160e+01 -1.730048e+01 9.115049e+00
      vertex -2.564914e+01 -1.932148e+01 0.000000e+00
      vertex -2.529942e+01 -1.977727e+01 0.000000e+00
    endloop
  endfacet
  facet normal -6.851202e-01 -5.257112e-01 5.042202e-01
    outer loop
      vertex -2.049160e+01 -1.730048e+01 9.115049e+00
      vertex -2.564914e+01 -1.932148e+01 0.000000e+00
      vertex -2.529942e+01 -1.977727e+01 0.000000e+00
    endloop
  endfacet
  facet normal -6.851202e-01 -5.257112e-01 5.042202e-01
    outer loop
      vertex -2.564914e+01 -1.932148e+01 0.000000e+00
      vertex -2.049160e+01 -1.730048e+01 9.115049e+00
      vertex -2.201242e+01 -1.531853e+01 9.115049e+00
    endloop
  endfacet
  facet normal -6.851202e-01 -5.257112e-01 5.042202e-01
    outer loop
      vertex -2.564914e+01 -1.932148e+01 0.000000e+00
      vertex -2.049160e+01 -1.730048e+01 9.115049e+00
      vertex -2.201242e+01 -1.531853e+01 9.115049e+00
    endloop
  endfacet
  facet normal -6.851202e-01 -5.257112e-01 5.042202e-01
    outer loop
      vertex -2.564914e+01 -1.932148e+01 0.000000e+00
      vertex -2.049160e+01 -1.730048e+01 9.115049e+00
      vertex -2.201242e+01 -1.531853e+01 9.115049e+00
    endloop
  endfacet
  facet normal -6.851202e-01 5.257112e-01 5.042202e-01
    outer loop
      vertex -2.049160e+01 1.730048e+01 9.115049e+00
      vertex -2.564914e+01 1.932148e+01 0.000000e+00
      vertex -2.201242e+01 1.531853e+01 9.115049e+00
    endloop
  endfacet
  facet normal -6.851202e-01 5.257112e-01 5.042202e-01
    outer loop
      vertex -2.049160e+01 1.730048e+01 9.115049e+00
      vertex -2.564914e+01 1.932148e+01 0.000000e+00
      vertex -2.201242e+01 1.531853e+01 9.115049e+00
    endloop
  endfacet
  facet normal -6.851202e-01 5.257112e-01 5.042202e-01
    outer loop
      vertex -2.049160e+01 1.730048e+01 9.115049e+00
      vertex -2.564914e+01 1.932148e+01 0.000000e+00
      vertex -2.201242e+01 1.531853e+01 9.115049e+00
    endloop
  endfacet
  facet normal -6.851202e-01 5.257112e-01 5.042202e-01
    outer loop
      vertex -2.564914e+01 1.932148e+01 0.000000e+00
      vertex -2.049160e+01 1.730048e+01 9.115049e+00
      vertex -2.529942e+01 1.977727e+01 0.000000e+00
    endloop
  endfacet
  facet normal -6.851202e-01 5.257112e-01 5.042202e-01
    outer loop
      vertex -2.564914e+01 1.932148e+01 0.000000e+00
      vertex -2.049160e+01 1.730048e+01 9.115049e+00
      vertex -2.529942e+01 1.977727e+01 0.000000e+00
    endloop
  endfacet
  facet normal -6.851202e-01 5.257112e-01 5.042202e-01
    outer loop
      vertex -2.564914e+01 1.932148e+01 0.000000e+00
      vertex -2.049160e+01 1.730048e+01 9.115049e+00
      vertex -2.529942e+01 1.977727e+01 0.000000e+00
    endloop
  endfacet
  facet normal -4.719789e-01 -7.250306e-01 5.015641e-01
    outer loop
      vertex -1.448833e+01 -2.509958e+01 5.435096e+00
      vertex -1.782823e+01 -2.668531e+01 0.000000e+00
      vertex -1.706949e+01 -2.717923e+01 0.000000e+00
    endloop
  endfacet
  facet normal -4.719789e-01 -7.250306e-01 5.015641e-01
    outer loop
      vertex -1.448833e+01 -2.509958e+01 5.435096e+00
      vertex -1.782823e+01 -2.668531e+01 0.000000e+00
      vertex -1.706949e+01 -2.717923e+01 0.000000e+00
    endloop
  endfacet
  facet normal -4.719789e-01 -7.250306e-01 5.015641e-01
    outer loop
      vertex -1.448833e+01 -2.509958e+01 5.435096e+00
      vertex -1.782823e+01 -2.668531e+01 0.000000e+00
      vertex -1.706949e+01 -2.717923e+01 0.000000e+00
    endloop
  endfacet
  facet normal -4.719789e-01 -7.250306e-01 5.015641e-01
    outer loop
      vertex -1.782823e+01 -2.668531e+01 0.000000e+00
      vertex -1.448833e+01 -2.509958e+01 5.435096e+00
      vertex -1.531558e+01 -2.201536e+01 9.115049e+00
    endloop
  endfacet
  facet normal -4.719789e-01 -7.250306e-01 5.015641e-01
    outer loop
      vertex -1.782823e+01 -2.668531e+01 0.000000e+00
      vertex -1.448833e+01 -2.509958e+01 5.435096e+00
      vertex -1.531558e+01 -2.201536e+01 9.115049e+00
    endloop
  endfacet
  facet normal -4.719789e-01 -7.250306e-01 5.015641e-01
    outer loop
      vertex -1.782823e+01 -2.668531e+01 0.000000e+00
      vertex -1.448833e+01 -2.509958e+01 5.435096e+00
      vertex -1.531558e+01 -2.201536e+01 9.115049e+00
    endloop
  endfacet
  facet normal 6.851202e-01 -5.257112e-01 5.042202e-01
    outer loop
      vertex 2.565502e+01 -1.932148e+01 0.000000e+00
      vertex 2.049748e+01 -1.730048e+01 9.115049e+00
      vertex 2.530530e+01 -1.977727e+01 0.000000e+00
    endloop
  endfacet
  facet normal 6.851202e-01 -5.257112e-01 5.042202e-01
    outer loop
      vertex 2.565502e+01 -1.932148e+01 0.000000e+00
      vertex 2.049748e+01 -1.730048e+01 9.115049e+00
      vertex 2.530530e+01 -1.977727e+01 0.000000e+00
    endloop
  endfacet
  facet normal 6.851202e-01 -5.257112e-01 5.042202e-01
    outer loop
      vertex 2.565502e+01 -1.932148e+01 0.000000e+00
      vertex 2.049748e+01 -1.730048e+01 9.115049e+00
      vertex 2.530530e+01 -1.977727e+01 0.000000e+00
    endloop
  endfacet
  facet normal 6.851202e-01 -5.257112e-01 5.042202e-01
    outer loop
      vertex 2.049748e+01 -1.730048e+01 9.115049e+00
      vertex 2.565502e+01 -1.932148e+01 0.000000e+00
      vertex 2.201830e+01 -1.531853e+01 9.115049e+00
    endloop
  endfacet
  facet normal 6.851202e-01 -5.257112e-01 5.042202e-01
    outer loop
      vertex 2.049748e+01 -1.730048e+01 9.115049e+00
      vertex 2.565502e+01 -1.932148e+01 0.000000e+00
      vertex 2.201830e+01 -1.531853e+01 9.115049e+00
    endloop
  endfacet
  facet normal 6.851202e-01 -5.257112e-01 5.042202e-01
    outer loop
      vertex 2.049748e+01 -1.730048e+01 9.115049e+00
      vertex 2.565502e+01 -1.932148e+01 0.000000e+00
      vertex 2.201830e+01 -1.531853e+01 9.115049e+00
    endloop
  endfacet
  facet normal -1.542951e-01 -8.518830e-01 5.004881e-01
    outer loop
      vertex -4.732484e+00 -2.639901e+01 9.115049e+00
      vertex -6.257939e+00 -3.147791e+01 0.000000e+00
      vertex -4.473474e+00 -3.180112e+01 0.000000e+00
    endloop
  endfacet
  facet normal -1.542951e-01 -8.518830e-01 5.004881e-01
    outer loop
      vertex -4.732484e+00 -2.639901e+01 9.115049e+00
      vertex -6.257939e+00 -3.147791e+01 0.000000e+00
      vertex -4.473474e+00 -3.180112e+01 0.000000e+00
    endloop
  endfacet
  facet normal -1.542951e-01 -8.518830e-01 5.004881e-01
    outer loop
      vertex -4.732484e+00 -2.639901e+01 9.115049e+00
      vertex -6.257939e+00 -3.147791e+01 0.000000e+00
      vertex -4.473474e+00 -3.180112e+01 0.000000e+00
    endloop
  endfacet
  facet normal 1.127192e-01 -8.561871e-01 5.042202e-01
    outer loop
      vertex 4.738361e+00 -2.639901e+01 9.115049e+00
      vertex 3.909804e+00 -3.187609e+01 0.000000e+00
      vertex 4.479352e+00 -3.180112e+01 0.000000e+00
    endloop
  endfacet
  facet normal 1.127192e-01 -8.561871e-01 5.042202e-01
    outer loop
      vertex 4.738361e+00 -2.639901e+01 9.115049e+00
      vertex 3.909804e+00 -3.187609e+01 0.000000e+00
      vertex 4.479352e+00 -3.180112e+01 0.000000e+00
    endloop
  endfacet
  facet normal 1.127192e-01 -8.561871e-01 5.042202e-01
    outer loop
      vertex 4.738361e+00 -2.639901e+01 9.115049e+00
      vertex 3.909804e+00 -3.187609e+01 0.000000e+00
      vertex 4.479352e+00 -3.180112e+01 0.000000e+00
    endloop
  endfacet
  facet normal 1.127192e-01 -8.561871e-01 5.042202e-01
    outer loop
      vertex 3.909804e+00 -3.187609e+01 0.000000e+00
      vertex 4.738361e+00 -2.639901e+01 9.115049e+00
      vertex 2.261440e+00 -2.672515e+01 9.115049e+00
    endloop
  endfacet
  facet normal 1.127192e-01 -8.561871e-01 5.042202e-01
    outer loop
      vertex 3.909804e+00 -3.187609e+01 0.000000e+00
      vertex 4.738361e+00 -2.639901e+01 9.115049e+00
      vertex 2.261440e+00 -2.672515e+01 9.115049e+00
    endloop
  endfacet
  facet normal 1.127192e-01 -8.561871e-01 5.042202e-01
    outer loop
      vertex 3.909804e+00 -3.187609e+01 0.000000e+00
      vertex 4.738361e+00 -2.639901e+01 9.115049e+00
      vertex 2.261440e+00 -2.672515e+01 9.115049e+00
    endloop
  endfacet
  facet normal -7.144590e-02 8.627903e-01 5.004882e-01
    outer loop
      vertex -2.255562e+00 2.672515e+01 9.115049e+00
      vertex -2.096603e+00 3.202577e+01 0.000000e+00
      vertex -3.903926e+00 3.187609e+01 0.000000e+00
    endloop
  endfacet
  facet normal -7.144590e-02 8.627903e-01 5.004882e-01
    outer loop
      vertex -2.255562e+00 2.672515e+01 9.115049e+00
      vertex -2.096603e+00 3.202577e+01 0.000000e+00
      vertex -3.903926e+00 3.187609e+01 0.000000e+00
    endloop
  endfacet
  facet normal -7.144590e-02 8.627903e-01 5.004882e-01
    outer loop
      vertex -2.255562e+00 2.672515e+01 9.115049e+00
      vertex -2.096603e+00 3.202577e+01 0.000000e+00
      vertex -3.903926e+00 3.187609e+01 0.000000e+00
    endloop
  endfacet
  facet normal 6.113114e-01 6.173646e-01 4.951357e-01
    outer loop
      vertex 2.049670e+01 2.049376e+01 5.435096e+00
      vertex 2.268692e+01 2.268398e+01 0.000000e+00
      vertex 2.183739e+01 2.352521e+01 0.000000e+00
    endloop
  endfacet
  facet normal 6.113114e-01 6.173646e-01 4.951357e-01
    outer loop
      vertex 2.049670e+01 2.049376e+01 5.435096e+00
      vertex 2.268692e+01 2.268398e+01 0.000000e+00
      vertex 2.183739e+01 2.352521e+01 0.000000e+00
    endloop
  endfacet
  facet normal 6.113114e-01 6.173646e-01 4.951357e-01
    outer loop
      vertex 2.049670e+01 2.049376e+01 5.435096e+00
      vertex 2.268692e+01 2.268398e+01 0.000000e+00
      vertex 2.183739e+01 2.352521e+01 0.000000e+00
    endloop
  endfacet
  facet normal 4.381094e-01 -7.502672e-01 4.951357e-01
    outer loop
      vertex 1.449421e+01 -2.509958e+01 5.435096e+00
      vertex 1.604298e+01 -2.778209e+01 0.000000e+00
      vertex 1.707536e+01 -2.717923e+01 0.000000e+00
    endloop
  endfacet
  facet normal 4.381094e-01 -7.502672e-01 4.951357e-01
    outer loop
      vertex 1.449421e+01 -2.509958e+01 5.435096e+00
      vertex 1.604298e+01 -2.778209e+01 0.000000e+00
      vertex 1.707536e+01 -2.717923e+01 0.000000e+00
    endloop
  endfacet
  facet normal 4.381094e-01 -7.502672e-01 4.951357e-01
    outer loop
      vertex 1.449421e+01 -2.509958e+01 5.435096e+00
      vertex 1.604298e+01 -2.778209e+01 0.000000e+00
      vertex 1.707536e+01 -2.717923e+01 0.000000e+00
    endloop
  endfacet
  facet normal -5.781686e-01 6.435484e-01 5.015641e-01
    outer loop
      vertex -2.049082e+01 2.049376e+01 5.435096e+00
      vertex -2.115807e+01 2.413022e+01 0.000000e+00
      vertex -2.183152e+01 2.352521e+01 0.000000e+00
    endloop
  endfacet
  facet normal -5.781686e-01 6.435484e-01 5.015641e-01
    outer loop
      vertex -2.049082e+01 2.049376e+01 5.435096e+00
      vertex -2.115807e+01 2.413022e+01 0.000000e+00
      vertex -2.183152e+01 2.352521e+01 0.000000e+00
    endloop
  endfacet
  facet normal -5.781686e-01 6.435484e-01 5.015641e-01
    outer loop
      vertex -2.049082e+01 2.049376e+01 5.435096e+00
      vertex -2.115807e+01 2.413022e+01 0.000000e+00
      vertex -2.183152e+01 2.352521e+01 0.000000e+00
    endloop
  endfacet
  facet normal -5.781686e-01 6.435484e-01 5.015641e-01
    outer loop
      vertex -2.115807e+01 2.413022e+01 0.000000e+00
      vertex -2.049082e+01 2.049376e+01 5.435096e+00
      vertex -1.729753e+01 2.049454e+01 9.115049e+00
    endloop
  endfacet
  facet normal -5.781686e-01 6.435484e-01 5.015641e-01
    outer loop
      vertex -2.115807e+01 2.413022e+01 0.000000e+00
      vertex -2.049082e+01 2.049376e+01 5.435096e+00
      vertex -1.729753e+01 2.049454e+01 9.115049e+00
    endloop
  endfacet
  facet normal -5.781686e-01 6.435484e-01 5.015641e-01
    outer loop
      vertex -2.115807e+01 2.413022e+01 0.000000e+00
      vertex -2.049082e+01 2.049376e+01 5.435096e+00
      vertex -1.729753e+01 2.049454e+01 9.115049e+00
    endloop
  endfacet
  facet normal -2.682449e-01 -8.224829e-01 5.015641e-01
    outer loop
      vertex -7.498261e+00 -2.799499e+01 5.435096e+00
      vertex -1.031393e+01 -3.039106e+01 0.000000e+00
      vertex -9.453245e+00 -3.067182e+01 0.000000e+00
    endloop
  endfacet
  facet normal -2.682449e-01 -8.224829e-01 5.015641e-01
    outer loop
      vertex -7.498261e+00 -2.799499e+01 5.435096e+00
      vertex -1.031393e+01 -3.039106e+01 0.000000e+00
      vertex -9.453245e+00 -3.067182e+01 0.000000e+00
    endloop
  endfacet
  facet normal -2.682449e-01 -8.224829e-01 5.015641e-01
    outer loop
      vertex -7.498261e+00 -2.799499e+01 5.435096e+00
      vertex -1.031393e+01 -3.039106e+01 0.000000e+00
      vertex -9.453245e+00 -3.067182e+01 0.000000e+00
    endloop
  endfacet
  facet normal -2.682449e-01 -8.224829e-01 5.015641e-01
    outer loop
      vertex -1.031393e+01 -3.039106e+01 0.000000e+00
      vertex -7.498261e+00 -2.799499e+01 5.435096e+00
      vertex -9.095620e+00 -2.522994e+01 9.115049e+00
    endloop
  endfacet
  facet normal -2.682449e-01 -8.224829e-01 5.015641e-01
    outer loop
      vertex -1.031393e+01 -3.039106e+01 0.000000e+00
      vertex -7.498261e+00 -2.799499e+01 5.435096e+00
      vertex -9.095620e+00 -2.522994e+01 9.115049e+00
    endloop
  endfacet
  facet normal -2.682449e-01 -8.224829e-01 5.015641e-01
    outer loop
      vertex -1.031393e+01 -3.039106e+01 0.000000e+00
      vertex -7.498261e+00 -2.799499e+01 5.435096e+00
      vertex -9.095620e+00 -2.522994e+01 9.115049e+00
    endloop
  endfacet
  facet normal -5.257112e-01 -6.851202e-01 5.042202e-01
    outer loop
      vertex -1.531558e+01 -2.201536e+01 9.115049e+00
      vertex -1.977433e+01 -2.530235e+01 0.000000e+00
      vertex -1.931855e+01 -2.565208e+01 0.000000e+00
    endloop
  endfacet
  facet normal -5.257112e-01 -6.851202e-01 5.042202e-01
    outer loop
      vertex -1.531558e+01 -2.201536e+01 9.115049e+00
      vertex -1.977433e+01 -2.530235e+01 0.000000e+00
      vertex -1.931855e+01 -2.565208e+01 0.000000e+00
    endloop
  endfacet
  facet normal -5.257112e-01 -6.851202e-01 5.042202e-01
    outer loop
      vertex -1.531558e+01 -2.201536e+01 9.115049e+00
      vertex -1.977433e+01 -2.530235e+01 0.000000e+00
      vertex -1.931855e+01 -2.565208e+01 0.000000e+00
    endloop
  endfacet
  facet normal -5.257112e-01 -6.851202e-01 5.042202e-01
    outer loop
      vertex -1.977433e+01 -2.530235e+01 0.000000e+00
      vertex -1.531558e+01 -2.201536e+01 9.115049e+00
      vertex -1.729753e+01 -2.049454e+01 9.115049e+00
    endloop
  endfacet
  facet normal -5.257112e-01 -6.851202e-01 5.042202e-01
    outer loop
      vertex -1.977433e+01 -2.530235e+01 0.000000e+00
      vertex -1.531558e+01 -2.201536e+01 9.115049e+00
      vertex -1.729753e+01 -2.049454e+01 9.115049e+00
    endloop
  endfacet
  facet normal -5.257112e-01 -6.851202e-01 5.042202e-01
    outer loop
      vertex -1.977433e+01 -2.530235e+01 0.000000e+00
      vertex -1.531558e+01 -2.201536e+01 9.115049e+00
      vertex -1.729753e+01 -2.049454e+01 9.115049e+00
    endloop
  endfacet
  facet normal 5.595650e-01 6.606048e-01 5.004881e-01
    outer loop
      vertex 1.730342e+01 2.049454e+01 9.115049e+00
      vertex 2.116395e+01 2.413022e+01 0.000000e+00
      vertex 1.978021e+01 2.530235e+01 0.000000e+00
    endloop
  endfacet
  facet normal 5.595650e-01 6.606048e-01 5.004881e-01
    outer loop
      vertex 1.730342e+01 2.049454e+01 9.115049e+00
      vertex 2.116395e+01 2.413022e+01 0.000000e+00
      vertex 1.978021e+01 2.530235e+01 0.000000e+00
    endloop
  endfacet
  facet normal 5.595650e-01 6.606048e-01 5.004881e-01
    outer loop
      vertex 1.730342e+01 2.049454e+01 9.115049e+00
      vertex 2.116395e+01 2.413022e+01 0.000000e+00
      vertex 1.978021e+01 2.530235e+01 0.000000e+00
    endloop
  endfacet
  facet normal -5.595650e-01 6.606048e-01 5.004881e-01
    outer loop
      vertex -1.729753e+01 2.049454e+01 9.115049e+00
      vertex -1.977433e+01 2.530235e+01 0.000000e+00
      vertex -2.115807e+01 2.413022e+01 0.000000e+00
    endloop
  endfacet
  facet normal -5.595650e-01 6.606048e-01 5.004881e-01
    outer loop
      vertex -1.729753e+01 2.049454e+01 9.115049e+00
      vertex -1.977433e+01 2.530235e+01 0.000000e+00
      vertex -2.115807e+01 2.413022e+01 0.000000e+00
    endloop
  endfacet
  facet normal -5.595650e-01 6.606048e-01 5.004881e-01
    outer loop
      vertex -1.729753e+01 2.049454e+01 9.115049e+00
      vertex -1.977433e+01 2.530235e+01 0.000000e+00
      vertex -2.115807e+01 2.413022e+01 0.000000e+00
    endloop
  endfacet
  facet normal 3.695212e-01 -7.829213e-01 5.004881e-01
    outer loop
      vertex 1.140960e+01 -2.427389e+01 9.115049e+00
      vertex 1.255757e+01 -2.955891e+01 0.000000e+00
      vertex 1.419758e+01 -2.878488e+01 0.000000e+00
    endloop
  endfacet
  facet normal 3.695212e-01 -7.829213e-01 5.004881e-01
    outer loop
      vertex 1.140960e+01 -2.427389e+01 9.115049e+00
      vertex 1.255757e+01 -2.955891e+01 0.000000e+00
      vertex 1.419758e+01 -2.878488e+01 0.000000e+00
    endloop
  endfacet
  facet normal 3.695212e-01 -7.829213e-01 5.004881e-01
    outer loop
      vertex 1.140960e+01 -2.427389e+01 9.115049e+00
      vertex 1.255757e+01 -2.955891e+01 0.000000e+00
      vertex 1.419758e+01 -2.878488e+01 0.000000e+00
    endloop
  endfacet
  facet normal -8.627903e-01 -7.144590e-02 5.004882e-01
    outer loop
      vertex -3.202284e+01 -2.099542e+00 0.000000e+00
      vertex -3.187315e+01 -3.906865e+00 0.000000e+00
      vertex -2.672221e+01 -2.258500e+00 9.115049e+00
    endloop
  endfacet
  facet normal -8.627903e-01 -7.144590e-02 5.004882e-01
    outer loop
      vertex -3.202284e+01 -2.099542e+00 0.000000e+00
      vertex -3.187315e+01 -3.906865e+00 0.000000e+00
      vertex -2.672221e+01 -2.258500e+00 9.115049e+00
    endloop
  endfacet
  facet normal -8.627903e-01 -7.144590e-02 5.004882e-01
    outer loop
      vertex -3.202284e+01 -2.099542e+00 0.000000e+00
      vertex -3.187315e+01 -3.906865e+00 0.000000e+00
      vertex -2.672221e+01 -2.258500e+00 9.115049e+00
    endloop
  endfacet
  facet normal -6.113114e-01 -6.173646e-01 4.951357e-01
    outer loop
      vertex -2.049082e+01 -2.049376e+01 5.435096e+00
      vertex -2.268105e+01 -2.268398e+01 0.000000e+00
      vertex -2.183152e+01 -2.352521e+01 0.000000e+00
    endloop
  endfacet
  facet normal -6.113114e-01 -6.173646e-01 4.951357e-01
    outer loop
      vertex -2.049082e+01 -2.049376e+01 5.435096e+00
      vertex -2.268105e+01 -2.268398e+01 0.000000e+00
      vertex -2.183152e+01 -2.352521e+01 0.000000e+00
    endloop
  endfacet
  facet normal -6.113114e-01 -6.173646e-01 4.951357e-01
    outer loop
      vertex -2.049082e+01 -2.049376e+01 5.435096e+00
      vertex -2.268105e+01 -2.268398e+01 0.000000e+00
      vertex -2.183152e+01 -2.352521e+01 0.000000e+00
    endloop
  endfacet
  facet normal -4.381094e-01 -7.502672e-01 4.951357e-01
    outer loop
      vertex -1.448833e+01 -2.509958e+01 5.435096e+00
      vertex -1.706949e+01 -2.717923e+01 0.000000e+00
      vertex -1.603703e+01 -2.778209e+01 0.000000e+00
    endloop
  endfacet
  facet normal -4.381094e-01 -7.502672e-01 4.951357e-01
    outer loop
      vertex -1.448833e+01 -2.509958e+01 5.435096e+00
      vertex -1.706949e+01 -2.717923e+01 0.000000e+00
      vertex -1.603703e+01 -2.778209e+01 0.000000e+00
    endloop
  endfacet
  facet normal -4.381094e-01 -7.502672e-01 4.951357e-01
    outer loop
      vertex -1.448833e+01 -2.509958e+01 5.435096e+00
      vertex -1.706949e+01 -2.717923e+01 0.000000e+00
      vertex -1.603703e+01 -2.778209e+01 0.000000e+00
    endloop
  endfacet
  facet normal 8.380935e-01 2.289977e-01 4.951357e-01
    outer loop
      vertex 3.067476e+01 9.456184e+00 0.000000e+00
      vertex 2.799793e+01 7.501266e+00 5.435096e+00
      vertex 3.098986e+01 8.302917e+00 0.000000e+00
    endloop
  endfacet
  facet normal 8.380935e-01 2.289977e-01 4.951357e-01
    outer loop
      vertex 3.067476e+01 9.456184e+00 0.000000e+00
      vertex 2.799793e+01 7.501266e+00 5.435096e+00
      vertex 3.098986e+01 8.302917e+00 0.000000e+00
    endloop
  endfacet
  facet normal 8.380935e-01 2.289977e-01 4.951357e-01
    outer loop
      vertex 3.067476e+01 9.456184e+00 0.000000e+00
      vertex 2.799793e+01 7.501266e+00 5.435096e+00
      vertex 3.098986e+01 8.302917e+00 0.000000e+00
    endloop
  endfacet
  facet normal 6.606048e-01 -5.595650e-01 5.004881e-01
    outer loop
      vertex 2.049748e+01 -1.730048e+01 9.115049e+00
      vertex 2.413315e+01 -2.116100e+01 0.000000e+00
      vertex 2.530530e+01 -1.977727e+01 0.000000e+00
    endloop
  endfacet
  facet normal 6.606048e-01 -5.595650e-01 5.004881e-01
    outer loop
      vertex 2.049748e+01 -1.730048e+01 9.115049e+00
      vertex 2.413315e+01 -2.116100e+01 0.000000e+00
      vertex 2.530530e+01 -1.977727e+01 0.000000e+00
    endloop
  endfacet
  facet normal 6.606048e-01 -5.595650e-01 5.004881e-01
    outer loop
      vertex 2.049748e+01 -1.730048e+01 9.115049e+00
      vertex 2.413315e+01 -2.116100e+01 0.000000e+00
      vertex 2.530530e+01 -1.977727e+01 0.000000e+00
    endloop
  endfacet
  facet normal 7.978394e-01 3.304759e-01 5.042202e-01
    outer loop
      vertex 2.978174e+01 1.202388e+01 0.000000e+00
      vertex 2.427683e+01 1.140666e+01 9.115049e+00
      vertex 2.523287e+01 9.098559e+00 9.115049e+00
    endloop
  endfacet
  facet normal 7.978394e-01 3.304759e-01 5.042202e-01
    outer loop
      vertex 2.978174e+01 1.202388e+01 0.000000e+00
      vertex 2.427683e+01 1.140666e+01 9.115049e+00
      vertex 2.523287e+01 9.098559e+00 9.115049e+00
    endloop
  endfacet
  facet normal 7.978394e-01 3.304759e-01 5.042202e-01
    outer loop
      vertex 2.978174e+01 1.202388e+01 0.000000e+00
      vertex 2.427683e+01 1.140666e+01 9.115049e+00
      vertex 2.523287e+01 9.098559e+00 9.115049e+00
    endloop
  endfacet
  facet normal 7.978394e-01 3.304759e-01 5.042202e-01
    outer loop
      vertex 2.427683e+01 1.140666e+01 9.115049e+00
      vertex 2.978174e+01 1.202388e+01 0.000000e+00
      vertex 2.956185e+01 1.255464e+01 0.000000e+00
    endloop
  endfacet
  facet normal 7.978394e-01 3.304759e-01 5.042202e-01
    outer loop
      vertex 2.427683e+01 1.140666e+01 9.115049e+00
      vertex 2.978174e+01 1.202388e+01 0.000000e+00
      vertex 2.956185e+01 1.255464e+01 0.000000e+00
    endloop
  endfacet
  facet normal 7.978394e-01 3.304759e-01 5.042202e-01
    outer loop
      vertex 2.427683e+01 1.140666e+01 9.115049e+00
      vertex 2.978174e+01 1.202388e+01 0.000000e+00
      vertex 2.956185e+01 1.255464e+01 0.000000e+00
    endloop
  endfacet
  facet normal 2.289977e-01 -8.380935e-01 4.951357e-01
    outer loop
      vertex 7.504204e+00 -2.799499e+01 5.435096e+00
      vertex 8.305856e+00 -3.098693e+01 0.000000e+00
      vertex 9.459124e+00 -3.067182e+01 0.000000e+00
    endloop
  endfacet
  facet normal 2.289977e-01 -8.380935e-01 4.951357e-01
    outer loop
      vertex 7.504204e+00 -2.799499e+01 5.435096e+00
      vertex 8.305856e+00 -3.098693e+01 0.000000e+00
      vertex 9.459124e+00 -3.067182e+01 0.000000e+00
    endloop
  endfacet
  facet normal 2.289977e-01 -8.380935e-01 4.951357e-01
    outer loop
      vertex 7.504204e+00 -2.799499e+01 5.435096e+00
      vertex 8.305856e+00 -3.098693e+01 0.000000e+00
      vertex 9.459124e+00 -3.067182e+01 0.000000e+00
    endloop
  endfacet
  facet normal 6.435484e-01 -5.781686e-01 5.015641e-01
    outer loop
      vertex 2.413315e+01 -2.116100e+01 0.000000e+00
      vertex 2.049670e+01 -2.049376e+01 5.435096e+00
      vertex 2.352814e+01 -2.183446e+01 0.000000e+00
    endloop
  endfacet
  facet normal 6.435484e-01 -5.781686e-01 5.015641e-01
    outer loop
      vertex 2.413315e+01 -2.116100e+01 0.000000e+00
      vertex 2.049670e+01 -2.049376e+01 5.435096e+00
      vertex 2.352814e+01 -2.183446e+01 0.000000e+00
    endloop
  endfacet
  facet normal 6.435484e-01 -5.781686e-01 5.015641e-01
    outer loop
      vertex 2.413315e+01 -2.116100e+01 0.000000e+00
      vertex 2.049670e+01 -2.049376e+01 5.435096e+00
      vertex 2.352814e+01 -2.183446e+01 0.000000e+00
    endloop
  endfacet
  facet normal 6.435484e-01 -5.781686e-01 5.015641e-01
    outer loop
      vertex 2.049670e+01 -2.049376e+01 5.435096e+00
      vertex 2.413315e+01 -2.116100e+01 0.000000e+00
      vertex 2.049748e+01 -1.730048e+01 9.115049e+00
    endloop
  endfacet
  facet normal 6.435484e-01 -5.781686e-01 5.015641e-01
    outer loop
      vertex 2.049670e+01 -2.049376e+01 5.435096e+00
      vertex 2.413315e+01 -2.116100e+01 0.000000e+00
      vertex 2.049748e+01 -1.730048e+01 9.115049e+00
    endloop
  endfacet
  facet normal 6.435484e-01 -5.781686e-01 5.015641e-01
    outer loop
      vertex 2.049670e+01 -2.049376e+01 5.435096e+00
      vertex 2.413315e+01 -2.116100e+01 0.000000e+00
      vertex 2.049748e+01 -1.730048e+01 9.115049e+00
    endloop
  endfacet
  facet normal 2.682449e-01 -8.224829e-01 5.015641e-01
    outer loop
      vertex 9.101498e+00 -2.522994e+01 9.115049e+00
      vertex 9.459124e+00 -3.067182e+01 0.000000e+00
      vertex 1.031981e+01 -3.039106e+01 0.000000e+00
    endloop
  endfacet
  facet normal 2.682449e-01 -8.224829e-01 5.015641e-01
    outer loop
      vertex 9.101498e+00 -2.522994e+01 9.115049e+00
      vertex 9.459124e+00 -3.067182e+01 0.000000e+00
      vertex 1.031981e+01 -3.039106e+01 0.000000e+00
    endloop
  endfacet
  facet normal 2.682449e-01 -8.224829e-01 5.015641e-01
    outer loop
      vertex 9.101498e+00 -2.522994e+01 9.115049e+00
      vertex 9.459124e+00 -3.067182e+01 0.000000e+00
      vertex 1.031981e+01 -3.039106e+01 0.000000e+00
    endloop
  endfacet
  facet normal 2.682449e-01 -8.224829e-01 5.015641e-01
    outer loop
      vertex 9.459124e+00 -3.067182e+01 0.000000e+00
      vertex 9.101498e+00 -2.522994e+01 9.115049e+00
      vertex 7.504204e+00 -2.799499e+01 5.435096e+00
    endloop
  endfacet
  facet normal 2.682449e-01 -8.224829e-01 5.015641e-01
    outer loop
      vertex 9.459124e+00 -3.067182e+01 0.000000e+00
      vertex 9.101498e+00 -2.522994e+01 9.115049e+00
      vertex 7.504204e+00 -2.799499e+01 5.435096e+00
    endloop
  endfacet
  facet normal 2.682449e-01 -8.224829e-01 5.015641e-01
    outer loop
      vertex 9.459124e+00 -3.067182e+01 0.000000e+00
      vertex 9.101498e+00 -2.522994e+01 9.115049e+00
      vertex 7.504204e+00 -2.799499e+01 5.435096e+00
    endloop
  endfacet
  facet normal -4.306958e-01 -7.545474e-01 4.951357e-01
    outer loop
      vertex -1.448833e+01 -2.509958e+01 5.435096e+00
      vertex -1.603703e+01 -2.778209e+01 0.000000e+00
      vertex -1.499878e+01 -2.837475e+01 0.000000e+00
    endloop
  endfacet
  facet normal -4.306958e-01 -7.545474e-01 4.951357e-01
    outer loop
      vertex -1.448833e+01 -2.509958e+01 5.435096e+00
      vertex -1.603703e+01 -2.778209e+01 0.000000e+00
      vertex -1.499878e+01 -2.837475e+01 0.000000e+00
    endloop
  endfacet
  facet normal -4.306958e-01 -7.545474e-01 4.951357e-01
    outer loop
      vertex -1.448833e+01 -2.509958e+01 5.435096e+00
      vertex -1.603703e+01 -2.778209e+01 0.000000e+00
      vertex -1.499878e+01 -2.837475e+01 0.000000e+00
    endloop
  endfacet
  facet normal 2.923180e-01 -8.148999e-01 5.004881e-01
    outer loop
      vertex 9.101498e+00 -2.522994e+01 9.115049e+00
      vertex 1.031981e+01 -3.039106e+01 0.000000e+00
      vertex 1.202682e+01 -2.977881e+01 0.000000e+00
    endloop
  endfacet
  facet normal 2.923180e-01 -8.148999e-01 5.004881e-01
    outer loop
      vertex 9.101498e+00 -2.522994e+01 9.115049e+00
      vertex 1.031981e+01 -3.039106e+01 0.000000e+00
      vertex 1.202682e+01 -2.977881e+01 0.000000e+00
    endloop
  endfacet
  facet normal 2.923180e-01 -8.148999e-01 5.004881e-01
    outer loop
      vertex 9.101498e+00 -2.522994e+01 9.115049e+00
      vertex 1.031981e+01 -3.039106e+01 0.000000e+00
      vertex 1.202682e+01 -2.977881e+01 0.000000e+00
    endloop
  endfacet
  facet normal -8.688051e-01 -4.280230e-03 4.951357e-01
    outer loop
      vertex -3.207711e+01 3.265381e-05 0.000000e+00
      vertex -3.207116e+01 -1.195489e+00 0.000000e+00
      vertex -2.897957e+01 3.265381e-05 5.435096e+00
    endloop
  endfacet
  facet normal -8.688051e-01 -4.280230e-03 4.951357e-01
    outer loop
      vertex -3.207711e+01 3.265381e-05 0.000000e+00
      vertex -3.207116e+01 -1.195489e+00 0.000000e+00
      vertex -2.897957e+01 3.265381e-05 5.435096e+00
    endloop
  endfacet
  facet normal -8.688051e-01 -4.280230e-03 4.951357e-01
    outer loop
      vertex -3.207711e+01 3.265381e-05 0.000000e+00
      vertex -3.207116e+01 -1.195489e+00 0.000000e+00
      vertex -2.897957e+01 3.265381e-05 5.435096e+00
    endloop
  endfacet
  facet normal -2.207289e-01 -8.403091e-01 4.951357e-01
    outer loop
      vertex -7.498261e+00 -2.799499e+01 5.435096e+00
      vertex -8.299978e+00 -3.098693e+01 0.000000e+00
      vertex -7.143641e+00 -3.129067e+01 0.000000e+00
    endloop
  endfacet
  facet normal -2.207289e-01 -8.403091e-01 4.951357e-01
    outer loop
      vertex -7.498261e+00 -2.799499e+01 5.435096e+00
      vertex -8.299978e+00 -3.098693e+01 0.000000e+00
      vertex -7.143641e+00 -3.129067e+01 0.000000e+00
    endloop
  endfacet
  facet normal -2.207289e-01 -8.403091e-01 4.951357e-01
    outer loop
      vertex -7.498261e+00 -2.799499e+01 5.435096e+00
      vertex -8.299978e+00 -3.098693e+01 0.000000e+00
      vertex -7.143641e+00 -3.129067e+01 0.000000e+00
    endloop
  endfacet
  facet normal 5.257112e-01 -6.851202e-01 5.042202e-01
    outer loop
      vertex 1.730342e+01 -2.049454e+01 9.115049e+00
      vertex 1.932442e+01 -2.565208e+01 0.000000e+00
      vertex 1.978021e+01 -2.530235e+01 0.000000e+00
    endloop
  endfacet
  facet normal 5.257112e-01 -6.851202e-01 5.042202e-01
    outer loop
      vertex 1.730342e+01 -2.049454e+01 9.115049e+00
      vertex 1.932442e+01 -2.565208e+01 0.000000e+00
      vertex 1.978021e+01 -2.530235e+01 0.000000e+00
    endloop
  endfacet
  facet normal 5.257112e-01 -6.851202e-01 5.042202e-01
    outer loop
      vertex 1.730342e+01 -2.049454e+01 9.115049e+00
      vertex 1.932442e+01 -2.565208e+01 0.000000e+00
      vertex 1.978021e+01 -2.530235e+01 0.000000e+00
    endloop
  endfacet
  facet normal 5.257112e-01 -6.851202e-01 5.042202e-01
    outer loop
      vertex 1.932442e+01 -2.565208e+01 0.000000e+00
      vertex 1.730342e+01 -2.049454e+01 9.115049e+00
      vertex 1.532146e+01 -2.201536e+01 9.115049e+00
    endloop
  endfacet
  facet normal 5.257112e-01 -6.851202e-01 5.042202e-01
    outer loop
      vertex 1.932442e+01 -2.565208e+01 0.000000e+00
      vertex 1.730342e+01 -2.049454e+01 9.115049e+00
      vertex 1.532146e+01 -2.201536e+01 9.115049e+00
    endloop
  endfacet
  facet normal 5.257112e-01 -6.851202e-01 5.042202e-01
    outer loop
      vertex 1.932442e+01 -2.565208e+01 0.000000e+00
      vertex 1.730342e+01 -2.049454e+01 9.115049e+00
      vertex 1.532146e+01 -2.201536e+01 9.115049e+00
    endloop
  endfacet
  facet normal -7.250306e-01 4.719789e-01 5.015641e-01
    outer loop
      vertex -2.201242e+01 1.531853e+01 9.115049e+00
      vertex -2.717630e+01 1.707243e+01 0.000000e+00
      vertex -2.509664e+01 1.449127e+01 5.435096e+00
    endloop
  endfacet
  facet normal -7.250306e-01 4.719789e-01 5.015641e-01
    outer loop
      vertex -2.201242e+01 1.531853e+01 9.115049e+00
      vertex -2.717630e+01 1.707243e+01 0.000000e+00
      vertex -2.509664e+01 1.449127e+01 5.435096e+00
    endloop
  endfacet
  facet normal -7.250306e-01 4.719789e-01 5.015641e-01
    outer loop
      vertex -2.201242e+01 1.531853e+01 9.115049e+00
      vertex -2.717630e+01 1.707243e+01 0.000000e+00
      vertex -2.509664e+01 1.449127e+01 5.435096e+00
    endloop
  endfacet
  facet normal -7.250306e-01 4.719789e-01 5.015641e-01
    outer loop
      vertex -2.717630e+01 1.707243e+01 0.000000e+00
      vertex -2.201242e+01 1.531853e+01 9.115049e+00
      vertex -2.668238e+01 1.783117e+01 0.000000e+00
    endloop
  endfacet
  facet normal -7.250306e-01 4.719789e-01 5.015641e-01
    outer loop
      vertex -2.717630e+01 1.707243e+01 0.000000e+00
      vertex -2.201242e+01 1.531853e+01 9.115049e+00
      vertex -2.668238e+01 1.783117e+01 0.000000e+00
    endloop
  endfacet
  facet normal -7.250306e-01 4.719789e-01 5.015641e-01
    outer loop
      vertex -2.717630e+01 1.707243e+01 0.000000e+00
      vertex -2.201242e+01 1.531853e+01 9.115049e+00
      vertex -2.668238e+01 1.783117e+01 0.000000e+00
    endloop
  endfacet
  facet normal 7.144590e-02 -8.627903e-01 5.004882e-01
    outer loop
      vertex 2.261440e+00 -2.672515e+01 9.115049e+00
      vertex 2.102480e+00 -3.202577e+01 0.000000e+00
      vertex 3.909804e+00 -3.187609e+01 0.000000e+00
    endloop
  endfacet
  facet normal 7.144590e-02 -8.627903e-01 5.004882e-01
    outer loop
      vertex 2.261440e+00 -2.672515e+01 9.115049e+00
      vertex 2.102480e+00 -3.202577e+01 0.000000e+00
      vertex 3.909804e+00 -3.187609e+01 0.000000e+00
    endloop
  endfacet
  facet normal 7.144590e-02 -8.627903e-01 5.004882e-01
    outer loop
      vertex 2.261440e+00 -2.672515e+01 9.115049e+00
      vertex 2.102480e+00 -3.202577e+01 0.000000e+00
      vertex 3.909804e+00 -3.187609e+01 0.000000e+00
    endloop
  endfacet
  facet normal 7.545474e-01 4.306958e-01 4.951357e-01
    outer loop
      vertex 2.778510e+01 1.604004e+01 0.000000e+00
      vertex 2.510252e+01 1.449127e+01 5.435096e+00
      vertex 2.837769e+01 1.500171e+01 0.000000e+00
    endloop
  endfacet
  facet normal 7.545474e-01 4.306958e-01 4.951357e-01
    outer loop
      vertex 2.778510e+01 1.604004e+01 0.000000e+00
      vertex 2.510252e+01 1.449127e+01 5.435096e+00
      vertex 2.837769e+01 1.500171e+01 0.000000e+00
    endloop
  endfacet
  facet normal 7.545474e-01 4.306958e-01 4.951357e-01
    outer loop
      vertex 2.778510e+01 1.604004e+01 0.000000e+00
      vertex 2.510252e+01 1.449127e+01 5.435096e+00
      vertex 2.837769e+01 1.500171e+01 0.000000e+00
    endloop
  endfacet
  facet normal -2.207289e-01 8.403091e-01 4.951357e-01
    outer loop
      vertex -7.498261e+00 2.799499e+01 5.435096e+00
      vertex -7.143641e+00 3.129067e+01 0.000000e+00
      vertex -8.299978e+00 3.098693e+01 0.000000e+00
    endloop
  endfacet
  facet normal -2.207289e-01 8.403091e-01 4.951357e-01
    outer loop
      vertex -7.498261e+00 2.799499e+01 5.435096e+00
      vertex -7.143641e+00 3.129067e+01 0.000000e+00
      vertex -8.299978e+00 3.098693e+01 0.000000e+00
    endloop
  endfacet
  facet normal -2.207289e-01 8.403091e-01 4.951357e-01
    outer loop
      vertex -7.498261e+00 2.799499e+01 5.435096e+00
      vertex -7.143641e+00 3.129067e+01 0.000000e+00
      vertex -8.299978e+00 3.098693e+01 0.000000e+00
    endloop
  endfacet
  facet normal 7.250306e-01 -4.719789e-01 5.015641e-01
    outer loop
      vertex 2.718217e+01 -1.707243e+01 0.000000e+00
      vertex 2.201830e+01 -1.531853e+01 9.115049e+00
      vertex 2.668831e+01 -1.783117e+01 0.000000e+00
    endloop
  endfacet
  facet normal 7.250306e-01 -4.719789e-01 5.015641e-01
    outer loop
      vertex 2.718217e+01 -1.707243e+01 0.000000e+00
      vertex 2.201830e+01 -1.531853e+01 9.115049e+00
      vertex 2.668831e+01 -1.783117e+01 0.000000e+00
    endloop
  endfacet
  facet normal 7.250306e-01 -4.719789e-01 5.015641e-01
    outer loop
      vertex 2.718217e+01 -1.707243e+01 0.000000e+00
      vertex 2.201830e+01 -1.531853e+01 9.115049e+00
      vertex 2.668831e+01 -1.783117e+01 0.000000e+00
    endloop
  endfacet
  facet normal 7.250306e-01 -4.719789e-01 5.015641e-01
    outer loop
      vertex 2.201830e+01 -1.531853e+01 9.115049e+00
      vertex 2.718217e+01 -1.707243e+01 0.000000e+00
      vertex 2.510252e+01 -1.449127e+01 5.435096e+00
    endloop
  endfacet
  facet normal 7.250306e-01 -4.719789e-01 5.015641e-01
    outer loop
      vertex 2.201830e+01 -1.531853e+01 9.115049e+00
      vertex 2.718217e+01 -1.707243e+01 0.000000e+00
      vertex 2.510252e+01 -1.449127e+01 5.435096e+00
    endloop
  endfacet
  facet normal 7.250306e-01 -4.719789e-01 5.015641e-01
    outer loop
      vertex 2.201830e+01 -1.531853e+01 9.115049e+00
      vertex 2.718217e+01 -1.707243e+01 0.000000e+00
      vertex 2.510252e+01 -1.449127e+01 5.435096e+00
    endloop
  endfacet
  facet normal -5.781686e-01 -6.435484e-01 5.015641e-01
    outer loop
      vertex -1.729753e+01 -2.049454e+01 9.115049e+00
      vertex -2.183152e+01 -2.352521e+01 0.000000e+00
      vertex -2.115807e+01 -2.413022e+01 0.000000e+00
    endloop
  endfacet
  facet normal -5.781686e-01 -6.435484e-01 5.015641e-01
    outer loop
      vertex -1.729753e+01 -2.049454e+01 9.115049e+00
      vertex -2.183152e+01 -2.352521e+01 0.000000e+00
      vertex -2.115807e+01 -2.413022e+01 0.000000e+00
    endloop
  endfacet
  facet normal -5.781686e-01 -6.435484e-01 5.015641e-01
    outer loop
      vertex -1.729753e+01 -2.049454e+01 9.115049e+00
      vertex -2.183152e+01 -2.352521e+01 0.000000e+00
      vertex -2.115807e+01 -2.413022e+01 0.000000e+00
    endloop
  endfacet
  facet normal -5.781686e-01 -6.435484e-01 5.015641e-01
    outer loop
      vertex -2.183152e+01 -2.352521e+01 0.000000e+00
      vertex -1.729753e+01 -2.049454e+01 9.115049e+00
      vertex -2.049082e+01 -2.049376e+01 5.435096e+00
    endloop
  endfacet
  facet normal -5.781686e-01 -6.435484e-01 5.015641e-01
    outer loop
      vertex -2.183152e+01 -2.352521e+01 0.000000e+00
      vertex -1.729753e+01 -2.049454e+01 9.115049e+00
      vertex -2.049082e+01 -2.049376e+01 5.435096e+00
    endloop
  endfacet
  facet normal -5.781686e-01 -6.435484e-01 5.015641e-01
    outer loop
      vertex -2.183152e+01 -2.352521e+01 0.000000e+00
      vertex -1.729753e+01 -2.049454e+01 9.115049e+00
      vertex -2.049082e+01 -2.049376e+01 5.435096e+00
    endloop
  endfacet
  facet normal -3.695212e-01 -7.829213e-01 5.004881e-01
    outer loop
      vertex -1.140365e+01 -2.427389e+01 9.115049e+00
      vertex -1.419164e+01 -2.878488e+01 0.000000e+00
      vertex -1.255170e+01 -2.955891e+01 0.000000e+00
    endloop
  endfacet
  facet normal -3.695212e-01 -7.829213e-01 5.004881e-01
    outer loop
      vertex -1.140365e+01 -2.427389e+01 9.115049e+00
      vertex -1.419164e+01 -2.878488e+01 0.000000e+00
      vertex -1.255170e+01 -2.955891e+01 0.000000e+00
    endloop
  endfacet
  facet normal -3.695212e-01 -7.829213e-01 5.004881e-01
    outer loop
      vertex -1.140365e+01 -2.427389e+01 9.115049e+00
      vertex -1.419164e+01 -2.878488e+01 0.000000e+00
      vertex -1.255170e+01 -2.955891e+01 0.000000e+00
    endloop
  endfacet
  facet normal -4.932691e-01 -7.114754e-01 5.004882e-01
    outer loop
      vertex -1.531558e+01 -2.201536e+01 9.115049e+00
      vertex -1.931855e+01 -2.565208e+01 0.000000e+00
      vertex -1.782823e+01 -2.668531e+01 0.000000e+00
    endloop
  endfacet
  facet normal -4.932691e-01 -7.114754e-01 5.004882e-01
    outer loop
      vertex -1.531558e+01 -2.201536e+01 9.115049e+00
      vertex -1.931855e+01 -2.565208e+01 0.000000e+00
      vertex -1.782823e+01 -2.668531e+01 0.000000e+00
    endloop
  endfacet
  facet normal -4.932691e-01 -7.114754e-01 5.004882e-01
    outer loop
      vertex -1.531558e+01 -2.201536e+01 9.115049e+00
      vertex -1.931855e+01 -2.565208e+01 0.000000e+00
      vertex -1.782823e+01 -2.668531e+01 0.000000e+00
    endloop
  endfacet
  facet normal -2.923180e-01 -8.148999e-01 5.004881e-01
    outer loop
      vertex -9.095620e+00 -2.522994e+01 9.115049e+00
      vertex -1.202095e+01 -2.977881e+01 0.000000e+00
      vertex -1.031393e+01 -3.039106e+01 0.000000e+00
    endloop
  endfacet
  facet normal -2.923180e-01 -8.148999e-01 5.004881e-01
    outer loop
      vertex -9.095620e+00 -2.522994e+01 9.115049e+00
      vertex -1.202095e+01 -2.977881e+01 0.000000e+00
      vertex -1.031393e+01 -3.039106e+01 0.000000e+00
    endloop
  endfacet
  facet normal -2.923180e-01 -8.148999e-01 5.004881e-01
    outer loop
      vertex -9.095620e+00 -2.522994e+01 9.115049e+00
      vertex -1.202095e+01 -2.977881e+01 0.000000e+00
      vertex -1.031393e+01 -3.039106e+01 0.000000e+00
    endloop
  endfacet
  facet normal -3.304759e-01 -7.978394e-01 5.042202e-01
    outer loop
      vertex -9.095620e+00 -2.522994e+01 9.115049e+00
      vertex -1.255170e+01 -2.955891e+01 0.000000e+00
      vertex -1.202095e+01 -2.977881e+01 0.000000e+00
    endloop
  endfacet
  facet normal -3.304759e-01 -7.978394e-01 5.042202e-01
    outer loop
      vertex -9.095620e+00 -2.522994e+01 9.115049e+00
      vertex -1.255170e+01 -2.955891e+01 0.000000e+00
      vertex -1.202095e+01 -2.977881e+01 0.000000e+00
    endloop
  endfacet
  facet normal -3.304759e-01 -7.978394e-01 5.042202e-01
    outer loop
      vertex -9.095620e+00 -2.522994e+01 9.115049e+00
      vertex -1.255170e+01 -2.955891e+01 0.000000e+00
      vertex -1.202095e+01 -2.977881e+01 0.000000e+00
    endloop
  endfacet
  facet normal -3.304759e-01 -7.978394e-01 5.042202e-01
    outer loop
      vertex -1.255170e+01 -2.955891e+01 0.000000e+00
      vertex -9.095620e+00 -2.522994e+01 9.115049e+00
      vertex -1.140365e+01 -2.427389e+01 9.115049e+00
    endloop
  endfacet
  facet normal -3.304759e-01 -7.978394e-01 5.042202e-01
    outer loop
      vertex -1.255170e+01 -2.955891e+01 0.000000e+00
      vertex -9.095620e+00 -2.522994e+01 9.115049e+00
      vertex -1.140365e+01 -2.427389e+01 9.115049e+00
    endloop
  endfacet
  facet normal -3.304759e-01 -7.978394e-01 5.042202e-01
    outer loop
      vertex -1.255170e+01 -2.955891e+01 0.000000e+00
      vertex -9.095620e+00 -2.522994e+01 9.115049e+00
      vertex -1.140365e+01 -2.427389e+01 9.115049e+00
    endloop
  endfacet
  facet normal -5.595650e-01 -6.606048e-01 5.004881e-01
    outer loop
      vertex -1.729753e+01 -2.049454e+01 9.115049e+00
      vertex -2.115807e+01 -2.413022e+01 0.000000e+00
      vertex -1.977433e+01 -2.530235e+01 0.000000e+00
    endloop
  endfacet
  facet normal -5.595650e-01 -6.606048e-01 5.004881e-01
    outer loop
      vertex -1.729753e+01 -2.049454e+01 9.115049e+00
      vertex -2.115807e+01 -2.413022e+01 0.000000e+00
      vertex -1.977433e+01 -2.530235e+01 0.000000e+00
    endloop
  endfacet
  facet normal -5.595650e-01 -6.606048e-01 5.004881e-01
    outer loop
      vertex -1.729753e+01 -2.049454e+01 9.115049e+00
      vertex -2.115807e+01 -2.413022e+01 0.000000e+00
      vertex -1.977433e+01 -2.530235e+01 0.000000e+00
    endloop
  endfacet
  facet normal 2.289977e-01 8.380935e-01 4.951357e-01
    outer loop
      vertex 7.504204e+00 2.799499e+01 5.435096e+00
      vertex 9.459124e+00 3.067182e+01 0.000000e+00
      vertex 8.305856e+00 3.098693e+01 0.000000e+00
    endloop
  endfacet
  facet normal 2.289977e-01 8.380935e-01 4.951357e-01
    outer loop
      vertex 7.504204e+00 2.799499e+01 5.435096e+00
      vertex 9.459124e+00 3.067182e+01 0.000000e+00
      vertex 8.305856e+00 3.098693e+01 0.000000e+00
    endloop
  endfacet
  facet normal 2.289977e-01 8.380935e-01 4.951357e-01
    outer loop
      vertex 7.504204e+00 2.799499e+01 5.435096e+00
      vertex 9.459124e+00 3.067182e+01 0.000000e+00
      vertex 8.305856e+00 3.098693e+01 0.000000e+00
    endloop
  endfacet
  facet normal 4.623042e-02 8.638844e-01 5.015641e-01
    outer loop
      vertex 2.971497e-03 2.898251e+01 5.435096e+00
      vertex 2.102480e+00 3.202577e+01 0.000000e+00
      vertex 1.198493e+00 3.207417e+01 0.000000e+00
    endloop
  endfacet
  facet normal 4.623042e-02 8.638844e-01 5.015641e-01
    outer loop
      vertex 2.971497e-03 2.898251e+01 5.435096e+00
      vertex 2.102480e+00 3.202577e+01 0.000000e+00
      vertex 1.198493e+00 3.207417e+01 0.000000e+00
    endloop
  endfacet
  facet normal 4.623042e-02 8.638844e-01 5.015641e-01
    outer loop
      vertex 2.971497e-03 2.898251e+01 5.435096e+00
      vertex 2.102480e+00 3.202577e+01 0.000000e+00
      vertex 1.198493e+00 3.207417e+01 0.000000e+00
    endloop
  endfacet
  facet normal 4.623042e-02 8.638844e-01 5.015641e-01
    outer loop
      vertex 2.102480e+00 3.202577e+01 0.000000e+00
      vertex 2.971497e-03 2.898251e+01 5.435096e+00
      vertex 2.261440e+00 2.672515e+01 9.115049e+00
    endloop
  endfacet
  facet normal 4.623042e-02 8.638844e-01 5.015641e-01
    outer loop
      vertex 2.102480e+00 3.202577e+01 0.000000e+00
      vertex 2.971497e-03 2.898251e+01 5.435096e+00
      vertex 2.261440e+00 2.672515e+01 9.115049e+00
    endloop
  endfacet
  facet normal 4.623042e-02 8.638844e-01 5.015641e-01
    outer loop
      vertex 2.102480e+00 3.202577e+01 0.000000e+00
      vertex 2.971497e-03 2.898251e+01 5.435096e+00
      vertex 2.261440e+00 2.672515e+01 9.115049e+00
    endloop
  endfacet
  facet normal -7.250306e-01 -4.719789e-01 5.015641e-01
    outer loop
      vertex -2.201242e+01 -1.531853e+01 9.115049e+00
      vertex -2.717630e+01 -1.707243e+01 0.000000e+00
      vertex -2.668238e+01 -1.783117e+01 0.000000e+00
    endloop
  endfacet
  facet normal -7.250306e-01 -4.719789e-01 5.015641e-01
    outer loop
      vertex -2.201242e+01 -1.531853e+01 9.115049e+00
      vertex -2.717630e+01 -1.707243e+01 0.000000e+00
      vertex -2.668238e+01 -1.783117e+01 0.000000e+00
    endloop
  endfacet
  facet normal -7.250306e-01 -4.719789e-01 5.015641e-01
    outer loop
      vertex -2.201242e+01 -1.531853e+01 9.115049e+00
      vertex -2.717630e+01 -1.707243e+01 0.000000e+00
      vertex -2.668238e+01 -1.783117e+01 0.000000e+00
    endloop
  endfacet
  facet normal -7.250306e-01 -4.719789e-01 5.015641e-01
    outer loop
      vertex -2.717630e+01 -1.707243e+01 0.000000e+00
      vertex -2.201242e+01 -1.531853e+01 9.115049e+00
      vertex -2.509664e+01 -1.449127e+01 5.435096e+00
    endloop
  endfacet
  facet normal -7.250306e-01 -4.719789e-01 5.015641e-01
    outer loop
      vertex -2.717630e+01 -1.707243e+01 0.000000e+00
      vertex -2.201242e+01 -1.531853e+01 9.115049e+00
      vertex -2.509664e+01 -1.449127e+01 5.435096e+00
    endloop
  endfacet
  facet normal -7.250306e-01 -4.719789e-01 5.015641e-01
    outer loop
      vertex -2.717630e+01 -1.707243e+01 0.000000e+00
      vertex -2.201242e+01 -1.531853e+01 9.115049e+00
      vertex -2.509664e+01 -1.449127e+01 5.435096e+00
    endloop
  endfacet
  facet normal 4.719789e-01 -7.250306e-01 5.015641e-01
    outer loop
      vertex 1.532146e+01 -2.201536e+01 9.115049e+00
      vertex 1.707536e+01 -2.717923e+01 0.000000e+00
      vertex 1.783411e+01 -2.668531e+01 0.000000e+00
    endloop
  endfacet
  facet normal 4.719789e-01 -7.250306e-01 5.015641e-01
    outer loop
      vertex 1.532146e+01 -2.201536e+01 9.115049e+00
      vertex 1.707536e+01 -2.717923e+01 0.000000e+00
      vertex 1.783411e+01 -2.668531e+01 0.000000e+00
    endloop
  endfacet
  facet normal 4.719789e-01 -7.250306e-01 5.015641e-01
    outer loop
      vertex 1.532146e+01 -2.201536e+01 9.115049e+00
      vertex 1.707536e+01 -2.717923e+01 0.000000e+00
      vertex 1.783411e+01 -2.668531e+01 0.000000e+00
    endloop
  endfacet
  facet normal 4.719789e-01 -7.250306e-01 5.015641e-01
    outer loop
      vertex 1.707536e+01 -2.717923e+01 0.000000e+00
      vertex 1.532146e+01 -2.201536e+01 9.115049e+00
      vertex 1.449421e+01 -2.509958e+01 5.435096e+00
    endloop
  endfacet
  facet normal 4.719789e-01 -7.250306e-01 5.015641e-01
    outer loop
      vertex 1.707536e+01 -2.717923e+01 0.000000e+00
      vertex 1.532146e+01 -2.201536e+01 9.115049e+00
      vertex 1.449421e+01 -2.509958e+01 5.435096e+00
    endloop
  endfacet
  facet normal 4.719789e-01 -7.250306e-01 5.015641e-01
    outer loop
      vertex 1.707536e+01 -2.717923e+01 0.000000e+00
      vertex 1.532146e+01 -2.201536e+01 9.115049e+00
      vertex 1.449421e+01 -2.509958e+01 5.435096e+00
    endloop
  endfacet
  facet normal 8.224829e-01 2.682449e-01 5.015641e-01
    outer loop
      vertex 3.067476e+01 9.456184e+00 0.000000e+00
      vertex 2.523287e+01 9.098559e+00 9.115049e+00
      vertex 2.799793e+01 7.501266e+00 5.435096e+00
    endloop
  endfacet
  facet normal 8.224829e-01 2.682449e-01 5.015641e-01
    outer loop
      vertex 3.067476e+01 9.456184e+00 0.000000e+00
      vertex 2.523287e+01 9.098559e+00 9.115049e+00
      vertex 2.799793e+01 7.501266e+00 5.435096e+00
    endloop
  endfacet
  facet normal 8.224829e-01 2.682449e-01 5.015641e-01
    outer loop
      vertex 3.067476e+01 9.456184e+00 0.000000e+00
      vertex 2.523287e+01 9.098559e+00 9.115049e+00
      vertex 2.799793e+01 7.501266e+00 5.435096e+00
    endloop
  endfacet
  facet normal 8.224829e-01 2.682449e-01 5.015641e-01
    outer loop
      vertex 2.523287e+01 9.098559e+00 9.115049e+00
      vertex 3.067476e+01 9.456184e+00 0.000000e+00
      vertex 3.039407e+01 1.031687e+01 0.000000e+00
    endloop
  endfacet
  facet normal 8.224829e-01 2.682449e-01 5.015641e-01
    outer loop
      vertex 2.523287e+01 9.098559e+00 9.115049e+00
      vertex 3.067476e+01 9.456184e+00 0.000000e+00
      vertex 3.039407e+01 1.031687e+01 0.000000e+00
    endloop
  endfacet
  facet normal 8.224829e-01 2.682449e-01 5.015641e-01
    outer loop
      vertex 2.523287e+01 9.098559e+00 9.115049e+00
      vertex 3.067476e+01 9.456184e+00 0.000000e+00
      vertex 3.039407e+01 1.031687e+01 0.000000e+00
    endloop
  endfacet
  facet normal 5.781686e-01 -6.435484e-01 5.015641e-01
    outer loop
      vertex 2.049670e+01 -2.049376e+01 5.435096e+00
      vertex 2.116395e+01 -2.413022e+01 0.000000e+00
      vertex 2.183739e+01 -2.352521e+01 0.000000e+00
    endloop
  endfacet
  facet normal 5.781686e-01 -6.435484e-01 5.015641e-01
    outer loop
      vertex 2.049670e+01 -2.049376e+01 5.435096e+00
      vertex 2.116395e+01 -2.413022e+01 0.000000e+00
      vertex 2.183739e+01 -2.352521e+01 0.000000e+00
    endloop
  endfacet
  facet normal 5.781686e-01 -6.435484e-01 5.015641e-01
    outer loop
      vertex 2.049670e+01 -2.049376e+01 5.435096e+00
      vertex 2.116395e+01 -2.413022e+01 0.000000e+00
      vertex 2.183739e+01 -2.352521e+01 0.000000e+00
    endloop
  endfacet
  facet normal 5.781686e-01 -6.435484e-01 5.015641e-01
    outer loop
      vertex 2.116395e+01 -2.413022e+01 0.000000e+00
      vertex 2.049670e+01 -2.049376e+01 5.435096e+00
      vertex 1.730342e+01 -2.049454e+01 9.115049e+00
    endloop
  endfacet
  facet normal 5.781686e-01 -6.435484e-01 5.015641e-01
    outer loop
      vertex 2.116395e+01 -2.413022e+01 0.000000e+00
      vertex 2.049670e+01 -2.049376e+01 5.435096e+00
      vertex 1.730342e+01 -2.049454e+01 9.115049e+00
    endloop
  endfacet
  facet normal 5.781686e-01 -6.435484e-01 5.015641e-01
    outer loop
      vertex 2.116395e+01 -2.413022e+01 0.000000e+00
      vertex 2.049670e+01 -2.049376e+01 5.435096e+00
      vertex 1.730342e+01 -2.049454e+01 9.115049e+00
    endloop
  endfacet
  facet normal -6.435484e-01 5.781686e-01 5.015641e-01
    outer loop
      vertex -2.049082e+01 2.049376e+01 5.435096e+00
      vertex -2.412728e+01 2.116100e+01 0.000000e+00
      vertex -2.049160e+01 1.730048e+01 9.115049e+00
    endloop
  endfacet
  facet normal -6.435484e-01 5.781686e-01 5.015641e-01
    outer loop
      vertex -2.049082e+01 2.049376e+01 5.435096e+00
      vertex -2.412728e+01 2.116100e+01 0.000000e+00
      vertex -2.049160e+01 1.730048e+01 9.115049e+00
    endloop
  endfacet
  facet normal -6.435484e-01 5.781686e-01 5.015641e-01
    outer loop
      vertex -2.049082e+01 2.049376e+01 5.435096e+00
      vertex -2.412728e+01 2.116100e+01 0.000000e+00
      vertex -2.049160e+01 1.730048e+01 9.115049e+00
    endloop
  endfacet
  facet normal -6.435484e-01 5.781686e-01 5.015641e-01
    outer loop
      vertex -2.412728e+01 2.116100e+01 0.000000e+00
      vertex -2.049082e+01 2.049376e+01 5.435096e+00
      vertex -2.352227e+01 2.183446e+01 0.000000e+00
    endloop
  endfacet
  facet normal -6.435484e-01 5.781686e-01 5.015641e-01
    outer loop
      vertex -2.412728e+01 2.116100e+01 0.000000e+00
      vertex -2.049082e+01 2.049376e+01 5.435096e+00
      vertex -2.352227e+01 2.183446e+01 0.000000e+00
    endloop
  endfacet
  facet normal -6.435484e-01 5.781686e-01 5.015641e-01
    outer loop
      vertex -2.412728e+01 2.116100e+01 0.000000e+00
      vertex -2.049082e+01 2.049376e+01 5.435096e+00
      vertex -2.352227e+01 2.183446e+01 0.000000e+00
    endloop
  endfacet
  facet normal -8.518830e-01 -1.542951e-01 5.004881e-01
    outer loop
      vertex -3.179818e+01 -4.476413e+00 0.000000e+00
      vertex -3.147497e+01 -6.260878e+00 0.000000e+00
      vertex -2.639607e+01 -4.735423e+00 9.115049e+00
    endloop
  endfacet
  facet normal -8.518830e-01 -1.542951e-01 5.004881e-01
    outer loop
      vertex -3.179818e+01 -4.476413e+00 0.000000e+00
      vertex -3.147497e+01 -6.260878e+00 0.000000e+00
      vertex -2.639607e+01 -4.735423e+00 9.115049e+00
    endloop
  endfacet
  facet normal -8.518830e-01 -1.542951e-01 5.004881e-01
    outer loop
      vertex -3.179818e+01 -4.476413e+00 0.000000e+00
      vertex -3.147497e+01 -6.260878e+00 0.000000e+00
      vertex -2.639607e+01 -4.735423e+00 9.115049e+00
    endloop
  endfacet
  facet normal -6.606048e-01 5.595650e-01 5.004881e-01
    outer loop
      vertex -2.412728e+01 2.116100e+01 0.000000e+00
      vertex -2.529942e+01 1.977727e+01 0.000000e+00
      vertex -2.049160e+01 1.730048e+01 9.115049e+00
    endloop
  endfacet
  facet normal -6.606048e-01 5.595650e-01 5.004881e-01
    outer loop
      vertex -2.412728e+01 2.116100e+01 0.000000e+00
      vertex -2.529942e+01 1.977727e+01 0.000000e+00
      vertex -2.049160e+01 1.730048e+01 9.115049e+00
    endloop
  endfacet
  facet normal -6.606048e-01 5.595650e-01 5.004881e-01
    outer loop
      vertex -2.412728e+01 2.116100e+01 0.000000e+00
      vertex -2.529942e+01 1.977727e+01 0.000000e+00
      vertex -2.049160e+01 1.730048e+01 9.115049e+00
    endloop
  endfacet
  facet normal 4.932691e-01 -7.114754e-01 5.004882e-01
    outer loop
      vertex 1.532146e+01 -2.201536e+01 9.115049e+00
      vertex 1.783411e+01 -2.668531e+01 0.000000e+00
      vertex 1.932442e+01 -2.565208e+01 0.000000e+00
    endloop
  endfacet
  facet normal 4.932691e-01 -7.114754e-01 5.004882e-01
    outer loop
      vertex 1.532146e+01 -2.201536e+01 9.115049e+00
      vertex 1.783411e+01 -2.668531e+01 0.000000e+00
      vertex 1.932442e+01 -2.565208e+01 0.000000e+00
    endloop
  endfacet
  facet normal 4.932691e-01 -7.114754e-01 5.004882e-01
    outer loop
      vertex 1.532146e+01 -2.201536e+01 9.115049e+00
      vertex 1.783411e+01 -2.668531e+01 0.000000e+00
      vertex 1.932442e+01 -2.565208e+01 0.000000e+00
    endloop
  endfacet
  facet normal 3.919055e-01 -7.712610e-01 5.015641e-01
    outer loop
      vertex 1.449421e+01 -2.509958e+01 5.435096e+00
      vertex 1.419758e+01 -2.878488e+01 0.000000e+00
      vertex 1.500465e+01 -2.837475e+01 0.000000e+00
    endloop
  endfacet
  facet normal 3.919055e-01 -7.712610e-01 5.015641e-01
    outer loop
      vertex 1.449421e+01 -2.509958e+01 5.435096e+00
      vertex 1.419758e+01 -2.878488e+01 0.000000e+00
      vertex 1.500465e+01 -2.837475e+01 0.000000e+00
    endloop
  endfacet
  facet normal 3.919055e-01 -7.712610e-01 5.015641e-01
    outer loop
      vertex 1.449421e+01 -2.509958e+01 5.435096e+00
      vertex 1.419758e+01 -2.878488e+01 0.000000e+00
      vertex 1.500465e+01 -2.837475e+01 0.000000e+00
    endloop
  endfacet
  facet normal 3.919055e-01 -7.712610e-01 5.015641e-01
    outer loop
      vertex 1.419758e+01 -2.878488e+01 0.000000e+00
      vertex 1.449421e+01 -2.509958e+01 5.435096e+00
      vertex 1.140960e+01 -2.427389e+01 9.115049e+00
    endloop
  endfacet
  facet normal 3.919055e-01 -7.712610e-01 5.015641e-01
    outer loop
      vertex 1.419758e+01 -2.878488e+01 0.000000e+00
      vertex 1.449421e+01 -2.509958e+01 5.435096e+00
      vertex 1.140960e+01 -2.427389e+01 9.115049e+00
    endloop
  endfacet
  facet normal 3.919055e-01 -7.712610e-01 5.015641e-01
    outer loop
      vertex 1.419758e+01 -2.878488e+01 0.000000e+00
      vertex 1.449421e+01 -2.509958e+01 5.435096e+00
      vertex 1.140960e+01 -2.427389e+01 9.115049e+00
    endloop
  endfacet
  facet normal -8.380935e-01 -2.289977e-01 4.951357e-01
    outer loop
      vertex -2.799206e+01 -7.501201e+00 5.435096e+00
      vertex -3.098399e+01 -8.302917e+00 0.000000e+00
      vertex -3.066889e+01 -9.456184e+00 0.000000e+00
    endloop
  endfacet
  facet normal -8.380935e-01 -2.289977e-01 4.951357e-01
    outer loop
      vertex -2.799206e+01 -7.501201e+00 5.435096e+00
      vertex -3.098399e+01 -8.302917e+00 0.000000e+00
      vertex -3.066889e+01 -9.456184e+00 0.000000e+00
    endloop
  endfacet
  facet normal -8.380935e-01 -2.289977e-01 4.951357e-01
    outer loop
      vertex -2.799206e+01 -7.501201e+00 5.435096e+00
      vertex -3.098399e+01 -8.302917e+00 0.000000e+00
      vertex -3.066889e+01 -9.456184e+00 0.000000e+00
    endloop
  endfacet
  facet normal -6.173646e-01 -6.113114e-01 4.951357e-01
    outer loop
      vertex -2.049082e+01 -2.049376e+01 5.435096e+00
      vertex -2.352227e+01 -2.183446e+01 0.000000e+00
      vertex -2.268105e+01 -2.268398e+01 0.000000e+00
    endloop
  endfacet
  facet normal -6.173646e-01 -6.113114e-01 4.951357e-01
    outer loop
      vertex -2.049082e+01 -2.049376e+01 5.435096e+00
      vertex -2.352227e+01 -2.183446e+01 0.000000e+00
      vertex -2.268105e+01 -2.268398e+01 0.000000e+00
    endloop
  endfacet
  facet normal -6.173646e-01 -6.113114e-01 4.951357e-01
    outer loop
      vertex -2.049082e+01 -2.049376e+01 5.435096e+00
      vertex -2.352227e+01 -2.183446e+01 0.000000e+00
      vertex -2.268105e+01 -2.268398e+01 0.000000e+00
    endloop
  endfacet
  facet normal 8.638844e-01 4.623042e-02 5.015641e-01
    outer loop
      vertex 3.207711e+01 1.195554e+00 0.000000e+00
      vertex 2.672809e+01 2.258500e+00 9.115049e+00
      vertex 2.898544e+01 3.265381e-05 5.435096e+00
    endloop
  endfacet
  facet normal 8.638844e-01 4.623042e-02 5.015641e-01
    outer loop
      vertex 3.207711e+01 1.195554e+00 0.000000e+00
      vertex 2.672809e+01 2.258500e+00 9.115049e+00
      vertex 2.898544e+01 3.265381e-05 5.435096e+00
    endloop
  endfacet
  facet normal 8.638844e-01 4.623042e-02 5.015641e-01
    outer loop
      vertex 3.207711e+01 1.195554e+00 0.000000e+00
      vertex 2.672809e+01 2.258500e+00 9.115049e+00
      vertex 2.898544e+01 3.265381e-05 5.435096e+00
    endloop
  endfacet
  facet normal 8.638844e-01 4.623042e-02 5.015641e-01
    outer loop
      vertex 2.672809e+01 2.258500e+00 9.115049e+00
      vertex 3.207711e+01 1.195554e+00 0.000000e+00
      vertex 3.202872e+01 2.099542e+00 0.000000e+00
    endloop
  endfacet
  facet normal 8.638844e-01 4.623042e-02 5.015641e-01
    outer loop
      vertex 2.672809e+01 2.258500e+00 9.115049e+00
      vertex 3.207711e+01 1.195554e+00 0.000000e+00
      vertex 3.202872e+01 2.099542e+00 0.000000e+00
    endloop
  endfacet
  facet normal 8.638844e-01 4.623042e-02 5.015641e-01
    outer loop
      vertex 2.672809e+01 2.258500e+00 9.115049e+00
      vertex 3.207711e+01 1.195554e+00 0.000000e+00
      vertex 3.202872e+01 2.099542e+00 0.000000e+00
    endloop
  endfacet
  facet normal -5.257112e-01 6.851202e-01 5.042202e-01
    outer loop
      vertex -1.729753e+01 2.049454e+01 9.115049e+00
      vertex -1.931855e+01 2.565208e+01 0.000000e+00
      vertex -1.977433e+01 2.530235e+01 0.000000e+00
    endloop
  endfacet
  facet normal -5.257112e-01 6.851202e-01 5.042202e-01
    outer loop
      vertex -1.729753e+01 2.049454e+01 9.115049e+00
      vertex -1.931855e+01 2.565208e+01 0.000000e+00
      vertex -1.977433e+01 2.530235e+01 0.000000e+00
    endloop
  endfacet
  facet normal -5.257112e-01 6.851202e-01 5.042202e-01
    outer loop
      vertex -1.729753e+01 2.049454e+01 9.115049e+00
      vertex -1.931855e+01 2.565208e+01 0.000000e+00
      vertex -1.977433e+01 2.530235e+01 0.000000e+00
    endloop
  endfacet
  facet normal -5.257112e-01 6.851202e-01 5.042202e-01
    outer loop
      vertex -1.931855e+01 2.565208e+01 0.000000e+00
      vertex -1.729753e+01 2.049454e+01 9.115049e+00
      vertex -1.531558e+01 2.201536e+01 9.115049e+00
    endloop
  endfacet
  facet normal -5.257112e-01 6.851202e-01 5.042202e-01
    outer loop
      vertex -1.931855e+01 2.565208e+01 0.000000e+00
      vertex -1.729753e+01 2.049454e+01 9.115049e+00
      vertex -1.531558e+01 2.201536e+01 9.115049e+00
    endloop
  endfacet
  facet normal -5.257112e-01 6.851202e-01 5.042202e-01
    outer loop
      vertex -1.931855e+01 2.565208e+01 0.000000e+00
      vertex -1.729753e+01 2.049454e+01 9.115049e+00
      vertex -1.531558e+01 2.201536e+01 9.115049e+00
    endloop
  endfacet
  facet normal -8.464136e-01 1.789346e-01 5.015641e-01
    outer loop
      vertex -2.799206e+01 7.501266e+00 5.435096e+00
      vertex -3.147497e+01 6.260878e+00 0.000000e+00
      vertex -2.639607e+01 4.735423e+00 9.115049e+00
    endloop
  endfacet
  facet normal -8.464136e-01 1.789346e-01 5.015641e-01
    outer loop
      vertex -2.799206e+01 7.501266e+00 5.435096e+00
      vertex -3.147497e+01 6.260878e+00 0.000000e+00
      vertex -2.639607e+01 4.735423e+00 9.115049e+00
    endloop
  endfacet
  facet normal -8.464136e-01 1.789346e-01 5.015641e-01
    outer loop
      vertex -2.799206e+01 7.501266e+00 5.435096e+00
      vertex -3.147497e+01 6.260878e+00 0.000000e+00
      vertex -2.639607e+01 4.735423e+00 9.115049e+00
    endloop
  endfacet
  facet normal -8.464136e-01 1.789346e-01 5.015641e-01
    outer loop
      vertex -3.147497e+01 6.260878e+00 0.000000e+00
      vertex -2.799206e+01 7.501266e+00 5.435096e+00
      vertex -3.128774e+01 7.146646e+00 0.000000e+00
    endloop
  endfacet
  facet normal -8.464136e-01 1.789346e-01 5.015641e-01
    outer loop
      vertex -3.147497e+01 6.260878e+00 0.000000e+00
      vertex -2.799206e+01 7.501266e+00 5.435096e+00
      vertex -3.128774e+01 7.146646e+00 0.000000e+00
    endloop
  endfacet
  facet normal -8.464136e-01 1.789346e-01 5.015641e-01
    outer loop
      vertex -3.147497e+01 6.260878e+00 0.000000e+00
      vertex -2.799206e+01 7.501266e+00 5.435096e+00
      vertex -3.128774e+01 7.146646e+00 0.000000e+00
    endloop
  endfacet
  facet normal -6.113114e-01 6.173646e-01 4.951357e-01
    outer loop
      vertex -2.049082e+01 2.049376e+01 5.435096e+00
      vertex -2.183152e+01 2.352521e+01 0.000000e+00
      vertex -2.268105e+01 2.268398e+01 0.000000e+00
    endloop
  endfacet
  facet normal -6.113114e-01 6.173646e-01 4.951357e-01
    outer loop
      vertex -2.049082e+01 2.049376e+01 5.435096e+00
      vertex -2.183152e+01 2.352521e+01 0.000000e+00
      vertex -2.268105e+01 2.268398e+01 0.000000e+00
    endloop
  endfacet
  facet normal -6.113114e-01 6.173646e-01 4.951357e-01
    outer loop
      vertex -2.049082e+01 2.049376e+01 5.435096e+00
      vertex -2.183152e+01 2.352521e+01 0.000000e+00
      vertex -2.268105e+01 2.268398e+01 0.000000e+00
    endloop
  endfacet
  facet normal 2.207289e-01 8.403091e-01 4.951357e-01
    outer loop
      vertex 7.504204e+00 2.799499e+01 5.435096e+00
      vertex 8.305856e+00 3.098693e+01 0.000000e+00
      vertex 7.149584e+00 3.129067e+01 0.000000e+00
    endloop
  endfacet
  facet normal 2.207289e-01 8.403091e-01 4.951357e-01
    outer loop
      vertex 7.504204e+00 2.799499e+01 5.435096e+00
      vertex 8.305856e+00 3.098693e+01 0.000000e+00
      vertex 7.149584e+00 3.129067e+01 0.000000e+00
    endloop
  endfacet
  facet normal 2.207289e-01 8.403091e-01 4.951357e-01
    outer loop
      vertex 7.504204e+00 2.799499e+01 5.435096e+00
      vertex 8.305856e+00 3.098693e+01 0.000000e+00
      vertex 7.149584e+00 3.129067e+01 0.000000e+00
    endloop
  endfacet
  facet normal 1.542951e-01 8.518830e-01 5.004881e-01
    outer loop
      vertex 4.738361e+00 2.639907e+01 9.115049e+00
      vertex 6.263816e+00 3.147791e+01 0.000000e+00
      vertex 4.479352e+00 3.180112e+01 0.000000e+00
    endloop
  endfacet
  facet normal 1.542951e-01 8.518830e-01 5.004881e-01
    outer loop
      vertex 4.738361e+00 2.639907e+01 9.115049e+00
      vertex 6.263816e+00 3.147791e+01 0.000000e+00
      vertex 4.479352e+00 3.180112e+01 0.000000e+00
    endloop
  endfacet
  facet normal 1.542951e-01 8.518830e-01 5.004881e-01
    outer loop
      vertex 4.738361e+00 2.639907e+01 9.115049e+00
      vertex 6.263816e+00 3.147791e+01 0.000000e+00
      vertex 4.479352e+00 3.180112e+01 0.000000e+00
    endloop
  endfacet
  facet normal -4.623042e-02 -8.638844e-01 5.015641e-01
    outer loop
      vertex 2.971497e-03 -2.898251e+01 5.435096e+00
      vertex -2.096603e+00 -3.202577e+01 0.000000e+00
      vertex -1.192549e+00 -3.207411e+01 0.000000e+00
    endloop
  endfacet
  facet normal -4.623042e-02 -8.638844e-01 5.015641e-01
    outer loop
      vertex 2.971497e-03 -2.898251e+01 5.435096e+00
      vertex -2.096603e+00 -3.202577e+01 0.000000e+00
      vertex -1.192549e+00 -3.207411e+01 0.000000e+00
    endloop
  endfacet
  facet normal -4.623042e-02 -8.638844e-01 5.015641e-01
    outer loop
      vertex 2.971497e-03 -2.898251e+01 5.435096e+00
      vertex -2.096603e+00 -3.202577e+01 0.000000e+00
      vertex -1.192549e+00 -3.207411e+01 0.000000e+00
    endloop
  endfacet
  facet normal -4.623042e-02 -8.638844e-01 5.015641e-01
    outer loop
      vertex -2.096603e+00 -3.202577e+01 0.000000e+00
      vertex 2.971497e-03 -2.898251e+01 5.435096e+00
      vertex -2.255562e+00 -2.672515e+01 9.115049e+00
    endloop
  endfacet
  facet normal -4.623042e-02 -8.638844e-01 5.015641e-01
    outer loop
      vertex -2.096603e+00 -3.202577e+01 0.000000e+00
      vertex 2.971497e-03 -2.898251e+01 5.435096e+00
      vertex -2.255562e+00 -2.672515e+01 9.115049e+00
    endloop
  endfacet
  facet normal -4.623042e-02 -8.638844e-01 5.015641e-01
    outer loop
      vertex -2.096603e+00 -3.202577e+01 0.000000e+00
      vertex 2.971497e-03 -2.898251e+01 5.435096e+00
      vertex -2.255562e+00 -2.672515e+01 9.115049e+00
    endloop
  endfacet
  facet normal -4.280230e-03 -8.688051e-01 4.951357e-01
    outer loop
      vertex 2.971497e-03 -2.898251e+01 5.435096e+00
      vertex -1.192549e+00 -3.207411e+01 0.000000e+00
      vertex 2.971497e-03 -3.208004e+01 0.000000e+00
    endloop
  endfacet
  facet normal -4.280230e-03 -8.688051e-01 4.951357e-01
    outer loop
      vertex 2.971497e-03 -2.898251e+01 5.435096e+00
      vertex -1.192549e+00 -3.207411e+01 0.000000e+00
      vertex 2.971497e-03 -3.208004e+01 0.000000e+00
    endloop
  endfacet
  facet normal -4.280230e-03 -8.688051e-01 4.951357e-01
    outer loop
      vertex 2.971497e-03 -2.898251e+01 5.435096e+00
      vertex -1.192549e+00 -3.207411e+01 0.000000e+00
      vertex 2.971497e-03 -3.208004e+01 0.000000e+00
    endloop
  endfacet
  facet normal 5.595650e-01 -6.606048e-01 5.004881e-01
    outer loop
      vertex 1.730342e+01 -2.049454e+01 9.115049e+00
      vertex 1.978021e+01 -2.530235e+01 0.000000e+00
      vertex 2.116395e+01 -2.413022e+01 0.000000e+00
    endloop
  endfacet
  facet normal 5.595650e-01 -6.606048e-01 5.004881e-01
    outer loop
      vertex 1.730342e+01 -2.049454e+01 9.115049e+00
      vertex 1.978021e+01 -2.530235e+01 0.000000e+00
      vertex 2.116395e+01 -2.413022e+01 0.000000e+00
    endloop
  endfacet
  facet normal 5.595650e-01 -6.606048e-01 5.004881e-01
    outer loop
      vertex 1.730342e+01 -2.049454e+01 9.115049e+00
      vertex 1.978021e+01 -2.530235e+01 0.000000e+00
      vertex 2.116395e+01 -2.413022e+01 0.000000e+00
    endloop
  endfacet
  facet normal 7.978394e-01 -3.304759e-01 5.042202e-01
    outer loop
      vertex 2.978174e+01 -1.202388e+01 0.000000e+00
      vertex 2.427683e+01 -1.140660e+01 9.115049e+00
      vertex 2.956185e+01 -1.255464e+01 0.000000e+00
    endloop
  endfacet
  facet normal 7.978394e-01 -3.304759e-01 5.042202e-01
    outer loop
      vertex 2.978174e+01 -1.202388e+01 0.000000e+00
      vertex 2.427683e+01 -1.140660e+01 9.115049e+00
      vertex 2.956185e+01 -1.255464e+01 0.000000e+00
    endloop
  endfacet
  facet normal 7.978394e-01 -3.304759e-01 5.042202e-01
    outer loop
      vertex 2.978174e+01 -1.202388e+01 0.000000e+00
      vertex 2.427683e+01 -1.140660e+01 9.115049e+00
      vertex 2.956185e+01 -1.255464e+01 0.000000e+00
    endloop
  endfacet
  facet normal 7.978394e-01 -3.304759e-01 5.042202e-01
    outer loop
      vertex 2.427683e+01 -1.140660e+01 9.115049e+00
      vertex 2.978174e+01 -1.202388e+01 0.000000e+00
      vertex 2.523287e+01 -9.098559e+00 9.115049e+00
    endloop
  endfacet
  facet normal 7.978394e-01 -3.304759e-01 5.042202e-01
    outer loop
      vertex 2.427683e+01 -1.140660e+01 9.115049e+00
      vertex 2.978174e+01 -1.202388e+01 0.000000e+00
      vertex 2.523287e+01 -9.098559e+00 9.115049e+00
    endloop
  endfacet
  facet normal 7.978394e-01 -3.304759e-01 5.042202e-01
    outer loop
      vertex 2.427683e+01 -1.140660e+01 9.115049e+00
      vertex 2.978174e+01 -1.202388e+01 0.000000e+00
      vertex 2.523287e+01 -9.098559e+00 9.115049e+00
    endloop
  endfacet
  facet normal -7.114754e-01 -4.932691e-01 5.004882e-01
    outer loop
      vertex -2.201242e+01 -1.531853e+01 9.115049e+00
      vertex -2.668238e+01 -1.783117e+01 0.000000e+00
      vertex -2.564914e+01 -1.932148e+01 0.000000e+00
    endloop
  endfacet
  facet normal -7.114754e-01 -4.932691e-01 5.004882e-01
    outer loop
      vertex -2.201242e+01 -1.531853e+01 9.115049e+00
      vertex -2.668238e+01 -1.783117e+01 0.000000e+00
      vertex -2.564914e+01 -1.932148e+01 0.000000e+00
    endloop
  endfacet
  facet normal -7.114754e-01 -4.932691e-01 5.004882e-01
    outer loop
      vertex -2.201242e+01 -1.531853e+01 9.115049e+00
      vertex -2.668238e+01 -1.783117e+01 0.000000e+00
      vertex -2.564914e+01 -1.932148e+01 0.000000e+00
    endloop
  endfacet
  facet normal 2.207289e-01 -8.403091e-01 4.951357e-01
    outer loop
      vertex 7.504204e+00 -2.799499e+01 5.435096e+00
      vertex 7.149584e+00 -3.129067e+01 0.000000e+00
      vertex 8.305856e+00 -3.098693e+01 0.000000e+00
    endloop
  endfacet
  facet normal 2.207289e-01 -8.403091e-01 4.951357e-01
    outer loop
      vertex 7.504204e+00 -2.799499e+01 5.435096e+00
      vertex 7.149584e+00 -3.129067e+01 0.000000e+00
      vertex 8.305856e+00 -3.098693e+01 0.000000e+00
    endloop
  endfacet
  facet normal 2.207289e-01 -8.403091e-01 4.951357e-01
    outer loop
      vertex 7.504204e+00 -2.799499e+01 5.435096e+00
      vertex 7.149584e+00 -3.129067e+01 0.000000e+00
      vertex 8.305856e+00 -3.098693e+01 0.000000e+00
    endloop
  endfacet
  facet normal 4.719789e-01 7.250306e-01 5.015641e-01
    outer loop
      vertex 1.449421e+01 2.509958e+01 5.435096e+00
      vertex 1.783411e+01 2.668538e+01 0.000000e+00
      vertex 1.707536e+01 2.717923e+01 0.000000e+00
    endloop
  endfacet
  facet normal 4.719789e-01 7.250306e-01 5.015641e-01
    outer loop
      vertex 1.449421e+01 2.509958e+01 5.435096e+00
      vertex 1.783411e+01 2.668538e+01 0.000000e+00
      vertex 1.707536e+01 2.717923e+01 0.000000e+00
    endloop
  endfacet
  facet normal 4.719789e-01 7.250306e-01 5.015641e-01
    outer loop
      vertex 1.449421e+01 2.509958e+01 5.435096e+00
      vertex 1.783411e+01 2.668538e+01 0.000000e+00
      vertex 1.707536e+01 2.717923e+01 0.000000e+00
    endloop
  endfacet
  facet normal 4.719789e-01 7.250306e-01 5.015641e-01
    outer loop
      vertex 1.783411e+01 2.668538e+01 0.000000e+00
      vertex 1.449421e+01 2.509958e+01 5.435096e+00
      vertex 1.532146e+01 2.201536e+01 9.115049e+00
    endloop
  endfacet
  facet normal 4.719789e-01 7.250306e-01 5.015641e-01
    outer loop
      vertex 1.783411e+01 2.668538e+01 0.000000e+00
      vertex 1.449421e+01 2.509958e+01 5.435096e+00
      vertex 1.532146e+01 2.201536e+01 9.115049e+00
    endloop
  endfacet
  facet normal 4.719789e-01 7.250306e-01 5.015641e-01
    outer loop
      vertex 1.783411e+01 2.668538e+01 0.000000e+00
      vertex 1.449421e+01 2.509958e+01 5.435096e+00
      vertex 1.532146e+01 2.201536e+01 9.115049e+00
    endloop
  endfacet
  facet normal 8.561871e-01 -1.127192e-01 5.042202e-01
    outer loop
      vertex 3.180406e+01 -4.476413e+00 0.000000e+00
      vertex 2.672809e+01 -2.258500e+00 9.115049e+00
      vertex 2.640200e+01 -4.735423e+00 9.115049e+00
    endloop
  endfacet
  facet normal 8.561871e-01 -1.127192e-01 5.042202e-01
    outer loop
      vertex 3.180406e+01 -4.476413e+00 0.000000e+00
      vertex 2.672809e+01 -2.258500e+00 9.115049e+00
      vertex 2.640200e+01 -4.735423e+00 9.115049e+00
    endloop
  endfacet
  facet normal 8.561871e-01 -1.127192e-01 5.042202e-01
    outer loop
      vertex 3.180406e+01 -4.476413e+00 0.000000e+00
      vertex 2.672809e+01 -2.258500e+00 9.115049e+00
      vertex 2.640200e+01 -4.735423e+00 9.115049e+00
    endloop
  endfacet
  facet normal 8.561871e-01 -1.127192e-01 5.042202e-01
    outer loop
      vertex 2.672809e+01 -2.258500e+00 9.115049e+00
      vertex 3.180406e+01 -4.476413e+00 0.000000e+00
      vertex 3.187903e+01 -3.906865e+00 0.000000e+00
    endloop
  endfacet
  facet normal 8.561871e-01 -1.127192e-01 5.042202e-01
    outer loop
      vertex 2.672809e+01 -2.258500e+00 9.115049e+00
      vertex 3.180406e+01 -4.476413e+00 0.000000e+00
      vertex 3.187903e+01 -3.906865e+00 0.000000e+00
    endloop
  endfacet
  facet normal 8.561871e-01 -1.127192e-01 5.042202e-01
    outer loop
      vertex 2.672809e+01 -2.258500e+00 9.115049e+00
      vertex 3.180406e+01 -4.476413e+00 0.000000e+00
      vertex 3.187903e+01 -3.906865e+00 0.000000e+00
    endloop
  endfacet
  facet normal -7.144590e-02 -8.627903e-01 5.004882e-01
    outer loop
      vertex -2.255562e+00 -2.672515e+01 9.115049e+00
      vertex -3.903926e+00 -3.187609e+01 0.000000e+00
      vertex -2.096603e+00 -3.202577e+01 0.000000e+00
    endloop
  endfacet
  facet normal -7.144590e-02 -8.627903e-01 5.004882e-01
    outer loop
      vertex -2.255562e+00 -2.672515e+01 9.115049e+00
      vertex -3.903926e+00 -3.187609e+01 0.000000e+00
      vertex -2.096603e+00 -3.202577e+01 0.000000e+00
    endloop
  endfacet
  facet normal -7.144590e-02 -8.627903e-01 5.004882e-01
    outer loop
      vertex -2.255562e+00 -2.672515e+01 9.115049e+00
      vertex -3.903926e+00 -3.187609e+01 0.000000e+00
      vertex -2.096603e+00 -3.202577e+01 0.000000e+00
    endloop
  endfacet
  facet normal 5.257112e-01 6.851202e-01 5.042202e-01
    outer loop
      vertex 1.532146e+01 2.201536e+01 9.115049e+00
      vertex 1.978021e+01 2.530235e+01 0.000000e+00
      vertex 1.932442e+01 2.565208e+01 0.000000e+00
    endloop
  endfacet
  facet normal 5.257112e-01 6.851202e-01 5.042202e-01
    outer loop
      vertex 1.532146e+01 2.201536e+01 9.115049e+00
      vertex 1.978021e+01 2.530235e+01 0.000000e+00
      vertex 1.932442e+01 2.565208e+01 0.000000e+00
    endloop
  endfacet
  facet normal 5.257112e-01 6.851202e-01 5.042202e-01
    outer loop
      vertex 1.532146e+01 2.201536e+01 9.115049e+00
      vertex 1.978021e+01 2.530235e+01 0.000000e+00
      vertex 1.932442e+01 2.565208e+01 0.000000e+00
    endloop
  endfacet
  facet normal 5.257112e-01 6.851202e-01 5.042202e-01
    outer loop
      vertex 1.978021e+01 2.530235e+01 0.000000e+00
      vertex 1.532146e+01 2.201536e+01 9.115049e+00
      vertex 1.730342e+01 2.049454e+01 9.115049e+00
    endloop
  endfacet
  facet normal 5.257112e-01 6.851202e-01 5.042202e-01
    outer loop
      vertex 1.978021e+01 2.530235e+01 0.000000e+00
      vertex 1.532146e+01 2.201536e+01 9.115049e+00
      vertex 1.730342e+01 2.049454e+01 9.115049e+00
    endloop
  endfacet
  facet normal 5.257112e-01 6.851202e-01 5.042202e-01
    outer loop
      vertex 1.978021e+01 2.530235e+01 0.000000e+00
      vertex 1.532146e+01 2.201536e+01 9.115049e+00
      vertex 1.730342e+01 2.049454e+01 9.115049e+00
    endloop
  endfacet
  facet normal -4.623042e-02 8.638844e-01 5.015641e-01
    outer loop
      vertex -2.255562e+00 2.672515e+01 9.115049e+00
      vertex -1.192549e+00 3.207417e+01 0.000000e+00
      vertex -2.096603e+00 3.202577e+01 0.000000e+00
    endloop
  endfacet
  facet normal -4.623042e-02 8.638844e-01 5.015641e-01
    outer loop
      vertex -2.255562e+00 2.672515e+01 9.115049e+00
      vertex -1.192549e+00 3.207417e+01 0.000000e+00
      vertex -2.096603e+00 3.202577e+01 0.000000e+00
    endloop
  endfacet
  facet normal -4.623042e-02 8.638844e-01 5.015641e-01
    outer loop
      vertex -2.255562e+00 2.672515e+01 9.115049e+00
      vertex -1.192549e+00 3.207417e+01 0.000000e+00
      vertex -2.096603e+00 3.202577e+01 0.000000e+00
    endloop
  endfacet
  facet normal -4.623042e-02 8.638844e-01 5.015641e-01
    outer loop
      vertex -1.192549e+00 3.207417e+01 0.000000e+00
      vertex -2.255562e+00 2.672515e+01 9.115049e+00
      vertex 2.971497e-03 2.898251e+01 5.435096e+00
    endloop
  endfacet
  facet normal -4.623042e-02 8.638844e-01 5.015641e-01
    outer loop
      vertex -1.192549e+00 3.207417e+01 0.000000e+00
      vertex -2.255562e+00 2.672515e+01 9.115049e+00
      vertex 2.971497e-03 2.898251e+01 5.435096e+00
    endloop
  endfacet
  facet normal -4.623042e-02 8.638844e-01 5.015641e-01
    outer loop
      vertex -1.192549e+00 3.207417e+01 0.000000e+00
      vertex -2.255562e+00 2.672515e+01 9.115049e+00
      vertex 2.971497e-03 2.898251e+01 5.435096e+00
    endloop
  endfacet
  facet normal 8.148999e-01 -2.923180e-01 5.004881e-01
    outer loop
      vertex 2.523287e+01 -9.098559e+00 9.115049e+00
      vertex 2.978174e+01 -1.202388e+01 0.000000e+00
      vertex 3.039407e+01 -1.031687e+01 0.000000e+00
    endloop
  endfacet
  facet normal 8.148999e-01 -2.923180e-01 5.004881e-01
    outer loop
      vertex 2.523287e+01 -9.098559e+00 9.115049e+00
      vertex 2.978174e+01 -1.202388e+01 0.000000e+00
      vertex 3.039407e+01 -1.031687e+01 0.000000e+00
    endloop
  endfacet
  facet normal 8.148999e-01 -2.923180e-01 5.004881e-01
    outer loop
      vertex 2.523287e+01 -9.098559e+00 9.115049e+00
      vertex 2.978174e+01 -1.202388e+01 0.000000e+00
      vertex 3.039407e+01 -1.031687e+01 0.000000e+00
    endloop
  endfacet
  facet normal -8.148999e-01 -2.923180e-01 5.004881e-01
    outer loop
      vertex -2.522699e+01 -9.098559e+00 9.115049e+00
      vertex -3.038813e+01 -1.031687e+01 0.000000e+00
      vertex -2.977586e+01 -1.202388e+01 0.000000e+00
    endloop
  endfacet
  facet normal -8.148999e-01 -2.923180e-01 5.004881e-01
    outer loop
      vertex -2.522699e+01 -9.098559e+00 9.115049e+00
      vertex -3.038813e+01 -1.031687e+01 0.000000e+00
      vertex -2.977586e+01 -1.202388e+01 0.000000e+00
    endloop
  endfacet
  facet normal -8.148999e-01 -2.923180e-01 5.004881e-01
    outer loop
      vertex -2.522699e+01 -9.098559e+00 9.115049e+00
      vertex -3.038813e+01 -1.031687e+01 0.000000e+00
      vertex -2.977586e+01 -1.202388e+01 0.000000e+00
    endloop
  endfacet
  facet normal 8.403091e-01 -2.207289e-01 4.951357e-01
    outer loop
      vertex 3.129362e+01 -7.146580e+00 0.000000e+00
      vertex 2.799793e+01 -7.501201e+00 5.435096e+00
      vertex 3.098986e+01 -8.302917e+00 0.000000e+00
    endloop
  endfacet
  facet normal 8.403091e-01 -2.207289e-01 4.951357e-01
    outer loop
      vertex 3.129362e+01 -7.146580e+00 0.000000e+00
      vertex 2.799793e+01 -7.501201e+00 5.435096e+00
      vertex 3.098986e+01 -8.302917e+00 0.000000e+00
    endloop
  endfacet
  facet normal 8.403091e-01 -2.207289e-01 4.951357e-01
    outer loop
      vertex 3.129362e+01 -7.146580e+00 0.000000e+00
      vertex 2.799793e+01 -7.501201e+00 5.435096e+00
      vertex 3.098986e+01 -8.302917e+00 0.000000e+00
    endloop
  endfacet
  facet normal 4.306958e-01 -7.545474e-01 4.951357e-01
    outer loop
      vertex 1.449421e+01 -2.509958e+01 5.435096e+00
      vertex 1.500465e+01 -2.837475e+01 0.000000e+00
      vertex 1.604298e+01 -2.778209e+01 0.000000e+00
    endloop
  endfacet
  facet normal 4.306958e-01 -7.545474e-01 4.951357e-01
    outer loop
      vertex 1.449421e+01 -2.509958e+01 5.435096e+00
      vertex 1.500465e+01 -2.837475e+01 0.000000e+00
      vertex 1.604298e+01 -2.778209e+01 0.000000e+00
    endloop
  endfacet
  facet normal 4.306958e-01 -7.545474e-01 4.951357e-01
    outer loop
      vertex 1.449421e+01 -2.509958e+01 5.435096e+00
      vertex 1.500465e+01 -2.837475e+01 0.000000e+00
      vertex 1.604298e+01 -2.778209e+01 0.000000e+00
    endloop
  endfacet
  facet normal -6.435484e-01 -5.781686e-01 5.015641e-01
    outer loop
      vertex -2.049082e+01 -2.049376e+01 5.435096e+00
      vertex -2.412728e+01 -2.116100e+01 0.000000e+00
      vertex -2.352227e+01 -2.183446e+01 0.000000e+00
    endloop
  endfacet
  facet normal -6.435484e-01 -5.781686e-01 5.015641e-01
    outer loop
      vertex -2.049082e+01 -2.049376e+01 5.435096e+00
      vertex -2.412728e+01 -2.116100e+01 0.000000e+00
      vertex -2.352227e+01 -2.183446e+01 0.000000e+00
    endloop
  endfacet
  facet normal -6.435484e-01 -5.781686e-01 5.015641e-01
    outer loop
      vertex -2.049082e+01 -2.049376e+01 5.435096e+00
      vertex -2.412728e+01 -2.116100e+01 0.000000e+00
      vertex -2.352227e+01 -2.183446e+01 0.000000e+00
    endloop
  endfacet
  facet normal -6.435484e-01 -5.781686e-01 5.015641e-01
    outer loop
      vertex -2.412728e+01 -2.116100e+01 0.000000e+00
      vertex -2.049082e+01 -2.049376e+01 5.435096e+00
      vertex -2.049160e+01 -1.730048e+01 9.115049e+00
    endloop
  endfacet
  facet normal -6.435484e-01 -5.781686e-01 5.015641e-01
    outer loop
      vertex -2.412728e+01 -2.116100e+01 0.000000e+00
      vertex -2.049082e+01 -2.049376e+01 5.435096e+00
      vertex -2.049160e+01 -1.730048e+01 9.115049e+00
    endloop
  endfacet
  facet normal -6.435484e-01 -5.781686e-01 5.015641e-01
    outer loop
      vertex -2.412728e+01 -2.116100e+01 0.000000e+00
      vertex -2.049082e+01 -2.049376e+01 5.435096e+00
      vertex -2.049160e+01 -1.730048e+01 9.115049e+00
    endloop
  endfacet
  facet normal 8.148999e-01 2.923180e-01 5.004881e-01
    outer loop
      vertex 2.978174e+01 1.202388e+01 0.000000e+00
      vertex 2.523287e+01 9.098559e+00 9.115049e+00
      vertex 3.039407e+01 1.031687e+01 0.000000e+00
    endloop
  endfacet
  facet normal 8.148999e-01 2.923180e-01 5.004881e-01
    outer loop
      vertex 2.978174e+01 1.202388e+01 0.000000e+00
      vertex 2.523287e+01 9.098559e+00 9.115049e+00
      vertex 3.039407e+01 1.031687e+01 0.000000e+00
    endloop
  endfacet
  facet normal 8.148999e-01 2.923180e-01 5.004881e-01
    outer loop
      vertex 2.978174e+01 1.202388e+01 0.000000e+00
      vertex 2.523287e+01 9.098559e+00 9.115049e+00
      vertex 3.039407e+01 1.031687e+01 0.000000e+00
    endloop
  endfacet
  facet normal -8.224829e-01 -2.682449e-01 5.015641e-01
    outer loop
      vertex -2.522699e+01 -9.098559e+00 9.115049e+00
      vertex -3.066889e+01 -9.456184e+00 0.000000e+00
      vertex -3.038813e+01 -1.031687e+01 0.000000e+00
    endloop
  endfacet
  facet normal -8.224829e-01 -2.682449e-01 5.015641e-01
    outer loop
      vertex -2.522699e+01 -9.098559e+00 9.115049e+00
      vertex -3.066889e+01 -9.456184e+00 0.000000e+00
      vertex -3.038813e+01 -1.031687e+01 0.000000e+00
    endloop
  endfacet
  facet normal -8.224829e-01 -2.682449e-01 5.015641e-01
    outer loop
      vertex -2.522699e+01 -9.098559e+00 9.115049e+00
      vertex -3.066889e+01 -9.456184e+00 0.000000e+00
      vertex -3.038813e+01 -1.031687e+01 0.000000e+00
    endloop
  endfacet
  facet normal -8.224829e-01 -2.682449e-01 5.015641e-01
    outer loop
      vertex -3.066889e+01 -9.456184e+00 0.000000e+00
      vertex -2.522699e+01 -9.098559e+00 9.115049e+00
      vertex -2.799206e+01 -7.501201e+00 5.435096e+00
    endloop
  endfacet
  facet normal -8.224829e-01 -2.682449e-01 5.015641e-01
    outer loop
      vertex -3.066889e+01 -9.456184e+00 0.000000e+00
      vertex -2.522699e+01 -9.098559e+00 9.115049e+00
      vertex -2.799206e+01 -7.501201e+00 5.435096e+00
    endloop
  endfacet
  facet normal -8.224829e-01 -2.682449e-01 5.015641e-01
    outer loop
      vertex -3.066889e+01 -9.456184e+00 0.000000e+00
      vertex -2.522699e+01 -9.098559e+00 9.115049e+00
      vertex -2.799206e+01 -7.501201e+00 5.435096e+00
    endloop
  endfacet
  facet normal -6.606048e-01 -5.595650e-01 5.004881e-01
    outer loop
      vertex -2.049160e+01 -1.730048e+01 9.115049e+00
      vertex -2.529942e+01 -1.977727e+01 0.000000e+00
      vertex -2.412728e+01 -2.116100e+01 0.000000e+00
    endloop
  endfacet
  facet normal -6.606048e-01 -5.595650e-01 5.004881e-01
    outer loop
      vertex -2.049160e+01 -1.730048e+01 9.115049e+00
      vertex -2.529942e+01 -1.977727e+01 0.000000e+00
      vertex -2.412728e+01 -2.116100e+01 0.000000e+00
    endloop
  endfacet
  facet normal -6.606048e-01 -5.595650e-01 5.004881e-01
    outer loop
      vertex -2.049160e+01 -1.730048e+01 9.115049e+00
      vertex -2.529942e+01 -1.977727e+01 0.000000e+00
      vertex -2.412728e+01 -2.116100e+01 0.000000e+00
    endloop
  endfacet
  facet normal 8.380935e-01 -2.289977e-01 4.951357e-01
    outer loop
      vertex 2.799793e+01 -7.501201e+00 5.435096e+00
      vertex 3.067476e+01 -9.456184e+00 0.000000e+00
      vertex 3.098986e+01 -8.302917e+00 0.000000e+00
    endloop
  endfacet
  facet normal 8.380935e-01 -2.289977e-01 4.951357e-01
    outer loop
      vertex 2.799793e+01 -7.501201e+00 5.435096e+00
      vertex 3.067476e+01 -9.456184e+00 0.000000e+00
      vertex 3.098986e+01 -8.302917e+00 0.000000e+00
    endloop
  endfacet
  facet normal 8.380935e-01 -2.289977e-01 4.951357e-01
    outer loop
      vertex 2.799793e+01 -7.501201e+00 5.435096e+00
      vertex 3.067476e+01 -9.456184e+00 0.000000e+00
      vertex 3.098986e+01 -8.302917e+00 0.000000e+00
    endloop
  endfacet
  facet normal -7.502672e-01 -4.381094e-01 4.951357e-01
    outer loop
      vertex -2.509664e+01 -1.449127e+01 5.435096e+00
      vertex -2.777915e+01 -1.603997e+01 0.000000e+00
      vertex -2.717630e+01 -1.707243e+01 0.000000e+00
    endloop
  endfacet
  facet normal -7.502672e-01 -4.381094e-01 4.951357e-01
    outer loop
      vertex -2.509664e+01 -1.449127e+01 5.435096e+00
      vertex -2.777915e+01 -1.603997e+01 0.000000e+00
      vertex -2.717630e+01 -1.707243e+01 0.000000e+00
    endloop
  endfacet
  facet normal -7.502672e-01 -4.381094e-01 4.951357e-01
    outer loop
      vertex -2.509664e+01 -1.449127e+01 5.435096e+00
      vertex -2.777915e+01 -1.603997e+01 0.000000e+00
      vertex -2.717630e+01 -1.707243e+01 0.000000e+00
    endloop
  endfacet
  facet normal -1.127192e-01 8.561871e-01 5.042202e-01
    outer loop
      vertex -4.732484e+00 2.639907e+01 9.115049e+00
      vertex -3.903926e+00 3.187609e+01 0.000000e+00
      vertex -4.473474e+00 3.180112e+01 0.000000e+00
    endloop
  endfacet
  facet normal -1.127192e-01 8.561871e-01 5.042202e-01
    outer loop
      vertex -4.732484e+00 2.639907e+01 9.115049e+00
      vertex -3.903926e+00 3.187609e+01 0.000000e+00
      vertex -4.473474e+00 3.180112e+01 0.000000e+00
    endloop
  endfacet
  facet normal -1.127192e-01 8.561871e-01 5.042202e-01
    outer loop
      vertex -4.732484e+00 2.639907e+01 9.115049e+00
      vertex -3.903926e+00 3.187609e+01 0.000000e+00
      vertex -4.473474e+00 3.180112e+01 0.000000e+00
    endloop
  endfacet
  facet normal -1.127192e-01 8.561871e-01 5.042202e-01
    outer loop
      vertex -3.903926e+00 3.187609e+01 0.000000e+00
      vertex -4.732484e+00 2.639907e+01 9.115049e+00
      vertex -2.255562e+00 2.672515e+01 9.115049e+00
    endloop
  endfacet
  facet normal -1.127192e-01 8.561871e-01 5.042202e-01
    outer loop
      vertex -3.903926e+00 3.187609e+01 0.000000e+00
      vertex -4.732484e+00 2.639907e+01 9.115049e+00
      vertex -2.255562e+00 2.672515e+01 9.115049e+00
    endloop
  endfacet
  facet normal -1.127192e-01 8.561871e-01 5.042202e-01
    outer loop
      vertex -3.903926e+00 3.187609e+01 0.000000e+00
      vertex -4.732484e+00 2.639907e+01 9.115049e+00
      vertex -2.255562e+00 2.672515e+01 9.115049e+00
    endloop
  endfacet
  facet normal -8.627903e-01 7.144590e-02 5.004882e-01
    outer loop
      vertex -3.187315e+01 3.906865e+00 0.000000e+00
      vertex -3.202284e+01 2.099542e+00 0.000000e+00
      vertex -2.672221e+01 2.258500e+00 9.115049e+00
    endloop
  endfacet
  facet normal -8.627903e-01 7.144590e-02 5.004882e-01
    outer loop
      vertex -3.187315e+01 3.906865e+00 0.000000e+00
      vertex -3.202284e+01 2.099542e+00 0.000000e+00
      vertex -2.672221e+01 2.258500e+00 9.115049e+00
    endloop
  endfacet
  facet normal -8.627903e-01 7.144590e-02 5.004882e-01
    outer loop
      vertex -3.187315e+01 3.906865e+00 0.000000e+00
      vertex -3.202284e+01 2.099542e+00 0.000000e+00
      vertex -2.672221e+01 2.258500e+00 9.115049e+00
    endloop
  endfacet
  facet normal 4.280230e-03 8.688051e-01 4.951357e-01
    outer loop
      vertex 2.971497e-03 2.898251e+01 5.435096e+00
      vertex 1.198493e+00 3.207417e+01 0.000000e+00
      vertex 2.971497e-03 3.208004e+01 0.000000e+00
    endloop
  endfacet
  facet normal 4.280230e-03 8.688051e-01 4.951357e-01
    outer loop
      vertex 2.971497e-03 2.898251e+01 5.435096e+00
      vertex 1.198493e+00 3.207417e+01 0.000000e+00
      vertex 2.971497e-03 3.208004e+01 0.000000e+00
    endloop
  endfacet
  facet normal 4.280230e-03 8.688051e-01 4.951357e-01
    outer loop
      vertex 2.971497e-03 2.898251e+01 5.435096e+00
      vertex 1.198493e+00 3.207417e+01 0.000000e+00
      vertex 2.971497e-03 3.208004e+01 0.000000e+00
    endloop
  endfacet
  facet normal 7.712610e-01 -3.919055e-01 5.015641e-01
    outer loop
      vertex 2.878783e+01 -1.419458e+01 0.000000e+00
      vertex 2.510252e+01 -1.449127e+01 5.435096e+00
      vertex 2.837769e+01 -1.500171e+01 0.000000e+00
    endloop
  endfacet
  facet normal 7.712610e-01 -3.919055e-01 5.015641e-01
    outer loop
      vertex 2.878783e+01 -1.419458e+01 0.000000e+00
      vertex 2.510252e+01 -1.449127e+01 5.435096e+00
      vertex 2.837769e+01 -1.500171e+01 0.000000e+00
    endloop
  endfacet
  facet normal 7.712610e-01 -3.919055e-01 5.015641e-01
    outer loop
      vertex 2.878783e+01 -1.419458e+01 0.000000e+00
      vertex 2.510252e+01 -1.449127e+01 5.435096e+00
      vertex 2.837769e+01 -1.500171e+01 0.000000e+00
    endloop
  endfacet
  facet normal 7.712610e-01 -3.919055e-01 5.015641e-01
    outer loop
      vertex 2.510252e+01 -1.449127e+01 5.435096e+00
      vertex 2.878783e+01 -1.419458e+01 0.000000e+00
      vertex 2.427683e+01 -1.140660e+01 9.115049e+00
    endloop
  endfacet
  facet normal 7.712610e-01 -3.919055e-01 5.015641e-01
    outer loop
      vertex 2.510252e+01 -1.449127e+01 5.435096e+00
      vertex 2.878783e+01 -1.419458e+01 0.000000e+00
      vertex 2.427683e+01 -1.140660e+01 9.115049e+00
    endloop
  endfacet
  facet normal 7.712610e-01 -3.919055e-01 5.015641e-01
    outer loop
      vertex 2.510252e+01 -1.449127e+01 5.435096e+00
      vertex 2.878783e+01 -1.419458e+01 0.000000e+00
      vertex 2.427683e+01 -1.140660e+01 9.115049e+00
    endloop
  endfacet
  facet normal 1.789346e-01 8.464136e-01 5.015641e-01
    outer loop
      vertex 4.738361e+00 2.639907e+01 9.115049e+00
      vertex 7.149584e+00 3.129067e+01 0.000000e+00
      vertex 6.263816e+00 3.147791e+01 0.000000e+00
    endloop
  endfacet
  facet normal 1.789346e-01 8.464136e-01 5.015641e-01
    outer loop
      vertex 4.738361e+00 2.639907e+01 9.115049e+00
      vertex 7.149584e+00 3.129067e+01 0.000000e+00
      vertex 6.263816e+00 3.147791e+01 0.000000e+00
    endloop
  endfacet
  facet normal 1.789346e-01 8.464136e-01 5.015641e-01
    outer loop
      vertex 4.738361e+00 2.639907e+01 9.115049e+00
      vertex 7.149584e+00 3.129067e+01 0.000000e+00
      vertex 6.263816e+00 3.147791e+01 0.000000e+00
    endloop
  endfacet
  facet normal 1.789346e-01 8.464136e-01 5.015641e-01
    outer loop
      vertex 7.149584e+00 3.129067e+01 0.000000e+00
      vertex 4.738361e+00 2.639907e+01 9.115049e+00
      vertex 7.504204e+00 2.799499e+01 5.435096e+00
    endloop
  endfacet
  facet normal 1.789346e-01 8.464136e-01 5.015641e-01
    outer loop
      vertex 7.149584e+00 3.129067e+01 0.000000e+00
      vertex 4.738361e+00 2.639907e+01 9.115049e+00
      vertex 7.504204e+00 2.799499e+01 5.435096e+00
    endloop
  endfacet
  facet normal 1.789346e-01 8.464136e-01 5.015641e-01
    outer loop
      vertex 7.149584e+00 3.129067e+01 0.000000e+00
      vertex 4.738361e+00 2.639907e+01 9.115049e+00
      vertex 7.504204e+00 2.799499e+01 5.435096e+00
    endloop
  endfacet
  facet normal 4.306958e-01 7.545474e-01 4.951357e-01
    outer loop
      vertex 1.449421e+01 2.509958e+01 5.435096e+00
      vertex 1.604298e+01 2.778215e+01 0.000000e+00
      vertex 1.500465e+01 2.837475e+01 0.000000e+00
    endloop
  endfacet
  facet normal 4.306958e-01 7.545474e-01 4.951357e-01
    outer loop
      vertex 1.449421e+01 2.509958e+01 5.435096e+00
      vertex 1.604298e+01 2.778215e+01 0.000000e+00
      vertex 1.500465e+01 2.837475e+01 0.000000e+00
    endloop
  endfacet
  facet normal 4.306958e-01 7.545474e-01 4.951357e-01
    outer loop
      vertex 1.449421e+01 2.509958e+01 5.435096e+00
      vertex 1.604298e+01 2.778215e+01 0.000000e+00
      vertex 1.500465e+01 2.837475e+01 0.000000e+00
    endloop
  endfacet
  facet normal 3.695212e-01 7.829213e-01 5.004881e-01
    outer loop
      vertex 1.140960e+01 2.427389e+01 9.115049e+00
      vertex 1.419758e+01 2.878488e+01 0.000000e+00
      vertex 1.255757e+01 2.955891e+01 0.000000e+00
    endloop
  endfacet
  facet normal 3.695212e-01 7.829213e-01 5.004881e-01
    outer loop
      vertex 1.140960e+01 2.427389e+01 9.115049e+00
      vertex 1.419758e+01 2.878488e+01 0.000000e+00
      vertex 1.255757e+01 2.955891e+01 0.000000e+00
    endloop
  endfacet
  facet normal 3.695212e-01 7.829213e-01 5.004881e-01
    outer loop
      vertex 1.140960e+01 2.427389e+01 9.115049e+00
      vertex 1.419758e+01 2.878488e+01 0.000000e+00
      vertex 1.255757e+01 2.955891e+01 0.000000e+00
    endloop
  endfacet
  facet normal 5.781686e-01 6.435484e-01 5.015641e-01
    outer loop
      vertex 1.730342e+01 2.049454e+01 9.115049e+00
      vertex 2.183739e+01 2.352521e+01 0.000000e+00
      vertex 2.116395e+01 2.413022e+01 0.000000e+00
    endloop
  endfacet
  facet normal 5.781686e-01 6.435484e-01 5.015641e-01
    outer loop
      vertex 1.730342e+01 2.049454e+01 9.115049e+00
      vertex 2.183739e+01 2.352521e+01 0.000000e+00
      vertex 2.116395e+01 2.413022e+01 0.000000e+00
    endloop
  endfacet
  facet normal 5.781686e-01 6.435484e-01 5.015641e-01
    outer loop
      vertex 1.730342e+01 2.049454e+01 9.115049e+00
      vertex 2.183739e+01 2.352521e+01 0.000000e+00
      vertex 2.116395e+01 2.413022e+01 0.000000e+00
    endloop
  endfacet
  facet normal 5.781686e-01 6.435484e-01 5.015641e-01
    outer loop
      vertex 2.183739e+01 2.352521e+01 0.000000e+00
      vertex 1.730342e+01 2.049454e+01 9.115049e+00
      vertex 2.049670e+01 2.049376e+01 5.435096e+00
    endloop
  endfacet
  facet normal 5.781686e-01 6.435484e-01 5.015641e-01
    outer loop
      vertex 2.183739e+01 2.352521e+01 0.000000e+00
      vertex 1.730342e+01 2.049454e+01 9.115049e+00
      vertex 2.049670e+01 2.049376e+01 5.435096e+00
    endloop
  endfacet
  facet normal 5.781686e-01 6.435484e-01 5.015641e-01
    outer loop
      vertex 2.183739e+01 2.352521e+01 0.000000e+00
      vertex 1.730342e+01 2.049454e+01 9.115049e+00
      vertex 2.049670e+01 2.049376e+01 5.435096e+00
    endloop
  endfacet
  facet normal -8.518830e-01 1.542951e-01 5.004881e-01
    outer loop
      vertex -3.147497e+01 6.260878e+00 0.000000e+00
      vertex -3.179818e+01 4.476413e+00 0.000000e+00
      vertex -2.639607e+01 4.735423e+00 9.115049e+00
    endloop
  endfacet
  facet normal -8.518830e-01 1.542951e-01 5.004881e-01
    outer loop
      vertex -3.147497e+01 6.260878e+00 0.000000e+00
      vertex -3.179818e+01 4.476413e+00 0.000000e+00
      vertex -2.639607e+01 4.735423e+00 9.115049e+00
    endloop
  endfacet
  facet normal -8.518830e-01 1.542951e-01 5.004881e-01
    outer loop
      vertex -3.147497e+01 6.260878e+00 0.000000e+00
      vertex -3.179818e+01 4.476413e+00 0.000000e+00
      vertex -2.639607e+01 4.735423e+00 9.115049e+00
    endloop
  endfacet
  facet normal 8.403091e-01 2.207289e-01 4.951357e-01
    outer loop
      vertex 3.098986e+01 8.302917e+00 0.000000e+00
      vertex 2.799793e+01 7.501266e+00 5.435096e+00
      vertex 3.129362e+01 7.146646e+00 0.000000e+00
    endloop
  endfacet
  facet normal 8.403091e-01 2.207289e-01 4.951357e-01
    outer loop
      vertex 3.098986e+01 8.302917e+00 0.000000e+00
      vertex 2.799793e+01 7.501266e+00 5.435096e+00
      vertex 3.129362e+01 7.146646e+00 0.000000e+00
    endloop
  endfacet
  facet normal 8.403091e-01 2.207289e-01 4.951357e-01
    outer loop
      vertex 3.098986e+01 8.302917e+00 0.000000e+00
      vertex 2.799793e+01 7.501266e+00 5.435096e+00
      vertex 3.129362e+01 7.146646e+00 0.000000e+00
    endloop
  endfacet
  facet normal -7.502672e-01 4.381094e-01 4.951357e-01
    outer loop
      vertex -2.717630e+01 1.707243e+01 0.000000e+00
      vertex -2.777915e+01 1.604004e+01 0.000000e+00
      vertex -2.509664e+01 1.449127e+01 5.435096e+00
    endloop
  endfacet
  facet normal -7.502672e-01 4.381094e-01 4.951357e-01
    outer loop
      vertex -2.717630e+01 1.707243e+01 0.000000e+00
      vertex -2.777915e+01 1.604004e+01 0.000000e+00
      vertex -2.509664e+01 1.449127e+01 5.435096e+00
    endloop
  endfacet
  facet normal -7.502672e-01 4.381094e-01 4.951357e-01
    outer loop
      vertex -2.717630e+01 1.707243e+01 0.000000e+00
      vertex -2.777915e+01 1.604004e+01 0.000000e+00
      vertex -2.509664e+01 1.449127e+01 5.435096e+00
    endloop
  endfacet
  facet normal -7.114754e-01 4.932691e-01 5.004882e-01
    outer loop
      vertex -2.564914e+01 1.932148e+01 0.000000e+00
      vertex -2.668238e+01 1.783117e+01 0.000000e+00
      vertex -2.201242e+01 1.531853e+01 9.115049e+00
    endloop
  endfacet
  facet normal -7.114754e-01 4.932691e-01 5.004882e-01
    outer loop
      vertex -2.564914e+01 1.932148e+01 0.000000e+00
      vertex -2.668238e+01 1.783117e+01 0.000000e+00
      vertex -2.201242e+01 1.531853e+01 9.115049e+00
    endloop
  endfacet
  facet normal -7.114754e-01 4.932691e-01 5.004882e-01
    outer loop
      vertex -2.564914e+01 1.932148e+01 0.000000e+00
      vertex -2.668238e+01 1.783117e+01 0.000000e+00
      vertex -2.201242e+01 1.531853e+01 9.115049e+00
    endloop
  endfacet
  facet normal 7.545474e-01 -4.306958e-01 4.951357e-01
    outer loop
      vertex 2.510252e+01 -1.449127e+01 5.435096e+00
      vertex 2.778510e+01 -1.603997e+01 0.000000e+00
      vertex 2.837769e+01 -1.500171e+01 0.000000e+00
    endloop
  endfacet
  facet normal 7.545474e-01 -4.306958e-01 4.951357e-01
    outer loop
      vertex 2.510252e+01 -1.449127e+01 5.435096e+00
      vertex 2.778510e+01 -1.603997e+01 0.000000e+00
      vertex 2.837769e+01 -1.500171e+01 0.000000e+00
    endloop
  endfacet
  facet normal 7.545474e-01 -4.306958e-01 4.951357e-01
    outer loop
      vertex 2.510252e+01 -1.449127e+01 5.435096e+00
      vertex 2.778510e+01 -1.603997e+01 0.000000e+00
      vertex 2.837769e+01 -1.500171e+01 0.000000e+00
    endloop
  endfacet
  facet normal 8.518830e-01 -1.542951e-01 5.004881e-01
    outer loop
      vertex 3.180406e+01 -4.476413e+00 0.000000e+00
      vertex 2.640200e+01 -4.735423e+00 9.115049e+00
      vertex 3.148086e+01 -6.260878e+00 0.000000e+00
    endloop
  endfacet
  facet normal 8.518830e-01 -1.542951e-01 5.004881e-01
    outer loop
      vertex 3.180406e+01 -4.476413e+00 0.000000e+00
      vertex 2.640200e+01 -4.735423e+00 9.115049e+00
      vertex 3.148086e+01 -6.260878e+00 0.000000e+00
    endloop
  endfacet
  facet normal 8.518830e-01 -1.542951e-01 5.004881e-01
    outer loop
      vertex 3.180406e+01 -4.476413e+00 0.000000e+00
      vertex 2.640200e+01 -4.735423e+00 9.115049e+00
      vertex 3.148086e+01 -6.260878e+00 0.000000e+00
    endloop
  endfacet
  facet normal 8.224829e-01 -2.682449e-01 5.015641e-01
    outer loop
      vertex 3.067476e+01 -9.456184e+00 0.000000e+00
      vertex 2.523287e+01 -9.098559e+00 9.115049e+00
      vertex 3.039407e+01 -1.031687e+01 0.000000e+00
    endloop
  endfacet
  facet normal 8.224829e-01 -2.682449e-01 5.015641e-01
    outer loop
      vertex 3.067476e+01 -9.456184e+00 0.000000e+00
      vertex 2.523287e+01 -9.098559e+00 9.115049e+00
      vertex 3.039407e+01 -1.031687e+01 0.000000e+00
    endloop
  endfacet
  facet normal 8.224829e-01 -2.682449e-01 5.015641e-01
    outer loop
      vertex 3.067476e+01 -9.456184e+00 0.000000e+00
      vertex 2.523287e+01 -9.098559e+00 9.115049e+00
      vertex 3.039407e+01 -1.031687e+01 0.000000e+00
    endloop
  endfacet
  facet normal 8.224829e-01 -2.682449e-01 5.015641e-01
    outer loop
      vertex 2.523287e+01 -9.098559e+00 9.115049e+00
      vertex 3.067476e+01 -9.456184e+00 0.000000e+00
      vertex 2.799793e+01 -7.501201e+00 5.435096e+00
    endloop
  endfacet
  facet normal 8.224829e-01 -2.682449e-01 5.015641e-01
    outer loop
      vertex 2.523287e+01 -9.098559e+00 9.115049e+00
      vertex 3.067476e+01 -9.456184e+00 0.000000e+00
      vertex 2.799793e+01 -7.501201e+00 5.435096e+00
    endloop
  endfacet
  facet normal 8.224829e-01 -2.682449e-01 5.015641e-01
    outer loop
      vertex 2.523287e+01 -9.098559e+00 9.115049e+00
      vertex 3.067476e+01 -9.456184e+00 0.000000e+00
      vertex 2.799793e+01 -7.501201e+00 5.435096e+00
    endloop
  endfacet
  facet normal 6.113114e-01 -6.173646e-01 4.951357e-01
    outer loop
      vertex 2.049670e+01 -2.049376e+01 5.435096e+00
      vertex 2.183739e+01 -2.352521e+01 0.000000e+00
      vertex 2.268692e+01 -2.268398e+01 0.000000e+00
    endloop
  endfacet
  facet normal 6.113114e-01 -6.173646e-01 4.951357e-01
    outer loop
      vertex 2.049670e+01 -2.049376e+01 5.435096e+00
      vertex 2.183739e+01 -2.352521e+01 0.000000e+00
      vertex 2.268692e+01 -2.268398e+01 0.000000e+00
    endloop
  endfacet
  facet normal 6.113114e-01 -6.173646e-01 4.951357e-01
    outer loop
      vertex 2.049670e+01 -2.049376e+01 5.435096e+00
      vertex 2.183739e+01 -2.352521e+01 0.000000e+00
      vertex 2.268692e+01 -2.268398e+01 0.000000e+00
    endloop
  endfacet
  facet normal -8.638844e-01 4.623042e-02 5.015641e-01
    outer loop
      vertex -2.672221e+01 2.258500e+00 9.115049e+00
      vertex -3.207116e+01 1.195554e+00 0.000000e+00
      vertex -2.897957e+01 3.265381e-05 5.435096e+00
    endloop
  endfacet
  facet normal -8.638844e-01 4.623042e-02 5.015641e-01
    outer loop
      vertex -2.672221e+01 2.258500e+00 9.115049e+00
      vertex -3.207116e+01 1.195554e+00 0.000000e+00
      vertex -2.897957e+01 3.265381e-05 5.435096e+00
    endloop
  endfacet
  facet normal -8.638844e-01 4.623042e-02 5.015641e-01
    outer loop
      vertex -2.672221e+01 2.258500e+00 9.115049e+00
      vertex -3.207116e+01 1.195554e+00 0.000000e+00
      vertex -2.897957e+01 3.265381e-05 5.435096e+00
    endloop
  endfacet
  facet normal -8.638844e-01 4.623042e-02 5.015641e-01
    outer loop
      vertex -3.207116e+01 1.195554e+00 0.000000e+00
      vertex -2.672221e+01 2.258500e+00 9.115049e+00
      vertex -3.202284e+01 2.099542e+00 0.000000e+00
    endloop
  endfacet
  facet normal -8.638844e-01 4.623042e-02 5.015641e-01
    outer loop
      vertex -3.207116e+01 1.195554e+00 0.000000e+00
      vertex -2.672221e+01 2.258500e+00 9.115049e+00
      vertex -3.202284e+01 2.099542e+00 0.000000e+00
    endloop
  endfacet
  facet normal -8.638844e-01 4.623042e-02 5.015641e-01
    outer loop
      vertex -3.207116e+01 1.195554e+00 0.000000e+00
      vertex -2.672221e+01 2.258500e+00 9.115049e+00
      vertex -3.202284e+01 2.099542e+00 0.000000e+00
    endloop
  endfacet
  facet normal 3.304759e-01 -7.978394e-01 5.042202e-01
    outer loop
      vertex 1.140960e+01 -2.427389e+01 9.115049e+00
      vertex 1.202682e+01 -2.977881e+01 0.000000e+00
      vertex 1.255757e+01 -2.955891e+01 0.000000e+00
    endloop
  endfacet
  facet normal 3.304759e-01 -7.978394e-01 5.042202e-01
    outer loop
      vertex 1.140960e+01 -2.427389e+01 9.115049e+00
      vertex 1.202682e+01 -2.977881e+01 0.000000e+00
      vertex 1.255757e+01 -2.955891e+01 0.000000e+00
    endloop
  endfacet
  facet normal 3.304759e-01 -7.978394e-01 5.042202e-01
    outer loop
      vertex 1.140960e+01 -2.427389e+01 9.115049e+00
      vertex 1.202682e+01 -2.977881e+01 0.000000e+00
      vertex 1.255757e+01 -2.955891e+01 0.000000e+00
    endloop
  endfacet
  facet normal 3.304759e-01 -7.978394e-01 5.042202e-01
    outer loop
      vertex 1.202682e+01 -2.977881e+01 0.000000e+00
      vertex 1.140960e+01 -2.427389e+01 9.115049e+00
      vertex 9.101498e+00 -2.522994e+01 9.115049e+00
    endloop
  endfacet
  facet normal 3.304759e-01 -7.978394e-01 5.042202e-01
    outer loop
      vertex 1.202682e+01 -2.977881e+01 0.000000e+00
      vertex 1.140960e+01 -2.427389e+01 9.115049e+00
      vertex 9.101498e+00 -2.522994e+01 9.115049e+00
    endloop
  endfacet
  facet normal 3.304759e-01 -7.978394e-01 5.042202e-01
    outer loop
      vertex 1.202682e+01 -2.977881e+01 0.000000e+00
      vertex 1.140960e+01 -2.427389e+01 9.115049e+00
      vertex 9.101498e+00 -2.522994e+01 9.115049e+00
    endloop
  endfacet
  facet normal 7.144590e-02 8.627903e-01 5.004882e-01
    outer loop
      vertex 2.261440e+00 2.672515e+01 9.115049e+00
      vertex 3.909804e+00 3.187609e+01 0.000000e+00
      vertex 2.102480e+00 3.202577e+01 0.000000e+00
    endloop
  endfacet
  facet normal 7.144590e-02 8.627903e-01 5.004882e-01
    outer loop
      vertex 2.261440e+00 2.672515e+01 9.115049e+00
      vertex 3.909804e+00 3.187609e+01 0.000000e+00
      vertex 2.102480e+00 3.202577e+01 0.000000e+00
    endloop
  endfacet
  facet normal 7.144590e-02 8.627903e-01 5.004882e-01
    outer loop
      vertex 2.261440e+00 2.672515e+01 9.115049e+00
      vertex 3.909804e+00 3.187609e+01 0.000000e+00
      vertex 2.102480e+00 3.202577e+01 0.000000e+00
    endloop
  endfacet
  facet normal 3.919055e-01 7.712610e-01 5.015641e-01
    outer loop
      vertex 1.140960e+01 2.427389e+01 9.115049e+00
      vertex 1.500465e+01 2.837475e+01 0.000000e+00
      vertex 1.419758e+01 2.878488e+01 0.000000e+00
    endloop
  endfacet
  facet normal 3.919055e-01 7.712610e-01 5.015641e-01
    outer loop
      vertex 1.140960e+01 2.427389e+01 9.115049e+00
      vertex 1.500465e+01 2.837475e+01 0.000000e+00
      vertex 1.419758e+01 2.878488e+01 0.000000e+00
    endloop
  endfacet
  facet normal 3.919055e-01 7.712610e-01 5.015641e-01
    outer loop
      vertex 1.140960e+01 2.427389e+01 9.115049e+00
      vertex 1.500465e+01 2.837475e+01 0.000000e+00
      vertex 1.419758e+01 2.878488e+01 0.000000e+00
    endloop
  endfacet
  facet normal 3.919055e-01 7.712610e-01 5.015641e-01
    outer loop
      vertex 1.500465e+01 2.837475e+01 0.000000e+00
      vertex 1.140960e+01 2.427389e+01 9.115049e+00
      vertex 1.449421e+01 2.509958e+01 5.435096e+00
    endloop
  endfacet
  facet normal 3.919055e-01 7.712610e-01 5.015641e-01
    outer loop
      vertex 1.500465e+01 2.837475e+01 0.000000e+00
      vertex 1.140960e+01 2.427389e+01 9.115049e+00
      vertex 1.449421e+01 2.509958e+01 5.435096e+00
    endloop
  endfacet
  facet normal 3.919055e-01 7.712610e-01 5.015641e-01
    outer loop
      vertex 1.500465e+01 2.837475e+01 0.000000e+00
      vertex 1.140960e+01 2.427389e+01 9.115049e+00
      vertex 1.449421e+01 2.509958e+01 5.435096e+00
    endloop
  endfacet
  facet normal 8.638844e-01 -4.623042e-02 5.015641e-01
    outer loop
      vertex 3.202872e+01 -2.099542e+00 0.000000e+00
      vertex 2.898544e+01 3.265381e-05 5.435096e+00
      vertex 2.672809e+01 -2.258500e+00 9.115049e+00
    endloop
  endfacet
  facet normal 8.638844e-01 -4.623042e-02 5.015641e-01
    outer loop
      vertex 3.202872e+01 -2.099542e+00 0.000000e+00
      vertex 2.898544e+01 3.265381e-05 5.435096e+00
      vertex 2.672809e+01 -2.258500e+00 9.115049e+00
    endloop
  endfacet
  facet normal 8.638844e-01 -4.623042e-02 5.015641e-01
    outer loop
      vertex 3.202872e+01 -2.099542e+00 0.000000e+00
      vertex 2.898544e+01 3.265381e-05 5.435096e+00
      vertex 2.672809e+01 -2.258500e+00 9.115049e+00
    endloop
  endfacet
  facet normal 8.638844e-01 -4.623042e-02 5.015641e-01
    outer loop
      vertex 2.898544e+01 3.265381e-05 5.435096e+00
      vertex 3.202872e+01 -2.099542e+00 0.000000e+00
      vertex 3.207711e+01 -1.195489e+00 0.000000e+00
    endloop
  endfacet
  facet normal 8.638844e-01 -4.623042e-02 5.015641e-01
    outer loop
      vertex 2.898544e+01 3.265381e-05 5.435096e+00
      vertex 3.202872e+01 -2.099542e+00 0.000000e+00
      vertex 3.207711e+01 -1.195489e+00 0.000000e+00
    endloop
  endfacet
  facet normal 8.638844e-01 -4.623042e-02 5.015641e-01
    outer loop
      vertex 2.898544e+01 3.265381e-05 5.435096e+00
      vertex 3.202872e+01 -2.099542e+00 0.000000e+00
      vertex 3.207711e+01 -1.195489e+00 0.000000e+00
    endloop
  endfacet
  facet normal 8.464136e-01 -1.789346e-01 5.015641e-01
    outer loop
      vertex 3.129362e+01 -7.146580e+00 0.000000e+00
      vertex 2.640200e+01 -4.735423e+00 9.115049e+00
      vertex 2.799793e+01 -7.501201e+00 5.435096e+00
    endloop
  endfacet
  facet normal 8.464136e-01 -1.789346e-01 5.015641e-01
    outer loop
      vertex 3.129362e+01 -7.146580e+00 0.000000e+00
      vertex 2.640200e+01 -4.735423e+00 9.115049e+00
      vertex 2.799793e+01 -7.501201e+00 5.435096e+00
    endloop
  endfacet
  facet normal 8.464136e-01 -1.789346e-01 5.015641e-01
    outer loop
      vertex 3.129362e+01 -7.146580e+00 0.000000e+00
      vertex 2.640200e+01 -4.735423e+00 9.115049e+00
      vertex 2.799793e+01 -7.501201e+00 5.435096e+00
    endloop
  endfacet
  facet normal 8.464136e-01 -1.789346e-01 5.015641e-01
    outer loop
      vertex 2.640200e+01 -4.735423e+00 9.115049e+00
      vertex 3.129362e+01 -7.146580e+00 0.000000e+00
      vertex 3.148086e+01 -6.260878e+00 0.000000e+00
    endloop
  endfacet
  facet normal 8.464136e-01 -1.789346e-01 5.015641e-01
    outer loop
      vertex 2.640200e+01 -4.735423e+00 9.115049e+00
      vertex 3.129362e+01 -7.146580e+00 0.000000e+00
      vertex 3.148086e+01 -6.260878e+00 0.000000e+00
    endloop
  endfacet
  facet normal 8.464136e-01 -1.789346e-01 5.015641e-01
    outer loop
      vertex 2.640200e+01 -4.735423e+00 9.115049e+00
      vertex 3.129362e+01 -7.146580e+00 0.000000e+00
      vertex 3.148086e+01 -6.260878e+00 0.000000e+00
    endloop
  endfacet
  facet normal 4.932691e-01 7.114754e-01 5.004882e-01
    outer loop
      vertex 1.532146e+01 2.201536e+01 9.115049e+00
      vertex 1.932442e+01 2.565208e+01 0.000000e+00
      vertex 1.783411e+01 2.668538e+01 0.000000e+00
    endloop
  endfacet
  facet normal 4.932691e-01 7.114754e-01 5.004882e-01
    outer loop
      vertex 1.532146e+01 2.201536e+01 9.115049e+00
      vertex 1.932442e+01 2.565208e+01 0.000000e+00
      vertex 1.783411e+01 2.668538e+01 0.000000e+00
    endloop
  endfacet
  facet normal 4.932691e-01 7.114754e-01 5.004882e-01
    outer loop
      vertex 1.532146e+01 2.201536e+01 9.115049e+00
      vertex 1.932442e+01 2.565208e+01 0.000000e+00
      vertex 1.783411e+01 2.668538e+01 0.000000e+00
    endloop
  endfacet
  facet normal -4.719789e-01 7.250306e-01 5.015641e-01
    outer loop
      vertex -1.531558e+01 2.201536e+01 9.115049e+00
      vertex -1.706949e+01 2.717923e+01 0.000000e+00
      vertex -1.782823e+01 2.668538e+01 0.000000e+00
    endloop
  endfacet
  facet normal -4.719789e-01 7.250306e-01 5.015641e-01
    outer loop
      vertex -1.531558e+01 2.201536e+01 9.115049e+00
      vertex -1.706949e+01 2.717923e+01 0.000000e+00
      vertex -1.782823e+01 2.668538e+01 0.000000e+00
    endloop
  endfacet
  facet normal -4.719789e-01 7.250306e-01 5.015641e-01
    outer loop
      vertex -1.531558e+01 2.201536e+01 9.115049e+00
      vertex -1.706949e+01 2.717923e+01 0.000000e+00
      vertex -1.782823e+01 2.668538e+01 0.000000e+00
    endloop
  endfacet
  facet normal -4.719789e-01 7.250306e-01 5.015641e-01
    outer loop
      vertex -1.706949e+01 2.717923e+01 0.000000e+00
      vertex -1.531558e+01 2.201536e+01 9.115049e+00
      vertex -1.448833e+01 2.509958e+01 5.435096e+00
    endloop
  endfacet
  facet normal -4.719789e-01 7.250306e-01 5.015641e-01
    outer loop
      vertex -1.706949e+01 2.717923e+01 0.000000e+00
      vertex -1.531558e+01 2.201536e+01 9.115049e+00
      vertex -1.448833e+01 2.509958e+01 5.435096e+00
    endloop
  endfacet
  facet normal -4.719789e-01 7.250306e-01 5.015641e-01
    outer loop
      vertex -1.706949e+01 2.717923e+01 0.000000e+00
      vertex -1.531558e+01 2.201536e+01 9.115049e+00
      vertex -1.448833e+01 2.509958e+01 5.435096e+00
    endloop
  endfacet
  facet normal -1.789346e-01 -8.464136e-01 5.015641e-01
    outer loop
      vertex -4.732484e+00 -2.639901e+01 9.115049e+00
      vertex -7.143641e+00 -3.129067e+01 0.000000e+00
      vertex -6.257939e+00 -3.147791e+01 0.000000e+00
    endloop
  endfacet
  facet normal -1.789346e-01 -8.464136e-01 5.015641e-01
    outer loop
      vertex -4.732484e+00 -2.639901e+01 9.115049e+00
      vertex -7.143641e+00 -3.129067e+01 0.000000e+00
      vertex -6.257939e+00 -3.147791e+01 0.000000e+00
    endloop
  endfacet
  facet normal -1.789346e-01 -8.464136e-01 5.015641e-01
    outer loop
      vertex -4.732484e+00 -2.639901e+01 9.115049e+00
      vertex -7.143641e+00 -3.129067e+01 0.000000e+00
      vertex -6.257939e+00 -3.147791e+01 0.000000e+00
    endloop
  endfacet
  facet normal -1.789346e-01 -8.464136e-01 5.015641e-01
    outer loop
      vertex -7.143641e+00 -3.129067e+01 0.000000e+00
      vertex -4.732484e+00 -2.639901e+01 9.115049e+00
      vertex -7.498261e+00 -2.799499e+01 5.435096e+00
    endloop
  endfacet
  facet normal -1.789346e-01 -8.464136e-01 5.015641e-01
    outer loop
      vertex -7.143641e+00 -3.129067e+01 0.000000e+00
      vertex -4.732484e+00 -2.639901e+01 9.115049e+00
      vertex -7.498261e+00 -2.799499e+01 5.435096e+00
    endloop
  endfacet
  facet normal -1.789346e-01 -8.464136e-01 5.015641e-01
    outer loop
      vertex -7.143641e+00 -3.129067e+01 0.000000e+00
      vertex -4.732484e+00 -2.639901e+01 9.115049e+00
      vertex -7.498261e+00 -2.799499e+01 5.435096e+00
    endloop
  endfacet
  facet normal 1.789346e-01 -8.464136e-01 5.015641e-01
    outer loop
      vertex 7.149584e+00 -3.129067e+01 0.000000e+00
      vertex 4.738361e+00 -2.639901e+01 9.115049e+00
      vertex 6.263816e+00 -3.147791e+01 0.000000e+00
    endloop
  endfacet
  facet normal 1.789346e-01 -8.464136e-01 5.015641e-01
    outer loop
      vertex 7.149584e+00 -3.129067e+01 0.000000e+00
      vertex 4.738361e+00 -2.639901e+01 9.115049e+00
      vertex 6.263816e+00 -3.147791e+01 0.000000e+00
    endloop
  endfacet
  facet normal 1.789346e-01 -8.464136e-01 5.015641e-01
    outer loop
      vertex 7.149584e+00 -3.129067e+01 0.000000e+00
      vertex 4.738361e+00 -2.639901e+01 9.115049e+00
      vertex 6.263816e+00 -3.147791e+01 0.000000e+00
    endloop
  endfacet
  facet normal 1.789346e-01 -8.464136e-01 5.015641e-01
    outer loop
      vertex 4.738361e+00 -2.639901e+01 9.115049e+00
      vertex 7.149584e+00 -3.129067e+01 0.000000e+00
      vertex 7.504204e+00 -2.799499e+01 5.435096e+00
    endloop
  endfacet
  facet normal 1.789346e-01 -8.464136e-01 5.015641e-01
    outer loop
      vertex 4.738361e+00 -2.639901e+01 9.115049e+00
      vertex 7.149584e+00 -3.129067e+01 0.000000e+00
      vertex 7.504204e+00 -2.799499e+01 5.435096e+00
    endloop
  endfacet
  facet normal 1.789346e-01 -8.464136e-01 5.015641e-01
    outer loop
      vertex 4.738361e+00 -2.639901e+01 9.115049e+00
      vertex 7.149584e+00 -3.129067e+01 0.000000e+00
      vertex 7.504204e+00 -2.799499e+01 5.435096e+00
    endloop
  endfacet
  facet normal 8.518830e-01 1.542951e-01 5.004881e-01
    outer loop
      vertex 3.148086e+01 6.260878e+00 0.000000e+00
      vertex 2.640200e+01 4.735423e+00 9.115049e+00
      vertex 3.180406e+01 4.476413e+00 0.000000e+00
    endloop
  endfacet
  facet normal 8.518830e-01 1.542951e-01 5.004881e-01
    outer loop
      vertex 3.148086e+01 6.260878e+00 0.000000e+00
      vertex 2.640200e+01 4.735423e+00 9.115049e+00
      vertex 3.180406e+01 4.476413e+00 0.000000e+00
    endloop
  endfacet
  facet normal 8.518830e-01 1.542951e-01 5.004881e-01
    outer loop
      vertex 3.148086e+01 6.260878e+00 0.000000e+00
      vertex 2.640200e+01 4.735423e+00 9.115049e+00
      vertex 3.180406e+01 4.476413e+00 0.000000e+00
    endloop
  endfacet
  facet normal -7.545474e-01 -4.306958e-01 4.951357e-01
    outer loop
      vertex -2.509664e+01 -1.449127e+01 5.435096e+00
      vertex -2.837182e+01 -1.500171e+01 0.000000e+00
      vertex -2.777915e+01 -1.603997e+01 0.000000e+00
    endloop
  endfacet
  facet normal -7.545474e-01 -4.306958e-01 4.951357e-01
    outer loop
      vertex -2.509664e+01 -1.449127e+01 5.435096e+00
      vertex -2.837182e+01 -1.500171e+01 0.000000e+00
      vertex -2.777915e+01 -1.603997e+01 0.000000e+00
    endloop
  endfacet
  facet normal -7.545474e-01 -4.306958e-01 4.951357e-01
    outer loop
      vertex -2.509664e+01 -1.449127e+01 5.435096e+00
      vertex -2.837182e+01 -1.500171e+01 0.000000e+00
      vertex -2.777915e+01 -1.603997e+01 0.000000e+00
    endloop
  endfacet
  facet normal -4.932691e-01 7.114754e-01 5.004882e-01
    outer loop
      vertex -1.531558e+01 2.201536e+01 9.115049e+00
      vertex -1.782823e+01 2.668538e+01 0.000000e+00
      vertex -1.931855e+01 2.565208e+01 0.000000e+00
    endloop
  endfacet
  facet normal -4.932691e-01 7.114754e-01 5.004882e-01
    outer loop
      vertex -1.531558e+01 2.201536e+01 9.115049e+00
      vertex -1.782823e+01 2.668538e+01 0.000000e+00
      vertex -1.931855e+01 2.565208e+01 0.000000e+00
    endloop
  endfacet
  facet normal -4.932691e-01 7.114754e-01 5.004882e-01
    outer loop
      vertex -1.531558e+01 2.201536e+01 9.115049e+00
      vertex -1.782823e+01 2.668538e+01 0.000000e+00
      vertex -1.931855e+01 2.565208e+01 0.000000e+00
    endloop
  endfacet
  facet normal -1.789346e-01 8.464136e-01 5.015641e-01
    outer loop
      vertex -7.143641e+00 3.129067e+01 0.000000e+00
      vertex -4.732484e+00 2.639907e+01 9.115049e+00
      vertex -6.257939e+00 3.147791e+01 0.000000e+00
    endloop
  endfacet
  facet normal -1.789346e-01 8.464136e-01 5.015641e-01
    outer loop
      vertex -7.143641e+00 3.129067e+01 0.000000e+00
      vertex -4.732484e+00 2.639907e+01 9.115049e+00
      vertex -6.257939e+00 3.147791e+01 0.000000e+00
    endloop
  endfacet
  facet normal -1.789346e-01 8.464136e-01 5.015641e-01
    outer loop
      vertex -7.143641e+00 3.129067e+01 0.000000e+00
      vertex -4.732484e+00 2.639907e+01 9.115049e+00
      vertex -6.257939e+00 3.147791e+01 0.000000e+00
    endloop
  endfacet
  facet normal -1.789346e-01 8.464136e-01 5.015641e-01
    outer loop
      vertex -4.732484e+00 2.639907e+01 9.115049e+00
      vertex -7.143641e+00 3.129067e+01 0.000000e+00
      vertex -7.498261e+00 2.799499e+01 5.435096e+00
    endloop
  endfacet
  facet normal -1.789346e-01 8.464136e-01 5.015641e-01
    outer loop
      vertex -4.732484e+00 2.639907e+01 9.115049e+00
      vertex -7.143641e+00 3.129067e+01 0.000000e+00
      vertex -7.498261e+00 2.799499e+01 5.435096e+00
    endloop
  endfacet
  facet normal -1.789346e-01 8.464136e-01 5.015641e-01
    outer loop
      vertex -4.732484e+00 2.639907e+01 9.115049e+00
      vertex -7.143641e+00 3.129067e+01 0.000000e+00
      vertex -7.498261e+00 2.799499e+01 5.435096e+00
    endloop
  endfacet
  facet normal -8.464136e-01 -1.789346e-01 5.015641e-01
    outer loop
      vertex -2.639607e+01 -4.735423e+00 9.115049e+00
      vertex -3.128774e+01 -7.146580e+00 0.000000e+00
      vertex -2.799206e+01 -7.501201e+00 5.435096e+00
    endloop
  endfacet
  facet normal -8.464136e-01 -1.789346e-01 5.015641e-01
    outer loop
      vertex -2.639607e+01 -4.735423e+00 9.115049e+00
      vertex -3.128774e+01 -7.146580e+00 0.000000e+00
      vertex -2.799206e+01 -7.501201e+00 5.435096e+00
    endloop
  endfacet
  facet normal -8.464136e-01 -1.789346e-01 5.015641e-01
    outer loop
      vertex -2.639607e+01 -4.735423e+00 9.115049e+00
      vertex -3.128774e+01 -7.146580e+00 0.000000e+00
      vertex -2.799206e+01 -7.501201e+00 5.435096e+00
    endloop
  endfacet
  facet normal -8.464136e-01 -1.789346e-01 5.015641e-01
    outer loop
      vertex -3.128774e+01 -7.146580e+00 0.000000e+00
      vertex -2.639607e+01 -4.735423e+00 9.115049e+00
      vertex -3.147497e+01 -6.260878e+00 0.000000e+00
    endloop
  endfacet
  facet normal -8.464136e-01 -1.789346e-01 5.015641e-01
    outer loop
      vertex -3.128774e+01 -7.146580e+00 0.000000e+00
      vertex -2.639607e+01 -4.735423e+00 9.115049e+00
      vertex -3.147497e+01 -6.260878e+00 0.000000e+00
    endloop
  endfacet
  facet normal -8.464136e-01 -1.789346e-01 5.015641e-01
    outer loop
      vertex -3.128774e+01 -7.146580e+00 0.000000e+00
      vertex -2.639607e+01 -4.735423e+00 9.115049e+00
      vertex -3.147497e+01 -6.260878e+00 0.000000e+00
    endloop
  endfacet
  facet normal -7.712610e-01 -3.919055e-01 5.015641e-01
    outer loop
      vertex -2.509664e+01 -1.449127e+01 5.435096e+00
      vertex -2.878195e+01 -1.419458e+01 0.000000e+00
      vertex -2.837182e+01 -1.500171e+01 0.000000e+00
    endloop
  endfacet
  facet normal -7.712610e-01 -3.919055e-01 5.015641e-01
    outer loop
      vertex -2.509664e+01 -1.449127e+01 5.435096e+00
      vertex -2.878195e+01 -1.419458e+01 0.000000e+00
      vertex -2.837182e+01 -1.500171e+01 0.000000e+00
    endloop
  endfacet
  facet normal -7.712610e-01 -3.919055e-01 5.015641e-01
    outer loop
      vertex -2.509664e+01 -1.449127e+01 5.435096e+00
      vertex -2.878195e+01 -1.419458e+01 0.000000e+00
      vertex -2.837182e+01 -1.500171e+01 0.000000e+00
    endloop
  endfacet
  facet normal -7.712610e-01 -3.919055e-01 5.015641e-01
    outer loop
      vertex -2.878195e+01 -1.419458e+01 0.000000e+00
      vertex -2.509664e+01 -1.449127e+01 5.435096e+00
      vertex -2.427096e+01 -1.140660e+01 9.115049e+00
    endloop
  endfacet
  facet normal -7.712610e-01 -3.919055e-01 5.015641e-01
    outer loop
      vertex -2.878195e+01 -1.419458e+01 0.000000e+00
      vertex -2.509664e+01 -1.449127e+01 5.435096e+00
      vertex -2.427096e+01 -1.140660e+01 9.115049e+00
    endloop
  endfacet
  facet normal -7.712610e-01 -3.919055e-01 5.015641e-01
    outer loop
      vertex -2.878195e+01 -1.419458e+01 0.000000e+00
      vertex -2.509664e+01 -1.449127e+01 5.435096e+00
      vertex -2.427096e+01 -1.140660e+01 9.115049e+00
    endloop
  endfacet
  facet normal 8.627903e-01 -7.144590e-02 5.004882e-01
    outer loop
      vertex 3.202872e+01 -2.099542e+00 0.000000e+00
      vertex 2.672809e+01 -2.258500e+00 9.115049e+00
      vertex 3.187903e+01 -3.906865e+00 0.000000e+00
    endloop
  endfacet
  facet normal 8.627903e-01 -7.144590e-02 5.004882e-01
    outer loop
      vertex 3.202872e+01 -2.099542e+00 0.000000e+00
      vertex 2.672809e+01 -2.258500e+00 9.115049e+00
      vertex 3.187903e+01 -3.906865e+00 0.000000e+00
    endloop
  endfacet
  facet normal 8.627903e-01 -7.144590e-02 5.004882e-01
    outer loop
      vertex 3.202872e+01 -2.099542e+00 0.000000e+00
      vertex 2.672809e+01 -2.258500e+00 9.115049e+00
      vertex 3.187903e+01 -3.906865e+00 0.000000e+00
    endloop
  endfacet
  facet normal -8.561871e-01 -1.127192e-01 5.042202e-01
    outer loop
      vertex -2.672221e+01 -2.258500e+00 9.115049e+00
      vertex -3.179818e+01 -4.476413e+00 0.000000e+00
      vertex -2.639607e+01 -4.735423e+00 9.115049e+00
    endloop
  endfacet
  facet normal -8.561871e-01 -1.127192e-01 5.042202e-01
    outer loop
      vertex -2.672221e+01 -2.258500e+00 9.115049e+00
      vertex -3.179818e+01 -4.476413e+00 0.000000e+00
      vertex -2.639607e+01 -4.735423e+00 9.115049e+00
    endloop
  endfacet
  facet normal -8.561871e-01 -1.127192e-01 5.042202e-01
    outer loop
      vertex -2.672221e+01 -2.258500e+00 9.115049e+00
      vertex -3.179818e+01 -4.476413e+00 0.000000e+00
      vertex -2.639607e+01 -4.735423e+00 9.115049e+00
    endloop
  endfacet
  facet normal -8.561871e-01 -1.127192e-01 5.042202e-01
    outer loop
      vertex -3.179818e+01 -4.476413e+00 0.000000e+00
      vertex -2.672221e+01 -2.258500e+00 9.115049e+00
      vertex -3.187315e+01 -3.906865e+00 0.000000e+00
    endloop
  endfacet
  facet normal -8.561871e-01 -1.127192e-01 5.042202e-01
    outer loop
      vertex -3.179818e+01 -4.476413e+00 0.000000e+00
      vertex -2.672221e+01 -2.258500e+00 9.115049e+00
      vertex -3.187315e+01 -3.906865e+00 0.000000e+00
    endloop
  endfacet
  facet normal -8.561871e-01 -1.127192e-01 5.042202e-01
    outer loop
      vertex -3.179818e+01 -4.476413e+00 0.000000e+00
      vertex -2.672221e+01 -2.258500e+00 9.115049e+00
      vertex -3.187315e+01 -3.906865e+00 0.000000e+00
    endloop
  endfacet
  facet normal -6.173646e-01 6.113114e-01 4.951357e-01
    outer loop
      vertex -2.268105e+01 2.268398e+01 0.000000e+00
      vertex -2.352227e+01 2.183446e+01 0.000000e+00
      vertex -2.049082e+01 2.049376e+01 5.435096e+00
    endloop
  endfacet
  facet normal -6.173646e-01 6.113114e-01 4.951357e-01
    outer loop
      vertex -2.268105e+01 2.268398e+01 0.000000e+00
      vertex -2.352227e+01 2.183446e+01 0.000000e+00
      vertex -2.049082e+01 2.049376e+01 5.435096e+00
    endloop
  endfacet
  facet normal -6.173646e-01 6.113114e-01 4.951357e-01
    outer loop
      vertex -2.268105e+01 2.268398e+01 0.000000e+00
      vertex -2.352227e+01 2.183446e+01 0.000000e+00
      vertex -2.049082e+01 2.049376e+01 5.435096e+00
    endloop
  endfacet
  facet normal 1.542951e-01 -8.518830e-01 5.004881e-01
    outer loop
      vertex 4.738361e+00 -2.639901e+01 9.115049e+00
      vertex 4.479352e+00 -3.180112e+01 0.000000e+00
      vertex 6.263816e+00 -3.147791e+01 0.000000e+00
    endloop
  endfacet
  facet normal 1.542951e-01 -8.518830e-01 5.004881e-01
    outer loop
      vertex 4.738361e+00 -2.639901e+01 9.115049e+00
      vertex 4.479352e+00 -3.180112e+01 0.000000e+00
      vertex 6.263816e+00 -3.147791e+01 0.000000e+00
    endloop
  endfacet
  facet normal 1.542951e-01 -8.518830e-01 5.004881e-01
    outer loop
      vertex 4.738361e+00 -2.639901e+01 9.115049e+00
      vertex 4.479352e+00 -3.180112e+01 0.000000e+00
      vertex 6.263816e+00 -3.147791e+01 0.000000e+00
    endloop
  endfacet
  facet normal -8.403091e-01 2.207289e-01 4.951357e-01
    outer loop
      vertex -3.098399e+01 8.302917e+00 0.000000e+00
      vertex -3.128774e+01 7.146646e+00 0.000000e+00
      vertex -2.799206e+01 7.501266e+00 5.435096e+00
    endloop
  endfacet
  facet normal -8.403091e-01 2.207289e-01 4.951357e-01
    outer loop
      vertex -3.098399e+01 8.302917e+00 0.000000e+00
      vertex -3.128774e+01 7.146646e+00 0.000000e+00
      vertex -2.799206e+01 7.501266e+00 5.435096e+00
    endloop
  endfacet
  facet normal -8.403091e-01 2.207289e-01 4.951357e-01
    outer loop
      vertex -3.098399e+01 8.302917e+00 0.000000e+00
      vertex -3.128774e+01 7.146646e+00 0.000000e+00
      vertex -2.799206e+01 7.501266e+00 5.435096e+00
    endloop
  endfacet
  facet normal 8.692180e-01 1.101738e-13 4.944290e-01
    outer loop
      vertex 3.207711e+01 1.195554e+00 0.000000e+00
      vertex 2.898544e+01 3.265381e-05 5.435096e+00
      vertex 3.207711e+01 -1.195489e+00 0.000000e+00
    endloop
  endfacet
  facet normal 8.692180e-01 1.101738e-13 4.944290e-01
    outer loop
      vertex 3.207711e+01 1.195554e+00 0.000000e+00
      vertex 2.898544e+01 3.265381e-05 5.435096e+00
      vertex 3.207711e+01 -1.195489e+00 0.000000e+00
    endloop
  endfacet
  facet normal 8.692180e-01 1.101738e-13 4.944290e-01
    outer loop
      vertex 3.207711e+01 1.195554e+00 0.000000e+00
      vertex 2.898544e+01 3.265381e-05 5.435096e+00
      vertex 3.207711e+01 -1.195489e+00 0.000000e+00
    endloop
  endfacet
  facet normal -1.112395e-16 2.405968e-16 -1.000000e+00
    outer loop
      vertex -3.207116e+01 1.195554e+00 0.000000e+00
      vertex -3.207116e+01 -1.195489e+00 0.000000e+00
      vertex -3.207711e+01 3.265381e-05 0.000000e+00
    endloop
  endfacet
  facet normal -1.112395e-16 2.405968e-16 -1.000000e+00
    outer loop
      vertex -3.207116e+01 1.195554e+00 0.000000e+00
      vertex -3.207116e+01 -1.195489e+00 0.000000e+00
      vertex -3.207711e+01 3.265381e-05 0.000000e+00
    endloop
  endfacet
  facet normal -1.112395e-16 2.405968e-16 -1.000000e+00
    outer loop
      vertex -3.207116e+01 1.195554e+00 0.000000e+00
      vertex -3.207116e+01 -1.195489e+00 0.000000e+00
      vertex -3.207711e+01 3.265381e-05 0.000000e+00
    endloop
  endfacet
  facet normal -1.112395e-16 2.405968e-16 -1.000000e+00
    outer loop
      vertex -3.207116e+01 -1.195489e+00 0.000000e+00
      vertex -3.207116e+01 1.195554e+00 0.000000e+00
      vertex -3.202284e+01 2.099542e+00 0.000000e+00
    endloop
  endfacet
  facet normal -1.112395e-16 2.405968e-16 -1.000000e+00
    outer loop
      vertex -3.207116e+01 -1.195489e+00 0.000000e+00
      vertex -3.207116e+01 1.195554e+00 0.000000e+00
      vertex -3.202284e+01 2.099542e+00 0.000000e+00
    endloop
  endfacet
  facet normal -1.112395e-16 2.405968e-16 -1.000000e+00
    outer loop
      vertex -3.207116e+01 -1.195489e+00 0.000000e+00
      vertex -3.207116e+01 1.195554e+00 0.000000e+00
      vertex -3.202284e+01 2.099542e+00 0.000000e+00
    endloop
  endfacet
  facet normal -1.112395e-16 2.405968e-16 -1.000000e+00
    outer loop
      vertex -3.207116e+01 -1.195489e+00 0.000000e+00
      vertex -3.202284e+01 2.099542e+00 0.000000e+00
      vertex -3.202284e+01 -2.099542e+00 0.000000e+00
    endloop
  endfacet
  facet normal -1.112395e-16 2.405968e-16 -1.000000e+00
    outer loop
      vertex -3.207116e+01 -1.195489e+00 0.000000e+00
      vertex -3.202284e+01 2.099542e+00 0.000000e+00
      vertex -3.202284e+01 -2.099542e+00 0.000000e+00
    endloop
  endfacet
  facet normal -1.112395e-16 2.405968e-16 -1.000000e+00
    outer loop
      vertex -3.207116e+01 -1.195489e+00 0.000000e+00
      vertex -3.202284e+01 2.099542e+00 0.000000e+00
      vertex -3.202284e+01 -2.099542e+00 0.000000e+00
    endloop
  endfacet
  facet normal -1.112395e-16 2.405968e-16 -1.000000e+00
    outer loop
      vertex -3.202284e+01 -2.099542e+00 0.000000e+00
      vertex -3.202284e+01 2.099542e+00 0.000000e+00
      vertex -3.187315e+01 3.906865e+00 0.000000e+00
    endloop
  endfacet
  facet normal -1.112395e-16 2.405968e-16 -1.000000e+00
    outer loop
      vertex -3.202284e+01 -2.099542e+00 0.000000e+00
      vertex -3.202284e+01 2.099542e+00 0.000000e+00
      vertex -3.187315e+01 3.906865e+00 0.000000e+00
    endloop
  endfacet
  facet normal -1.112395e-16 2.405968e-16 -1.000000e+00
    outer loop
      vertex -3.202284e+01 -2.099542e+00 0.000000e+00
      vertex -3.202284e+01 2.099542e+00 0.000000e+00
      vertex -3.187315e+01 3.906865e+00 0.000000e+00
    endloop
  endfacet
  facet normal -1.112395e-16 2.405968e-16 -1.000000e+00
    outer loop
      vertex -3.202284e+01 -2.099542e+00 0.000000e+00
      vertex -3.187315e+01 3.906865e+00 0.000000e+00
      vertex -3.187315e+01 -3.906865e+00 0.000000e+00
    endloop
  endfacet
  facet normal -1.112395e-16 2.405968e-16 -1.000000e+00
    outer loop
      vertex -3.202284e+01 -2.099542e+00 0.000000e+00
      vertex -3.187315e+01 3.906865e+00 0.000000e+00
      vertex -3.187315e+01 -3.906865e+00 0.000000e+00
    endloop
  endfacet
  facet normal -1.112395e-16 2.405968e-16 -1.000000e+00
    outer loop
      vertex -3.202284e+01 -2.099542e+00 0.000000e+00
      vertex -3.187315e+01 3.906865e+00 0.000000e+00
      vertex -3.187315e+01 -3.906865e+00 0.000000e+00
    endloop
  endfacet
  facet normal -1.112395e-16 2.405968e-16 -1.000000e+00
    outer loop
      vertex -3.187315e+01 -3.906865e+00 0.000000e+00
      vertex -3.187315e+01 3.906865e+00 0.000000e+00
      vertex -3.179818e+01 -4.476413e+00 0.000000e+00
    endloop
  endfacet
  facet normal -1.112395e-16 2.405968e-16 -1.000000e+00
    outer loop
      vertex -3.187315e+01 -3.906865e+00 0.000000e+00
      vertex -3.187315e+01 3.906865e+00 0.000000e+00
      vertex -3.179818e+01 -4.476413e+00 0.000000e+00
    endloop
  endfacet
  facet normal -1.112395e-16 2.405968e-16 -1.000000e+00
    outer loop
      vertex -3.187315e+01 -3.906865e+00 0.000000e+00
      vertex -3.187315e+01 3.906865e+00 0.000000e+00
      vertex -3.179818e+01 -4.476413e+00 0.000000e+00
    endloop
  endfacet
  facet normal -1.112395e-16 2.405968e-16 -1.000000e+00
    outer loop
      vertex -3.179818e+01 -4.476413e+00 0.000000e+00
      vertex -3.187315e+01 3.906865e+00 0.000000e+00
      vertex -3.179818e+01 4.476413e+00 0.000000e+00
    endloop
  endfacet
  facet normal -1.112395e-16 2.405968e-16 -1.000000e+00
    outer loop
      vertex -3.179818e+01 -4.476413e+00 0.000000e+00
      vertex -3.187315e+01 3.906865e+00 0.000000e+00
      vertex -3.179818e+01 4.476413e+00 0.000000e+00
    endloop
  endfacet
  facet normal -1.112395e-16 2.405968e-16 -1.000000e+00
    outer loop
      vertex -3.179818e+01 -4.476413e+00 0.000000e+00
      vertex -3.187315e+01 3.906865e+00 0.000000e+00
      vertex -3.179818e+01 4.476413e+00 0.000000e+00
    endloop
  endfacet
  facet normal -1.112395e-16 2.405968e-16 -1.000000e+00
    outer loop
      vertex -3.179818e+01 -4.476413e+00 0.000000e+00
      vertex -3.179818e+01 4.476413e+00 0.000000e+00
      vertex -3.147497e+01 -6.260878e+00 0.000000e+00
    endloop
  endfacet
  facet normal -1.112395e-16 2.405968e-16 -1.000000e+00
    outer loop
      vertex -3.179818e+01 -4.476413e+00 0.000000e+00
      vertex -3.179818e+01 4.476413e+00 0.000000e+00
      vertex -3.147497e+01 -6.260878e+00 0.000000e+00
    endloop
  endfacet
  facet normal -1.112395e-16 2.405968e-16 -1.000000e+00
    outer loop
      vertex -3.179818e+01 -4.476413e+00 0.000000e+00
      vertex -3.179818e+01 4.476413e+00 0.000000e+00
      vertex -3.147497e+01 -6.260878e+00 0.000000e+00
    endloop
  endfacet
  facet normal -1.112395e-16 2.405968e-16 -1.000000e+00
    outer loop
      vertex -3.147497e+01 -6.260878e+00 0.000000e+00
      vertex -3.179818e+01 4.476413e+00 0.000000e+00
      vertex -3.147497e+01 6.260878e+00 0.000000e+00
    endloop
  endfacet
  facet normal -1.112395e-16 2.405968e-16 -1.000000e+00
    outer loop
      vertex -3.147497e+01 -6.260878e+00 0.000000e+00
      vertex -3.179818e+01 4.476413e+00 0.000000e+00
      vertex -3.147497e+01 6.260878e+00 0.000000e+00
    endloop
  endfacet
  facet normal -1.112395e-16 2.405968e-16 -1.000000e+00
    outer loop
      vertex -3.147497e+01 -6.260878e+00 0.000000e+00
      vertex -3.179818e+01 4.476413e+00 0.000000e+00
      vertex -3.147497e+01 6.260878e+00 0.000000e+00
    endloop
  endfacet
  facet normal -1.112395e-16 2.405968e-16 -1.000000e+00
    outer loop
      vertex -3.147497e+01 -6.260878e+00 0.000000e+00
      vertex -3.147497e+01 6.260878e+00 0.000000e+00
      vertex -3.128774e+01 -7.146580e+00 0.000000e+00
    endloop
  endfacet
  facet normal -1.112395e-16 2.405968e-16 -1.000000e+00
    outer loop
      vertex -3.147497e+01 -6.260878e+00 0.000000e+00
      vertex -3.147497e+01 6.260878e+00 0.000000e+00
      vertex -3.128774e+01 -7.146580e+00 0.000000e+00
    endloop
  endfacet
  facet normal -1.112395e-16 2.405968e-16 -1.000000e+00
    outer loop
      vertex -3.147497e+01 -6.260878e+00 0.000000e+00
      vertex -3.147497e+01 6.260878e+00 0.000000e+00
      vertex -3.128774e+01 -7.146580e+00 0.000000e+00
    endloop
  endfacet
  facet normal -1.112395e-16 2.405968e-16 -1.000000e+00
    outer loop
      vertex -3.128774e+01 -7.146580e+00 0.000000e+00
      vertex -3.147497e+01 6.260878e+00 0.000000e+00
      vertex -3.128774e+01 7.146646e+00 0.000000e+00
    endloop
  endfacet
  facet normal -1.112395e-16 2.405968e-16 -1.000000e+00
    outer loop
      vertex -3.128774e+01 -7.146580e+00 0.000000e+00
      vertex -3.147497e+01 6.260878e+00 0.000000e+00
      vertex -3.128774e+01 7.146646e+00 0.000000e+00
    endloop
  endfacet
  facet normal -1.112395e-16 2.405968e-16 -1.000000e+00
    outer loop
      vertex -3.128774e+01 -7.146580e+00 0.000000e+00
      vertex -3.147497e+01 6.260878e+00 0.000000e+00
      vertex -3.128774e+01 7.146646e+00 0.000000e+00
    endloop
  endfacet
  facet normal -1.112395e-16 2.405968e-16 -1.000000e+00
    outer loop
      vertex -3.128774e+01 -7.146580e+00 0.000000e+00
      vertex -3.128774e+01 7.146646e+00 0.000000e+00
      vertex -3.098399e+01 -8.302917e+00 0.000000e+00
    endloop
  endfacet
  facet normal -1.112395e-16 2.405968e-16 -1.000000e+00
    outer loop
      vertex -3.128774e+01 -7.146580e+00 0.000000e+00
      vertex -3.128774e+01 7.146646e+00 0.000000e+00
      vertex -3.098399e+01 -8.302917e+00 0.000000e+00
    endloop
  endfacet
  facet normal -1.112395e-16 2.405968e-16 -1.000000e+00
    outer loop
      vertex -3.128774e+01 -7.146580e+00 0.000000e+00
      vertex -3.128774e+01 7.146646e+00 0.000000e+00
      vertex -3.098399e+01 -8.302917e+00 0.000000e+00
    endloop
  endfacet
  facet normal -1.112395e-16 2.405968e-16 -1.000000e+00
    outer loop
      vertex -3.098399e+01 -8.302917e+00 0.000000e+00
      vertex -3.128774e+01 7.146646e+00 0.000000e+00
      vertex -3.098399e+01 8.302917e+00 0.000000e+00
    endloop
  endfacet
  facet normal -1.112395e-16 2.405968e-16 -1.000000e+00
    outer loop
      vertex -3.098399e+01 -8.302917e+00 0.000000e+00
      vertex -3.128774e+01 7.146646e+00 0.000000e+00
      vertex -3.098399e+01 8.302917e+00 0.000000e+00
    endloop
  endfacet
  facet normal -1.112395e-16 2.405968e-16 -1.000000e+00
    outer loop
      vertex -3.098399e+01 -8.302917e+00 0.000000e+00
      vertex -3.128774e+01 7.146646e+00 0.000000e+00
      vertex -3.098399e+01 8.302917e+00 0.000000e+00
    endloop
  endfacet
  facet normal -1.112395e-16 2.405968e-16 -1.000000e+00
    outer loop
      vertex -3.098399e+01 -8.302917e+00 0.000000e+00
      vertex -3.098399e+01 8.302917e+00 0.000000e+00
      vertex -3.066889e+01 -9.456184e+00 0.000000e+00
    endloop
  endfacet
  facet normal -1.112395e-16 2.405968e-16 -1.000000e+00
    outer loop
      vertex -3.098399e+01 -8.302917e+00 0.000000e+00
      vertex -3.098399e+01 8.302917e+00 0.000000e+00
      vertex -3.066889e+01 -9.456184e+00 0.000000e+00
    endloop
  endfacet
  facet normal -1.112395e-16 2.405968e-16 -1.000000e+00
    outer loop
      vertex -3.098399e+01 -8.302917e+00 0.000000e+00
      vertex -3.098399e+01 8.302917e+00 0.000000e+00
      vertex -3.066889e+01 -9.456184e+00 0.000000e+00
    endloop
  endfacet
  facet normal -1.112395e-16 2.405968e-16 -1.000000e+00
    outer loop
      vertex -3.066889e+01 -9.456184e+00 0.000000e+00
      vertex -3.098399e+01 8.302917e+00 0.000000e+00
      vertex -3.066889e+01 9.456184e+00 0.000000e+00
    endloop
  endfacet
  facet normal -1.112395e-16 2.405968e-16 -1.000000e+00
    outer loop
      vertex -3.066889e+01 -9.456184e+00 0.000000e+00
      vertex -3.098399e+01 8.302917e+00 0.000000e+00
      vertex -3.066889e+01 9.456184e+00 0.000000e+00
    endloop
  endfacet
  facet normal -1.112395e-16 2.405968e-16 -1.000000e+00
    outer loop
      vertex -3.066889e+01 -9.456184e+00 0.000000e+00
      vertex -3.098399e+01 8.302917e+00 0.000000e+00
      vertex -3.066889e+01 9.456184e+00 0.000000e+00
    endloop
  endfacet
  facet normal -1.112395e-16 2.405968e-16 -1.000000e+00
    outer loop
      vertex -3.066889e+01 -9.456184e+00 0.000000e+00
      vertex -3.066889e+01 9.456184e+00 0.000000e+00
      vertex -3.038813e+01 -1.031687e+01 0.000000e+00
    endloop
  endfacet
  facet normal -1.112395e-16 2.405968e-16 -1.000000e+00
    outer loop
      vertex -3.066889e+01 -9.456184e+00 0.000000e+00
      vertex -3.066889e+01 9.456184e+00 0.000000e+00
      vertex -3.038813e+01 -1.031687e+01 0.000000e+00
    endloop
  endfacet
  facet normal -1.112395e-16 2.405968e-16 -1.000000e+00
    outer loop
      vertex -3.066889e+01 -9.456184e+00 0.000000e+00
      vertex -3.066889e+01 9.456184e+00 0.000000e+00
      vertex -3.038813e+01 -1.031687e+01 0.000000e+00
    endloop
  endfacet
  facet normal -1.112395e-16 2.405968e-16 -1.000000e+00
    outer loop
      vertex -3.038813e+01 -1.031687e+01 0.000000e+00
      vertex -3.066889e+01 9.456184e+00 0.000000e+00
      vertex -3.038813e+01 1.031687e+01 0.000000e+00
    endloop
  endfacet
  facet normal -1.112395e-16 2.405968e-16 -1.000000e+00
    outer loop
      vertex -3.038813e+01 -1.031687e+01 0.000000e+00
      vertex -3.066889e+01 9.456184e+00 0.000000e+00
      vertex -3.038813e+01 1.031687e+01 0.000000e+00
    endloop
  endfacet
  facet normal -1.112395e-16 2.405968e-16 -1.000000e+00
    outer loop
      vertex -3.038813e+01 -1.031687e+01 0.000000e+00
      vertex -3.066889e+01 9.456184e+00 0.000000e+00
      vertex -3.038813e+01 1.031687e+01 0.000000e+00
    endloop
  endfacet
  facet normal -1.112395e-16 2.405968e-16 -1.000000e+00
    outer loop
      vertex -3.038813e+01 -1.031687e+01 0.000000e+00
      vertex -3.038813e+01 1.031687e+01 0.000000e+00
      vertex -2.977586e+01 1.202388e+01 0.000000e+00
    endloop
  endfacet
  facet normal -1.112395e-16 2.405968e-16 -1.000000e+00
    outer loop
      vertex -3.038813e+01 -1.031687e+01 0.000000e+00
      vertex -3.038813e+01 1.031687e+01 0.000000e+00
      vertex -2.977586e+01 1.202388e+01 0.000000e+00
    endloop
  endfacet
  facet normal -1.112395e-16 2.405968e-16 -1.000000e+00
    outer loop
      vertex -3.038813e+01 -1.031687e+01 0.000000e+00
      vertex -3.038813e+01 1.031687e+01 0.000000e+00
      vertex -2.977586e+01 1.202388e+01 0.000000e+00
    endloop
  endfacet
  facet normal -1.112395e-16 2.405968e-16 -1.000000e+00
    outer loop
      vertex -3.038813e+01 -1.031687e+01 0.000000e+00
      vertex -2.977586e+01 1.202388e+01 0.000000e+00
      vertex -2.977586e+01 -1.202388e+01 0.000000e+00
    endloop
  endfacet
  facet normal -1.112395e-16 2.405968e-16 -1.000000e+00
    outer loop
      vertex -3.038813e+01 -1.031687e+01 0.000000e+00
      vertex -2.977586e+01 1.202388e+01 0.000000e+00
      vertex -2.977586e+01 -1.202388e+01 0.000000e+00
    endloop
  endfacet
  facet normal -1.112395e-16 2.405968e-16 -1.000000e+00
    outer loop
      vertex -3.038813e+01 -1.031687e+01 0.000000e+00
      vertex -2.977586e+01 1.202388e+01 0.000000e+00
      vertex -2.977586e+01 -1.202388e+01 0.000000e+00
    endloop
  endfacet
  facet normal -1.112395e-16 2.405968e-16 -1.000000e+00
    outer loop
      vertex -2.977586e+01 -1.202388e+01 0.000000e+00
      vertex -2.977586e+01 1.202388e+01 0.000000e+00
      vertex -2.955598e+01 1.255464e+01 0.000000e+00
    endloop
  endfacet
  facet normal -1.112395e-16 2.405968e-16 -1.000000e+00
    outer loop
      vertex -2.977586e+01 -1.202388e+01 0.000000e+00
      vertex -2.977586e+01 1.202388e+01 0.000000e+00
      vertex -2.955598e+01 1.255464e+01 0.000000e+00
    endloop
  endfacet
  facet normal -1.112395e-16 2.405968e-16 -1.000000e+00
    outer loop
      vertex -2.977586e+01 -1.202388e+01 0.000000e+00
      vertex -2.977586e+01 1.202388e+01 0.000000e+00
      vertex -2.955598e+01 1.255464e+01 0.000000e+00
    endloop
  endfacet
  facet normal -1.112395e-16 2.405968e-16 -1.000000e+00
    outer loop
      vertex -2.977586e+01 -1.202388e+01 0.000000e+00
      vertex -2.955598e+01 1.255464e+01 0.000000e+00
      vertex -2.955598e+01 -1.255464e+01 0.000000e+00
    endloop
  endfacet
  facet normal -1.112395e-16 2.405968e-16 -1.000000e+00
    outer loop
      vertex -2.977586e+01 -1.202388e+01 0.000000e+00
      vertex -2.955598e+01 1.255464e+01 0.000000e+00
      vertex -2.955598e+01 -1.255464e+01 0.000000e+00
    endloop
  endfacet
  facet normal -1.112395e-16 2.405968e-16 -1.000000e+00
    outer loop
      vertex -2.977586e+01 -1.202388e+01 0.000000e+00
      vertex -2.955598e+01 1.255464e+01 0.000000e+00
      vertex -2.955598e+01 -1.255464e+01 0.000000e+00
    endloop
  endfacet
  facet normal -1.112395e-16 2.405968e-16 -1.000000e+00
    outer loop
      vertex -2.955598e+01 -1.255464e+01 0.000000e+00
      vertex -2.955598e+01 1.255464e+01 0.000000e+00
      vertex -2.878195e+01 1.419464e+01 0.000000e+00
    endloop
  endfacet
  facet normal -1.112395e-16 2.405968e-16 -1.000000e+00
    outer loop
      vertex -2.955598e+01 -1.255464e+01 0.000000e+00
      vertex -2.955598e+01 1.255464e+01 0.000000e+00
      vertex -2.878195e+01 1.419464e+01 0.000000e+00
    endloop
  endfacet
  facet normal -1.112395e-16 2.405968e-16 -1.000000e+00
    outer loop
      vertex -2.955598e+01 -1.255464e+01 0.000000e+00
      vertex -2.955598e+01 1.255464e+01 0.000000e+00
      vertex -2.878195e+01 1.419464e+01 0.000000e+00
    endloop
  endfacet
  facet normal -1.112395e-16 2.405968e-16 -1.000000e+00
    outer loop
      vertex -2.955598e+01 -1.255464e+01 0.000000e+00
      vertex -2.878195e+01 1.419464e+01 0.000000e+00
      vertex -2.878195e+01 -1.419458e+01 0.000000e+00
    endloop
  endfacet
  facet normal -1.112395e-16 2.405968e-16 -1.000000e+00
    outer loop
      vertex -2.955598e+01 -1.255464e+01 0.000000e+00
      vertex -2.878195e+01 1.419464e+01 0.000000e+00
      vertex -2.878195e+01 -1.419458e+01 0.000000e+00
    endloop
  endfacet
  facet normal -1.112395e-16 2.405968e-16 -1.000000e+00
    outer loop
      vertex -2.955598e+01 -1.255464e+01 0.000000e+00
      vertex -2.878195e+01 1.419464e+01 0.000000e+00
      vertex -2.878195e+01 -1.419458e+01 0.000000e+00
    endloop
  endfacet
  facet normal -1.112395e-16 2.405968e-16 -1.000000e+00
    outer loop
      vertex -2.878195e+01 -1.419458e+01 0.000000e+00
      vertex -2.878195e+01 1.419464e+01 0.000000e+00
      vertex -2.837182e+01 -1.500171e+01 0.000000e+00
    endloop
  endfacet
  facet normal -1.112395e-16 2.405968e-16 -1.000000e+00
    outer loop
      vertex -2.878195e+01 -1.419458e+01 0.000000e+00
      vertex -2.878195e+01 1.419464e+01 0.000000e+00
      vertex -2.837182e+01 -1.500171e+01 0.000000e+00
    endloop
  endfacet
  facet normal -1.112395e-16 2.405968e-16 -1.000000e+00
    outer loop
      vertex -2.878195e+01 -1.419458e+01 0.000000e+00
      vertex -2.878195e+01 1.419464e+01 0.000000e+00
      vertex -2.837182e+01 -1.500171e+01 0.000000e+00
    endloop
  endfacet
  facet normal -1.112395e-16 2.405968e-16 -1.000000e+00
    outer loop
      vertex -2.837182e+01 -1.500171e+01 0.000000e+00
      vertex -2.878195e+01 1.419464e+01 0.000000e+00
      vertex -2.837182e+01 1.500171e+01 0.000000e+00
    endloop
  endfacet
  facet normal -1.112395e-16 2.405968e-16 -1.000000e+00
    outer loop
      vertex -2.837182e+01 -1.500171e+01 0.000000e+00
      vertex -2.878195e+01 1.419464e+01 0.000000e+00
      vertex -2.837182e+01 1.500171e+01 0.000000e+00
    endloop
  endfacet
  facet normal -1.112395e-16 2.405968e-16 -1.000000e+00
    outer loop
      vertex -2.837182e+01 -1.500171e+01 0.000000e+00
      vertex -2.878195e+01 1.419464e+01 0.000000e+00
      vertex -2.837182e+01 1.500171e+01 0.000000e+00
    endloop
  endfacet
  facet normal -1.112395e-16 2.405968e-16 -1.000000e+00
    outer loop
      vertex -2.837182e+01 -1.500171e+01 0.000000e+00
      vertex -2.837182e+01 1.500171e+01 0.000000e+00
      vertex -2.777915e+01 -1.603997e+01 0.000000e+00
    endloop
  endfacet
  facet normal -1.112395e-16 2.405968e-16 -1.000000e+00
    outer loop
      vertex -2.837182e+01 -1.500171e+01 0.000000e+00
      vertex -2.837182e+01 1.500171e+01 0.000000e+00
      vertex -2.777915e+01 -1.603997e+01 0.000000e+00
    endloop
  endfacet
  facet normal -1.112395e-16 2.405968e-16 -1.000000e+00
    outer loop
      vertex -2.837182e+01 -1.500171e+01 0.000000e+00
      vertex -2.837182e+01 1.500171e+01 0.000000e+00
      vertex -2.777915e+01 -1.603997e+01 0.000000e+00
    endloop
  endfacet
  facet normal -1.112395e-16 2.405968e-16 -1.000000e+00
    outer loop
      vertex -2.777915e+01 -1.603997e+01 0.000000e+00
      vertex -2.837182e+01 1.500171e+01 0.000000e+00
      vertex -2.777915e+01 1.604004e+01 0.000000e+00
    endloop
  endfacet
  facet normal -1.112395e-16 2.405968e-16 -1.000000e+00
    outer loop
      vertex -2.777915e+01 -1.603997e+01 0.000000e+00
      vertex -2.837182e+01 1.500171e+01 0.000000e+00
      vertex -2.777915e+01 1.604004e+01 0.000000e+00
    endloop
  endfacet
  facet normal -1.112395e-16 2.405968e-16 -1.000000e+00
    outer loop
      vertex -2.777915e+01 -1.603997e+01 0.000000e+00
      vertex -2.837182e+01 1.500171e+01 0.000000e+00
      vertex -2.777915e+01 1.604004e+01 0.000000e+00
    endloop
  endfacet
  facet normal -1.112395e-16 2.405968e-16 -1.000000e+00
    outer loop
      vertex -2.777915e+01 -1.603997e+01 0.000000e+00
      vertex -2.777915e+01 1.604004e+01 0.000000e+00
      vertex -2.717630e+01 1.707243e+01 0.000000e+00
    endloop
  endfacet
  facet normal -1.112395e-16 2.405968e-16 -1.000000e+00
    outer loop
      vertex -2.777915e+01 -1.603997e+01 0.000000e+00
      vertex -2.777915e+01 1.604004e+01 0.000000e+00
      vertex -2.717630e+01 1.707243e+01 0.000000e+00
    endloop
  endfacet
  facet normal -1.112395e-16 2.405968e-16 -1.000000e+00
    outer loop
      vertex -2.777915e+01 -1.603997e+01 0.000000e+00
      vertex -2.777915e+01 1.604004e+01 0.000000e+00
      vertex -2.717630e+01 1.707243e+01 0.000000e+00
    endloop
  endfacet
  facet normal -1.112395e-16 2.405968e-16 -1.000000e+00
    outer loop
      vertex -2.777915e+01 -1.603997e+01 0.000000e+00
      vertex -2.717630e+01 1.707243e+01 0.000000e+00
      vertex -2.717630e+01 -1.707243e+01 0.000000e+00
    endloop
  endfacet
  facet normal -1.112395e-16 2.405968e-16 -1.000000e+00
    outer loop
      vertex -2.777915e+01 -1.603997e+01 0.000000e+00
      vertex -2.717630e+01 1.707243e+01 0.000000e+00
      vertex -2.717630e+01 -1.707243e+01 0.000000e+00
    endloop
  endfacet
  facet normal -1.112395e-16 2.405968e-16 -1.000000e+00
    outer loop
      vertex -2.777915e+01 -1.603997e+01 0.000000e+00
      vertex -2.717630e+01 1.707243e+01 0.000000e+00
      vertex -2.717630e+01 -1.707243e+01 0.000000e+00
    endloop
  endfacet
  facet normal -1.112395e-16 2.405968e-16 -1.000000e+00
    outer loop
      vertex -2.717630e+01 -1.707243e+01 0.000000e+00
      vertex -2.717630e+01 1.707243e+01 0.000000e+00
      vertex -2.668238e+01 1.783117e+01 0.000000e+00
    endloop
  endfacet
  facet normal -1.112395e-16 2.405968e-16 -1.000000e+00
    outer loop
      vertex -2.717630e+01 -1.707243e+01 0.000000e+00
      vertex -2.717630e+01 1.707243e+01 0.000000e+00
      vertex -2.668238e+01 1.783117e+01 0.000000e+00
    endloop
  endfacet
  facet normal -1.112395e-16 2.405968e-16 -1.000000e+00
    outer loop
      vertex -2.717630e+01 -1.707243e+01 0.000000e+00
      vertex -2.717630e+01 1.707243e+01 0.000000e+00
      vertex -2.668238e+01 1.783117e+01 0.000000e+00
    endloop
  endfacet
  facet normal -1.112395e-16 2.405968e-16 -1.000000e+00
    outer loop
      vertex -2.717630e+01 -1.707243e+01 0.000000e+00
      vertex -2.668238e+01 1.783117e+01 0.000000e+00
      vertex -2.668238e+01 -1.783117e+01 0.000000e+00
    endloop
  endfacet
  facet normal -1.112395e-16 2.405968e-16 -1.000000e+00
    outer loop
      vertex -2.717630e+01 -1.707243e+01 0.000000e+00
      vertex -2.668238e+01 1.783117e+01 0.000000e+00
      vertex -2.668238e+01 -1.783117e+01 0.000000e+00
    endloop
  endfacet
  facet normal -1.112395e-16 2.405968e-16 -1.000000e+00
    outer loop
      vertex -2.717630e+01 -1.707243e+01 0.000000e+00
      vertex -2.668238e+01 1.783117e+01 0.000000e+00
      vertex -2.668238e+01 -1.783117e+01 0.000000e+00
    endloop
  endfacet
  facet normal -1.112395e-16 2.405968e-16 -1.000000e+00
    outer loop
      vertex -2.668238e+01 -1.783117e+01 0.000000e+00
      vertex -2.668238e+01 1.783117e+01 0.000000e+00
      vertex -2.564914e+01 -1.932148e+01 0.000000e+00
    endloop
  endfacet
  facet normal -1.112395e-16 2.405968e-16 -1.000000e+00
    outer loop
      vertex -2.668238e+01 -1.783117e+01 0.000000e+00
      vertex -2.668238e+01 1.783117e+01 0.000000e+00
      vertex -2.564914e+01 -1.932148e+01 0.000000e+00
    endloop
  endfacet
  facet normal -1.112395e-16 2.405968e-16 -1.000000e+00
    outer loop
      vertex -2.668238e+01 -1.783117e+01 0.000000e+00
      vertex -2.668238e+01 1.783117e+01 0.000000e+00
      vertex -2.564914e+01 -1.932148e+01 0.000000e+00
    endloop
  endfacet
  facet normal -1.112395e-16 2.405968e-16 -1.000000e+00
    outer loop
      vertex -2.564914e+01 -1.932148e+01 0.000000e+00
      vertex -2.668238e+01 1.783117e+01 0.000000e+00
      vertex -2.564914e+01 1.932148e+01 0.000000e+00
    endloop
  endfacet
  facet normal -1.112395e-16 2.405968e-16 -1.000000e+00
    outer loop
      vertex -2.564914e+01 -1.932148e+01 0.000000e+00
      vertex -2.668238e+01 1.783117e+01 0.000000e+00
      vertex -2.564914e+01 1.932148e+01 0.000000e+00
    endloop
  endfacet
  facet normal -1.112395e-16 2.405968e-16 -1.000000e+00
    outer loop
      vertex -2.564914e+01 -1.932148e+01 0.000000e+00
      vertex -2.668238e+01 1.783117e+01 0.000000e+00
      vertex -2.564914e+01 1.932148e+01 0.000000e+00
    endloop
  endfacet
  facet normal -1.112395e-16 2.405968e-16 -1.000000e+00
    outer loop
      vertex -2.564914e+01 -1.932148e+01 0.000000e+00
      vertex -2.564914e+01 1.932148e+01 0.000000e+00
      vertex -2.529942e+01 1.977727e+01 0.000000e+00
    endloop
  endfacet
  facet normal -1.112395e-16 2.405968e-16 -1.000000e+00
    outer loop
      vertex -2.564914e+01 -1.932148e+01 0.000000e+00
      vertex -2.564914e+01 1.932148e+01 0.000000e+00
      vertex -2.529942e+01 1.977727e+01 0.000000e+00
    endloop
  endfacet
  facet normal -1.112395e-16 2.405968e-16 -1.000000e+00
    outer loop
      vertex -2.564914e+01 -1.932148e+01 0.000000e+00
      vertex -2.564914e+01 1.932148e+01 0.000000e+00
      vertex -2.529942e+01 1.977727e+01 0.000000e+00
    endloop
  endfacet
  facet normal -1.112395e-16 2.405968e-16 -1.000000e+00
    outer loop
      vertex -2.564914e+01 -1.932148e+01 0.000000e+00
      vertex -2.529942e+01 1.977727e+01 0.000000e+00
      vertex -2.529942e+01 -1.977727e+01 0.000000e+00
    endloop
  endfacet
  facet normal -1.112395e-16 2.405968e-16 -1.000000e+00
    outer loop
      vertex -2.564914e+01 -1.932148e+01 0.000000e+00
      vertex -2.529942e+01 1.977727e+01 0.000000e+00
      vertex -2.529942e+01 -1.977727e+01 0.000000e+00
    endloop
  endfacet
  facet normal -1.112395e-16 2.405968e-16 -1.000000e+00
    outer loop
      vertex -2.564914e+01 -1.932148e+01 0.000000e+00
      vertex -2.529942e+01 1.977727e+01 0.000000e+00
      vertex -2.529942e+01 -1.977727e+01 0.000000e+00
    endloop
  endfacet
  facet normal -1.112395e-16 2.405968e-16 -1.000000e+00
    outer loop
      vertex -2.529942e+01 -1.977727e+01 0.000000e+00
      vertex -2.529942e+01 1.977727e+01 0.000000e+00
      vertex -2.412728e+01 2.116100e+01 0.000000e+00
    endloop
  endfacet
  facet normal -1.112395e-16 2.405968e-16 -1.000000e+00
    outer loop
      vertex -2.529942e+01 -1.977727e+01 0.000000e+00
      vertex -2.529942e+01 1.977727e+01 0.000000e+00
      vertex -2.412728e+01 2.116100e+01 0.000000e+00
    endloop
  endfacet
  facet normal -1.112395e-16 2.405968e-16 -1.000000e+00
    outer loop
      vertex -2.529942e+01 -1.977727e+01 0.000000e+00
      vertex -2.529942e+01 1.977727e+01 0.000000e+00
      vertex -2.412728e+01 2.116100e+01 0.000000e+00
    endloop
  endfacet
  facet normal -1.112395e-16 2.405968e-16 -1.000000e+00
    outer loop
      vertex -2.529942e+01 -1.977727e+01 0.000000e+00
      vertex -2.412728e+01 2.116100e+01 0.000000e+00
      vertex -2.412728e+01 -2.116100e+01 0.000000e+00
    endloop
  endfacet
  facet normal -1.112395e-16 2.405968e-16 -1.000000e+00
    outer loop
      vertex -2.529942e+01 -1.977727e+01 0.000000e+00
      vertex -2.412728e+01 2.116100e+01 0.000000e+00
      vertex -2.412728e+01 -2.116100e+01 0.000000e+00
    endloop
  endfacet
  facet normal -1.112395e-16 2.405968e-16 -1.000000e+00
    outer loop
      vertex -2.529942e+01 -1.977727e+01 0.000000e+00
      vertex -2.412728e+01 2.116100e+01 0.000000e+00
      vertex -2.412728e+01 -2.116100e+01 0.000000e+00
    endloop
  endfacet
  facet normal -1.112395e-16 2.405968e-16 -1.000000e+00
    outer loop
      vertex -2.412728e+01 -2.116100e+01 0.000000e+00
      vertex -2.412728e+01 2.116100e+01 0.000000e+00
      vertex -2.352227e+01 -2.183446e+01 0.000000e+00
    endloop
  endfacet
  facet normal -1.112395e-16 2.405968e-16 -1.000000e+00
    outer loop
      vertex -2.412728e+01 -2.116100e+01 0.000000e+00
      vertex -2.412728e+01 2.116100e+01 0.000000e+00
      vertex -2.352227e+01 -2.183446e+01 0.000000e+00
    endloop
  endfacet
  facet normal -1.112395e-16 2.405968e-16 -1.000000e+00
    outer loop
      vertex -2.412728e+01 -2.116100e+01 0.000000e+00
      vertex -2.412728e+01 2.116100e+01 0.000000e+00
      vertex -2.352227e+01 -2.183446e+01 0.000000e+00
    endloop
  endfacet
  facet normal -1.112395e-16 2.405968e-16 -1.000000e+00
    outer loop
      vertex -2.352227e+01 -2.183446e+01 0.000000e+00
      vertex -2.412728e+01 2.116100e+01 0.000000e+00
      vertex -2.352227e+01 2.183446e+01 0.000000e+00
    endloop
  endfacet
  facet normal -1.112395e-16 2.405968e-16 -1.000000e+00
    outer loop
      vertex -2.352227e+01 -2.183446e+01 0.000000e+00
      vertex -2.412728e+01 2.116100e+01 0.000000e+00
      vertex -2.352227e+01 2.183446e+01 0.000000e+00
    endloop
  endfacet
  facet normal -1.112395e-16 2.405968e-16 -1.000000e+00
    outer loop
      vertex -2.352227e+01 -2.183446e+01 0.000000e+00
      vertex -2.412728e+01 2.116100e+01 0.000000e+00
      vertex -2.352227e+01 2.183446e+01 0.000000e+00
    endloop
  endfacet
  facet normal -1.112395e-16 2.405968e-16 -1.000000e+00
    outer loop
      vertex -2.352227e+01 -2.183446e+01 0.000000e+00
      vertex -2.352227e+01 2.183446e+01 0.000000e+00
      vertex -2.268105e+01 2.268398e+01 0.000000e+00
    endloop
  endfacet
  facet normal -1.112395e-16 2.405968e-16 -1.000000e+00
    outer loop
      vertex -2.352227e+01 -2.183446e+01 0.000000e+00
      vertex -2.352227e+01 2.183446e+01 0.000000e+00
      vertex -2.268105e+01 2.268398e+01 0.000000e+00
    endloop
  endfacet
  facet normal -1.112395e-16 2.405968e-16 -1.000000e+00
    outer loop
      vertex -2.352227e+01 -2.183446e+01 0.000000e+00
      vertex -2.352227e+01 2.183446e+01 0.000000e+00
      vertex -2.268105e+01 2.268398e+01 0.000000e+00
    endloop
  endfacet
  facet normal -1.112395e-16 2.405968e-16 -1.000000e+00
    outer loop
      vertex -2.352227e+01 -2.183446e+01 0.000000e+00
      vertex -2.268105e+01 2.268398e+01 0.000000e+00
      vertex -2.268105e+01 -2.268398e+01 0.000000e+00
    endloop
  endfacet
  facet normal -1.112395e-16 2.405968e-16 -1.000000e+00
    outer loop
      vertex -2.352227e+01 -2.183446e+01 0.000000e+00
      vertex -2.268105e+01 2.268398e+01 0.000000e+00
      vertex -2.268105e+01 -2.268398e+01 0.000000e+00
    endloop
  endfacet
  facet normal -1.112395e-16 2.405968e-16 -1.000000e+00
    outer loop
      vertex -2.352227e+01 -2.183446e+01 0.000000e+00
      vertex -2.268105e+01 2.268398e+01 0.000000e+00
      vertex -2.268105e+01 -2.268398e+01 0.000000e+00
    endloop
  endfacet
  facet normal -1.112395e-16 2.405968e-16 -1.000000e+00
    outer loop
      vertex -2.268105e+01 -2.268398e+01 0.000000e+00
      vertex -2.268105e+01 2.268398e+01 0.000000e+00
      vertex -2.183152e+01 -2.352521e+01 0.000000e+00
    endloop
  endfacet
  facet normal -1.112395e-16 2.405968e-16 -1.000000e+00
    outer loop
      vertex -2.268105e+01 -2.268398e+01 0.000000e+00
      vertex -2.268105e+01 2.268398e+01 0.000000e+00
      vertex -2.183152e+01 -2.352521e+01 0.000000e+00
    endloop
  endfacet
  facet normal -1.112395e-16 2.405968e-16 -1.000000e+00
    outer loop
      vertex -2.268105e+01 -2.268398e+01 0.000000e+00
      vertex -2.268105e+01 2.268398e+01 0.000000e+00
      vertex -2.183152e+01 -2.352521e+01 0.000000e+00
    endloop
  endfacet
  facet normal -1.112395e-16 2.405968e-16 -1.000000e+00
    outer loop
      vertex -2.183152e+01 -2.352521e+01 0.000000e+00
      vertex -2.268105e+01 2.268398e+01 0.000000e+00
      vertex -2.183152e+01 2.352521e+01 0.000000e+00
    endloop
  endfacet
  facet normal -1.112395e-16 2.405968e-16 -1.000000e+00
    outer loop
      vertex -2.183152e+01 -2.352521e+01 0.000000e+00
      vertex -2.268105e+01 2.268398e+01 0.000000e+00
      vertex -2.183152e+01 2.352521e+01 0.000000e+00
    endloop
  endfacet
  facet normal -1.112395e-16 2.405968e-16 -1.000000e+00
    outer loop
      vertex -2.183152e+01 -2.352521e+01 0.000000e+00
      vertex -2.268105e+01 2.268398e+01 0.000000e+00
      vertex -2.183152e+01 2.352521e+01 0.000000e+00
    endloop
  endfacet
  facet normal -1.112395e-16 2.405968e-16 -1.000000e+00
    outer loop
      vertex -2.183152e+01 -2.352521e+01 0.000000e+00
      vertex -2.183152e+01 2.352521e+01 0.000000e+00
      vertex -2.115807e+01 2.413022e+01 0.000000e+00
    endloop
  endfacet
  facet normal -1.112395e-16 2.405968e-16 -1.000000e+00
    outer loop
      vertex -2.183152e+01 -2.352521e+01 0.000000e+00
      vertex -2.183152e+01 2.352521e+01 0.000000e+00
      vertex -2.115807e+01 2.413022e+01 0.000000e+00
    endloop
  endfacet
  facet normal -1.112395e-16 2.405968e-16 -1.000000e+00
    outer loop
      vertex -2.183152e+01 -2.352521e+01 0.000000e+00
      vertex -2.183152e+01 2.352521e+01 0.000000e+00
      vertex -2.115807e+01 2.413022e+01 0.000000e+00
    endloop
  endfacet
  facet normal -1.112395e-16 2.405968e-16 -1.000000e+00
    outer loop
      vertex -2.183152e+01 -2.352521e+01 0.000000e+00
      vertex -2.115807e+01 2.413022e+01 0.000000e+00
      vertex -2.115807e+01 -2.413022e+01 0.000000e+00
    endloop
  endfacet
  facet normal -1.112395e-16 2.405968e-16 -1.000000e+00
    outer loop
      vertex -2.183152e+01 -2.352521e+01 0.000000e+00
      vertex -2.115807e+01 2.413022e+01 0.000000e+00
      vertex -2.115807e+01 -2.413022e+01 0.000000e+00
    endloop
  endfacet
  facet normal -1.112395e-16 2.405968e-16 -1.000000e+00
    outer loop
      vertex -2.183152e+01 -2.352521e+01 0.000000e+00
      vertex -2.115807e+01 2.413022e+01 0.000000e+00
      vertex -2.115807e+01 -2.413022e+01 0.000000e+00
    endloop
  endfacet
  facet normal -1.112395e-16 2.405968e-16 -1.000000e+00
    outer loop
      vertex -2.115807e+01 -2.413022e+01 0.000000e+00
      vertex -2.115807e+01 2.413022e+01 0.000000e+00
      vertex -1.977433e+01 2.530235e+01 0.000000e+00
    endloop
  endfacet
  facet normal -1.112395e-16 2.405968e-16 -1.000000e+00
    outer loop
      vertex -2.115807e+01 -2.413022e+01 0.000000e+00
      vertex -2.115807e+01 2.413022e+01 0.000000e+00
      vertex -1.977433e+01 2.530235e+01 0.000000e+00
    endloop
  endfacet
  facet normal -1.112395e-16 2.405968e-16 -1.000000e+00
    outer loop
      vertex -2.115807e+01 -2.413022e+01 0.000000e+00
      vertex -2.115807e+01 2.413022e+01 0.000000e+00
      vertex -1.977433e+01 2.530235e+01 0.000000e+00
    endloop
  endfacet
  facet normal -1.112395e-16 2.405968e-16 -1.000000e+00
    outer loop
      vertex -2.115807e+01 -2.413022e+01 0.000000e+00
      vertex -1.977433e+01 2.530235e+01 0.000000e+00
      vertex -1.977433e+01 -2.530235e+01 0.000000e+00
    endloop
  endfacet
  facet normal -1.112395e-16 2.405968e-16 -1.000000e+00
    outer loop
      vertex -2.115807e+01 -2.413022e+01 0.000000e+00
      vertex -1.977433e+01 2.530235e+01 0.000000e+00
      vertex -1.977433e+01 -2.530235e+01 0.000000e+00
    endloop
  endfacet
  facet normal -1.112395e-16 2.405968e-16 -1.000000e+00
    outer loop
      vertex -2.115807e+01 -2.413022e+01 0.000000e+00
      vertex -1.977433e+01 2.530235e+01 0.000000e+00
      vertex -1.977433e+01 -2.530235e+01 0.000000e+00
    endloop
  endfacet
  facet normal -1.112395e-16 2.405968e-16 -1.000000e+00
    outer loop
      vertex -1.977433e+01 -2.530235e+01 0.000000e+00
      vertex -1.977433e+01 2.530235e+01 0.000000e+00
      vertex -1.931855e+01 -2.565208e+01 0.000000e+00
    endloop
  endfacet
  facet normal -1.112395e-16 2.405968e-16 -1.000000e+00
    outer loop
      vertex -1.977433e+01 -2.530235e+01 0.000000e+00
      vertex -1.977433e+01 2.530235e+01 0.000000e+00
      vertex -1.931855e+01 -2.565208e+01 0.000000e+00
    endloop
  endfacet
  facet normal -1.112395e-16 2.405968e-16 -1.000000e+00
    outer loop
      vertex -1.977433e+01 -2.530235e+01 0.000000e+00
      vertex -1.977433e+01 2.530235e+01 0.000000e+00
      vertex -1.931855e+01 -2.565208e+01 0.000000e+00
    endloop
  endfacet
  facet normal -1.112395e-16 2.405968e-16 -1.000000e+00
    outer loop
      vertex -1.931855e+01 -2.565208e+01 0.000000e+00
      vertex -1.977433e+01 2.530235e+01 0.000000e+00
      vertex -1.931855e+01 2.565208e+01 0.000000e+00
    endloop
  endfacet
  facet normal -1.112395e-16 2.405968e-16 -1.000000e+00
    outer loop
      vertex -1.931855e+01 -2.565208e+01 0.000000e+00
      vertex -1.977433e+01 2.530235e+01 0.000000e+00
      vertex -1.931855e+01 2.565208e+01 0.000000e+00
    endloop
  endfacet
  facet normal -1.112395e-16 2.405968e-16 -1.000000e+00
    outer loop
      vertex -1.931855e+01 -2.565208e+01 0.000000e+00
      vertex -1.977433e+01 2.530235e+01 0.000000e+00
      vertex -1.931855e+01 2.565208e+01 0.000000e+00
    endloop
  endfacet
  facet normal -1.112395e-16 2.405968e-16 -1.000000e+00
    outer loop
      vertex -1.931855e+01 -2.565208e+01 0.000000e+00
      vertex -1.931855e+01 2.565208e+01 0.000000e+00
      vertex -1.782823e+01 -2.668531e+01 0.000000e+00
    endloop
  endfacet
  facet normal -1.112395e-16 2.405968e-16 -1.000000e+00
    outer loop
      vertex -1.931855e+01 -2.565208e+01 0.000000e+00
      vertex -1.931855e+01 2.565208e+01 0.000000e+00
      vertex -1.782823e+01 -2.668531e+01 0.000000e+00
    endloop
  endfacet
  facet normal -1.112395e-16 2.405968e-16 -1.000000e+00
    outer loop
      vertex -1.931855e+01 -2.565208e+01 0.000000e+00
      vertex -1.931855e+01 2.565208e+01 0.000000e+00
      vertex -1.782823e+01 -2.668531e+01 0.000000e+00
    endloop
  endfacet
  facet normal -1.112395e-16 2.405968e-16 -1.000000e+00
    outer loop
      vertex -1.782823e+01 -2.668531e+01 0.000000e+00
      vertex -1.931855e+01 2.565208e+01 0.000000e+00
      vertex -1.782823e+01 2.668538e+01 0.000000e+00
    endloop
  endfacet
  facet normal -1.112395e-16 2.405968e-16 -1.000000e+00
    outer loop
      vertex -1.782823e+01 -2.668531e+01 0.000000e+00
      vertex -1.931855e+01 2.565208e+01 0.000000e+00
      vertex -1.782823e+01 2.668538e+01 0.000000e+00
    endloop
  endfacet
  facet normal -1.112395e-16 2.405968e-16 -1.000000e+00
    outer loop
      vertex -1.782823e+01 -2.668531e+01 0.000000e+00
      vertex -1.931855e+01 2.565208e+01 0.000000e+00
      vertex -1.782823e+01 2.668538e+01 0.000000e+00
    endloop
  endfacet
  facet normal -1.112395e-16 2.405968e-16 -1.000000e+00
    outer loop
      vertex -1.782823e+01 -2.668531e+01 0.000000e+00
      vertex -1.782823e+01 2.668538e+01 0.000000e+00
      vertex -1.706949e+01 2.717923e+01 0.000000e+00
    endloop
  endfacet
  facet normal -1.112395e-16 2.405968e-16 -1.000000e+00
    outer loop
      vertex -1.782823e+01 -2.668531e+01 0.000000e+00
      vertex -1.782823e+01 2.668538e+01 0.000000e+00
      vertex -1.706949e+01 2.717923e+01 0.000000e+00
    endloop
  endfacet
  facet normal -1.112395e-16 2.405968e-16 -1.000000e+00
    outer loop
      vertex -1.782823e+01 -2.668531e+01 0.000000e+00
      vertex -1.782823e+01 2.668538e+01 0.000000e+00
      vertex -1.706949e+01 2.717923e+01 0.000000e+00
    endloop
  endfacet
  facet normal -1.112395e-16 2.405968e-16 -1.000000e+00
    outer loop
      vertex -1.782823e+01 -2.668531e+01 0.000000e+00
      vertex -1.706949e+01 2.717923e+01 0.000000e+00
      vertex -1.706949e+01 -2.717923e+01 0.000000e+00
    endloop
  endfacet
  facet normal -1.112395e-16 2.405968e-16 -1.000000e+00
    outer loop
      vertex -1.782823e+01 -2.668531e+01 0.000000e+00
      vertex -1.706949e+01 2.717923e+01 0.000000e+00
      vertex -1.706949e+01 -2.717923e+01 0.000000e+00
    endloop
  endfacet
  facet normal -1.112395e-16 2.405968e-16 -1.000000e+00
    outer loop
      vertex -1.782823e+01 -2.668531e+01 0.000000e+00
      vertex -1.706949e+01 2.717923e+01 0.000000e+00
      vertex -1.706949e+01 -2.717923e+01 0.000000e+00
    endloop
  endfacet
  facet normal -1.112395e-16 2.405968e-16 -1.000000e+00
    outer loop
      vertex -1.706949e+01 -2.717923e+01 0.000000e+00
      vertex -1.706949e+01 2.717923e+01 0.000000e+00
      vertex -1.603703e+01 -2.778209e+01 0.000000e+00
    endloop
  endfacet
  facet normal -1.112395e-16 2.405968e-16 -1.000000e+00
    outer loop
      vertex -1.706949e+01 -2.717923e+01 0.000000e+00
      vertex -1.706949e+01 2.717923e+01 0.000000e+00
      vertex -1.603703e+01 -2.778209e+01 0.000000e+00
    endloop
  endfacet
  facet normal -1.112395e-16 2.405968e-16 -1.000000e+00
    outer loop
      vertex -1.706949e+01 -2.717923e+01 0.000000e+00
      vertex -1.706949e+01 2.717923e+01 0.000000e+00
      vertex -1.603703e+01 -2.778209e+01 0.000000e+00
    endloop
  endfacet
  facet normal -1.112395e-16 2.405968e-16 -1.000000e+00
    outer loop
      vertex -1.603703e+01 -2.778209e+01 0.000000e+00
      vertex -1.706949e+01 2.717923e+01 0.000000e+00
      vertex -1.603703e+01 2.778215e+01 0.000000e+00
    endloop
  endfacet
  facet normal -1.112395e-16 2.405968e-16 -1.000000e+00
    outer loop
      vertex -1.603703e+01 -2.778209e+01 0.000000e+00
      vertex -1.706949e+01 2.717923e+01 0.000000e+00
      vertex -1.603703e+01 2.778215e+01 0.000000e+00
    endloop
  endfacet
  facet normal -1.112395e-16 2.405968e-16 -1.000000e+00
    outer loop
      vertex -1.603703e+01 -2.778209e+01 0.000000e+00
      vertex -1.706949e+01 2.717923e+01 0.000000e+00
      vertex -1.603703e+01 2.778215e+01 0.000000e+00
    endloop
  endfacet
  facet normal -1.112395e-16 2.405968e-16 -1.000000e+00
    outer loop
      vertex -1.603703e+01 -2.778209e+01 0.000000e+00
      vertex -1.603703e+01 2.778215e+01 0.000000e+00
      vertex -1.499878e+01 2.837475e+01 0.000000e+00
    endloop
  endfacet
  facet normal -1.112395e-16 2.405968e-16 -1.000000e+00
    outer loop
      vertex -1.603703e+01 -2.778209e+01 0.000000e+00
      vertex -1.603703e+01 2.778215e+01 0.000000e+00
      vertex -1.499878e+01 2.837475e+01 0.000000e+00
    endloop
  endfacet
  facet normal -1.112395e-16 2.405968e-16 -1.000000e+00
    outer loop
      vertex -1.603703e+01 -2.778209e+01 0.000000e+00
      vertex -1.603703e+01 2.778215e+01 0.000000e+00
      vertex -1.499878e+01 2.837475e+01 0.000000e+00
    endloop
  endfacet
  facet normal -1.112395e-16 2.405968e-16 -1.000000e+00
    outer loop
      vertex -1.603703e+01 -2.778209e+01 0.000000e+00
      vertex -1.499878e+01 2.837475e+01 0.000000e+00
      vertex -1.499878e+01 -2.837475e+01 0.000000e+00
    endloop
  endfacet
  facet normal -1.112395e-16 2.405968e-16 -1.000000e+00
    outer loop
      vertex -1.603703e+01 -2.778209e+01 0.000000e+00
      vertex -1.499878e+01 2.837475e+01 0.000000e+00
      vertex -1.499878e+01 -2.837475e+01 0.000000e+00
    endloop
  endfacet
  facet normal -1.112395e-16 2.405968e-16 -1.000000e+00
    outer loop
      vertex -1.603703e+01 -2.778209e+01 0.000000e+00
      vertex -1.499878e+01 2.837475e+01 0.000000e+00
      vertex -1.499878e+01 -2.837475e+01 0.000000e+00
    endloop
  endfacet
  facet normal -1.112395e-16 2.405968e-16 -1.000000e+00
    outer loop
      vertex -1.499878e+01 -2.837475e+01 0.000000e+00
      vertex -1.499878e+01 2.837475e+01 0.000000e+00
      vertex -1.419164e+01 2.878488e+01 0.000000e+00
    endloop
  endfacet
  facet normal -1.112395e-16 2.405968e-16 -1.000000e+00
    outer loop
      vertex -1.499878e+01 -2.837475e+01 0.000000e+00
      vertex -1.499878e+01 2.837475e+01 0.000000e+00
      vertex -1.419164e+01 2.878488e+01 0.000000e+00
    endloop
  endfacet
  facet normal -1.112395e-16 2.405968e-16 -1.000000e+00
    outer loop
      vertex -1.499878e+01 -2.837475e+01 0.000000e+00
      vertex -1.499878e+01 2.837475e+01 0.000000e+00
      vertex -1.419164e+01 2.878488e+01 0.000000e+00
    endloop
  endfacet
  facet normal -1.112395e-16 2.405968e-16 -1.000000e+00
    outer loop
      vertex -1.499878e+01 -2.837475e+01 0.000000e+00
      vertex -1.419164e+01 2.878488e+01 0.000000e+00
      vertex -1.419164e+01 -2.878488e+01 0.000000e+00
    endloop
  endfacet
  facet normal -1.112395e-16 2.405968e-16 -1.000000e+00
    outer loop
      vertex -1.499878e+01 -2.837475e+01 0.000000e+00
      vertex -1.419164e+01 2.878488e+01 0.000000e+00
      vertex -1.419164e+01 -2.878488e+01 0.000000e+00
    endloop
  endfacet
  facet normal -1.112395e-16 2.405968e-16 -1.000000e+00
    outer loop
      vertex -1.499878e+01 -2.837475e+01 0.000000e+00
      vertex -1.419164e+01 2.878488e+01 0.000000e+00
      vertex -1.419164e+01 -2.878488e+01 0.000000e+00
    endloop
  endfacet
  facet normal -1.112395e-16 2.405968e-16 -1.000000e+00
    outer loop
      vertex -1.419164e+01 -2.878488e+01 0.000000e+00
      vertex -1.419164e+01 2.878488e+01 0.000000e+00
      vertex -1.255170e+01 -2.955891e+01 0.000000e+00
    endloop
  endfacet
  facet normal -1.112395e-16 2.405968e-16 -1.000000e+00
    outer loop
      vertex -1.419164e+01 -2.878488e+01 0.000000e+00
      vertex -1.419164e+01 2.878488e+01 0.000000e+00
      vertex -1.255170e+01 -2.955891e+01 0.000000e+00
    endloop
  endfacet
  facet normal -1.112395e-16 2.405968e-16 -1.000000e+00
    outer loop
      vertex -1.419164e+01 -2.878488e+01 0.000000e+00
      vertex -1.419164e+01 2.878488e+01 0.000000e+00
      vertex -1.255170e+01 -2.955891e+01 0.000000e+00
    endloop
  endfacet
  facet normal -1.112395e-16 2.405968e-16 -1.000000e+00
    outer loop
      vertex -1.255170e+01 -2.955891e+01 0.000000e+00
      vertex -1.419164e+01 2.878488e+01 0.000000e+00
      vertex -1.255170e+01 2.955891e+01 0.000000e+00
    endloop
  endfacet
  facet normal -1.112395e-16 2.405968e-16 -1.000000e+00
    outer loop
      vertex -1.255170e+01 -2.955891e+01 0.000000e+00
      vertex -1.419164e+01 2.878488e+01 0.000000e+00
      vertex -1.255170e+01 2.955891e+01 0.000000e+00
    endloop
  endfacet
  facet normal -1.112395e-16 2.405968e-16 -1.000000e+00
    outer loop
      vertex -1.255170e+01 -2.955891e+01 0.000000e+00
      vertex -1.419164e+01 2.878488e+01 0.000000e+00
      vertex -1.255170e+01 2.955891e+01 0.000000e+00
    endloop
  endfacet
  facet normal -1.112395e-16 2.405968e-16 -1.000000e+00
    outer loop
      vertex -1.255170e+01 -2.955891e+01 0.000000e+00
      vertex -1.255170e+01 2.955891e+01 0.000000e+00
      vertex -1.202095e+01 2.977881e+01 0.000000e+00
    endloop
  endfacet
  facet normal -1.112395e-16 2.405968e-16 -1.000000e+00
    outer loop
      vertex -1.255170e+01 -2.955891e+01 0.000000e+00
      vertex -1.255170e+01 2.955891e+01 0.000000e+00
      vertex -1.202095e+01 2.977881e+01 0.000000e+00
    endloop
  endfacet
  facet normal -1.112395e-16 2.405968e-16 -1.000000e+00
    outer loop
      vertex -1.255170e+01 -2.955891e+01 0.000000e+00
      vertex -1.255170e+01 2.955891e+01 0.000000e+00
      vertex -1.202095e+01 2.977881e+01 0.000000e+00
    endloop
  endfacet
  facet normal -1.112395e-16 2.405968e-16 -1.000000e+00
    outer loop
      vertex -1.255170e+01 -2.955891e+01 0.000000e+00
      vertex -1.202095e+01 2.977881e+01 0.000000e+00
      vertex -1.202095e+01 -2.977881e+01 0.000000e+00
    endloop
  endfacet
  facet normal -1.112395e-16 2.405968e-16 -1.000000e+00
    outer loop
      vertex -1.255170e+01 -2.955891e+01 0.000000e+00
      vertex -1.202095e+01 2.977881e+01 0.000000e+00
      vertex -1.202095e+01 -2.977881e+01 0.000000e+00
    endloop
  endfacet
  facet normal -1.112395e-16 2.405968e-16 -1.000000e+00
    outer loop
      vertex -1.255170e+01 -2.955891e+01 0.000000e+00
      vertex -1.202095e+01 2.977881e+01 0.000000e+00
      vertex -1.202095e+01 -2.977881e+01 0.000000e+00
    endloop
  endfacet
  facet normal -1.112395e-16 2.405968e-16 -1.000000e+00
    outer loop
      vertex -1.202095e+01 -2.977881e+01 0.000000e+00
      vertex -1.202095e+01 2.977881e+01 0.000000e+00
      vertex -1.031393e+01 -3.039106e+01 0.000000e+00
    endloop
  endfacet
  facet normal -1.112395e-16 2.405968e-16 -1.000000e+00
    outer loop
      vertex -1.202095e+01 -2.977881e+01 0.000000e+00
      vertex -1.202095e+01 2.977881e+01 0.000000e+00
      vertex -1.031393e+01 -3.039106e+01 0.000000e+00
    endloop
  endfacet
  facet normal -1.112395e-16 2.405968e-16 -1.000000e+00
    outer loop
      vertex -1.202095e+01 -2.977881e+01 0.000000e+00
      vertex -1.202095e+01 2.977881e+01 0.000000e+00
      vertex -1.031393e+01 -3.039106e+01 0.000000e+00
    endloop
  endfacet
  facet normal -1.112395e-16 2.405968e-16 -1.000000e+00
    outer loop
      vertex -1.031393e+01 -3.039106e+01 0.000000e+00
      vertex -1.202095e+01 2.977881e+01 0.000000e+00
      vertex -1.031393e+01 3.039112e+01 0.000000e+00
    endloop
  endfacet
  facet normal -1.112395e-16 2.405968e-16 -1.000000e+00
    outer loop
      vertex -1.031393e+01 -3.039106e+01 0.000000e+00
      vertex -1.202095e+01 2.977881e+01 0.000000e+00
      vertex -1.031393e+01 3.039112e+01 0.000000e+00
    endloop
  endfacet
  facet normal -1.112395e-16 2.405968e-16 -1.000000e+00
    outer loop
      vertex -1.031393e+01 -3.039106e+01 0.000000e+00
      vertex -1.202095e+01 2.977881e+01 0.000000e+00
      vertex -1.031393e+01 3.039112e+01 0.000000e+00
    endloop
  endfacet
  facet normal -1.112395e-16 2.405968e-16 -1.000000e+00
    outer loop
      vertex -1.031393e+01 -3.039106e+01 0.000000e+00
      vertex -1.031393e+01 3.039112e+01 0.000000e+00
      vertex -9.453245e+00 3.067182e+01 0.000000e+00
    endloop
  endfacet
  facet normal -1.112395e-16 2.405968e-16 -1.000000e+00
    outer loop
      vertex -1.031393e+01 -3.039106e+01 0.000000e+00
      vertex -1.031393e+01 3.039112e+01 0.000000e+00
      vertex -9.453245e+00 3.067182e+01 0.000000e+00
    endloop
  endfacet
  facet normal -1.112395e-16 2.405968e-16 -1.000000e+00
    outer loop
      vertex -1.031393e+01 -3.039106e+01 0.000000e+00
      vertex -1.031393e+01 3.039112e+01 0.000000e+00
      vertex -9.453245e+00 3.067182e+01 0.000000e+00
    endloop
  endfacet
  facet normal -1.112395e-16 2.405968e-16 -1.000000e+00
    outer loop
      vertex -1.031393e+01 -3.039106e+01 0.000000e+00
      vertex -9.453245e+00 3.067182e+01 0.000000e+00
      vertex -9.453245e+00 -3.067182e+01 0.000000e+00
    endloop
  endfacet
  facet normal -1.112395e-16 2.405968e-16 -1.000000e+00
    outer loop
      vertex -1.031393e+01 -3.039106e+01 0.000000e+00
      vertex -9.453245e+00 3.067182e+01 0.000000e+00
      vertex -9.453245e+00 -3.067182e+01 0.000000e+00
    endloop
  endfacet
  facet normal -1.112395e-16 2.405968e-16 -1.000000e+00
    outer loop
      vertex -1.031393e+01 -3.039106e+01 0.000000e+00
      vertex -9.453245e+00 3.067182e+01 0.000000e+00
      vertex -9.453245e+00 -3.067182e+01 0.000000e+00
    endloop
  endfacet
  facet normal -1.112395e-16 2.405968e-16 -1.000000e+00
    outer loop
      vertex -9.453245e+00 -3.067182e+01 0.000000e+00
      vertex -9.453245e+00 3.067182e+01 0.000000e+00
      vertex -8.299978e+00 -3.098693e+01 0.000000e+00
    endloop
  endfacet
  facet normal -1.112395e-16 2.405968e-16 -1.000000e+00
    outer loop
      vertex -9.453245e+00 -3.067182e+01 0.000000e+00
      vertex -9.453245e+00 3.067182e+01 0.000000e+00
      vertex -8.299978e+00 -3.098693e+01 0.000000e+00
    endloop
  endfacet
  facet normal -1.112395e-16 2.405968e-16 -1.000000e+00
    outer loop
      vertex -9.453245e+00 -3.067182e+01 0.000000e+00
      vertex -9.453245e+00 3.067182e+01 0.000000e+00
      vertex -8.299978e+00 -3.098693e+01 0.000000e+00
    endloop
  endfacet
  facet normal -1.112395e-16 2.405968e-16 -1.000000e+00
    outer loop
      vertex -8.299978e+00 -3.098693e+01 0.000000e+00
      vertex -9.453245e+00 3.067182e+01 0.000000e+00
      vertex -8.299978e+00 3.098693e+01 0.000000e+00
    endloop
  endfacet
  facet normal -1.112395e-16 2.405968e-16 -1.000000e+00
    outer loop
      vertex -8.299978e+00 -3.098693e+01 0.000000e+00
      vertex -9.453245e+00 3.067182e+01 0.000000e+00
      vertex -8.299978e+00 3.098693e+01 0.000000e+00
    endloop
  endfacet
  facet normal -1.112395e-16 2.405968e-16 -1.000000e+00
    outer loop
      vertex -8.299978e+00 -3.098693e+01 0.000000e+00
      vertex -9.453245e+00 3.067182e+01 0.000000e+00
      vertex -8.299978e+00 3.098693e+01 0.000000e+00
    endloop
  endfacet
  facet normal -1.112395e-16 2.405968e-16 -1.000000e+00
    outer loop
      vertex -8.299978e+00 -3.098693e+01 0.000000e+00
      vertex -8.299978e+00 3.098693e+01 0.000000e+00
      vertex -7.143641e+00 3.129067e+01 0.000000e+00
    endloop
  endfacet
  facet normal -1.112395e-16 2.405968e-16 -1.000000e+00
    outer loop
      vertex -8.299978e+00 -3.098693e+01 0.000000e+00
      vertex -8.299978e+00 3.098693e+01 0.000000e+00
      vertex -7.143641e+00 3.129067e+01 0.000000e+00
    endloop
  endfacet
  facet normal -1.112395e-16 2.405968e-16 -1.000000e+00
    outer loop
      vertex -8.299978e+00 -3.098693e+01 0.000000e+00
      vertex -8.299978e+00 3.098693e+01 0.000000e+00
      vertex -7.143641e+00 3.129067e+01 0.000000e+00
    endloop
  endfacet
  facet normal -1.112395e-16 2.405968e-16 -1.000000e+00
    outer loop
      vertex -8.299978e+00 -3.098693e+01 0.000000e+00
      vertex -7.143641e+00 3.129067e+01 0.000000e+00
      vertex -7.143641e+00 -3.129067e+01 0.000000e+00
    endloop
  endfacet
  facet normal -1.112395e-16 2.405968e-16 -1.000000e+00
    outer loop
      vertex -8.299978e+00 -3.098693e+01 0.000000e+00
      vertex -7.143641e+00 3.129067e+01 0.000000e+00
      vertex -7.143641e+00 -3.129067e+01 0.000000e+00
    endloop
  endfacet
  facet normal -1.112395e-16 2.405968e-16 -1.000000e+00
    outer loop
      vertex -8.299978e+00 -3.098693e+01 0.000000e+00
      vertex -7.143641e+00 3.129067e+01 0.000000e+00
      vertex -7.143641e+00 -3.129067e+01 0.000000e+00
    endloop
  endfacet
  facet normal -1.112395e-16 2.405968e-16 -1.000000e+00
    outer loop
      vertex -7.143641e+00 -3.129067e+01 0.000000e+00
      vertex -7.143641e+00 3.129067e+01 0.000000e+00
      vertex -6.257939e+00 3.147791e+01 0.000000e+00
    endloop
  endfacet
  facet normal -1.112395e-16 2.405968e-16 -1.000000e+00
    outer loop
      vertex -7.143641e+00 -3.129067e+01 0.000000e+00
      vertex -7.143641e+00 3.129067e+01 0.000000e+00
      vertex -6.257939e+00 3.147791e+01 0.000000e+00
    endloop
  endfacet
  facet normal -1.112395e-16 2.405968e-16 -1.000000e+00
    outer loop
      vertex -7.143641e+00 -3.129067e+01 0.000000e+00
      vertex -7.143641e+00 3.129067e+01 0.000000e+00
      vertex -6.257939e+00 3.147791e+01 0.000000e+00
    endloop
  endfacet
  facet normal -1.112395e-16 2.405968e-16 -1.000000e+00
    outer loop
      vertex -7.143641e+00 -3.129067e+01 0.000000e+00
      vertex -6.257939e+00 3.147791e+01 0.000000e+00
      vertex -6.257939e+00 -3.147791e+01 0.000000e+00
    endloop
  endfacet
  facet normal -1.112395e-16 2.405968e-16 -1.000000e+00
    outer loop
      vertex -7.143641e+00 -3.129067e+01 0.000000e+00
      vertex -6.257939e+00 3.147791e+01 0.000000e+00
      vertex -6.257939e+00 -3.147791e+01 0.000000e+00
    endloop
  endfacet
  facet normal -1.112395e-16 2.405968e-16 -1.000000e+00
    outer loop
      vertex -7.143641e+00 -3.129067e+01 0.000000e+00
      vertex -6.257939e+00 3.147791e+01 0.000000e+00
      vertex -6.257939e+00 -3.147791e+01 0.000000e+00
    endloop
  endfacet
  facet normal -1.112395e-16 2.405968e-16 -1.000000e+00
    outer loop
      vertex -6.257939e+00 -3.147791e+01 0.000000e+00
      vertex -6.257939e+00 3.147791e+01 0.000000e+00
      vertex -4.473474e+00 -3.180112e+01 0.000000e+00
    endloop
  endfacet
  facet normal -1.112395e-16 2.405968e-16 -1.000000e+00
    outer loop
      vertex -6.257939e+00 -3.147791e+01 0.000000e+00
      vertex -6.257939e+00 3.147791e+01 0.000000e+00
      vertex -4.473474e+00 -3.180112e+01 0.000000e+00
    endloop
  endfacet
  facet normal -1.112395e-16 2.405968e-16 -1.000000e+00
    outer loop
      vertex -6.257939e+00 -3.147791e+01 0.000000e+00
      vertex -6.257939e+00 3.147791e+01 0.000000e+00
      vertex -4.473474e+00 -3.180112e+01 0.000000e+00
    endloop
  endfacet
  facet normal -1.112395e-16 2.405968e-16 -1.000000e+00
    outer loop
      vertex -4.473474e+00 -3.180112e+01 0.000000e+00
      vertex -6.257939e+00 3.147791e+01 0.000000e+00
      vertex -4.473474e+00 3.180112e+01 0.000000e+00
    endloop
  endfacet
  facet normal -1.112395e-16 2.405968e-16 -1.000000e+00
    outer loop
      vertex -4.473474e+00 -3.180112e+01 0.000000e+00
      vertex -6.257939e+00 3.147791e+01 0.000000e+00
      vertex -4.473474e+00 3.180112e+01 0.000000e+00
    endloop
  endfacet
  facet normal -1.112395e-16 2.405968e-16 -1.000000e+00
    outer loop
      vertex -4.473474e+00 -3.180112e+01 0.000000e+00
      vertex -6.257939e+00 3.147791e+01 0.000000e+00
      vertex -4.473474e+00 3.180112e+01 0.000000e+00
    endloop
  endfacet
  facet normal -1.112395e-16 2.405968e-16 -1.000000e+00
    outer loop
      vertex -4.473474e+00 -3.180112e+01 0.000000e+00
      vertex -4.473474e+00 3.180112e+01 0.000000e+00
      vertex -3.903926e+00 3.187609e+01 0.000000e+00
    endloop
  endfacet
  facet normal -1.112395e-16 2.405968e-16 -1.000000e+00
    outer loop
      vertex -4.473474e+00 -3.180112e+01 0.000000e+00
      vertex -4.473474e+00 3.180112e+01 0.000000e+00
      vertex -3.903926e+00 3.187609e+01 0.000000e+00
    endloop
  endfacet
  facet normal -1.112395e-16 2.405968e-16 -1.000000e+00
    outer loop
      vertex -4.473474e+00 -3.180112e+01 0.000000e+00
      vertex -4.473474e+00 3.180112e+01 0.000000e+00
      vertex -3.903926e+00 3.187609e+01 0.000000e+00
    endloop
  endfacet
  facet normal -1.112395e-16 2.405968e-16 -1.000000e+00
    outer loop
      vertex -4.473474e+00 -3.180112e+01 0.000000e+00
      vertex -3.903926e+00 3.187609e+01 0.000000e+00
      vertex -3.903926e+00 -3.187609e+01 0.000000e+00
    endloop
  endfacet
  facet normal -1.112395e-16 2.405968e-16 -1.000000e+00
    outer loop
      vertex -4.473474e+00 -3.180112e+01 0.000000e+00
      vertex -3.903926e+00 3.187609e+01 0.000000e+00
      vertex -3.903926e+00 -3.187609e+01 0.000000e+00
    endloop
  endfacet
  facet normal -1.112395e-16 2.405968e-16 -1.000000e+00
    outer loop
      vertex -4.473474e+00 -3.180112e+01 0.000000e+00
      vertex -3.903926e+00 3.187609e+01 0.000000e+00
      vertex -3.903926e+00 -3.187609e+01 0.000000e+00
    endloop
  endfacet
  facet normal -1.112395e-16 2.405968e-16 -1.000000e+00
    outer loop
      vertex -3.903926e+00 -3.187609e+01 0.000000e+00
      vertex -3.903926e+00 3.187609e+01 0.000000e+00
      vertex -2.096603e+00 3.202577e+01 0.000000e+00
    endloop
  endfacet
  facet normal -1.112395e-16 2.405968e-16 -1.000000e+00
    outer loop
      vertex -3.903926e+00 -3.187609e+01 0.000000e+00
      vertex -3.903926e+00 3.187609e+01 0.000000e+00
      vertex -2.096603e+00 3.202577e+01 0.000000e+00
    endloop
  endfacet
  facet normal -1.112395e-16 2.405968e-16 -1.000000e+00
    outer loop
      vertex -3.903926e+00 -3.187609e+01 0.000000e+00
      vertex -3.903926e+00 3.187609e+01 0.000000e+00
      vertex -2.096603e+00 3.202577e+01 0.000000e+00
    endloop
  endfacet
  facet normal -1.112395e-16 2.405968e-16 -1.000000e+00
    outer loop
      vertex -3.903926e+00 -3.187609e+01 0.000000e+00
      vertex -2.096603e+00 3.202577e+01 0.000000e+00
      vertex -2.096603e+00 -3.202577e+01 0.000000e+00
    endloop
  endfacet
  facet normal -1.112395e-16 2.405968e-16 -1.000000e+00
    outer loop
      vertex -3.903926e+00 -3.187609e+01 0.000000e+00
      vertex -2.096603e+00 3.202577e+01 0.000000e+00
      vertex -2.096603e+00 -3.202577e+01 0.000000e+00
    endloop
  endfacet
  facet normal -1.112395e-16 2.405968e-16 -1.000000e+00
    outer loop
      vertex -3.903926e+00 -3.187609e+01 0.000000e+00
      vertex -2.096603e+00 3.202577e+01 0.000000e+00
      vertex -2.096603e+00 -3.202577e+01 0.000000e+00
    endloop
  endfacet
  facet normal -1.112395e-16 2.405968e-16 -1.000000e+00
    outer loop
      vertex -2.096603e+00 -3.202577e+01 0.000000e+00
      vertex -2.096603e+00 3.202577e+01 0.000000e+00
      vertex -1.192549e+00 3.207417e+01 0.000000e+00
    endloop
  endfacet
  facet normal -1.112395e-16 2.405968e-16 -1.000000e+00
    outer loop
      vertex -2.096603e+00 -3.202577e+01 0.000000e+00
      vertex -2.096603e+00 3.202577e+01 0.000000e+00
      vertex -1.192549e+00 3.207417e+01 0.000000e+00
    endloop
  endfacet
  facet normal -1.112395e-16 2.405968e-16 -1.000000e+00
    outer loop
      vertex -2.096603e+00 -3.202577e+01 0.000000e+00
      vertex -2.096603e+00 3.202577e+01 0.000000e+00
      vertex -1.192549e+00 3.207417e+01 0.000000e+00
    endloop
  endfacet
  facet normal -1.112395e-16 2.405968e-16 -1.000000e+00
    outer loop
      vertex -2.096603e+00 -3.202577e+01 0.000000e+00
      vertex -1.192549e+00 3.207417e+01 0.000000e+00
      vertex -1.192549e+00 -3.207411e+01 0.000000e+00
    endloop
  endfacet
  facet normal -1.112395e-16 2.405968e-16 -1.000000e+00
    outer loop
      vertex -2.096603e+00 -3.202577e+01 0.000000e+00
      vertex -1.192549e+00 3.207417e+01 0.000000e+00
      vertex -1.192549e+00 -3.207411e+01 0.000000e+00
    endloop
  endfacet
  facet normal -1.112395e-16 2.405968e-16 -1.000000e+00
    outer loop
      vertex -2.096603e+00 -3.202577e+01 0.000000e+00
      vertex -1.192549e+00 3.207417e+01 0.000000e+00
      vertex -1.192549e+00 -3.207411e+01 0.000000e+00
    endloop
  endfacet
  facet normal -1.112395e-16 2.405968e-16 -1.000000e+00
    outer loop
      vertex -1.192549e+00 -3.207411e+01 0.000000e+00
      vertex -1.192549e+00 3.207417e+01 0.000000e+00
      vertex 2.971497e-03 -3.208004e+01 0.000000e+00
    endloop
  endfacet
  facet normal -1.112395e-16 2.405968e-16 -1.000000e+00
    outer loop
      vertex -1.192549e+00 -3.207411e+01 0.000000e+00
      vertex -1.192549e+00 3.207417e+01 0.000000e+00
      vertex 2.971497e-03 -3.208004e+01 0.000000e+00
    endloop
  endfacet
  facet normal -1.112395e-16 2.405968e-16 -1.000000e+00
    outer loop
      vertex -1.192549e+00 -3.207411e+01 0.000000e+00
      vertex -1.192549e+00 3.207417e+01 0.000000e+00
      vertex 2.971497e-03 -3.208004e+01 0.000000e+00
    endloop
  endfacet
  facet normal -1.112395e-16 2.405968e-16 -1.000000e+00
    outer loop
      vertex 2.971497e-03 -3.208004e+01 0.000000e+00
      vertex -1.192549e+00 3.207417e+01 0.000000e+00
      vertex 2.971497e-03 3.208004e+01 0.000000e+00
    endloop
  endfacet
  facet normal -1.112395e-16 2.405968e-16 -1.000000e+00
    outer loop
      vertex 2.971497e-03 -3.208004e+01 0.000000e+00
      vertex -1.192549e+00 3.207417e+01 0.000000e+00
      vertex 2.971497e-03 3.208004e+01 0.000000e+00
    endloop
  endfacet
  facet normal -1.112395e-16 2.405968e-16 -1.000000e+00
    outer loop
      vertex 2.971497e-03 -3.208004e+01 0.000000e+00
      vertex -1.192549e+00 3.207417e+01 0.000000e+00
      vertex 2.971497e-03 3.208004e+01 0.000000e+00
    endloop
  endfacet
  facet normal -1.112395e-16 2.405968e-16 -1.000000e+00
    outer loop
      vertex 2.971497e-03 -3.208004e+01 0.000000e+00
      vertex 2.971497e-03 3.208004e+01 0.000000e+00
      vertex 1.198493e+00 3.207417e+01 0.000000e+00
    endloop
  endfacet
  facet normal -1.112395e-16 2.405968e-16 -1.000000e+00
    outer loop
      vertex 2.971497e-03 -3.208004e+01 0.000000e+00
      vertex 2.971497e-03 3.208004e+01 0.000000e+00
      vertex 1.198493e+00 3.207417e+01 0.000000e+00
    endloop
  endfacet
  facet normal -1.112395e-16 2.405968e-16 -1.000000e+00
    outer loop
      vertex 2.971497e-03 -3.208004e+01 0.000000e+00
      vertex 2.971497e-03 3.208004e+01 0.000000e+00
      vertex 1.198493e+00 3.207417e+01 0.000000e+00
    endloop
  endfacet
  facet normal -1.112395e-16 2.405968e-16 -1.000000e+00
    outer loop
      vertex 2.971497e-03 -3.208004e+01 0.000000e+00
      vertex 1.198493e+00 3.207417e+01 0.000000e+00
      vertex 1.198493e+00 -3.207411e+01 0.000000e+00
    endloop
  endfacet
  facet normal -1.112395e-16 2.405968e-16 -1.000000e+00
    outer loop
      vertex 2.971497e-03 -3.208004e+01 0.000000e+00
      vertex 1.198493e+00 3.207417e+01 0.000000e+00
      vertex 1.198493e+00 -3.207411e+01 0.000000e+00
    endloop
  endfacet
  facet normal -1.112395e-16 2.405968e-16 -1.000000e+00
    outer loop
      vertex 2.971497e-03 -3.208004e+01 0.000000e+00
      vertex 1.198493e+00 3.207417e+01 0.000000e+00
      vertex 1.198493e+00 -3.207411e+01 0.000000e+00
    endloop
  endfacet
  facet normal -1.112395e-16 2.405968e-16 -1.000000e+00
    outer loop
      vertex 1.198493e+00 -3.207411e+01 0.000000e+00
      vertex 1.198493e+00 3.207417e+01 0.000000e+00
      vertex 2.102480e+00 -3.202577e+01 0.000000e+00
    endloop
  endfacet
  facet normal -1.112395e-16 2.405968e-16 -1.000000e+00
    outer loop
      vertex 1.198493e+00 -3.207411e+01 0.000000e+00
      vertex 1.198493e+00 3.207417e+01 0.000000e+00
      vertex 2.102480e+00 -3.202577e+01 0.000000e+00
    endloop
  endfacet
  facet normal -1.112395e-16 2.405968e-16 -1.000000e+00
    outer loop
      vertex 1.198493e+00 -3.207411e+01 0.000000e+00
      vertex 1.198493e+00 3.207417e+01 0.000000e+00
      vertex 2.102480e+00 -3.202577e+01 0.000000e+00
    endloop
  endfacet
  facet normal -1.112395e-16 2.405968e-16 -1.000000e+00
    outer loop
      vertex 2.102480e+00 -3.202577e+01 0.000000e+00
      vertex 1.198493e+00 3.207417e+01 0.000000e+00
      vertex 2.102480e+00 3.202577e+01 0.000000e+00
    endloop
  endfacet
  facet normal -1.112395e-16 2.405968e-16 -1.000000e+00
    outer loop
      vertex 2.102480e+00 -3.202577e+01 0.000000e+00
      vertex 1.198493e+00 3.207417e+01 0.000000e+00
      vertex 2.102480e+00 3.202577e+01 0.000000e+00
    endloop
  endfacet
  facet normal -1.112395e-16 2.405968e-16 -1.000000e+00
    outer loop
      vertex 2.102480e+00 -3.202577e+01 0.000000e+00
      vertex 1.198493e+00 3.207417e+01 0.000000e+00
      vertex 2.102480e+00 3.202577e+01 0.000000e+00
    endloop
  endfacet
  facet normal -1.112395e-16 2.405968e-16 -1.000000e+00
    outer loop
      vertex 2.102480e+00 -3.202577e+01 0.000000e+00
      vertex 2.102480e+00 3.202577e+01 0.000000e+00
      vertex 3.909804e+00 3.187609e+01 0.000000e+00
    endloop
  endfacet
  facet normal -1.112395e-16 2.405968e-16 -1.000000e+00
    outer loop
      vertex 2.102480e+00 -3.202577e+01 0.000000e+00
      vertex 2.102480e+00 3.202577e+01 0.000000e+00
      vertex 3.909804e+00 3.187609e+01 0.000000e+00
    endloop
  endfacet
  facet normal -1.112395e-16 2.405968e-16 -1.000000e+00
    outer loop
      vertex 2.102480e+00 -3.202577e+01 0.000000e+00
      vertex 2.102480e+00 3.202577e+01 0.000000e+00
      vertex 3.909804e+00 3.187609e+01 0.000000e+00
    endloop
  endfacet
  facet normal -1.112395e-16 2.405968e-16 -1.000000e+00
    outer loop
      vertex 2.102480e+00 -3.202577e+01 0.000000e+00
      vertex 3.909804e+00 3.187609e+01 0.000000e+00
      vertex 3.909804e+00 -3.187609e+01 0.000000e+00
    endloop
  endfacet
  facet normal -1.112395e-16 2.405968e-16 -1.000000e+00
    outer loop
      vertex 2.102480e+00 -3.202577e+01 0.000000e+00
      vertex 3.909804e+00 3.187609e+01 0.000000e+00
      vertex 3.909804e+00 -3.187609e+01 0.000000e+00
    endloop
  endfacet
  facet normal -1.112395e-16 2.405968e-16 -1.000000e+00
    outer loop
      vertex 2.102480e+00 -3.202577e+01 0.000000e+00
      vertex 3.909804e+00 3.187609e+01 0.000000e+00
      vertex 3.909804e+00 -3.187609e+01 0.000000e+00
    endloop
  endfacet
  facet normal -1.112395e-16 2.405968e-16 -1.000000e+00
    outer loop
      vertex 3.909804e+00 -3.187609e+01 0.000000e+00
      vertex 3.909804e+00 3.187609e+01 0.000000e+00
      vertex 4.479352e+00 -3.180112e+01 0.000000e+00
    endloop
  endfacet
  facet normal -1.112395e-16 2.405968e-16 -1.000000e+00
    outer loop
      vertex 3.909804e+00 -3.187609e+01 0.000000e+00
      vertex 3.909804e+00 3.187609e+01 0.000000e+00
      vertex 4.479352e+00 -3.180112e+01 0.000000e+00
    endloop
  endfacet
  facet normal -1.112395e-16 2.405968e-16 -1.000000e+00
    outer loop
      vertex 3.909804e+00 -3.187609e+01 0.000000e+00
      vertex 3.909804e+00 3.187609e+01 0.000000e+00
      vertex 4.479352e+00 -3.180112e+01 0.000000e+00
    endloop
  endfacet
  facet normal -1.112395e-16 2.405968e-16 -1.000000e+00
    outer loop
      vertex 4.479352e+00 -3.180112e+01 0.000000e+00
      vertex 3.909804e+00 3.187609e+01 0.000000e+00
      vertex 4.479352e+00 3.180112e+01 0.000000e+00
    endloop
  endfacet
  facet normal -1.112395e-16 2.405968e-16 -1.000000e+00
    outer loop
      vertex 4.479352e+00 -3.180112e+01 0.000000e+00
      vertex 3.909804e+00 3.187609e+01 0.000000e+00
      vertex 4.479352e+00 3.180112e+01 0.000000e+00
    endloop
  endfacet
  facet normal -1.112395e-16 2.405968e-16 -1.000000e+00
    outer loop
      vertex 4.479352e+00 -3.180112e+01 0.000000e+00
      vertex 3.909804e+00 3.187609e+01 0.000000e+00
      vertex 4.479352e+00 3.180112e+01 0.000000e+00
    endloop
  endfacet
  facet normal -1.112395e-16 2.405968e-16 -1.000000e+00
    outer loop
      vertex 4.479352e+00 -3.180112e+01 0.000000e+00
      vertex 4.479352e+00 3.180112e+01 0.000000e+00
      vertex 6.263816e+00 3.147791e+01 0.000000e+00
    endloop
  endfacet
  facet normal -1.112395e-16 2.405968e-16 -1.000000e+00
    outer loop
      vertex 4.479352e+00 -3.180112e+01 0.000000e+00
      vertex 4.479352e+00 3.180112e+01 0.000000e+00
      vertex 6.263816e+00 3.147791e+01 0.000000e+00
    endloop
  endfacet
  facet normal -1.112395e-16 2.405968e-16 -1.000000e+00
    outer loop
      vertex 4.479352e+00 -3.180112e+01 0.000000e+00
      vertex 4.479352e+00 3.180112e+01 0.000000e+00
      vertex 6.263816e+00 3.147791e+01 0.000000e+00
    endloop
  endfacet
  facet normal -1.112395e-16 2.405968e-16 -1.000000e+00
    outer loop
      vertex 4.479352e+00 -3.180112e+01 0.000000e+00
      vertex 6.263816e+00 3.147791e+01 0.000000e+00
      vertex 6.263816e+00 -3.147791e+01 0.000000e+00
    endloop
  endfacet
  facet normal -1.112395e-16 2.405968e-16 -1.000000e+00
    outer loop
      vertex 4.479352e+00 -3.180112e+01 0.000000e+00
      vertex 6.263816e+00 3.147791e+01 0.000000e+00
      vertex 6.263816e+00 -3.147791e+01 0.000000e+00
    endloop
  endfacet
  facet normal -1.112395e-16 2.405968e-16 -1.000000e+00
    outer loop
      vertex 4.479352e+00 -3.180112e+01 0.000000e+00
      vertex 6.263816e+00 3.147791e+01 0.000000e+00
      vertex 6.263816e+00 -3.147791e+01 0.000000e+00
    endloop
  endfacet
  facet normal -1.112395e-16 2.405968e-16 -1.000000e+00
    outer loop
      vertex 6.263816e+00 -3.147791e+01 0.000000e+00
      vertex 6.263816e+00 3.147791e+01 0.000000e+00
      vertex 7.149584e+00 3.129067e+01 0.000000e+00
    endloop
  endfacet
  facet normal -1.112395e-16 2.405968e-16 -1.000000e+00
    outer loop
      vertex 6.263816e+00 -3.147791e+01 0.000000e+00
      vertex 6.263816e+00 3.147791e+01 0.000000e+00
      vertex 7.149584e+00 3.129067e+01 0.000000e+00
    endloop
  endfacet
  facet normal -1.112395e-16 2.405968e-16 -1.000000e+00
    outer loop
      vertex 6.263816e+00 -3.147791e+01 0.000000e+00
      vertex 6.263816e+00 3.147791e+01 0.000000e+00
      vertex 7.149584e+00 3.129067e+01 0.000000e+00
    endloop
  endfacet
  facet normal -1.112395e-16 2.405968e-16 -1.000000e+00
    outer loop
      vertex 6.263816e+00 -3.147791e+01 0.000000e+00
      vertex 7.149584e+00 3.129067e+01 0.000000e+00
      vertex 7.149584e+00 -3.129067e+01 0.000000e+00
    endloop
  endfacet
  facet normal -1.112395e-16 2.405968e-16 -1.000000e+00
    outer loop
      vertex 6.263816e+00 -3.147791e+01 0.000000e+00
      vertex 7.149584e+00 3.129067e+01 0.000000e+00
      vertex 7.149584e+00 -3.129067e+01 0.000000e+00
    endloop
  endfacet
  facet normal -1.112395e-16 2.405968e-16 -1.000000e+00
    outer loop
      vertex 6.263816e+00 -3.147791e+01 0.000000e+00
      vertex 7.149584e+00 3.129067e+01 0.000000e+00
      vertex 7.149584e+00 -3.129067e+01 0.000000e+00
    endloop
  endfacet
  facet normal -1.112395e-16 2.405968e-16 -1.000000e+00
    outer loop
      vertex 7.149584e+00 -3.129067e+01 0.000000e+00
      vertex 7.149584e+00 3.129067e+01 0.000000e+00
      vertex 8.305856e+00 3.098693e+01 0.000000e+00
    endloop
  endfacet
  facet normal -1.112395e-16 2.405968e-16 -1.000000e+00
    outer loop
      vertex 7.149584e+00 -3.129067e+01 0.000000e+00
      vertex 7.149584e+00 3.129067e+01 0.000000e+00
      vertex 8.305856e+00 3.098693e+01 0.000000e+00
    endloop
  endfacet
  facet normal -1.112395e-16 2.405968e-16 -1.000000e+00
    outer loop
      vertex 7.149584e+00 -3.129067e+01 0.000000e+00
      vertex 7.149584e+00 3.129067e+01 0.000000e+00
      vertex 8.305856e+00 3.098693e+01 0.000000e+00
    endloop
  endfacet
  facet normal -1.112395e-16 2.405968e-16 -1.000000e+00
    outer loop
      vertex 7.149584e+00 -3.129067e+01 0.000000e+00
      vertex 8.305856e+00 3.098693e+01 0.000000e+00
      vertex 8.305856e+00 -3.098693e+01 0.000000e+00
    endloop
  endfacet
  facet normal -1.112395e-16 2.405968e-16 -1.000000e+00
    outer loop
      vertex 7.149584e+00 -3.129067e+01 0.000000e+00
      vertex 8.305856e+00 3.098693e+01 0.000000e+00
      vertex 8.305856e+00 -3.098693e+01 0.000000e+00
    endloop
  endfacet
  facet normal -1.112395e-16 2.405968e-16 -1.000000e+00
    outer loop
      vertex 7.149584e+00 -3.129067e+01 0.000000e+00
      vertex 8.305856e+00 3.098693e+01 0.000000e+00
      vertex 8.305856e+00 -3.098693e+01 0.000000e+00
    endloop
  endfacet
  facet normal -1.112395e-16 2.405968e-16 -1.000000e+00
    outer loop
      vertex 8.305856e+00 -3.098693e+01 0.000000e+00
      vertex 8.305856e+00 3.098693e+01 0.000000e+00
      vertex 9.459124e+00 3.067182e+01 0.000000e+00
    endloop
  endfacet
  facet normal -1.112395e-16 2.405968e-16 -1.000000e+00
    outer loop
      vertex 8.305856e+00 -3.098693e+01 0.000000e+00
      vertex 8.305856e+00 3.098693e+01 0.000000e+00
      vertex 9.459124e+00 3.067182e+01 0.000000e+00
    endloop
  endfacet
  facet normal -1.112395e-16 2.405968e-16 -1.000000e+00
    outer loop
      vertex 8.305856e+00 -3.098693e+01 0.000000e+00
      vertex 8.305856e+00 3.098693e+01 0.000000e+00
      vertex 9.459124e+00 3.067182e+01 0.000000e+00
    endloop
  endfacet
  facet normal -1.112395e-16 2.405968e-16 -1.000000e+00
    outer loop
      vertex 8.305856e+00 -3.098693e+01 0.000000e+00
      vertex 9.459124e+00 3.067182e+01 0.000000e+00
      vertex 9.459124e+00 -3.067182e+01 0.000000e+00
    endloop
  endfacet
  facet normal -1.112395e-16 2.405968e-16 -1.000000e+00
    outer loop
      vertex 8.305856e+00 -3.098693e+01 0.000000e+00
      vertex 9.459124e+00 3.067182e+01 0.000000e+00
      vertex 9.459124e+00 -3.067182e+01 0.000000e+00
    endloop
  endfacet
  facet normal -1.112395e-16 2.405968e-16 -1.000000e+00
    outer loop
      vertex 8.305856e+00 -3.098693e+01 0.000000e+00
      vertex 9.459124e+00 3.067182e+01 0.000000e+00
      vertex 9.459124e+00 -3.067182e+01 0.000000e+00
    endloop
  endfacet
  facet normal -1.112395e-16 2.405968e-16 -1.000000e+00
    outer loop
      vertex 9.459124e+00 -3.067182e+01 0.000000e+00
      vertex 9.459124e+00 3.067182e+01 0.000000e+00
      vertex 1.031981e+01 3.039112e+01 0.000000e+00
    endloop
  endfacet
  facet normal -1.112395e-16 2.405968e-16 -1.000000e+00
    outer loop
      vertex 9.459124e+00 -3.067182e+01 0.000000e+00
      vertex 9.459124e+00 3.067182e+01 0.000000e+00
      vertex 1.031981e+01 3.039112e+01 0.000000e+00
    endloop
  endfacet
  facet normal -1.112395e-16 2.405968e-16 -1.000000e+00
    outer loop
      vertex 9.459124e+00 -3.067182e+01 0.000000e+00
      vertex 9.459124e+00 3.067182e+01 0.000000e+00
      vertex 1.031981e+01 3.039112e+01 0.000000e+00
    endloop
  endfacet
  facet normal -1.112395e-16 2.405968e-16 -1.000000e+00
    outer loop
      vertex 9.459124e+00 -3.067182e+01 0.000000e+00
      vertex 1.031981e+01 3.039112e+01 0.000000e+00
      vertex 1.031981e+01 -3.039106e+01 0.000000e+00
    endloop
  endfacet
  facet normal -1.112395e-16 2.405968e-16 -1.000000e+00
    outer loop
      vertex 9.459124e+00 -3.067182e+01 0.000000e+00
      vertex 1.031981e+01 3.039112e+01 0.000000e+00
      vertex 1.031981e+01 -3.039106e+01 0.000000e+00
    endloop
  endfacet
  facet normal -1.112395e-16 2.405968e-16 -1.000000e+00
    outer loop
      vertex 9.459124e+00 -3.067182e+01 0.000000e+00
      vertex 1.031981e+01 3.039112e+01 0.000000e+00
      vertex 1.031981e+01 -3.039106e+01 0.000000e+00
    endloop
  endfacet
  facet normal -1.112395e-16 2.405968e-16 -1.000000e+00
    outer loop
      vertex 1.031981e+01 -3.039106e+01 0.000000e+00
      vertex 1.031981e+01 3.039112e+01 0.000000e+00
      vertex 1.202682e+01 -2.977881e+01 0.000000e+00
    endloop
  endfacet
  facet normal -1.112395e-16 2.405968e-16 -1.000000e+00
    outer loop
      vertex 1.031981e+01 -3.039106e+01 0.000000e+00
      vertex 1.031981e+01 3.039112e+01 0.000000e+00
      vertex 1.202682e+01 -2.977881e+01 0.000000e+00
    endloop
  endfacet
  facet normal -1.112395e-16 2.405968e-16 -1.000000e+00
    outer loop
      vertex 1.031981e+01 -3.039106e+01 0.000000e+00
      vertex 1.031981e+01 3.039112e+01 0.000000e+00
      vertex 1.202682e+01 -2.977881e+01 0.000000e+00
    endloop
  endfacet
  facet normal -1.112395e-16 2.405968e-16 -1.000000e+00
    outer loop
      vertex 1.202682e+01 -2.977881e+01 0.000000e+00
      vertex 1.031981e+01 3.039112e+01 0.000000e+00
      vertex 1.202682e+01 2.977881e+01 0.000000e+00
    endloop
  endfacet
  facet normal -1.112395e-16 2.405968e-16 -1.000000e+00
    outer loop
      vertex 1.202682e+01 -2.977881e+01 0.000000e+00
      vertex 1.031981e+01 3.039112e+01 0.000000e+00
      vertex 1.202682e+01 2.977881e+01 0.000000e+00
    endloop
  endfacet
  facet normal -1.112395e-16 2.405968e-16 -1.000000e+00
    outer loop
      vertex 1.202682e+01 -2.977881e+01 0.000000e+00
      vertex 1.031981e+01 3.039112e+01 0.000000e+00
      vertex 1.202682e+01 2.977881e+01 0.000000e+00
    endloop
  endfacet
  facet normal -1.112395e-16 2.405968e-16 -1.000000e+00
    outer loop
      vertex 1.202682e+01 -2.977881e+01 0.000000e+00
      vertex 1.202682e+01 2.977881e+01 0.000000e+00
      vertex 1.255757e+01 -2.955891e+01 0.000000e+00
    endloop
  endfacet
  facet normal -1.112395e-16 2.405968e-16 -1.000000e+00
    outer loop
      vertex 1.202682e+01 -2.977881e+01 0.000000e+00
      vertex 1.202682e+01 2.977881e+01 0.000000e+00
      vertex 1.255757e+01 -2.955891e+01 0.000000e+00
    endloop
  endfacet
  facet normal -1.112395e-16 2.405968e-16 -1.000000e+00
    outer loop
      vertex 1.202682e+01 -2.977881e+01 0.000000e+00
      vertex 1.202682e+01 2.977881e+01 0.000000e+00
      vertex 1.255757e+01 -2.955891e+01 0.000000e+00
    endloop
  endfacet
  facet normal -1.112395e-16 2.405968e-16 -1.000000e+00
    outer loop
      vertex 1.255757e+01 -2.955891e+01 0.000000e+00
      vertex 1.202682e+01 2.977881e+01 0.000000e+00
      vertex 1.255757e+01 2.955891e+01 0.000000e+00
    endloop
  endfacet
  facet normal -1.112395e-16 2.405968e-16 -1.000000e+00
    outer loop
      vertex 1.255757e+01 -2.955891e+01 0.000000e+00
      vertex 1.202682e+01 2.977881e+01 0.000000e+00
      vertex 1.255757e+01 2.955891e+01 0.000000e+00
    endloop
  endfacet
  facet normal -1.112395e-16 2.405968e-16 -1.000000e+00
    outer loop
      vertex 1.255757e+01 -2.955891e+01 0.000000e+00
      vertex 1.202682e+01 2.977881e+01 0.000000e+00
      vertex 1.255757e+01 2.955891e+01 0.000000e+00
    endloop
  endfacet
  facet normal -1.112395e-16 2.405968e-16 -1.000000e+00
    outer loop
      vertex 1.255757e+01 -2.955891e+01 0.000000e+00
      vertex 1.255757e+01 2.955891e+01 0.000000e+00
      vertex 1.419758e+01 2.878488e+01 0.000000e+00
    endloop
  endfacet
  facet normal -1.112395e-16 2.405968e-16 -1.000000e+00
    outer loop
      vertex 1.255757e+01 -2.955891e+01 0.000000e+00
      vertex 1.255757e+01 2.955891e+01 0.000000e+00
      vertex 1.419758e+01 2.878488e+01 0.000000e+00
    endloop
  endfacet
  facet normal -1.112395e-16 2.405968e-16 -1.000000e+00
    outer loop
      vertex 1.255757e+01 -2.955891e+01 0.000000e+00
      vertex 1.255757e+01 2.955891e+01 0.000000e+00
      vertex 1.419758e+01 2.878488e+01 0.000000e+00
    endloop
  endfacet
  facet normal -1.112395e-16 2.405968e-16 -1.000000e+00
    outer loop
      vertex 1.255757e+01 -2.955891e+01 0.000000e+00
      vertex 1.419758e+01 2.878488e+01 0.000000e+00
      vertex 1.419758e+01 -2.878488e+01 0.000000e+00
    endloop
  endfacet
  facet normal -1.112395e-16 2.405968e-16 -1.000000e+00
    outer loop
      vertex 1.255757e+01 -2.955891e+01 0.000000e+00
      vertex 1.419758e+01 2.878488e+01 0.000000e+00
      vertex 1.419758e+01 -2.878488e+01 0.000000e+00
    endloop
  endfacet
  facet normal -1.112395e-16 2.405968e-16 -1.000000e+00
    outer loop
      vertex 1.255757e+01 -2.955891e+01 0.000000e+00
      vertex 1.419758e+01 2.878488e+01 0.000000e+00
      vertex 1.419758e+01 -2.878488e+01 0.000000e+00
    endloop
  endfacet
  facet normal -1.112395e-16 2.405968e-16 -1.000000e+00
    outer loop
      vertex 1.419758e+01 -2.878488e+01 0.000000e+00
      vertex 1.419758e+01 2.878488e+01 0.000000e+00
      vertex 1.500465e+01 2.837475e+01 0.000000e+00
    endloop
  endfacet
  facet normal -1.112395e-16 2.405968e-16 -1.000000e+00
    outer loop
      vertex 1.419758e+01 -2.878488e+01 0.000000e+00
      vertex 1.419758e+01 2.878488e+01 0.000000e+00
      vertex 1.500465e+01 2.837475e+01 0.000000e+00
    endloop
  endfacet
  facet normal -1.112395e-16 2.405968e-16 -1.000000e+00
    outer loop
      vertex 1.419758e+01 -2.878488e+01 0.000000e+00
      vertex 1.419758e+01 2.878488e+01 0.000000e+00
      vertex 1.500465e+01 2.837475e+01 0.000000e+00
    endloop
  endfacet
  facet normal -1.112395e-16 2.405968e-16 -1.000000e+00
    outer loop
      vertex 1.419758e+01 -2.878488e+01 0.000000e+00
      vertex 1.500465e+01 2.837475e+01 0.000000e+00
      vertex 1.500465e+01 -2.837475e+01 0.000000e+00
    endloop
  endfacet
  facet normal -1.112395e-16 2.405968e-16 -1.000000e+00
    outer loop
      vertex 1.419758e+01 -2.878488e+01 0.000000e+00
      vertex 1.500465e+01 2.837475e+01 0.000000e+00
      vertex 1.500465e+01 -2.837475e+01 0.000000e+00
    endloop
  endfacet
  facet normal -1.112395e-16 2.405968e-16 -1.000000e+00
    outer loop
      vertex 1.419758e+01 -2.878488e+01 0.000000e+00
      vertex 1.500465e+01 2.837475e+01 0.000000e+00
      vertex 1.500465e+01 -2.837475e+01 0.000000e+00
    endloop
  endfacet
  facet normal -1.112395e-16 2.405968e-16 -1.000000e+00
    outer loop
      vertex 1.500465e+01 -2.837475e+01 0.000000e+00
      vertex 1.500465e+01 2.837475e+01 0.000000e+00
      vertex 1.604298e+01 -2.778209e+01 0.000000e+00
    endloop
  endfacet
  facet normal -1.112395e-16 2.405968e-16 -1.000000e+00
    outer loop
      vertex 1.500465e+01 -2.837475e+01 0.000000e+00
      vertex 1.500465e+01 2.837475e+01 0.000000e+00
      vertex 1.604298e+01 -2.778209e+01 0.000000e+00
    endloop
  endfacet
  facet normal -1.112395e-16 2.405968e-16 -1.000000e+00
    outer loop
      vertex 1.500465e+01 -2.837475e+01 0.000000e+00
      vertex 1.500465e+01 2.837475e+01 0.000000e+00
      vertex 1.604298e+01 -2.778209e+01 0.000000e+00
    endloop
  endfacet
  facet normal -1.112395e-16 2.405968e-16 -1.000000e+00
    outer loop
      vertex 1.604298e+01 -2.778209e+01 0.000000e+00
      vertex 1.500465e+01 2.837475e+01 0.000000e+00
      vertex 1.604298e+01 2.778215e+01 0.000000e+00
    endloop
  endfacet
  facet normal -1.112395e-16 2.405968e-16 -1.000000e+00
    outer loop
      vertex 1.604298e+01 -2.778209e+01 0.000000e+00
      vertex 1.500465e+01 2.837475e+01 0.000000e+00
      vertex 1.604298e+01 2.778215e+01 0.000000e+00
    endloop
  endfacet
  facet normal -1.112395e-16 2.405968e-16 -1.000000e+00
    outer loop
      vertex 1.604298e+01 -2.778209e+01 0.000000e+00
      vertex 1.500465e+01 2.837475e+01 0.000000e+00
      vertex 1.604298e+01 2.778215e+01 0.000000e+00
    endloop
  endfacet
  facet normal -1.112395e-16 2.405968e-16 -1.000000e+00
    outer loop
      vertex 1.604298e+01 -2.778209e+01 0.000000e+00
      vertex 1.604298e+01 2.778215e+01 0.000000e+00
      vertex 1.707536e+01 -2.717923e+01 0.000000e+00
    endloop
  endfacet
  facet normal -1.112395e-16 2.405968e-16 -1.000000e+00
    outer loop
      vertex 1.604298e+01 -2.778209e+01 0.000000e+00
      vertex 1.604298e+01 2.778215e+01 0.000000e+00
      vertex 1.707536e+01 -2.717923e+01 0.000000e+00
    endloop
  endfacet
  facet normal -1.112395e-16 2.405968e-16 -1.000000e+00
    outer loop
      vertex 1.604298e+01 -2.778209e+01 0.000000e+00
      vertex 1.604298e+01 2.778215e+01 0.000000e+00
      vertex 1.707536e+01 -2.717923e+01 0.000000e+00
    endloop
  endfacet
  facet normal -1.112395e-16 2.405968e-16 -1.000000e+00
    outer loop
      vertex 1.707536e+01 -2.717923e+01 0.000000e+00
      vertex 1.604298e+01 2.778215e+01 0.000000e+00
      vertex 1.707536e+01 2.717923e+01 0.000000e+00
    endloop
  endfacet
  facet normal -1.112395e-16 2.405968e-16 -1.000000e+00
    outer loop
      vertex 1.707536e+01 -2.717923e+01 0.000000e+00
      vertex 1.604298e+01 2.778215e+01 0.000000e+00
      vertex 1.707536e+01 2.717923e+01 0.000000e+00
    endloop
  endfacet
  facet normal -1.112395e-16 2.405968e-16 -1.000000e+00
    outer loop
      vertex 1.707536e+01 -2.717923e+01 0.000000e+00
      vertex 1.604298e+01 2.778215e+01 0.000000e+00
      vertex 1.707536e+01 2.717923e+01 0.000000e+00
    endloop
  endfacet
  facet normal -1.112395e-16 2.405968e-16 -1.000000e+00
    outer loop
      vertex 1.707536e+01 -2.717923e+01 0.000000e+00
      vertex 1.707536e+01 2.717923e+01 0.000000e+00
      vertex 1.783411e+01 2.668538e+01 0.000000e+00
    endloop
  endfacet
  facet normal -1.112395e-16 2.405968e-16 -1.000000e+00
    outer loop
      vertex 1.707536e+01 -2.717923e+01 0.000000e+00
      vertex 1.707536e+01 2.717923e+01 0.000000e+00
      vertex 1.783411e+01 2.668538e+01 0.000000e+00
    endloop
  endfacet
  facet normal -1.112395e-16 2.405968e-16 -1.000000e+00
    outer loop
      vertex 1.707536e+01 -2.717923e+01 0.000000e+00
      vertex 1.707536e+01 2.717923e+01 0.000000e+00
      vertex 1.783411e+01 2.668538e+01 0.000000e+00
    endloop
  endfacet
  facet normal -1.112395e-16 2.405968e-16 -1.000000e+00
    outer loop
      vertex 1.707536e+01 -2.717923e+01 0.000000e+00
      vertex 1.783411e+01 2.668538e+01 0.000000e+00
      vertex 1.783411e+01 -2.668531e+01 0.000000e+00
    endloop
  endfacet
  facet normal -1.112395e-16 2.405968e-16 -1.000000e+00
    outer loop
      vertex 1.707536e+01 -2.717923e+01 0.000000e+00
      vertex 1.783411e+01 2.668538e+01 0.000000e+00
      vertex 1.783411e+01 -2.668531e+01 0.000000e+00
    endloop
  endfacet
  facet normal -1.112395e-16 2.405968e-16 -1.000000e+00
    outer loop
      vertex 1.707536e+01 -2.717923e+01 0.000000e+00
      vertex 1.783411e+01 2.668538e+01 0.000000e+00
      vertex 1.783411e+01 -2.668531e+01 0.000000e+00
    endloop
  endfacet
  facet normal -1.112395e-16 2.405968e-16 -1.000000e+00
    outer loop
      vertex 1.783411e+01 -2.668531e+01 0.000000e+00
      vertex 1.783411e+01 2.668538e+01 0.000000e+00
      vertex 1.932442e+01 2.565208e+01 0.000000e+00
    endloop
  endfacet
  facet normal -1.112395e-16 2.405968e-16 -1.000000e+00
    outer loop
      vertex 1.783411e+01 -2.668531e+01 0.000000e+00
      vertex 1.783411e+01 2.668538e+01 0.000000e+00
      vertex 1.932442e+01 2.565208e+01 0.000000e+00
    endloop
  endfacet
  facet normal -1.112395e-16 2.405968e-16 -1.000000e+00
    outer loop
      vertex 1.783411e+01 -2.668531e+01 0.000000e+00
      vertex 1.783411e+01 2.668538e+01 0.000000e+00
      vertex 1.932442e+01 2.565208e+01 0.000000e+00
    endloop
  endfacet
  facet normal -1.112395e-16 2.405968e-16 -1.000000e+00
    outer loop
      vertex 1.783411e+01 -2.668531e+01 0.000000e+00
      vertex 1.932442e+01 2.565208e+01 0.000000e+00
      vertex 1.932442e+01 -2.565208e+01 0.000000e+00
    endloop
  endfacet
  facet normal -1.112395e-16 2.405968e-16 -1.000000e+00
    outer loop
      vertex 1.783411e+01 -2.668531e+01 0.000000e+00
      vertex 1.932442e+01 2.565208e+01 0.000000e+00
      vertex 1.932442e+01 -2.565208e+01 0.000000e+00
    endloop
  endfacet
  facet normal -1.112395e-16 2.405968e-16 -1.000000e+00
    outer loop
      vertex 1.783411e+01 -2.668531e+01 0.000000e+00
      vertex 1.932442e+01 2.565208e+01 0.000000e+00
      vertex 1.932442e+01 -2.565208e+01 0.000000e+00
    endloop
  endfacet
  facet normal -1.112395e-16 2.405968e-16 -1.000000e+00
    outer loop
      vertex 1.932442e+01 -2.565208e+01 0.000000e+00
      vertex 1.932442e+01 2.565208e+01 0.000000e+00
      vertex 1.978021e+01 2.530235e+01 0.000000e+00
    endloop
  endfacet
  facet normal -1.112395e-16 2.405968e-16 -1.000000e+00
    outer loop
      vertex 1.932442e+01 -2.565208e+01 0.000000e+00
      vertex 1.932442e+01 2.565208e+01 0.000000e+00
      vertex 1.978021e+01 2.530235e+01 0.000000e+00
    endloop
  endfacet
  facet normal -1.112395e-16 2.405968e-16 -1.000000e+00
    outer loop
      vertex 1.932442e+01 -2.565208e+01 0.000000e+00
      vertex 1.932442e+01 2.565208e+01 0.000000e+00
      vertex 1.978021e+01 2.530235e+01 0.000000e+00
    endloop
  endfacet
  facet normal -1.112395e-16 2.405968e-16 -1.000000e+00
    outer loop
      vertex 1.932442e+01 -2.565208e+01 0.000000e+00
      vertex 1.978021e+01 2.530235e+01 0.000000e+00
      vertex 1.978021e+01 -2.530235e+01 0.000000e+00
    endloop
  endfacet
  facet normal -1.112395e-16 2.405968e-16 -1.000000e+00
    outer loop
      vertex 1.932442e+01 -2.565208e+01 0.000000e+00
      vertex 1.978021e+01 2.530235e+01 0.000000e+00
      vertex 1.978021e+01 -2.530235e+01 0.000000e+00
    endloop
  endfacet
  facet normal -1.112395e-16 2.405968e-16 -1.000000e+00
    outer loop
      vertex 1.932442e+01 -2.565208e+01 0.000000e+00
      vertex 1.978021e+01 2.530235e+01 0.000000e+00
      vertex 1.978021e+01 -2.530235e+01 0.000000e+00
    endloop
  endfacet
  facet normal -1.112395e-16 2.405968e-16 -1.000000e+00
    outer loop
      vertex 1.978021e+01 -2.530235e+01 0.000000e+00
      vertex 1.978021e+01 2.530235e+01 0.000000e+00
      vertex 2.116395e+01 2.413022e+01 0.000000e+00
    endloop
  endfacet
  facet normal -1.112395e-16 2.405968e-16 -1.000000e+00
    outer loop
      vertex 1.978021e+01 -2.530235e+01 0.000000e+00
      vertex 1.978021e+01 2.530235e+01 0.000000e+00
      vertex 2.116395e+01 2.413022e+01 0.000000e+00
    endloop
  endfacet
  facet normal -1.112395e-16 2.405968e-16 -1.000000e+00
    outer loop
      vertex 1.978021e+01 -2.530235e+01 0.000000e+00
      vertex 1.978021e+01 2.530235e+01 0.000000e+00
      vertex 2.116395e+01 2.413022e+01 0.000000e+00
    endloop
  endfacet
  facet normal -1.112395e-16 2.405968e-16 -1.000000e+00
    outer loop
      vertex 1.978021e+01 -2.530235e+01 0.000000e+00
      vertex 2.116395e+01 2.413022e+01 0.000000e+00
      vertex 2.116395e+01 -2.413022e+01 0.000000e+00
    endloop
  endfacet
  facet normal -1.112395e-16 2.405968e-16 -1.000000e+00
    outer loop
      vertex 1.978021e+01 -2.530235e+01 0.000000e+00
      vertex 2.116395e+01 2.413022e+01 0.000000e+00
      vertex 2.116395e+01 -2.413022e+01 0.000000e+00
    endloop
  endfacet
  facet normal -1.112395e-16 2.405968e-16 -1.000000e+00
    outer loop
      vertex 1.978021e+01 -2.530235e+01 0.000000e+00
      vertex 2.116395e+01 2.413022e+01 0.000000e+00
      vertex 2.116395e+01 -2.413022e+01 0.000000e+00
    endloop
  endfacet
  facet normal -1.112395e-16 2.405968e-16 -1.000000e+00
    outer loop
      vertex 2.116395e+01 -2.413022e+01 0.000000e+00
      vertex 2.116395e+01 2.413022e+01 0.000000e+00
      vertex 2.183739e+01 -2.352521e+01 0.000000e+00
    endloop
  endfacet
  facet normal -1.112395e-16 2.405968e-16 -1.000000e+00
    outer loop
      vertex 2.116395e+01 -2.413022e+01 0.000000e+00
      vertex 2.116395e+01 2.413022e+01 0.000000e+00
      vertex 2.183739e+01 -2.352521e+01 0.000000e+00
    endloop
  endfacet
  facet normal -1.112395e-16 2.405968e-16 -1.000000e+00
    outer loop
      vertex 2.116395e+01 -2.413022e+01 0.000000e+00
      vertex 2.116395e+01 2.413022e+01 0.000000e+00
      vertex 2.183739e+01 -2.352521e+01 0.000000e+00
    endloop
  endfacet
  facet normal -1.112395e-16 2.405968e-16 -1.000000e+00
    outer loop
      vertex 2.183739e+01 -2.352521e+01 0.000000e+00
      vertex 2.116395e+01 2.413022e+01 0.000000e+00
      vertex 2.183739e+01 2.352521e+01 0.000000e+00
    endloop
  endfacet
  facet normal -1.112395e-16 2.405968e-16 -1.000000e+00
    outer loop
      vertex 2.183739e+01 -2.352521e+01 0.000000e+00
      vertex 2.116395e+01 2.413022e+01 0.000000e+00
      vertex 2.183739e+01 2.352521e+01 0.000000e+00
    endloop
  endfacet
  facet normal -1.112395e-16 2.405968e-16 -1.000000e+00
    outer loop
      vertex 2.183739e+01 -2.352521e+01 0.000000e+00
      vertex 2.116395e+01 2.413022e+01 0.000000e+00
      vertex 2.183739e+01 2.352521e+01 0.000000e+00
    endloop
  endfacet
  facet normal -1.112395e-16 2.405968e-16 -1.000000e+00
    outer loop
      vertex 2.183739e+01 -2.352521e+01 0.000000e+00
      vertex 2.183739e+01 2.352521e+01 0.000000e+00
      vertex 2.268692e+01 2.268398e+01 0.000000e+00
    endloop
  endfacet
  facet normal -1.112395e-16 2.405968e-16 -1.000000e+00
    outer loop
      vertex 2.183739e+01 -2.352521e+01 0.000000e+00
      vertex 2.183739e+01 2.352521e+01 0.000000e+00
      vertex 2.268692e+01 2.268398e+01 0.000000e+00
    endloop
  endfacet
  facet normal -1.112395e-16 2.405968e-16 -1.000000e+00
    outer loop
      vertex 2.183739e+01 -2.352521e+01 0.000000e+00
      vertex 2.183739e+01 2.352521e+01 0.000000e+00
      vertex 2.268692e+01 2.268398e+01 0.000000e+00
    endloop
  endfacet
  facet normal -1.112395e-16 2.405968e-16 -1.000000e+00
    outer loop
      vertex 2.183739e+01 -2.352521e+01 0.000000e+00
      vertex 2.268692e+01 2.268398e+01 0.000000e+00
      vertex 2.268692e+01 -2.268398e+01 0.000000e+00
    endloop
  endfacet
  facet normal -1.112395e-16 2.405968e-16 -1.000000e+00
    outer loop
      vertex 2.183739e+01 -2.352521e+01 0.000000e+00
      vertex 2.268692e+01 2.268398e+01 0.000000e+00
      vertex 2.268692e+01 -2.268398e+01 0.000000e+00
    endloop
  endfacet
  facet normal -1.112395e-16 2.405968e-16 -1.000000e+00
    outer loop
      vertex 2.183739e+01 -2.352521e+01 0.000000e+00
      vertex 2.268692e+01 2.268398e+01 0.000000e+00
      vertex 2.268692e+01 -2.268398e+01 0.000000e+00
    endloop
  endfacet
  facet normal -1.112395e-16 2.405968e-16 -1.000000e+00
    outer loop
      vertex 2.268692e+01 -2.268398e+01 0.000000e+00
      vertex 2.268692e+01 2.268398e+01 0.000000e+00
      vertex 2.352814e+01 2.183446e+01 0.000000e+00
    endloop
  endfacet
  facet normal -1.112395e-16 2.405968e-16 -1.000000e+00
    outer loop
      vertex 2.268692e+01 -2.268398e+01 0.000000e+00
      vertex 2.268692e+01 2.268398e+01 0.000000e+00
      vertex 2.352814e+01 2.183446e+01 0.000000e+00
    endloop
  endfacet
  facet normal -1.112395e-16 2.405968e-16 -1.000000e+00
    outer loop
      vertex 2.268692e+01 -2.268398e+01 0.000000e+00
      vertex 2.268692e+01 2.268398e+01 0.000000e+00
      vertex 2.352814e+01 2.183446e+01 0.000000e+00
    endloop
  endfacet
  facet normal -1.112395e-16 2.405968e-16 -1.000000e+00
    outer loop
      vertex 2.268692e+01 -2.268398e+01 0.000000e+00
      vertex 2.352814e+01 2.183446e+01 0.000000e+00
      vertex 2.352814e+01 -2.183446e+01 0.000000e+00
    endloop
  endfacet
  facet normal -1.112395e-16 2.405968e-16 -1.000000e+00
    outer loop
      vertex 2.268692e+01 -2.268398e+01 0.000000e+00
      vertex 2.352814e+01 2.183446e+01 0.000000e+00
      vertex 2.352814e+01 -2.183446e+01 0.000000e+00
    endloop
  endfacet
  facet normal -1.112395e-16 2.405968e-16 -1.000000e+00
    outer loop
      vertex 2.268692e+01 -2.268398e+01 0.000000e+00
      vertex 2.352814e+01 2.183446e+01 0.000000e+00
      vertex 2.352814e+01 -2.183446e+01 0.000000e+00
    endloop
  endfacet
  facet normal -1.112395e-16 2.405968e-16 -1.000000e+00
    outer loop
      vertex 2.352814e+01 -2.183446e+01 0.000000e+00
      vertex 2.352814e+01 2.183446e+01 0.000000e+00
      vertex 2.413315e+01 2.116100e+01 0.000000e+00
    endloop
  endfacet
  facet normal -1.112395e-16 2.405968e-16 -1.000000e+00
    outer loop
      vertex 2.352814e+01 -2.183446e+01 0.000000e+00
      vertex 2.352814e+01 2.183446e+01 0.000000e+00
      vertex 2.413315e+01 2.116100e+01 0.000000e+00
    endloop
  endfacet
  facet normal -1.112395e-16 2.405968e-16 -1.000000e+00
    outer loop
      vertex 2.352814e+01 -2.183446e+01 0.000000e+00
      vertex 2.352814e+01 2.183446e+01 0.000000e+00
      vertex 2.413315e+01 2.116100e+01 0.000000e+00
    endloop
  endfacet
  facet normal -1.112395e-16 2.405968e-16 -1.000000e+00
    outer loop
      vertex 2.352814e+01 -2.183446e+01 0.000000e+00
      vertex 2.413315e+01 2.116100e+01 0.000000e+00
      vertex 2.413315e+01 -2.116100e+01 0.000000e+00
    endloop
  endfacet
  facet normal -1.112395e-16 2.405968e-16 -1.000000e+00
    outer loop
      vertex 2.352814e+01 -2.183446e+01 0.000000e+00
      vertex 2.413315e+01 2.116100e+01 0.000000e+00
      vertex 2.413315e+01 -2.116100e+01 0.000000e+00
    endloop
  endfacet
  facet normal -1.112395e-16 2.405968e-16 -1.000000e+00
    outer loop
      vertex 2.352814e+01 -2.183446e+01 0.000000e+00
      vertex 2.413315e+01 2.116100e+01 0.000000e+00
      vertex 2.413315e+01 -2.116100e+01 0.000000e+00
    endloop
  endfacet
  facet normal -1.112395e-16 2.405968e-16 -1.000000e+00
    outer loop
      vertex 2.413315e+01 -2.116100e+01 0.000000e+00
      vertex 2.413315e+01 2.116100e+01 0.000000e+00
      vertex 2.530530e+01 1.977727e+01 0.000000e+00
    endloop
  endfacet
  facet normal -1.112395e-16 2.405968e-16 -1.000000e+00
    outer loop
      vertex 2.413315e+01 -2.116100e+01 0.000000e+00
      vertex 2.413315e+01 2.116100e+01 0.000000e+00
      vertex 2.530530e+01 1.977727e+01 0.000000e+00
    endloop
  endfacet
  facet normal -1.112395e-16 2.405968e-16 -1.000000e+00
    outer loop
      vertex 2.413315e+01 -2.116100e+01 0.000000e+00
      vertex 2.413315e+01 2.116100e+01 0.000000e+00
      vertex 2.530530e+01 1.977727e+01 0.000000e+00
    endloop
  endfacet
  facet normal -1.112395e-16 2.405968e-16 -1.000000e+00
    outer loop
      vertex 2.413315e+01 -2.116100e+01 0.000000e+00
      vertex 2.530530e+01 1.977727e+01 0.000000e+00
      vertex 2.530530e+01 -1.977727e+01 0.000000e+00
    endloop
  endfacet
  facet normal -1.112395e-16 2.405968e-16 -1.000000e+00
    outer loop
      vertex 2.413315e+01 -2.116100e+01 0.000000e+00
      vertex 2.530530e+01 1.977727e+01 0.000000e+00
      vertex 2.530530e+01 -1.977727e+01 0.000000e+00
    endloop
  endfacet
  facet normal -1.112395e-16 2.405968e-16 -1.000000e+00
    outer loop
      vertex 2.413315e+01 -2.116100e+01 0.000000e+00
      vertex 2.530530e+01 1.977727e+01 0.000000e+00
      vertex 2.530530e+01 -1.977727e+01 0.000000e+00
    endloop
  endfacet
  facet normal -1.112395e-16 2.405968e-16 -1.000000e+00
    outer loop
      vertex 2.530530e+01 -1.977727e+01 0.000000e+00
      vertex 2.530530e+01 1.977727e+01 0.000000e+00
      vertex 2.565502e+01 1.932148e+01 0.000000e+00
    endloop
  endfacet
  facet normal -1.112395e-16 2.405968e-16 -1.000000e+00
    outer loop
      vertex 2.530530e+01 -1.977727e+01 0.000000e+00
      vertex 2.530530e+01 1.977727e+01 0.000000e+00
      vertex 2.565502e+01 1.932148e+01 0.000000e+00
    endloop
  endfacet
  facet normal -1.112395e-16 2.405968e-16 -1.000000e+00
    outer loop
      vertex 2.530530e+01 -1.977727e+01 0.000000e+00
      vertex 2.530530e+01 1.977727e+01 0.000000e+00
      vertex 2.565502e+01 1.932148e+01 0.000000e+00
    endloop
  endfacet
  facet normal -1.112395e-16 2.405968e-16 -1.000000e+00
    outer loop
      vertex 2.530530e+01 -1.977727e+01 0.000000e+00
      vertex 2.565502e+01 1.932148e+01 0.000000e+00
      vertex 2.565502e+01 -1.932148e+01 0.000000e+00
    endloop
  endfacet
  facet normal -1.112395e-16 2.405968e-16 -1.000000e+00
    outer loop
      vertex 2.530530e+01 -1.977727e+01 0.000000e+00
      vertex 2.565502e+01 1.932148e+01 0.000000e+00
      vertex 2.565502e+01 -1.932148e+01 0.000000e+00
    endloop
  endfacet
  facet normal -1.112395e-16 2.405968e-16 -1.000000e+00
    outer loop
      vertex 2.530530e+01 -1.977727e+01 0.000000e+00
      vertex 2.565502e+01 1.932148e+01 0.000000e+00
      vertex 2.565502e+01 -1.932148e+01 0.000000e+00
    endloop
  endfacet
  facet normal -1.112395e-16 2.405968e-16 -1.000000e+00
    outer loop
      vertex 2.565502e+01 -1.932148e+01 0.000000e+00
      vertex 2.565502e+01 1.932148e+01 0.000000e+00
      vertex 2.668831e+01 -1.783117e+01 0.000000e+00
    endloop
  endfacet
  facet normal -1.112395e-16 2.405968e-16 -1.000000e+00
    outer loop
      vertex 2.565502e+01 -1.932148e+01 0.000000e+00
      vertex 2.565502e+01 1.932148e+01 0.000000e+00
      vertex 2.668831e+01 -1.783117e+01 0.000000e+00
    endloop
  endfacet
  facet normal -1.112395e-16 2.405968e-16 -1.000000e+00
    outer loop
      vertex 2.565502e+01 -1.932148e+01 0.000000e+00
      vertex 2.565502e+01 1.932148e+01 0.000000e+00
      vertex 2.668831e+01 -1.783117e+01 0.000000e+00
    endloop
  endfacet
  facet normal -1.112395e-16 2.405968e-16 -1.000000e+00
    outer loop
      vertex 2.668831e+01 -1.783117e+01 0.000000e+00
      vertex 2.565502e+01 1.932148e+01 0.000000e+00
      vertex 2.668831e+01 1.783117e+01 0.000000e+00
    endloop
  endfacet
  facet normal -1.112395e-16 2.405968e-16 -1.000000e+00
    outer loop
      vertex 2.668831e+01 -1.783117e+01 0.000000e+00
      vertex 2.565502e+01 1.932148e+01 0.000000e+00
      vertex 2.668831e+01 1.783117e+01 0.000000e+00
    endloop
  endfacet
  facet normal -1.112395e-16 2.405968e-16 -1.000000e+00
    outer loop
      vertex 2.668831e+01 -1.783117e+01 0.000000e+00
      vertex 2.565502e+01 1.932148e+01 0.000000e+00
      vertex 2.668831e+01 1.783117e+01 0.000000e+00
    endloop
  endfacet
  facet normal -1.112395e-16 2.405968e-16 -1.000000e+00
    outer loop
      vertex 2.668831e+01 -1.783117e+01 0.000000e+00
      vertex 2.668831e+01 1.783117e+01 0.000000e+00
      vertex 2.718217e+01 -1.707243e+01 0.000000e+00
    endloop
  endfacet
  facet normal -1.112395e-16 2.405968e-16 -1.000000e+00
    outer loop
      vertex 2.668831e+01 -1.783117e+01 0.000000e+00
      vertex 2.668831e+01 1.783117e+01 0.000000e+00
      vertex 2.718217e+01 -1.707243e+01 0.000000e+00
    endloop
  endfacet
  facet normal -1.112395e-16 2.405968e-16 -1.000000e+00
    outer loop
      vertex 2.668831e+01 -1.783117e+01 0.000000e+00
      vertex 2.668831e+01 1.783117e+01 0.000000e+00
      vertex 2.718217e+01 -1.707243e+01 0.000000e+00
    endloop
  endfacet
  facet normal -1.112395e-16 2.405968e-16 -1.000000e+00
    outer loop
      vertex 2.718217e+01 -1.707243e+01 0.000000e+00
      vertex 2.668831e+01 1.783117e+01 0.000000e+00
      vertex 2.718217e+01 1.707243e+01 0.000000e+00
    endloop
  endfacet
  facet normal -1.112395e-16 2.405968e-16 -1.000000e+00
    outer loop
      vertex 2.718217e+01 -1.707243e+01 0.000000e+00
      vertex 2.668831e+01 1.783117e+01 0.000000e+00
      vertex 2.718217e+01 1.707243e+01 0.000000e+00
    endloop
  endfacet
  facet normal -1.112395e-16 2.405968e-16 -1.000000e+00
    outer loop
      vertex 2.718217e+01 -1.707243e+01 0.000000e+00
      vertex 2.668831e+01 1.783117e+01 0.000000e+00
      vertex 2.718217e+01 1.707243e+01 0.000000e+00
    endloop
  endfacet
  facet normal -1.112395e-16 2.405968e-16 -1.000000e+00
    outer loop
      vertex 2.718217e+01 -1.707243e+01 0.000000e+00
      vertex 2.718217e+01 1.707243e+01 0.000000e+00
      vertex 2.778510e+01 1.604004e+01 0.000000e+00
    endloop
  endfacet
  facet normal -1.112395e-16 2.405968e-16 -1.000000e+00
    outer loop
      vertex 2.718217e+01 -1.707243e+01 0.000000e+00
      vertex 2.718217e+01 1.707243e+01 0.000000e+00
      vertex 2.778510e+01 1.604004e+01 0.000000e+00
    endloop
  endfacet
  facet normal -1.112395e-16 2.405968e-16 -1.000000e+00
    outer loop
      vertex 2.718217e+01 -1.707243e+01 0.000000e+00
      vertex 2.718217e+01 1.707243e+01 0.000000e+00
      vertex 2.778510e+01 1.604004e+01 0.000000e+00
    endloop
  endfacet
  facet normal -1.112395e-16 2.405968e-16 -1.000000e+00
    outer loop
      vertex 2.718217e+01 -1.707243e+01 0.000000e+00
      vertex 2.778510e+01 1.604004e+01 0.000000e+00
      vertex 2.778510e+01 -1.603997e+01 0.000000e+00
    endloop
  endfacet
  facet normal -1.112395e-16 2.405968e-16 -1.000000e+00
    outer loop
      vertex 2.718217e+01 -1.707243e+01 0.000000e+00
      vertex 2.778510e+01 1.604004e+01 0.000000e+00
      vertex 2.778510e+01 -1.603997e+01 0.000000e+00
    endloop
  endfacet
  facet normal -1.112395e-16 2.405968e-16 -1.000000e+00
    outer loop
      vertex 2.718217e+01 -1.707243e+01 0.000000e+00
      vertex 2.778510e+01 1.604004e+01 0.000000e+00
      vertex 2.778510e+01 -1.603997e+01 0.000000e+00
    endloop
  endfacet
  facet normal -1.112395e-16 2.405968e-16 -1.000000e+00
    outer loop
      vertex 2.778510e+01 -1.603997e+01 0.000000e+00
      vertex 2.778510e+01 1.604004e+01 0.000000e+00
      vertex 2.837769e+01 -1.500171e+01 0.000000e+00
    endloop
  endfacet
  facet normal -1.112395e-16 2.405968e-16 -1.000000e+00
    outer loop
      vertex 2.778510e+01 -1.603997e+01 0.000000e+00
      vertex 2.778510e+01 1.604004e+01 0.000000e+00
      vertex 2.837769e+01 -1.500171e+01 0.000000e+00
    endloop
  endfacet
  facet normal -1.112395e-16 2.405968e-16 -1.000000e+00
    outer loop
      vertex 2.778510e+01 -1.603997e+01 0.000000e+00
      vertex 2.778510e+01 1.604004e+01 0.000000e+00
      vertex 2.837769e+01 -1.500171e+01 0.000000e+00
    endloop
  endfacet
  facet normal -1.112395e-16 2.405968e-16 -1.000000e+00
    outer loop
      vertex 2.837769e+01 -1.500171e+01 0.000000e+00
      vertex 2.778510e+01 1.604004e+01 0.000000e+00
      vertex 2.837769e+01 1.500171e+01 0.000000e+00
    endloop
  endfacet
  facet normal -1.112395e-16 2.405968e-16 -1.000000e+00
    outer loop
      vertex 2.837769e+01 -1.500171e+01 0.000000e+00
      vertex 2.778510e+01 1.604004e+01 0.000000e+00
      vertex 2.837769e+01 1.500171e+01 0.000000e+00
    endloop
  endfacet
  facet normal -1.112395e-16 2.405968e-16 -1.000000e+00
    outer loop
      vertex 2.837769e+01 -1.500171e+01 0.000000e+00
      vertex 2.778510e+01 1.604004e+01 0.000000e+00
      vertex 2.837769e+01 1.500171e+01 0.000000e+00
    endloop
  endfacet
  facet normal -1.112395e-16 2.405968e-16 -1.000000e+00
    outer loop
      vertex 2.837769e+01 -1.500171e+01 0.000000e+00
      vertex 2.837769e+01 1.500171e+01 0.000000e+00
      vertex 2.878783e+01 -1.419458e+01 0.000000e+00
    endloop
  endfacet
  facet normal -1.112395e-16 2.405968e-16 -1.000000e+00
    outer loop
      vertex 2.837769e+01 -1.500171e+01 0.000000e+00
      vertex 2.837769e+01 1.500171e+01 0.000000e+00
      vertex 2.878783e+01 -1.419458e+01 0.000000e+00
    endloop
  endfacet
  facet normal -1.112395e-16 2.405968e-16 -1.000000e+00
    outer loop
      vertex 2.837769e+01 -1.500171e+01 0.000000e+00
      vertex 2.837769e+01 1.500171e+01 0.000000e+00
      vertex 2.878783e+01 -1.419458e+01 0.000000e+00
    endloop
  endfacet
  facet normal -1.112395e-16 2.405968e-16 -1.000000e+00
    outer loop
      vertex 2.878783e+01 -1.419458e+01 0.000000e+00
      vertex 2.837769e+01 1.500171e+01 0.000000e+00
      vertex 2.878783e+01 1.419464e+01 0.000000e+00
    endloop
  endfacet
  facet normal -1.112395e-16 2.405968e-16 -1.000000e+00
    outer loop
      vertex 2.878783e+01 -1.419458e+01 0.000000e+00
      vertex 2.837769e+01 1.500171e+01 0.000000e+00
      vertex 2.878783e+01 1.419464e+01 0.000000e+00
    endloop
  endfacet
  facet normal -1.112395e-16 2.405968e-16 -1.000000e+00
    outer loop
      vertex 2.878783e+01 -1.419458e+01 0.000000e+00
      vertex 2.837769e+01 1.500171e+01 0.000000e+00
      vertex 2.878783e+01 1.419464e+01 0.000000e+00
    endloop
  endfacet
  facet normal -1.112395e-16 2.405968e-16 -1.000000e+00
    outer loop
      vertex 2.878783e+01 -1.419458e+01 0.000000e+00
      vertex 2.878783e+01 1.419464e+01 0.000000e+00
      vertex 2.956185e+01 -1.255464e+01 0.000000e+00
    endloop
  endfacet
  facet normal -1.112395e-16 2.405968e-16 -1.000000e+00
    outer loop
      vertex 2.878783e+01 -1.419458e+01 0.000000e+00
      vertex 2.878783e+01 1.419464e+01 0.000000e+00
      vertex 2.956185e+01 -1.255464e+01 0.000000e+00
    endloop
  endfacet
  facet normal -1.112395e-16 2.405968e-16 -1.000000e+00
    outer loop
      vertex 2.878783e+01 -1.419458e+01 0.000000e+00
      vertex 2.878783e+01 1.419464e+01 0.000000e+00
      vertex 2.956185e+01 -1.255464e+01 0.000000e+00
    endloop
  endfacet
  facet normal -1.112395e-16 2.405968e-16 -1.000000e+00
    outer loop
      vertex 2.956185e+01 -1.255464e+01 0.000000e+00
      vertex 2.878783e+01 1.419464e+01 0.000000e+00
      vertex 2.956185e+01 1.255464e+01 0.000000e+00
    endloop
  endfacet
  facet normal -1.112395e-16 2.405968e-16 -1.000000e+00
    outer loop
      vertex 2.956185e+01 -1.255464e+01 0.000000e+00
      vertex 2.878783e+01 1.419464e+01 0.000000e+00
      vertex 2.956185e+01 1.255464e+01 0.000000e+00
    endloop
  endfacet
  facet normal -1.112395e-16 2.405968e-16 -1.000000e+00
    outer loop
      vertex 2.956185e+01 -1.255464e+01 0.000000e+00
      vertex 2.878783e+01 1.419464e+01 0.000000e+00
      vertex 2.956185e+01 1.255464e+01 0.000000e+00
    endloop
  endfacet
  facet normal -1.112395e-16 2.405968e-16 -1.000000e+00
    outer loop
      vertex 2.956185e+01 -1.255464e+01 0.000000e+00
      vertex 2.956185e+01 1.255464e+01 0.000000e+00
      vertex 2.978174e+01 -1.202388e+01 0.000000e+00
    endloop
  endfacet
  facet normal -1.112395e-16 2.405968e-16 -1.000000e+00
    outer loop
      vertex 2.956185e+01 -1.255464e+01 0.000000e+00
      vertex 2.956185e+01 1.255464e+01 0.000000e+00
      vertex 2.978174e+01 -1.202388e+01 0.000000e+00
    endloop
  endfacet
  facet normal -1.112395e-16 2.405968e-16 -1.000000e+00
    outer loop
      vertex 2.956185e+01 -1.255464e+01 0.000000e+00
      vertex 2.956185e+01 1.255464e+01 0.000000e+00
      vertex 2.978174e+01 -1.202388e+01 0.000000e+00
    endloop
  endfacet
  facet normal -1.112395e-16 2.405968e-16 -1.000000e+00
    outer loop
      vertex 2.978174e+01 -1.202388e+01 0.000000e+00
      vertex 2.956185e+01 1.255464e+01 0.000000e+00
      vertex 2.978174e+01 1.202388e+01 0.000000e+00
    endloop
  endfacet
  facet normal -1.112395e-16 2.405968e-16 -1.000000e+00
    outer loop
      vertex 2.978174e+01 -1.202388e+01 0.000000e+00
      vertex 2.956185e+01 1.255464e+01 0.000000e+00
      vertex 2.978174e+01 1.202388e+01 0.000000e+00
    endloop
  endfacet
  facet normal -1.112395e-16 2.405968e-16 -1.000000e+00
    outer loop
      vertex 2.978174e+01 -1.202388e+01 0.000000e+00
      vertex 2.956185e+01 1.255464e+01 0.000000e+00
      vertex 2.978174e+01 1.202388e+01 0.000000e+00
    endloop
  endfacet
  facet normal -1.112395e-16 2.405968e-16 -1.000000e+00
    outer loop
      vertex 2.978174e+01 -1.202388e+01 0.000000e+00
      vertex 2.978174e+01 1.202388e+01 0.000000e+00
      vertex 3.039407e+01 -1.031687e+01 0.000000e+00
    endloop
  endfacet
  facet normal -1.112395e-16 2.405968e-16 -1.000000e+00
    outer loop
      vertex 2.978174e+01 -1.202388e+01 0.000000e+00
      vertex 2.978174e+01 1.202388e+01 0.000000e+00
      vertex 3.039407e+01 -1.031687e+01 0.000000e+00
    endloop
  endfacet
  facet normal -1.112395e-16 2.405968e-16 -1.000000e+00
    outer loop
      vertex 2.978174e+01 -1.202388e+01 0.000000e+00
      vertex 2.978174e+01 1.202388e+01 0.000000e+00
      vertex 3.039407e+01 -1.031687e+01 0.000000e+00
    endloop
  endfacet
  facet normal -1.112395e-16 2.405968e-16 -1.000000e+00
    outer loop
      vertex 3.039407e+01 -1.031687e+01 0.000000e+00
      vertex 2.978174e+01 1.202388e+01 0.000000e+00
      vertex 3.039407e+01 1.031687e+01 0.000000e+00
    endloop
  endfacet
  facet normal -1.112395e-16 2.405968e-16 -1.000000e+00
    outer loop
      vertex 3.039407e+01 -1.031687e+01 0.000000e+00
      vertex 2.978174e+01 1.202388e+01 0.000000e+00
      vertex 3.039407e+01 1.031687e+01 0.000000e+00
    endloop
  endfacet
  facet normal -1.112395e-16 2.405968e-16 -1.000000e+00
    outer loop
      vertex 3.039407e+01 -1.031687e+01 0.000000e+00
      vertex 2.978174e+01 1.202388e+01 0.000000e+00
      vertex 3.039407e+01 1.031687e+01 0.000000e+00
    endloop
  endfacet
  facet normal -1.112395e-16 2.405968e-16 -1.000000e+00
    outer loop
      vertex 3.039407e+01 -1.031687e+01 0.000000e+00
      vertex 3.039407e+01 1.031687e+01 0.000000e+00
      vertex 3.067476e+01 -9.456184e+00 0.000000e+00
    endloop
  endfacet
  facet normal -1.112395e-16 2.405968e-16 -1.000000e+00
    outer loop
      vertex 3.039407e+01 -1.031687e+01 0.000000e+00
      vertex 3.039407e+01 1.031687e+01 0.000000e+00
      vertex 3.067476e+01 -9.456184e+00 0.000000e+00
    endloop
  endfacet
  facet normal -1.112395e-16 2.405968e-16 -1.000000e+00
    outer loop
      vertex 3.039407e+01 -1.031687e+01 0.000000e+00
      vertex 3.039407e+01 1.031687e+01 0.000000e+00
      vertex 3.067476e+01 -9.456184e+00 0.000000e+00
    endloop
  endfacet
  facet normal -1.112395e-16 2.405968e-16 -1.000000e+00
    outer loop
      vertex 3.067476e+01 -9.456184e+00 0.000000e+00
      vertex 3.039407e+01 1.031687e+01 0.000000e+00
      vertex 3.067476e+01 9.456184e+00 0.000000e+00
    endloop
  endfacet
  facet normal -1.112395e-16 2.405968e-16 -1.000000e+00
    outer loop
      vertex 3.067476e+01 -9.456184e+00 0.000000e+00
      vertex 3.039407e+01 1.031687e+01 0.000000e+00
      vertex 3.067476e+01 9.456184e+00 0.000000e+00
    endloop
  endfacet
  facet normal -1.112395e-16 2.405968e-16 -1.000000e+00
    outer loop
      vertex 3.067476e+01 -9.456184e+00 0.000000e+00
      vertex 3.039407e+01 1.031687e+01 0.000000e+00
      vertex 3.067476e+01 9.456184e+00 0.000000e+00
    endloop
  endfacet
  facet normal -1.112395e-16 2.405968e-16 -1.000000e+00
    outer loop
      vertex 3.067476e+01 -9.456184e+00 0.000000e+00
      vertex 3.067476e+01 9.456184e+00 0.000000e+00
      vertex 3.098986e+01 8.302917e+00 0.000000e+00
    endloop
  endfacet
  facet normal -1.112395e-16 2.405968e-16 -1.000000e+00
    outer loop
      vertex 3.067476e+01 -9.456184e+00 0.000000e+00
      vertex 3.067476e+01 9.456184e+00 0.000000e+00
      vertex 3.098986e+01 8.302917e+00 0.000000e+00
    endloop
  endfacet
  facet normal -1.112395e-16 2.405968e-16 -1.000000e+00
    outer loop
      vertex 3.067476e+01 -9.456184e+00 0.000000e+00
      vertex 3.067476e+01 9.456184e+00 0.000000e+00
      vertex 3.098986e+01 8.302917e+00 0.000000e+00
    endloop
  endfacet
  facet normal -1.112395e-16 2.405968e-16 -1.000000e+00
    outer loop
      vertex 3.067476e+01 -9.456184e+00 0.000000e+00
      vertex 3.098986e+01 8.302917e+00 0.000000e+00
      vertex 3.098986e+01 -8.302917e+00 0.000000e+00
    endloop
  endfacet
  facet normal -1.112395e-16 2.405968e-16 -1.000000e+00
    outer loop
      vertex 3.067476e+01 -9.456184e+00 0.000000e+00
      vertex 3.098986e+01 8.302917e+00 0.000000e+00
      vertex 3.098986e+01 -8.302917e+00 0.000000e+00
    endloop
  endfacet
  facet normal -1.112395e-16 2.405968e-16 -1.000000e+00
    outer loop
      vertex 3.067476e+01 -9.456184e+00 0.000000e+00
      vertex 3.098986e+01 8.302917e+00 0.000000e+00
      vertex 3.098986e+01 -8.302917e+00 0.000000e+00
    endloop
  endfacet
  facet normal -1.112395e-16 2.405968e-16 -1.000000e+00
    outer loop
      vertex 3.098986e+01 -8.302917e+00 0.000000e+00
      vertex 3.098986e+01 8.302917e+00 0.000000e+00
      vertex 3.129362e+01 -7.146580e+00 0.000000e+00
    endloop
  endfacet
  facet normal -1.112395e-16 2.405968e-16 -1.000000e+00
    outer loop
      vertex 3.098986e+01 -8.302917e+00 0.000000e+00
      vertex 3.098986e+01 8.302917e+00 0.000000e+00
      vertex 3.129362e+01 -7.146580e+00 0.000000e+00
    endloop
  endfacet
  facet normal -1.112395e-16 2.405968e-16 -1.000000e+00
    outer loop
      vertex 3.098986e+01 -8.302917e+00 0.000000e+00
      vertex 3.098986e+01 8.302917e+00 0.000000e+00
      vertex 3.129362e+01 -7.146580e+00 0.000000e+00
    endloop
  endfacet
  facet normal -1.112395e-16 2.405968e-16 -1.000000e+00
    outer loop
      vertex 3.129362e+01 -7.146580e+00 0.000000e+00
      vertex 3.098986e+01 8.302917e+00 0.000000e+00
      vertex 3.129362e+01 7.146646e+00 0.000000e+00
    endloop
  endfacet
  facet normal -1.112395e-16 2.405968e-16 -1.000000e+00
    outer loop
      vertex 3.129362e+01 -7.146580e+00 0.000000e+00
      vertex 3.098986e+01 8.302917e+00 0.000000e+00
      vertex 3.129362e+01 7.146646e+00 0.000000e+00
    endloop
  endfacet
  facet normal -1.112395e-16 2.405968e-16 -1.000000e+00
    outer loop
      vertex 3.129362e+01 -7.146580e+00 0.000000e+00
      vertex 3.098986e+01 8.302917e+00 0.000000e+00
      vertex 3.129362e+01 7.146646e+00 0.000000e+00
    endloop
  endfacet
  facet normal -1.112395e-16 2.405968e-16 -1.000000e+00
    outer loop
      vertex 3.129362e+01 -7.146580e+00 0.000000e+00
      vertex 3.129362e+01 7.146646e+00 0.000000e+00
      vertex 3.148086e+01 -6.260878e+00 0.000000e+00
    endloop
  endfacet
  facet normal -1.112395e-16 2.405968e-16 -1.000000e+00
    outer loop
      vertex 3.129362e+01 -7.146580e+00 0.000000e+00
      vertex 3.129362e+01 7.146646e+00 0.000000e+00
      vertex 3.148086e+01 -6.260878e+00 0.000000e+00
    endloop
  endfacet
  facet normal -1.112395e-16 2.405968e-16 -1.000000e+00
    outer loop
      vertex 3.129362e+01 -7.146580e+00 0.000000e+00
      vertex 3.129362e+01 7.146646e+00 0.000000e+00
      vertex 3.148086e+01 -6.260878e+00 0.000000e+00
    endloop
  endfacet
  facet normal -1.112395e-16 2.405968e-16 -1.000000e+00
    outer loop
      vertex 3.148086e+01 -6.260878e+00 0.000000e+00
      vertex 3.129362e+01 7.146646e+00 0.000000e+00
      vertex 3.148086e+01 6.260878e+00 0.000000e+00
    endloop
  endfacet
  facet normal -1.112395e-16 2.405968e-16 -1.000000e+00
    outer loop
      vertex 3.148086e+01 -6.260878e+00 0.000000e+00
      vertex 3.129362e+01 7.146646e+00 0.000000e+00
      vertex 3.148086e+01 6.260878e+00 0.000000e+00
    endloop
  endfacet
  facet normal -1.112395e-16 2.405968e-16 -1.000000e+00
    outer loop
      vertex 3.148086e+01 -6.260878e+00 0.000000e+00
      vertex 3.129362e+01 7.146646e+00 0.000000e+00
      vertex 3.148086e+01 6.260878e+00 0.000000e+00
    endloop
  endfacet
  facet normal -1.112395e-16 2.405968e-16 -1.000000e+00
    outer loop
      vertex 3.148086e+01 -6.260878e+00 0.000000e+00
      vertex 3.148086e+01 6.260878e+00 0.000000e+00
      vertex 3.180406e+01 -4.476413e+00 0.000000e+00
    endloop
  endfacet
  facet normal -1.112395e-16 2.405968e-16 -1.000000e+00
    outer loop
      vertex 3.148086e+01 -6.260878e+00 0.000000e+00
      vertex 3.148086e+01 6.260878e+00 0.000000e+00
      vertex 3.180406e+01 -4.476413e+00 0.000000e+00
    endloop
  endfacet
  facet normal -1.112395e-16 2.405968e-16 -1.000000e+00
    outer loop
      vertex 3.148086e+01 -6.260878e+00 0.000000e+00
      vertex 3.148086e+01 6.260878e+00 0.000000e+00
      vertex 3.180406e+01 -4.476413e+00 0.000000e+00
    endloop
  endfacet
  facet normal -1.112395e-16 2.405968e-16 -1.000000e+00
    outer loop
      vertex 3.180406e+01 -4.476413e+00 0.000000e+00
      vertex 3.148086e+01 6.260878e+00 0.000000e+00
      vertex 3.180406e+01 4.476413e+00 0.000000e+00
    endloop
  endfacet
  facet normal -1.112395e-16 2.405968e-16 -1.000000e+00
    outer loop
      vertex 3.180406e+01 -4.476413e+00 0.000000e+00
      vertex 3.148086e+01 6.260878e+00 0.000000e+00
      vertex 3.180406e+01 4.476413e+00 0.000000e+00
    endloop
  endfacet
  facet normal -1.112395e-16 2.405968e-16 -1.000000e+00
    outer loop
      vertex 3.180406e+01 -4.476413e+00 0.000000e+00
      vertex 3.148086e+01 6.260878e+00 0.000000e+00
      vertex 3.180406e+01 4.476413e+00 0.000000e+00
    endloop
  endfacet
  facet normal -1.112395e-16 2.405968e-16 -1.000000e+00
    outer loop
      vertex 3.180406e+01 -4.476413e+00 0.000000e+00
      vertex 3.180406e+01 4.476413e+00 0.000000e+00
      vertex 3.187903e+01 3.906865e+00 0.000000e+00
    endloop
  endfacet
  facet normal -1.112395e-16 2.405968e-16 -1.000000e+00
    outer loop
      vertex 3.180406e+01 -4.476413e+00 0.000000e+00
      vertex 3.180406e+01 4.476413e+00 0.000000e+00
      vertex 3.187903e+01 3.906865e+00 0.000000e+00
    endloop
  endfacet
  facet normal -1.112395e-16 2.405968e-16 -1.000000e+00
    outer loop
      vertex 3.180406e+01 -4.476413e+00 0.000000e+00
      vertex 3.180406e+01 4.476413e+00 0.000000e+00
      vertex 3.187903e+01 3.906865e+00 0.000000e+00
    endloop
  endfacet
  facet normal -1.112395e-16 2.405968e-16 -1.000000e+00
    outer loop
      vertex 3.180406e+01 -4.476413e+00 0.000000e+00
      vertex 3.187903e+01 3.906865e+00 0.000000e+00
      vertex 3.187903e+01 -3.906865e+00 0.000000e+00
    endloop
  endfacet
  facet normal -1.112395e-16 2.405968e-16 -1.000000e+00
    outer loop
      vertex 3.180406e+01 -4.476413e+00 0.000000e+00
      vertex 3.187903e+01 3.906865e+00 0.000000e+00
      vertex 3.187903e+01 -3.906865e+00 0.000000e+00
    endloop
  endfacet
  facet normal -1.112395e-16 2.405968e-16 -1.000000e+00
    outer loop
      vertex 3.180406e+01 -4.476413e+00 0.000000e+00
      vertex 3.187903e+01 3.906865e+00 0.000000e+00
      vertex 3.187903e+01 -3.906865e+00 0.000000e+00
    endloop
  endfacet
  facet normal -1.112395e-16 2.405968e-16 -1.000000e+00
    outer loop
      vertex 3.187903e+01 -3.906865e+00 0.000000e+00
      vertex 3.187903e+01 3.906865e+00 0.000000e+00
      vertex 3.202872e+01 2.099542e+00 0.000000e+00
    endloop
  endfacet
  facet normal -1.112395e-16 2.405968e-16 -1.000000e+00
    outer loop
      vertex 3.187903e+01 -3.906865e+00 0.000000e+00
      vertex 3.187903e+01 3.906865e+00 0.000000e+00
      vertex 3.202872e+01 2.099542e+00 0.000000e+00
    endloop
  endfacet
  facet normal -1.112395e-16 2.405968e-16 -1.000000e+00
    outer loop
      vertex 3.187903e+01 -3.906865e+00 0.000000e+00
      vertex 3.187903e+01 3.906865e+00 0.000000e+00
      vertex 3.202872e+01 2.099542e+00 0.000000e+00
    endloop
  endfacet
  facet normal -1.112395e-16 2.405968e-16 -1.000000e+00
    outer loop
      vertex 3.187903e+01 -3.906865e+00 0.000000e+00
      vertex 3.202872e+01 2.099542e+00 0.000000e+00
      vertex 3.202872e+01 -2.099542e+00 0.000000e+00
    endloop
  endfacet
  facet normal -1.112395e-16 2.405968e-16 -1.000000e+00
    outer loop
      vertex 3.187903e+01 -3.906865e+00 0.000000e+00
      vertex 3.202872e+01 2.099542e+00 0.000000e+00
      vertex 3.202872e+01 -2.099542e+00 0.000000e+00
    endloop
  endfacet
  facet normal -1.112395e-16 2.405968e-16 -1.000000e+00
    outer loop
      vertex 3.187903e+01 -3.906865e+00 0.000000e+00
      vertex 3.202872e+01 2.099542e+00 0.000000e+00
      vertex 3.202872e+01 -2.099542e+00 0.000000e+00
    endloop
  endfacet
  facet normal -1.112395e-16 2.405968e-16 -1.000000e+00
    outer loop
      vertex 3.202872e+01 -2.099542e+00 0.000000e+00
      vertex 3.202872e+01 2.099542e+00 0.000000e+00
      vertex 3.207711e+01 1.195554e+00 0.000000e+00
    endloop
  endfacet
  facet normal -1.112395e-16 2.405968e-16 -1.000000e+00
    outer loop
      vertex 3.202872e+01 -2.099542e+00 0.000000e+00
      vertex 3.202872e+01 2.099542e+00 0.000000e+00
      vertex 3.207711e+01 1.195554e+00 0.000000e+00
    endloop
  endfacet
  facet normal -1.112395e-16 2.405968e-16 -1.000000e+00
    outer loop
      vertex 3.202872e+01 -2.099542e+00 0.000000e+00
      vertex 3.202872e+01 2.099542e+00 0.000000e+00
      vertex 3.207711e+01 1.195554e+00 0.000000e+00
    endloop
  endfacet
  facet normal -1.112395e-16 2.405968e-16 -1.000000e+00
    outer loop
      vertex 3.202872e+01 -2.099542e+00 0.000000e+00
      vertex 3.207711e+01 1.195554e+00 0.000000e+00
      vertex 3.207711e+01 -1.195489e+00 0.000000e+00
    endloop
  endfacet
  facet normal -1.112395e-16 2.405968e-16 -1.000000e+00
    outer loop
      vertex 3.202872e+01 -2.099542e+00 0.000000e+00
      vertex 3.207711e+01 1.195554e+00 0.000000e+00
      vertex 3.207711e+01 -1.195489e+00 0.000000e+00
    endloop
  endfacet
  facet normal -1.112395e-16 2.405968e-16 -1.000000e+00
    outer loop
      vertex 3.202872e+01 -2.099542e+00 0.000000e+00
      vertex 3.207711e+01 1.195554e+00 0.000000e+00
      vertex 3.207711e+01 -1.195489e+00 0.000000e+00
    endloop
  endfacet
endsolid Default
