solid Default
  facet normal -4.741820e-01 -8.591511e-01 1.923820e-01
    outer loop
      vertex -2.465013e+01 -1.267474e+01 2.671257e+01
      vertex -3.271000e+01 -8.761935e+00 2.432032e+01
      vertex -1.441639e+01 -1.979801e+01 2.012493e+01
    endloop
  endfacet
  facet normal -4.741820e-01 -8.591511e-01 1.923820e-01
    outer loop
      vertex -2.698251e+01 -7.231949e+00 4.527046e+01
      vertex -3.271000e+01 -8.761935e+00 2.432032e+01
      vertex -2.704368e+01 -1.028120e+01 3.150219e+01
    endloop
  endfacet
  facet normal -4.741820e-01 -8.591511e-01 1.923820e-01
    outer loop
      vertex -1.419653e+01 -1.898107e+01 2.431522e+01
      vertex -2.465013e+01 -1.267474e+01 2.671257e+01
      vertex -1.441639e+01 -1.979801e+01 2.012493e+01
    endloop
  endfacet
  facet normal -4.741820e-01 -8.591511e-01 1.923820e-01
    outer loop
      vertex -2.704368e+01 -1.028120e+01 3.150219e+01
      vertex -2.377071e+01 -9.406907e+00 4.347371e+01
      vertex -2.698251e+01 -7.231949e+00 4.527046e+01
    endloop
  endfacet
  facet normal -2.630630e-01 -7.027071e-02 -9.622161e-01
    outer loop
      vertex -1.332099e+01 -1.570941e+01 1.952686e+01
      vertex -1.441639e+01 -1.979801e+01 2.012493e+01
      vertex -2.377445e+01 -9.403092e+00 2.192424e+01
    endloop
  endfacet
  facet normal -2.630630e-01 -7.027071e-02 -9.622161e-01
    outer loop
      vertex -3.271000e+01 -8.761935e+00 2.432032e+01
      vertex -2.238576e+01 9.944177e+00 2.013163e+01
      vertex -2.529253e+01 -3.737913e+00 2.192550e+01
    endloop
  endfacet
  facet normal -2.630630e-01 -7.027071e-02 -9.622161e-01
    outer loop
      vertex -3.271000e+01 -8.761935e+00 2.432032e+01
      vertex -2.377445e+01 -9.403092e+00 2.192424e+01
      vertex -1.441639e+01 -1.979801e+01 2.012493e+01
    endloop
  endfacet
  facet normal -2.630630e-01 -7.027071e-02 -9.622161e-01
    outer loop
      vertex -2.529253e+01 -3.737913e+00 2.192550e+01
      vertex -2.238576e+01 9.944177e+00 2.013163e+01
      vertex -1.939291e+01 6.951309e+00 1.953196e+01
    endloop
  endfacet
  facet normal -8.402081e-01 5.068741e-01 1.926890e-01
    outer loop
      vertex -2.178649e+01 9.344844e+00 2.432159e+01
      vertex -2.238576e+01 9.944177e+00 2.013163e+01
      vertex -2.768609e+01 -1.344371e+00 2.671512e+01
    endloop
  endfacet
  facet normal -8.402081e-01 5.068741e-01 1.926890e-01
    outer loop
      vertex -3.271000e+01 -8.761935e+00 2.432032e+01
      vertex -2.698251e+01 -7.231949e+00 4.527046e+01
      vertex -2.856156e+01 -4.616020e+00 3.150348e+01
    endloop
  endfacet
  facet normal -8.402081e-01 5.068741e-01 1.926890e-01
    outer loop
      vertex -3.271000e+01 -8.761935e+00 2.432032e+01
      vertex -2.768609e+01 -1.344371e+00 2.671512e+01
      vertex -2.238576e+01 9.944177e+00 2.013163e+01
    endloop
  endfacet
  facet normal -8.402081e-01 5.068741e-01 1.926890e-01
    outer loop
      vertex -2.856156e+01 -4.616020e+00 3.150348e+01
      vertex -2.698251e+01 -7.231949e+00 4.527046e+01
      vertex -2.528859e+01 -3.741728e+00 4.347499e+01
    endloop
  endfacet
  facet normal 5.772479e-01 -5.772479e-01 -5.775549e-01
    outer loop
      vertex -2.680792e+01 1.924722e+00 3.629310e+01
      vertex -2.266072e+01 6.071916e+00 3.629310e+01
      vertex -2.528859e+01 -3.741728e+00 4.347499e+01
    endloop
  endfacet
  facet normal 5.772479e-01 -5.772479e-01 -5.775549e-01
    outer loop
      vertex -2.528859e+01 -3.741728e+00 4.347499e+01
      vertex -2.698251e+01 -7.231949e+00 4.527046e+01
      vertex -2.680792e+01 1.924722e+00 3.629310e+01
    endloop
  endfacet
  facet normal 5.772479e-01 -5.772479e-01 -5.775549e-01
    outer loop
      vertex -2.698251e+01 -7.231949e+00 4.527046e+01
      vertex -2.943579e+01 -7.888928e+00 4.347499e+01
      vertex -2.680792e+01 1.924722e+00 3.629310e+01
    endloop
  endfacet
  facet normal 2.112219e-01 7.887778e-01 -5.772478e-01
    outer loop
      vertex -2.377071e+01 -9.406907e+00 4.347371e+01
      vertex -1.658880e+01 -1.658880e+01 3.628800e+01
      vertex -2.698251e+01 -7.231949e+00 4.527046e+01
    endloop
  endfacet
  facet normal 2.112219e-01 7.887778e-01 -5.772478e-01
    outer loop
      vertex -1.658880e+01 -1.658880e+01 3.628800e+01
      vertex -2.225408e+01 -1.507082e+01 3.628928e+01
      vertex -2.698251e+01 -7.231949e+00 4.527046e+01
    endloop
  endfacet
  facet normal 2.112219e-01 7.887778e-01 -5.772478e-01
    outer loop
      vertex -2.225408e+01 -1.507082e+01 3.628928e+01
      vertex -2.943579e+01 -7.888928e+00 4.347499e+01
      vertex -2.698251e+01 -7.231949e+00 4.527046e+01
    endloop
  endfacet
  facet normal 8.402081e-01 -5.068741e-01 -1.926890e-01
    outer loop
      vertex -2.704368e+01 -1.028120e+01 3.150219e+01
      vertex -2.616800e+01 -7.009556e+00 2.671386e+01
      vertex -1.962221e+01 -5.260993e+00 5.065687e+01
    endloop
  endfacet
  facet normal 8.402081e-01 -5.068741e-01 -1.926890e-01
    outer loop
      vertex -2.377071e+01 -9.406907e+00 4.347371e+01
      vertex -2.704368e+01 -1.028120e+01 3.150219e+01
      vertex -1.962221e+01 -5.260993e+00 5.065687e+01
    endloop
  endfacet
  facet normal 8.402081e-01 -5.068741e-01 -1.926890e-01
    outer loop
      vertex -2.213423e+01 -8.969772e+00 4.945947e+01
      vertex -2.377071e+01 -9.406907e+00 4.347371e+01
      vertex -1.962221e+01 -5.260993e+00 5.065687e+01
    endloop
  endfacet
  facet normal -7.885727e-01 -2.114269e-01 5.774528e-01
    outer loop
      vertex -3.271000e+01 -8.761935e+00 2.432032e+01
      vertex -2.073600e+01 -2.073600e+01 3.628800e+01
      vertex -2.704368e+01 -1.028120e+01 3.150219e+01
    endloop
  endfacet
  facet normal -7.885727e-01 -2.114269e-01 5.774528e-01
    outer loop
      vertex -2.704368e+01 -1.028120e+01 3.150219e+01
      vertex -2.073600e+01 -2.073600e+01 3.628800e+01
      vertex -2.225408e+01 -1.507082e+01 3.628928e+01
    endloop
  endfacet
  facet normal -2.114269e-01 -7.885727e-01 -5.774528e-01
    outer loop
      vertex -2.073600e+01 -2.073600e+01 3.628800e+01
      vertex -3.271000e+01 -8.761935e+00 2.432032e+01
      vertex -2.465013e+01 -1.267474e+01 2.671257e+01
    endloop
  endfacet
  facet normal -2.114269e-01 -7.885727e-01 -5.774528e-01
    outer loop
      vertex -2.465013e+01 -1.267474e+01 2.671257e+01
      vertex -1.986044e+01 -1.746436e+01 3.149964e+01
      vertex -2.073600e+01 -2.073600e+01 3.628800e+01
    endloop
  endfacet
  facet normal 2.630630e-01 7.027071e-02 9.622161e-01
    outer loop
      vertex -5.260993e+00 -1.962221e+01 2.191913e+01
      vertex -2.465013e+01 -1.267474e+01 2.671257e+01
      vertex -1.419653e+01 -1.898107e+01 2.431522e+01
    endloop
  endfacet
  facet normal 2.630630e-01 7.027071e-02 9.622161e-01
    outer loop
      vertex -5.260993e+00 -1.962221e+01 2.191913e+01
      vertex -1.419653e+01 -1.898107e+01 2.431522e+01
      vertex -8.969772e+00 -2.213423e+01 2.311653e+01
    endloop
  endfacet
  facet normal 2.630630e-01 7.027071e-02 9.622161e-01
    outer loop
      vertex -2.616800e+01 -7.009556e+00 2.671386e+01
      vertex -2.465013e+01 -1.267474e+01 2.671257e+01
      vertex -5.260993e+00 -1.962221e+01 2.191913e+01
    endloop
  endfacet
  facet normal 1.884061e-02 9.811594e-01 -1.922791e-01
    outer loop
      vertex -1.658880e+01 -1.658880e+01 3.628800e+01
      vertex -1.419653e+01 -1.898107e+01 2.431522e+01
      vertex -1.986044e+01 -1.746436e+01 3.149964e+01
    endloop
  endfacet
  facet normal 1.884061e-02 9.811594e-01 -1.922791e-01
    outer loop
      vertex -1.986044e+01 -1.746436e+01 3.149964e+01
      vertex -1.419653e+01 -1.898107e+01 2.431522e+01
      vertex -1.441639e+01 -1.979801e+01 2.012493e+01
    endloop
  endfacet
  facet normal 1.884061e-02 9.811594e-01 -1.922791e-01
    outer loop
      vertex -1.986044e+01 -1.746436e+01 3.149964e+01
      vertex -1.441639e+01 -1.979801e+01 2.012493e+01
      vertex -1.746819e+01 -1.985661e+01 1.952686e+01
    endloop
  endfacet
  facet normal -1.922790e-01 1.922790e-01 9.623189e-01
    outer loop
      vertex -1.441639e+01 -1.979801e+01 2.012493e+01
      vertex -1.332099e+01 -1.570941e+01 1.952686e+01
      vertex -1.308657e+01 -3.502228e+00 1.713461e+01
    endloop
  endfacet
  facet normal -1.922790e-01 1.922790e-01 9.623189e-01
    outer loop
      vertex -1.441639e+01 -1.979801e+01 2.012493e+01
      vertex -1.308657e+01 -3.502228e+00 1.713461e+01
      vertex -1.723377e+01 -7.649428e+00 1.713461e+01
    endloop
  endfacet
  facet normal -1.922790e-01 1.922790e-01 9.623189e-01
    outer loop
      vertex -1.441639e+01 -1.979801e+01 2.012493e+01
      vertex -1.723377e+01 -7.649428e+00 1.713461e+01
      vertex -1.746819e+01 -1.985661e+01 1.952686e+01
    endloop
  endfacet
  facet normal 4.741820e-01 8.591511e-01 -1.923820e-01
    outer loop
      vertex -8.094214e+00 -1.886259e+01 1.832818e+01
      vertex -1.332099e+01 -1.570941e+01 1.952686e+01
      vertex -5.260993e+00 -1.962221e+01 2.191913e+01
    endloop
  endfacet
  facet normal 4.741820e-01 8.591511e-01 -1.923820e-01
    outer loop
      vertex -1.332099e+01 -1.570941e+01 1.952686e+01
      vertex -2.377445e+01 -9.403092e+00 2.192424e+01
      vertex -5.260993e+00 -1.962221e+01 2.191913e+01
    endloop
  endfacet
  facet normal 4.741820e-01 8.591511e-01 -1.923820e-01
    outer loop
      vertex -5.260993e+00 -1.962221e+01 2.191913e+01
      vertex -2.377445e+01 -9.403092e+00 2.192424e+01
      vertex -2.616800e+01 -7.009556e+00 2.671386e+01
    endloop
  endfacet
  facet normal -2.114269e-01 -7.885727e-01 -5.774528e-01
    outer loop
      vertex -2.377445e+01 -9.403092e+00 2.192424e+01
      vertex -3.271000e+01 -8.761935e+00 2.432032e+01
      vertex -1.635822e+01 -4.377784e+00 1.234621e+01
    endloop
  endfacet
  facet normal -2.114269e-01 -7.885727e-01 -5.774528e-01
    outer loop
      vertex -1.723377e+01 -7.649428e+00 1.713461e+01
      vertex -2.377445e+01 -9.403092e+00 2.192424e+01
      vertex -1.635822e+01 -4.377784e+00 1.234621e+01
    endloop
  endfacet
  facet normal -5.774530e-01 5.774530e-01 -5.771449e-01
    outer loop
      vertex -3.271000e+01 -8.761935e+00 2.432032e+01
      vertex -2.529253e+01 -3.737913e+00 2.192550e+01
      vertex -1.635822e+01 -4.377784e+00 1.234621e+01
    endloop
  endfacet
  facet normal -5.774530e-01 5.774530e-01 -5.771449e-01
    outer loop
      vertex -1.635822e+01 -4.377784e+00 1.234621e+01
      vertex -2.529253e+01 -3.737913e+00 2.192550e+01
      vertex -1.875175e+01 -1.984244e+00 1.713588e+01
    endloop
  endfacet
  facet normal 8.402081e-01 -5.068741e-01 -1.926890e-01
    outer loop
      vertex -1.436887e+01 1.436887e+01 2.192679e+01
      vertex -2.529253e+01 -3.737913e+00 2.192550e+01
      vertex -1.939291e+01 6.951309e+00 1.953196e+01
    endloop
  endfacet
  facet normal 8.402081e-01 -5.068741e-01 -1.926890e-01
    outer loop
      vertex -1.436887e+01 1.436887e+01 2.192679e+01
      vertex -1.939291e+01 6.951309e+00 1.953196e+01
      vertex -1.644311e+01 1.229591e+01 1.833521e+01
    endloop
  endfacet
  facet normal 8.402081e-01 -5.068741e-01 -1.926890e-01
    outer loop
      vertex -2.616800e+01 -7.009556e+00 2.671386e+01
      vertex -2.529253e+01 -3.737913e+00 2.192550e+01
      vertex -1.436887e+01 1.436887e+01 2.192679e+01
    endloop
  endfacet
  facet normal -7.027071e-02 -2.630630e-01 9.622161e-01
    outer loop
      vertex -1.939291e+01 6.951309e+00 1.953196e+01
      vertex -1.875175e+01 -1.984244e+00 1.713588e+01
      vertex -1.308657e+01 -3.502228e+00 1.713461e+01
    endloop
  endfacet
  facet normal -7.027071e-02 -2.630630e-01 9.622161e-01
    outer loop
      vertex -1.875175e+01 -1.984244e+00 1.713588e+01
      vertex -1.939291e+01 6.951309e+00 1.953196e+01
      vertex -2.238576e+01 9.944177e+00 2.013163e+01
    endloop
  endfacet
  facet normal -7.027071e-02 -2.630630e-01 9.622161e-01
    outer loop
      vertex -1.875175e+01 -1.984244e+00 1.713588e+01
      vertex -2.238576e+01 9.944177e+00 2.013163e+01
      vertex -2.505801e+01 8.469287e+00 1.953325e+01
    endloop
  endfacet
  facet normal 5.068741e-01 -8.402081e-01 -1.926890e-01
    outer loop
      vertex -2.505801e+01 8.469287e+00 1.953325e+01
      vertex -2.238576e+01 9.944177e+00 2.013163e+01
      vertex -2.178649e+01 9.344844e+00 2.432159e+01
    endloop
  endfacet
  facet normal 5.068741e-01 -8.402081e-01 -1.926890e-01
    outer loop
      vertex -2.266072e+01 6.071916e+00 3.629310e+01
      vertex -2.505801e+01 8.469287e+00 1.953325e+01
      vertex -2.178649e+01 9.344844e+00 2.432159e+01
    endloop
  endfacet
  facet normal 5.068741e-01 -8.402081e-01 -1.926890e-01
    outer loop
      vertex -2.266072e+01 6.071916e+00 3.629310e+01
      vertex -2.593244e+01 5.196358e+00 3.150474e+01
      vertex -2.505801e+01 8.469287e+00 1.953325e+01
    endloop
  endfacet
  facet normal 2.630630e-01 7.027071e-02 9.622161e-01
    outer loop
      vertex -2.768609e+01 -1.344371e+00 2.671512e+01
      vertex -2.616800e+01 -7.009556e+00 2.671386e+01
      vertex -1.436887e+01 1.436887e+01 2.192679e+01
    endloop
  endfacet
  facet normal 2.630630e-01 7.027071e-02 9.622161e-01
    outer loop
      vertex -2.178649e+01 9.344844e+00 2.432159e+01
      vertex -2.768609e+01 -1.344371e+00 2.671512e+01
      vertex -1.436887e+01 1.436887e+01 2.192679e+01
    endloop
  endfacet
  facet normal 2.630630e-01 7.027071e-02 9.622161e-01
    outer loop
      vertex -1.883664e+01 1.468944e+01 2.312483e+01
      vertex -2.178649e+01 9.344844e+00 2.432159e+01
      vertex -1.436887e+01 1.436887e+01 2.192679e+01
    endloop
  endfacet
  facet normal -5.774530e-01 5.774530e-01 -5.771449e-01
    outer loop
      vertex -3.271000e+01 -8.761935e+00 2.432032e+01
      vertex -2.832600e+01 7.589894e+00 3.629438e+01
      vertex -2.768609e+01 -1.344371e+00 2.671512e+01
    endloop
  endfacet
  facet normal -5.774530e-01 5.774530e-01 -5.771449e-01
    outer loop
      vertex -2.768609e+01 -1.344371e+00 2.671512e+01
      vertex -2.832600e+01 7.589894e+00 3.629438e+01
      vertex -2.593244e+01 5.196358e+00 3.150474e+01
    endloop
  endfacet
  facet normal -7.885727e-01 -2.114269e-01 5.774528e-01
    outer loop
      vertex -3.271000e+01 -8.761935e+00 2.432032e+01
      vertex -2.856156e+01 -4.616020e+00 3.150348e+01
      vertex -2.832600e+01 7.589894e+00 3.629438e+01
    endloop
  endfacet
  facet normal -7.885727e-01 -2.114269e-01 5.774528e-01
    outer loop
      vertex -2.832600e+01 7.589894e+00 3.629438e+01
      vertex -2.856156e+01 -4.616020e+00 3.150348e+01
      vertex -2.680792e+01 1.924722e+00 3.629310e+01
    endloop
  endfacet
  facet normal 4.741820e-01 8.591511e-01 -1.923820e-01
    outer loop
      vertex -2.528859e+01 -3.741728e+00 4.347499e+01
      vertex -2.365210e+01 -3.304593e+00 4.946075e+01
      vertex -1.962221e+01 -5.260993e+00 5.065687e+01
    endloop
  endfacet
  facet normal 4.741820e-01 8.591511e-01 -1.923820e-01
    outer loop
      vertex -2.528859e+01 -3.741728e+00 4.347499e+01
      vertex -1.962221e+01 -5.260993e+00 5.065687e+01
      vertex -2.616800e+01 -7.009556e+00 2.671386e+01
    endloop
  endfacet
  facet normal 4.741820e-01 8.591511e-01 -1.923820e-01
    outer loop
      vertex -2.616800e+01 -7.009556e+00 2.671386e+01
      vertex -2.856156e+01 -4.616020e+00 3.150348e+01
      vertex -2.528859e+01 -3.741728e+00 4.347499e+01
    endloop
  endfacet
  facet normal -7.887778e-01 -2.112219e-01 -5.772478e-01
    outer loop
      vertex -2.225408e+01 -1.507082e+01 3.628928e+01
      vertex -2.073600e+01 -2.073600e+01 3.628800e+01
      vertex -2.943579e+01 -7.888928e+00 4.347499e+01
    endloop
  endfacet
  facet normal -7.887778e-01 -2.112219e-01 -5.772478e-01
    outer loop
      vertex -3.270586e+01 -8.766185e+00 4.826418e+01
      vertex -2.832600e+01 7.589894e+00 3.629438e+01
      vertex -2.943579e+01 -7.888928e+00 4.347499e+01
    endloop
  endfacet
  facet normal -7.887778e-01 -2.112219e-01 -5.772478e-01
    outer loop
      vertex -3.270586e+01 -8.766185e+00 4.826418e+01
      vertex -2.943579e+01 -7.888928e+00 4.347499e+01
      vertex -2.073600e+01 -2.073600e+01 3.628800e+01
    endloop
  endfacet
  facet normal -8.291662e-01 -2.220594e-01 -5.130039e-01
    outer loop
      vertex -2.073600e+01 -2.073600e+01 3.628800e+01
      vertex -2.225408e+01 -1.507082e+01 3.628928e+01
      vertex -2.073600e+01 -2.073600e+01 3.628800e+01
    endloop
  endfacet
  facet normal -7.887778e-01 -2.112219e-01 -5.772478e-01
    outer loop
      vertex -2.943579e+01 -7.888928e+00 4.347499e+01
      vertex -2.832600e+01 7.589894e+00 3.629438e+01
      vertex -2.680792e+01 1.924722e+00 3.629310e+01
    endloop
  endfacet
  facet normal 7.887778e-01 2.112219e-01 5.772478e-01
    outer loop
      vertex -2.646390e+01 -6.713715e+00 4.616835e+01
      vertex -2.528859e+01 -3.741728e+00 4.347499e+01
      vertex -2.266072e+01 6.071916e+00 3.629310e+01
    endloop
  endfacet
  facet normal 7.887778e-01 2.112219e-01 5.772478e-01
    outer loop
      vertex -2.646390e+01 -6.713715e+00 4.616835e+01
      vertex -2.266072e+01 6.071916e+00 3.629310e+01
      vertex -2.680667e+01 1.923446e+00 4.347626e+01
    endloop
  endfacet
  facet normal 7.887778e-01 2.112219e-01 5.772478e-01
    outer loop
      vertex -2.646390e+01 -6.713715e+00 4.616835e+01
      vertex -2.680667e+01 1.923446e+00 4.347626e+01
      vertex -2.855866e+01 -4.618986e+00 4.826418e+01
    endloop
  endfacet
  facet normal 5.773503e-01 -5.773503e-01 5.773503e-01
    outer loop
      vertex -2.266072e+01 6.071916e+00 3.629310e+01
      vertex -2.616800e+01 -7.009556e+00 2.671386e+01
      vertex -1.915339e+01 1.915339e+01 4.587235e+01
    endloop
  endfacet
  facet normal 5.774530e-01 -5.774530e-01 5.771449e-01
    outer loop
      vertex -2.266072e+01 6.071916e+00 3.629310e+01
      vertex -2.680792e+01 1.924722e+00 3.629310e+01
      vertex -2.616800e+01 -7.009556e+00 2.671386e+01
    endloop
  endfacet
  facet normal 5.774530e-01 -5.774530e-01 5.771449e-01
    outer loop
      vertex -2.856156e+01 -4.616020e+00 3.150348e+01
      vertex -2.616800e+01 -7.009556e+00 2.671386e+01
      vertex -2.680792e+01 1.924722e+00 3.629310e+01
    endloop
  endfacet
  facet normal 5.774530e-01 -5.774530e-01 5.771449e-01
    outer loop
      vertex -2.505427e+01 8.465451e+00 4.108272e+01
      vertex -1.915339e+01 1.915339e+01 4.587235e+01
      vertex -2.330063e+01 1.500619e+01 4.587235e+01
    endloop
  endfacet
  facet normal 5.774530e-01 -5.774530e-01 5.771449e-01
    outer loop
      vertex -2.505427e+01 8.465451e+00 4.108272e+01
      vertex -2.266072e+01 6.071916e+00 3.629310e+01
      vertex -1.915339e+01 1.915339e+01 4.587235e+01
    endloop
  endfacet
  facet normal 0.000000e+00 1.000000e+00 0.000000e+00
    outer loop
      vertex -1.658880e+01 -1.658880e+01 3.628800e+01
      vertex -1.658880e+01 -1.658880e+01 3.628800e+01
      vertex -1.658880e+01 -1.658880e+01 3.628800e+01
    endloop
  endfacet
  facet normal 2.114269e-01 7.885727e-01 5.774528e-01
    outer loop
      vertex -1.658880e+01 -1.658880e+01 3.628800e+01
      vertex -1.746436e+01 -1.986044e+01 4.107636e+01
      vertex -1.267474e+01 -2.465013e+01 4.586343e+01
    endloop
  endfacet
  facet normal 2.114269e-01 7.885727e-01 5.774528e-01
    outer loop
      vertex -1.658880e+01 -1.658880e+01 3.628800e+01
      vertex -1.267474e+01 -2.465013e+01 4.586343e+01
      vertex -7.009556e+00 -2.616800e+01 4.586214e+01
    endloop
  endfacet
  facet normal 7.071068e-01 7.071068e-01 0.000000e+00
    outer loop
      vertex -1.658880e+01 -1.658880e+01 3.628800e+01
      vertex -7.009556e+00 -2.616800e+01 4.586214e+01
      vertex -1.658880e+01 -1.658880e+01 3.628800e+01
    endloop
  endfacet
  facet normal 0.000000e+00 7.071068e-01 7.071068e-01
    outer loop
      vertex -1.658880e+01 -1.658880e+01 3.628800e+01
      vertex -7.009556e+00 -2.616800e+01 4.586214e+01
      vertex -2.616800e+01 -7.009556e+00 2.671386e+01
    endloop
  endfacet
  facet normal 2.114269e-01 7.885727e-01 5.774528e-01
    outer loop
      vertex -1.658880e+01 -1.658880e+01 3.628800e+01
      vertex -2.616800e+01 -7.009556e+00 2.671386e+01
      vertex -2.225408e+01 -1.507082e+01 3.628928e+01
    endloop
  endfacet
  facet normal 2.114269e-01 7.885727e-01 5.774528e-01
    outer loop
      vertex -2.616800e+01 -7.009556e+00 2.671386e+01
      vertex -2.704368e+01 -1.028120e+01 3.150219e+01
      vertex -2.225408e+01 -1.507082e+01 3.628928e+01
    endloop
  endfacet
  facet normal 0.000000e+00 -9.701425e-01 2.425354e-01
    outer loop
      vertex -2.225263e+01 -1.507209e+01 4.347244e+01
      vertex -1.658880e+01 -1.658880e+01 3.628800e+01
      vertex -1.658880e+01 -1.658880e+01 3.628800e+01
    endloop
  endfacet
  facet normal 7.887778e-01 2.112219e-01 5.772478e-01
    outer loop
      vertex -2.377071e+01 -9.406907e+00 4.347371e+01
      vertex -2.225263e+01 -1.507209e+01 4.347244e+01
      vertex -1.658880e+01 -1.658880e+01 3.628800e+01
    endloop
  endfacet
  facet normal 7.887778e-01 2.112219e-01 5.772478e-01
    outer loop
      vertex -2.627417e+01 -7.421850e+00 4.616819e+01
      vertex -2.225263e+01 -1.507209e+01 4.347244e+01
      vertex -2.377071e+01 -9.406907e+00 4.347371e+01
    endloop
  endfacet
  facet normal 7.887778e-01 2.112219e-01 5.772478e-01
    outer loop
      vertex -2.704057e+01 -1.028416e+01 4.826292e+01
      vertex -2.225263e+01 -1.507209e+01 4.347244e+01
      vertex -2.627417e+01 -7.421850e+00 4.616819e+01
    endloop
  endfacet
  facet normal -4.741820e-01 -8.591511e-01 1.923820e-01
    outer loop
      vertex -2.273267e+01 -8.371393e+00 5.065687e+01
      vertex -2.627417e+01 -7.421850e+00 4.616819e+01
      vertex -2.377071e+01 -9.406907e+00 4.347371e+01
    endloop
  endfacet
  facet normal -4.741820e-01 -8.591511e-01 1.923820e-01
    outer loop
      vertex -2.213423e+01 -8.969772e+00 4.945947e+01
      vertex -2.273267e+01 -8.371393e+00 5.065687e+01
      vertex -2.377071e+01 -9.406907e+00 4.347371e+01
    endloop
  endfacet
  facet normal -8.591511e-01 -4.741820e-01 -1.923820e-01
    outer loop
      vertex -2.273267e+01 -8.371393e+00 5.065687e+01
      vertex -2.213423e+01 -8.969772e+00 4.945947e+01
      vertex -2.028711e+01 -1.340889e+01 5.215204e+01
    endloop
  endfacet
  facet normal -8.591511e-01 -4.741820e-01 -1.923820e-01
    outer loop
      vertex -2.028711e+01 -1.340889e+01 5.215204e+01
      vertex -2.213423e+01 -8.969772e+00 4.945947e+01
      vertex -1.898107e+01 -1.419653e+01 4.826078e+01
    endloop
  endfacet
  facet normal 7.027071e-02 2.630630e-01 -9.622161e-01
    outer loop
      vertex -7.009556e+00 -2.616800e+01 4.586214e+01
      vertex -1.267474e+01 -2.465013e+01 4.586343e+01
      vertex -1.962221e+01 -5.260993e+00 5.065687e+01
    endloop
  endfacet
  facet normal 7.027071e-02 2.630630e-01 -9.622161e-01
    outer loop
      vertex -1.962221e+01 -5.260993e+00 5.065687e+01
      vertex -1.267474e+01 -2.465013e+01 4.586343e+01
      vertex -1.898107e+01 -1.419653e+01 4.826078e+01
    endloop
  endfacet
  facet normal 7.027071e-02 2.630630e-01 -9.622161e-01
    outer loop
      vertex -1.962221e+01 -5.260993e+00 5.065687e+01
      vertex -1.898107e+01 -1.419653e+01 4.826078e+01
      vertex -2.213423e+01 -8.969772e+00 4.945947e+01
    endloop
  endfacet
  facet normal 8.591511e-01 4.741820e-01 1.923820e-01
    outer loop
      vertex -9.403092e+00 -2.377445e+01 5.065176e+01
      vertex -7.009556e+00 -2.616800e+01 4.586214e+01
      vertex -1.570941e+01 -1.332099e+01 5.304914e+01
    endloop
  endfacet
  facet normal 8.591511e-01 4.741820e-01 1.923820e-01
    outer loop
      vertex -7.009556e+00 -2.616800e+01 4.586214e+01
      vertex -1.886259e+01 -8.094214e+00 5.424782e+01
      vertex -1.570941e+01 -1.332099e+01 5.304914e+01
    endloop
  endfacet
  facet normal 8.591511e-01 4.741820e-01 1.923820e-01
    outer loop
      vertex -7.009556e+00 -2.616800e+01 4.586214e+01
      vertex -1.962221e+01 -5.260993e+00 5.065687e+01
      vertex -1.886259e+01 -8.094214e+00 5.424782e+01
    endloop
  endfacet
  facet normal 5.772479e-01 -5.772479e-01 -5.775549e-01
    outer loop
      vertex -4.142099e+00 -4.152301e+00 6.502063e+01
      vertex -1.395576e+01 -6.780237e+00 5.783872e+01
      vertex 5.102570e-03 -5.102570e-03 6.502063e+01
    endloop
  endfacet
  facet normal 5.772479e-01 -5.772479e-01 -5.775549e-01
    outer loop
      vertex -1.886259e+01 -8.094214e+00 5.424782e+01
      vertex 5.102570e-03 -5.102570e-03 6.502063e+01
      vertex -1.395576e+01 -6.780237e+00 5.783872e+01
    endloop
  endfacet
  facet normal 5.772479e-01 -5.772479e-01 -5.775549e-01
    outer loop
      vertex -1.886259e+01 -8.094214e+00 5.424782e+01
      vertex -1.962221e+01 -5.260993e+00 5.065687e+01
      vertex 5.102570e-03 -5.102570e-03 6.502063e+01
    endloop
  endfacet
  facet normal 2.112219e-01 7.887778e-01 -5.772478e-01
    outer loop
      vertex -1.547374e+01 -1.115066e+00 5.783996e+01
      vertex -5.660078e+00 1.512878e+00 6.502187e+01
      vertex 5.102570e-03 -5.102570e-03 6.502063e+01
    endloop
  endfacet
  facet normal 2.112219e-01 7.887778e-01 -5.772478e-01
    outer loop
      vertex -1.547374e+01 -1.115066e+00 5.783996e+01
      vertex 5.102570e-03 -5.102570e-03 6.502063e+01
      vertex -1.962221e+01 -5.260993e+00 5.065687e+01
    endloop
  endfacet
  facet normal 2.112219e-01 7.887778e-01 -5.772478e-01
    outer loop
      vertex -1.962221e+01 -5.260993e+00 5.065687e+01
      vertex -2.038056e+01 -2.429036e+00 5.424909e+01
      vertex -1.547374e+01 -1.115066e+00 5.783996e+01
    endloop
  endfacet
  facet normal 9.811594e-01 1.884061e-02 1.922791e-01
    outer loop
      vertex -1.962221e+01 -5.260993e+00 5.065687e+01
      vertex -1.915339e+01 1.915339e+01 4.587235e+01
      vertex -2.002894e+01 1.588174e+01 5.066070e+01
    endloop
  endfacet
  facet normal 9.811594e-01 1.884061e-02 1.922791e-01
    outer loop
      vertex -2.002894e+01 1.588174e+01 5.066070e+01
      vertex -2.026336e+01 3.674564e+00 5.305295e+01
      vertex -1.962221e+01 -5.260993e+00 5.065687e+01
    endloop
  endfacet
  facet normal 9.811594e-01 1.884061e-02 1.922791e-01
    outer loop
      vertex -1.962221e+01 -5.260993e+00 5.065687e+01
      vertex -2.026336e+01 3.674564e+00 5.305295e+01
      vertex -2.038056e+01 -2.429036e+00 5.424909e+01
    endloop
  endfacet
  facet normal 1.922790e-01 -1.922790e-01 -9.623189e-01
    outer loop
      vertex -2.353494e+01 2.799008e+00 4.826462e+01
      vertex -2.330063e+01 1.500619e+01 4.587235e+01
      vertex -1.915339e+01 1.915339e+01 4.587235e+01
    endloop
  endfacet
  facet normal 1.922790e-01 -1.922790e-01 -9.623189e-01
    outer loop
      vertex -2.353494e+01 2.799008e+00 4.826462e+01
      vertex -1.915339e+01 1.915339e+01 4.587235e+01
      vertex -1.962221e+01 -5.260993e+00 5.065687e+01
    endloop
  endfacet
  facet normal 1.922790e-01 -1.922790e-01 -9.623189e-01
    outer loop
      vertex -1.962221e+01 -5.260993e+00 5.065687e+01
      vertex -2.365210e+01 -3.304593e+00 4.946075e+01
      vertex -2.353494e+01 2.799008e+00 4.826462e+01
    endloop
  endfacet
  facet normal -9.805067e-01 -7.805201e-02 -1.803176e-01
    outer loop
      vertex -2.073600e+01 -2.073600e+01 3.628800e+01
      vertex -2.073600e+01 -2.073600e+01 3.628800e+01
      vertex -1.674890e+01 -2.472312e+01 1.633335e+01
    endloop
  endfacet
  facet normal -9.811594e-01 -1.884061e-02 -1.922791e-01
    outer loop
      vertex -1.674890e+01 -2.472312e+01 1.633335e+01
      vertex -2.073600e+01 -2.073600e+01 3.628800e+01
      vertex -1.986044e+01 -1.746436e+01 3.149964e+01
    endloop
  endfacet
  facet normal -9.811594e-01 -1.884061e-02 -1.922791e-01
    outer loop
      vertex -1.674890e+01 -2.472312e+01 1.633335e+01
      vertex -1.986044e+01 -1.746436e+01 3.149964e+01
      vertex -1.746819e+01 -1.985661e+01 1.952686e+01
    endloop
  endfacet
  facet normal -9.811594e-01 -1.884061e-02 -1.922791e-01
    outer loop
      vertex -1.674890e+01 -2.472312e+01 1.633335e+01
      vertex -1.746819e+01 -1.985661e+01 1.952686e+01
      vertex -1.723377e+01 -7.649428e+00 1.713461e+01
    endloop
  endfacet
  facet normal -9.811594e-01 -1.884061e-02 -1.922791e-01
    outer loop
      vertex -1.674890e+01 -2.472312e+01 1.633335e+01
      vertex -1.723377e+01 -7.649428e+00 1.713461e+01
      vertex -1.635822e+01 -4.377784e+00 1.234621e+01
    endloop
  endfacet
  facet normal 7.885727e-01 2.114269e-01 -5.774528e-01
    outer loop
      vertex -1.658880e+01 -1.658880e+01 3.628800e+01
      vertex -1.986044e+01 -1.746436e+01 3.149964e+01
      vertex -2.616800e+01 -7.009556e+00 2.671386e+01
    endloop
  endfacet
  facet normal 7.071068e-01 0.000000e+00 -7.071068e-01
    outer loop
      vertex -2.616800e+01 -7.009556e+00 2.671386e+01
      vertex -7.009556e+00 -2.616800e+01 4.586214e+01
      vertex -1.658880e+01 -1.658880e+01 3.628800e+01
    endloop
  endfacet
  facet normal NaN NaN NaN
    outer loop
      vertex -2.616800e+01 -7.009556e+00 2.671386e+01
      vertex -1.658880e+01 -1.658880e+01 3.628800e+01
      vertex -1.658880e+01 -1.658880e+01 3.628800e+01
    endloop
  endfacet
  facet normal 7.885727e-01 2.114269e-01 -5.774528e-01
    outer loop
      vertex -2.465013e+01 -1.267474e+01 2.671257e+01
      vertex -2.616800e+01 -7.009556e+00 2.671386e+01
      vertex -1.986044e+01 -1.746436e+01 3.149964e+01
    endloop
  endfacet
  facet normal 1.000000e+00 0.000000e+00 0.000000e+00
    outer loop
      vertex -1.658880e+01 -1.658880e+01 3.628800e+01
      vertex -1.658880e+01 -1.658880e+01 3.628800e+01
      vertex -1.658880e+01 -1.658880e+01 3.628800e+01
    endloop
  endfacet
  facet normal 7.885727e-01 2.114269e-01 -5.774528e-01
    outer loop
      vertex -1.507082e+01 -2.225408e+01 3.628672e+01
      vertex -7.009556e+00 -2.616800e+01 4.586214e+01
      vertex -1.028120e+01 -2.704368e+01 4.107381e+01
    endloop
  endfacet
  facet normal 7.885727e-01 2.114269e-01 -5.774528e-01
    outer loop
      vertex -1.507082e+01 -2.225408e+01 3.628672e+01
      vertex -1.658880e+01 -1.658880e+01 3.628800e+01
      vertex -7.009556e+00 -2.616800e+01 4.586214e+01
    endloop
  endfacet
  facet normal 5.774530e-01 -5.774530e-01 5.771449e-01
    outer loop
      vertex -2.377445e+01 -9.403092e+00 2.192424e+01
      vertex -1.723377e+01 -7.649428e+00 1.713461e+01
      vertex -1.308657e+01 -3.502228e+00 1.713461e+01
    endloop
  endfacet
  facet normal 5.774530e-01 -5.774530e-01 5.771449e-01
    outer loop
      vertex -2.616800e+01 -7.009556e+00 2.671386e+01
      vertex -2.377445e+01 -9.403092e+00 2.192424e+01
      vertex -1.308657e+01 -3.502228e+00 1.713461e+01
    endloop
  endfacet
  facet normal 5.774530e-01 -5.774530e-01 5.771449e-01
    outer loop
      vertex -1.069304e+01 -5.895763e+00 1.234497e+01
      vertex -4.152301e+00 -4.142099e+00 7.555368e+00
      vertex -1.308657e+01 -3.502228e+00 1.713461e+01
    endloop
  endfacet
  facet normal 5.774530e-01 -5.774530e-01 5.771449e-01
    outer loop
      vertex -4.152301e+00 -4.142099e+00 7.555368e+00
      vertex -5.102570e-03 5.102570e-03 7.555368e+00
      vertex -1.308657e+01 -3.502228e+00 1.713461e+01
    endloop
  endfacet
  facet normal 4.879506e-01 -7.807192e-01 3.903610e-01
    outer loop
      vertex -5.102570e-03 5.102570e-03 7.555368e+00
      vertex -2.616800e+01 -7.009556e+00 2.671386e+01
      vertex -1.308657e+01 -3.502228e+00 1.713461e+01
    endloop
  endfacet
  facet normal -5.068741e-01 8.402081e-01 1.926890e-01
    outer loop
      vertex -7.009556e+00 -2.616800e+01 4.586214e+01
      vertex -5.260993e+00 -1.962221e+01 2.191913e+01
      vertex -1.028120e+01 -2.704368e+01 4.107381e+01
    endloop
  endfacet
  facet normal -5.068741e-01 8.402081e-01 1.926890e-01
    outer loop
      vertex -9.406907e+00 -2.377071e+01 2.910229e+01
      vertex -5.260993e+00 -1.962221e+01 2.191913e+01
      vertex -8.969772e+00 -2.213423e+01 2.311653e+01
    endloop
  endfacet
  facet normal -5.068741e-01 8.402081e-01 1.926890e-01
    outer loop
      vertex -1.028120e+01 -2.704368e+01 4.107381e+01
      vertex -5.260993e+00 -1.962221e+01 2.191913e+01
      vertex -9.406907e+00 -2.377071e+01 2.910229e+01
    endloop
  endfacet
  facet normal -5.772479e-01 5.772479e-01 5.775549e-01
    outer loop
      vertex -5.260993e+00 -1.962221e+01 2.191913e+01
      vertex -5.102570e-03 5.102570e-03 7.555368e+00
      vertex -4.152301e+00 -4.142099e+00 7.555368e+00
    endloop
  endfacet
  facet normal -5.772479e-01 5.772479e-01 5.775549e-01
    outer loop
      vertex -4.152301e+00 -4.142099e+00 7.555368e+00
      vertex -6.780237e+00 -1.395576e+01 1.473728e+01
      vertex -5.260993e+00 -1.962221e+01 2.191913e+01
    endloop
  endfacet
  facet normal -5.772479e-01 5.772479e-01 5.775549e-01
    outer loop
      vertex -5.260993e+00 -1.962221e+01 2.191913e+01
      vertex -6.780237e+00 -1.395576e+01 1.473728e+01
      vertex -8.094214e+00 -1.886259e+01 1.832818e+01
    endloop
  endfacet
  facet normal 7.887778e-01 2.112219e-01 5.772478e-01
    outer loop
      vertex 1.512878e+00 -5.660078e+00 7.554125e+00
      vertex -5.102570e-03 5.102570e-03 7.555368e+00
      vertex -1.115066e+00 -1.547374e+01 1.473604e+01
    endloop
  endfacet
  facet normal 7.887778e-01 2.112219e-01 5.772478e-01
    outer loop
      vertex -5.102570e-03 5.102570e-03 7.555368e+00
      vertex -2.429036e+00 -2.038056e+01 1.832691e+01
      vertex -1.115066e+00 -1.547374e+01 1.473604e+01
    endloop
  endfacet
  facet normal 7.887778e-01 2.112219e-01 5.772478e-01
    outer loop
      vertex -5.102570e-03 5.102570e-03 7.555368e+00
      vertex -5.260993e+00 -1.962221e+01 2.191913e+01
      vertex -2.429036e+00 -2.038056e+01 1.832691e+01
    endloop
  endfacet
  facet normal 1.884061e-02 9.811594e-01 -1.922791e-01
    outer loop
      vertex 1.588174e+01 -2.002894e+01 2.191530e+01
      vertex 3.674564e+00 -2.026336e+01 1.952305e+01
      vertex 1.915339e+01 -1.915339e+01 2.670365e+01
    endloop
  endfacet
  facet normal 1.884061e-02 9.811594e-01 -1.922791e-01
    outer loop
      vertex -2.429036e+00 -2.038056e+01 1.832691e+01
      vertex 1.915339e+01 -1.915339e+01 2.670365e+01
      vertex 3.674564e+00 -2.026336e+01 1.952305e+01
    endloop
  endfacet
  facet normal 1.884061e-02 9.811594e-01 -1.922791e-01
    outer loop
      vertex -2.429036e+00 -2.038056e+01 1.832691e+01
      vertex -5.260993e+00 -1.962221e+01 2.191913e+01
      vertex 1.915339e+01 -1.915339e+01 2.670365e+01
    endloop
  endfacet
  facet normal -1.922790e-01 1.922790e-01 9.623189e-01
    outer loop
      vertex 1.500619e+01 -2.330063e+01 2.670365e+01
      vertex 1.915339e+01 -1.915339e+01 2.670365e+01
      vertex 2.799008e+00 -2.353494e+01 2.431138e+01
    endloop
  endfacet
  facet normal -1.922790e-01 1.922790e-01 9.623189e-01
    outer loop
      vertex 1.915339e+01 -1.915339e+01 2.670365e+01
      vertex -3.304593e+00 -2.365210e+01 2.311525e+01
      vertex 2.799008e+00 -2.353494e+01 2.431138e+01
    endloop
  endfacet
  facet normal -1.922790e-01 1.922790e-01 9.623189e-01
    outer loop
      vertex 1.915339e+01 -1.915339e+01 2.670365e+01
      vertex -5.260993e+00 -1.962221e+01 2.191913e+01
      vertex -3.304593e+00 -2.365210e+01 2.311525e+01
    endloop
  endfacet
  facet normal 8.591511e-01 4.741820e-01 1.923820e-01
    outer loop
      vertex -5.260993e+00 -1.962221e+01 2.191913e+01
      vertex -4.616020e+00 -2.856156e+01 4.107252e+01
      vertex -3.741728e+00 -2.528859e+01 2.910101e+01
    endloop
  endfacet
  facet normal 8.591511e-01 4.741820e-01 1.923820e-01
    outer loop
      vertex -5.260993e+00 -1.962221e+01 2.191913e+01
      vertex -3.741728e+00 -2.528859e+01 2.910101e+01
      vertex -3.304593e+00 -2.365210e+01 2.311525e+01
    endloop
  endfacet
  facet normal 8.591511e-01 4.741820e-01 1.923820e-01
    outer loop
      vertex -7.009556e+00 -2.616800e+01 4.586214e+01
      vertex -4.616020e+00 -2.856156e+01 4.107252e+01
      vertex -5.260993e+00 -1.962221e+01 2.191913e+01
    endloop
  endfacet
  facet normal -8.591511e-01 -4.741820e-01 -1.923820e-01
    outer loop
      vertex -9.406907e+00 -2.377071e+01 2.910229e+01
      vertex -8.969772e+00 -2.213423e+01 2.311653e+01
      vertex -7.421850e+00 -2.627417e+01 2.640781e+01
    endloop
  endfacet
  facet normal -8.591511e-01 -4.741820e-01 -1.923820e-01
    outer loop
      vertex -7.421850e+00 -2.627417e+01 2.640781e+01
      vertex -8.969772e+00 -2.213423e+01 2.311653e+01
      vertex -8.371393e+00 -2.273267e+01 2.191913e+01
    endloop
  endfacet
  facet normal -4.741820e-01 -8.591511e-01 1.923820e-01
    outer loop
      vertex -8.969772e+00 -2.213423e+01 2.311653e+01
      vertex -1.419653e+01 -1.898107e+01 2.431522e+01
      vertex -1.340889e+01 -2.028711e+01 2.042396e+01
    endloop
  endfacet
  facet normal -4.741820e-01 -8.591511e-01 1.923820e-01
    outer loop
      vertex -8.371393e+00 -2.273267e+01 2.191913e+01
      vertex -8.969772e+00 -2.213423e+01 2.311653e+01
      vertex -1.340889e+01 -2.028711e+01 2.042396e+01
    endloop
  endfacet
  facet normal 9.811594e-01 1.884061e-02 1.922791e-01
    outer loop
      vertex -1.658880e+01 -1.658880e+01 3.628800e+01
      vertex -1.507209e+01 -2.225263e+01 2.910356e+01
      vertex -1.347726e+01 -2.384765e+01 2.112171e+01
    endloop
  endfacet
  facet normal 9.811594e-01 1.884061e-02 1.922791e-01
    outer loop
      vertex -1.419653e+01 -1.898107e+01 2.431522e+01
      vertex -1.658880e+01 -1.658880e+01 3.628800e+01
      vertex -1.340889e+01 -2.028711e+01 2.042396e+01
    endloop
  endfacet
  facet normal 9.811594e-01 1.884061e-02 1.922791e-01
    outer loop
      vertex -1.340889e+01 -2.028711e+01 2.042396e+01
      vertex -1.658880e+01 -1.658880e+01 3.628800e+01
      vertex -1.347726e+01 -2.384765e+01 2.112171e+01
    endloop
  endfacet
  facet normal 9.794554e-01 -2.314839e-02 2.003284e-01
    outer loop
      vertex -1.658880e+01 -1.658880e+01 3.628800e+01
      vertex -1.658880e+01 -1.658880e+01 3.628800e+01
      vertex -1.419653e+01 -1.898107e+01 2.431522e+01
    endloop
  endfacet
  facet normal 9.811594e-01 1.884061e-02 1.922791e-01
    outer loop
      vertex -1.332099e+01 -1.570941e+01 1.952686e+01
      vertex -1.329945e+01 -1.987815e+01 1.982542e+01
      vertex -1.260170e+01 -2.057590e+01 1.633335e+01
    endloop
  endfacet
  facet normal 9.811594e-01 1.884061e-02 1.922791e-01
    outer loop
      vertex -1.308657e+01 -3.502228e+00 1.713461e+01
      vertex -1.332099e+01 -1.570941e+01 1.952686e+01
      vertex -1.244544e+01 -1.243776e+01 1.473853e+01
    endloop
  endfacet
  facet normal 9.811594e-01 1.884061e-02 1.922791e-01
    outer loop
      vertex -1.244544e+01 -1.243776e+01 1.473853e+01
      vertex -1.332099e+01 -1.570941e+01 1.952686e+01
      vertex -1.260170e+01 -2.057590e+01 1.633335e+01
    endloop
  endfacet
  facet normal -2.630630e-01 -7.027071e-02 -9.622161e-01
    outer loop
      vertex -1.332099e+01 -1.570941e+01 1.952686e+01
      vertex -8.094214e+00 -1.886259e+01 1.832818e+01
      vertex -1.329945e+01 -1.987815e+01 1.982542e+01
    endloop
  endfacet
  facet normal -2.630630e-01 -7.027071e-02 -9.622161e-01
    outer loop
      vertex -1.329945e+01 -1.987815e+01 1.982542e+01
      vertex -8.094214e+00 -1.886259e+01 1.832818e+01
      vertex -7.714725e+00 -2.027887e+01 1.832787e+01
    endloop
  endfacet
  facet normal -7.887778e-01 -2.112219e-01 -5.772478e-01
    outer loop
      vertex -8.094214e+00 -1.886259e+01 1.832818e+01
      vertex -6.780237e+00 -1.395576e+01 1.473728e+01
      vertex -7.714725e+00 -2.027887e+01 1.832787e+01
    endloop
  endfacet
  facet normal -7.887778e-01 -2.112219e-01 -5.772478e-01
    outer loop
      vertex -7.714725e+00 -2.027887e+01 1.832787e+01
      vertex -6.780237e+00 -1.395576e+01 1.473728e+01
      vertex -5.123513e+00 -1.768609e+01 1.383838e+01
    endloop
  endfacet
  facet normal -8.591511e-01 -4.741820e-01 -1.923820e-01
    outer loop
      vertex -2.505801e+01 8.469287e+00 1.953325e+01
      vertex -2.686867e+01 1.304477e+01 1.634186e+01
      vertex -1.635822e+01 -4.377784e+00 1.234621e+01
    endloop
  endfacet
  facet normal -8.591511e-01 -4.741820e-01 -1.923820e-01
    outer loop
      vertex -2.832600e+01 7.589894e+00 3.629438e+01
      vertex -2.686867e+01 1.304477e+01 1.634186e+01
      vertex -2.505801e+01 8.469287e+00 1.953325e+01
    endloop
  endfacet
  facet normal -8.591511e-01 -4.741820e-01 -1.923820e-01
    outer loop
      vertex -2.505801e+01 8.469287e+00 1.953325e+01
      vertex -1.635822e+01 -4.377784e+00 1.234621e+01
      vertex -1.875175e+01 -1.984244e+00 1.713588e+01
    endloop
  endfacet
  facet normal -8.591511e-01 -4.741820e-01 -1.923820e-01
    outer loop
      vertex -2.593244e+01 5.196358e+00 3.150474e+01
      vertex -2.832600e+01 7.589894e+00 3.629438e+01
      vertex -2.505801e+01 8.469287e+00 1.953325e+01
    endloop
  endfacet
  facet normal 1.111114e-01 8.888882e-01 4.444457e-01
    outer loop
      vertex -5.102570e-03 5.102570e-03 7.555368e+00
      vertex -1.308657e+01 -3.502228e+00 1.713461e+01
      vertex -2.616800e+01 -7.009556e+00 2.671386e+01
    endloop
  endfacet
  facet normal 2.114269e-01 7.885727e-01 5.774528e-01
    outer loop
      vertex -2.616800e+01 -7.009556e+00 2.671386e+01
      vertex -1.875175e+01 -1.984244e+00 1.713588e+01
      vertex -2.529253e+01 -3.737913e+00 2.192550e+01
    endloop
  endfacet
  facet normal 2.114269e-01 7.885727e-01 5.774528e-01
    outer loop
      vertex -1.308657e+01 -3.502228e+00 1.713461e+01
      vertex -5.102570e-03 5.102570e-03 7.555368e+00
      vertex -5.670280e+00 1.523082e+00 7.556614e+00
    endloop
  endfacet
  facet normal 2.114269e-01 7.885727e-01 5.774528e-01
    outer loop
      vertex -1.308657e+01 -3.502228e+00 1.713461e+01
      vertex -5.670280e+00 1.523082e+00 7.556614e+00
      vertex -1.221102e+01 -2.305802e-01 1.234621e+01
    endloop
  endfacet
  facet normal 2.114269e-01 7.885727e-01 5.774528e-01
    outer loop
      vertex -1.875175e+01 -1.984244e+00 1.713588e+01
      vertex -2.616800e+01 -7.009556e+00 2.671386e+01
      vertex -1.308657e+01 -3.502228e+00 1.713461e+01
    endloop
  endfacet
  facet normal 7.885727e-01 2.114269e-01 -5.774528e-01
    outer loop
      vertex -2.593244e+01 5.196358e+00 3.150474e+01
      vertex -2.266072e+01 6.071916e+00 3.629310e+01
      vertex -2.616800e+01 -7.009556e+00 2.671386e+01
    endloop
  endfacet
  facet normal 7.885727e-01 2.114269e-01 -5.774528e-01
    outer loop
      vertex -2.242495e+01 1.827783e+01 4.108401e+01
      vertex -2.266072e+01 6.071916e+00 3.629310e+01
      vertex -2.417880e+01 1.173709e+01 3.629438e+01
    endloop
  endfacet
  facet normal 7.885727e-01 2.114269e-01 -5.774528e-01
    outer loop
      vertex -1.915339e+01 1.915339e+01 4.587235e+01
      vertex -2.266072e+01 6.071916e+00 3.629310e+01
      vertex -2.242495e+01 1.827783e+01 4.108401e+01
    endloop
  endfacet
  facet normal 6.666667e-01 3.333333e-01 -6.666667e-01
    outer loop
      vertex -2.616800e+01 -7.009556e+00 2.671386e+01
      vertex -2.266072e+01 6.071916e+00 3.629310e+01
      vertex -1.915339e+01 1.915339e+01 4.587235e+01
    endloop
  endfacet
  facet normal 7.885727e-01 2.114269e-01 -5.774528e-01
    outer loop
      vertex -2.768609e+01 -1.344371e+00 2.671512e+01
      vertex -2.593244e+01 5.196358e+00 3.150474e+01
      vertex -2.616800e+01 -7.009556e+00 2.671386e+01
    endloop
  endfacet
  facet normal 7.887778e-01 2.112219e-01 5.772478e-01
    outer loop
      vertex -5.102570e-03 5.102570e-03 7.555368e+00
      vertex -1.523082e+00 5.670280e+00 7.556614e+00
      vertex -8.704973e+00 1.285217e+01 1.474226e+01
    endloop
  endfacet
  facet normal 7.887778e-01 2.112219e-01 5.772478e-01
    outer loop
      vertex -5.102570e-03 5.102570e-03 7.555368e+00
      vertex -8.704973e+00 1.285217e+01 1.474226e+01
      vertex -1.229591e+01 1.644311e+01 1.833521e+01
    endloop
  endfacet
  facet normal 7.887778e-01 2.112219e-01 5.772478e-01
    outer loop
      vertex -5.102570e-03 5.102570e-03 7.555368e+00
      vertex -1.229591e+01 1.644311e+01 1.833521e+01
      vertex -1.436887e+01 1.436887e+01 2.192679e+01
    endloop
  endfacet
  facet normal -2.112219e-01 -7.887778e-01 5.772478e-01
    outer loop
      vertex -5.102570e-03 5.102570e-03 7.555368e+00
      vertex -1.285217e+01 8.704973e+00 1.474226e+01
      vertex -5.670280e+00 1.523082e+00 7.556614e+00
    endloop
  endfacet
  facet normal -2.112219e-01 -7.887778e-01 5.772478e-01
    outer loop
      vertex -1.436887e+01 1.436887e+01 2.192679e+01
      vertex -1.285217e+01 8.704973e+00 1.474226e+01
      vertex -5.102570e-03 5.102570e-03 7.555368e+00
    endloop
  endfacet
  facet normal -2.112219e-01 -7.887778e-01 5.772478e-01
    outer loop
      vertex -1.644311e+01 1.229591e+01 1.833521e+01
      vertex -1.285217e+01 8.704973e+00 1.474226e+01
      vertex -1.436887e+01 1.436887e+01 2.192679e+01
    endloop
  endfacet
  facet normal -1.884061e-02 -9.811594e-01 1.922791e-01
    outer loop
      vertex -1.436887e+01 1.436887e+01 2.192679e+01
      vertex -2.003278e+01 1.588558e+01 2.911121e+01
      vertex -1.883664e+01 1.468944e+01 2.312483e+01
    endloop
  endfacet
  facet normal -1.884061e-02 -9.811594e-01 1.922791e-01
    outer loop
      vertex -1.915339e+01 1.915339e+01 4.587235e+01
      vertex -2.003278e+01 1.588558e+01 2.911121e+01
      vertex -1.436887e+01 1.436887e+01 2.192679e+01
    endloop
  endfacet
  facet normal -1.884061e-02 -9.811594e-01 1.922791e-01
    outer loop
      vertex -2.242495e+01 1.827783e+01 4.108401e+01
      vertex -2.003278e+01 1.588558e+01 2.911121e+01
      vertex -1.915339e+01 1.915339e+01 4.587235e+01
    endloop
  endfacet
  facet normal 9.811594e-01 1.884061e-02 1.922791e-01
    outer loop
      vertex -1.436887e+01 1.436887e+01 2.192679e+01
      vertex -1.468944e+01 1.883664e+01 2.312483e+01
      vertex -1.588558e+01 2.003278e+01 2.911121e+01
    endloop
  endfacet
  facet normal 9.811594e-01 1.884061e-02 1.922791e-01
    outer loop
      vertex -1.827783e+01 2.242495e+01 4.108401e+01
      vertex -1.436887e+01 1.436887e+01 2.192679e+01
      vertex -1.588558e+01 2.003278e+01 2.911121e+01
    endloop
  endfacet
  facet normal 9.811594e-01 1.884061e-02 1.922791e-01
    outer loop
      vertex -1.915339e+01 1.915339e+01 4.587235e+01
      vertex -1.436887e+01 1.436887e+01 2.192679e+01
      vertex -1.827783e+01 2.242495e+01 4.108401e+01
    endloop
  endfacet
  facet normal -7.027071e-02 -2.630630e-01 9.622161e-01
    outer loop
      vertex -1.436887e+01 1.436887e+01 2.192679e+01
      vertex 7.009556e+00 2.616800e+01 2.671386e+01
      vertex 1.344371e+00 2.768609e+01 2.671512e+01
    endloop
  endfacet
  facet normal -7.027071e-02 -2.630630e-01 9.622161e-01
    outer loop
      vertex 1.344371e+00 2.768609e+01 2.671512e+01
      vertex -9.344844e+00 2.178649e+01 2.432159e+01
      vertex -1.436887e+01 1.436887e+01 2.192679e+01
    endloop
  endfacet
  facet normal -7.027071e-02 -2.630630e-01 9.622161e-01
    outer loop
      vertex -1.436887e+01 1.436887e+01 2.192679e+01
      vertex -9.344844e+00 2.178649e+01 2.432159e+01
      vertex -1.468944e+01 1.883664e+01 2.312483e+01
    endloop
  endfacet
  facet normal 5.068741e-01 -8.402081e-01 -1.926890e-01
    outer loop
      vertex 3.737913e+00 2.529253e+01 2.192550e+01
      vertex 7.009556e+00 2.616800e+01 2.671386e+01
      vertex -6.951309e+00 1.939291e+01 1.953196e+01
    endloop
  endfacet
  facet normal 5.068741e-01 -8.402081e-01 -1.926890e-01
    outer loop
      vertex 7.009556e+00 2.616800e+01 2.671386e+01
      vertex -1.229591e+01 1.644311e+01 1.833521e+01
      vertex -6.951309e+00 1.939291e+01 1.953196e+01
    endloop
  endfacet
  facet normal 5.068741e-01 -8.402081e-01 -1.926890e-01
    outer loop
      vertex 7.009556e+00 2.616800e+01 2.671386e+01
      vertex -1.436887e+01 1.436887e+01 2.192679e+01
      vertex -1.229591e+01 1.644311e+01 1.833521e+01
    endloop
  endfacet
  facet normal -7.887778e-01 -2.112219e-01 -5.772478e-01
    outer loop
      vertex -1.682260e+01 1.371220e+01 1.833552e+01
      vertex -1.328267e+01 1.276427e+01 1.384522e+01
      vertex -1.644311e+01 1.229591e+01 1.833521e+01
    endloop
  endfacet
  facet normal -7.887778e-01 -2.112219e-01 -5.772478e-01
    outer loop
      vertex -1.644311e+01 1.229591e+01 1.833521e+01
      vertex -1.328267e+01 1.276427e+01 1.384522e+01
      vertex -1.285217e+01 8.704973e+00 1.474226e+01
    endloop
  endfacet
  facet normal -2.630630e-01 -7.027071e-02 -9.622161e-01
    outer loop
      vertex -2.145865e+01 1.057219e+01 1.983228e+01
      vertex -1.682260e+01 1.371220e+01 1.833552e+01
      vertex -1.939291e+01 6.951309e+00 1.953196e+01
    endloop
  endfacet
  facet normal -2.630630e-01 -7.027071e-02 -9.622161e-01
    outer loop
      vertex -1.939291e+01 6.951309e+00 1.953196e+01
      vertex -1.682260e+01 1.371220e+01 1.833552e+01
      vertex -1.644311e+01 1.229591e+01 1.833521e+01
    endloop
  endfacet
  facet normal 8.591511e-01 4.741820e-01 1.923820e-01
    outer loop
      vertex -1.699937e+01 4.557773e+00 1.474226e+01
      vertex -1.939291e+01 6.951309e+00 1.953196e+01
      vertex -1.308657e+01 -3.502228e+00 1.713461e+01
    endloop
  endfacet
  facet normal 8.591511e-01 4.741820e-01 1.923820e-01
    outer loop
      vertex -2.120360e+01 1.152679e+01 1.634059e+01
      vertex -1.939291e+01 6.951309e+00 1.953196e+01
      vertex -1.699937e+01 4.557773e+00 1.474226e+01
    endloop
  endfacet
  facet normal 8.591511e-01 4.741820e-01 1.923820e-01
    outer loop
      vertex -2.145865e+01 1.057219e+01 1.983228e+01
      vertex -1.939291e+01 6.951309e+00 1.953196e+01
      vertex -2.120360e+01 1.152679e+01 1.634059e+01
    endloop
  endfacet
  facet normal 8.591511e-01 4.741820e-01 1.923820e-01
    outer loop
      vertex -2.175787e+01 1.087139e+01 2.043097e+01
      vertex -2.266072e+01 6.071916e+00 3.629310e+01
      vertex -2.178649e+01 9.344844e+00 2.432159e+01
    endloop
  endfacet
  facet normal 8.591511e-01 4.741820e-01 1.923820e-01
    outer loop
      vertex -2.359715e+01 1.392033e+01 2.113021e+01
      vertex -2.266072e+01 6.071916e+00 3.629310e+01
      vertex -2.175787e+01 1.087139e+01 2.043097e+01
    endloop
  endfacet
  facet normal 8.591511e-01 4.741820e-01 1.923820e-01
    outer loop
      vertex -2.418004e+01 1.173838e+01 2.911121e+01
      vertex -2.266072e+01 6.071916e+00 3.629310e+01
      vertex -2.359715e+01 1.392033e+01 2.113021e+01
    endloop
  endfacet
  facet normal -8.402081e-01 5.068741e-01 1.926890e-01
    outer loop
      vertex -2.178649e+01 9.344844e+00 2.432159e+01
      vertex -1.883664e+01 1.468944e+01 2.312483e+01
      vertex -2.175787e+01 1.087139e+01 2.043097e+01
    endloop
  endfacet
  facet normal -8.402081e-01 5.068741e-01 1.926890e-01
    outer loop
      vertex -2.175787e+01 1.087139e+01 2.043097e+01
      vertex -1.883664e+01 1.468944e+01 2.312483e+01
      vertex -1.861776e+01 1.550736e+01 2.192774e+01
    endloop
  endfacet
  facet normal -9.811594e-01 -1.884061e-02 -1.922791e-01
    outer loop
      vertex -2.003278e+01 1.588558e+01 2.911121e+01
      vertex -1.956570e+01 1.904730e+01 2.641802e+01
      vertex -1.883664e+01 1.468944e+01 2.312483e+01
    endloop
  endfacet
  facet normal -9.811594e-01 -1.884061e-02 -1.922791e-01
    outer loop
      vertex -1.883664e+01 1.468944e+01 2.312483e+01
      vertex -1.956570e+01 1.904730e+01 2.641802e+01
      vertex -1.861776e+01 1.550736e+01 2.192774e+01
    endloop
  endfacet
  facet normal -9.811594e-01 -1.884061e-02 -1.922791e-01
    outer loop
      vertex -2.427190e+01 1.462214e+00 5.215539e+01
      vertex -2.353494e+01 2.799008e+00 4.826462e+01
      vertex -2.387108e+01 -4.122503e+00 5.065782e+01
    endloop
  endfacet
  facet normal -9.811594e-01 -1.884061e-02 -1.922791e-01
    outer loop
      vertex -2.387108e+01 -4.122503e+00 5.065782e+01
      vertex -2.353494e+01 2.799008e+00 4.826462e+01
      vertex -2.365210e+01 -3.304593e+00 4.946075e+01
    endloop
  endfacet
  facet normal -8.402081e-01 5.068741e-01 1.926890e-01
    outer loop
      vertex -2.646390e+01 -6.713715e+00 4.616835e+01
      vertex -2.387108e+01 -4.122503e+00 5.065782e+01
      vertex -2.528859e+01 -3.741728e+00 4.347499e+01
    endloop
  endfacet
  facet normal -8.402081e-01 5.068741e-01 1.926890e-01
    outer loop
      vertex -2.528859e+01 -3.741728e+00 4.347499e+01
      vertex -2.387108e+01 -4.122503e+00 5.065782e+01
      vertex -2.365210e+01 -3.304593e+00 4.946075e+01
    endloop
  endfacet
  facet normal -9.811594e-01 -1.884061e-02 -1.922791e-01
    outer loop
      vertex -2.472312e+01 -1.674890e+01 5.624265e+01
      vertex -2.452779e+01 -6.576236e+00 5.424909e+01
      vertex -2.376947e+01 -9.408193e+00 5.065687e+01
    endloop
  endfacet
  facet normal -9.811594e-01 -1.884061e-02 -1.922791e-01
    outer loop
      vertex -2.472312e+01 -1.674890e+01 5.624265e+01
      vertex -2.376947e+01 -9.408193e+00 5.065687e+01
      vertex -2.384765e+01 -1.347726e+01 5.145429e+01
    endloop
  endfacet
  facet normal -9.811594e-01 -1.884061e-02 -1.922791e-01
    outer loop
      vertex -2.472312e+01 -1.674890e+01 5.624265e+01
      vertex -2.384765e+01 -1.347726e+01 5.145429e+01
      vertex -2.073600e+01 -2.073600e+01 3.628800e+01
    endloop
  endfacet
  facet normal -9.811594e-01 -1.884061e-02 -1.922791e-01
    outer loop
      vertex -2.384765e+01 -1.347726e+01 5.145429e+01
      vertex -2.225263e+01 -1.507209e+01 4.347244e+01
      vertex -2.073600e+01 -2.073600e+01 3.628800e+01
    endloop
  endfacet
  facet normal -1.884061e-02 -9.811594e-01 1.922791e-01
    outer loop
      vertex -1.985661e+01 -1.746819e+01 5.304914e+01
      vertex -2.472312e+01 -1.674890e+01 5.624265e+01
      vertex -2.073600e+01 -2.073600e+01 3.628800e+01
    endloop
  endfacet
  facet normal -1.884061e-02 -9.811594e-01 1.922791e-01
    outer loop
      vertex -1.985661e+01 -1.746819e+01 5.304914e+01
      vertex -7.649428e+00 -1.723377e+01 5.544139e+01
      vertex -4.377784e+00 -1.635822e+01 6.022979e+01
    endloop
  endfacet
  facet normal -1.884061e-02 -9.811594e-01 1.922791e-01
    outer loop
      vertex -4.377784e+00 -1.635822e+01 6.022979e+01
      vertex -2.472312e+01 -1.674890e+01 5.624265e+01
      vertex -1.985661e+01 -1.746819e+01 5.304914e+01
    endloop
  endfacet
  facet normal -8.058234e-02 -9.669876e-01 2.417468e-01
    outer loop
      vertex -1.746436e+01 -1.986044e+01 4.107636e+01
      vertex -2.073600e+01 -2.073600e+01 3.628800e+01
      vertex -2.073600e+01 -2.073600e+01 3.628800e+01
    endloop
  endfacet
  facet normal -1.884061e-02 -9.811594e-01 1.922791e-01
    outer loop
      vertex -1.746436e+01 -1.986044e+01 4.107636e+01
      vertex -1.985661e+01 -1.746819e+01 5.304914e+01
      vertex -2.073600e+01 -2.073600e+01 3.628800e+01
    endloop
  endfacet
  facet normal -2.404038e-01 -7.960849e-01 5.553871e-01
    outer loop
      vertex -2.073600e+01 -2.073600e+01 3.628800e+01
      vertex -2.073600e+01 -2.073600e+01 3.628800e+01
      vertex -8.766185e+00 -3.270586e+01 2.431182e+01
    endloop
  endfacet
  facet normal -2.112219e-01 -7.887778e-01 5.772478e-01
    outer loop
      vertex -7.888928e+00 -2.943579e+01 2.910101e+01
      vertex -2.073600e+01 -2.073600e+01 3.628800e+01
      vertex -8.766185e+00 -3.270586e+01 2.431182e+01
    endloop
  endfacet
  facet normal -2.112219e-01 -7.887778e-01 5.772478e-01
    outer loop
      vertex 7.589894e+00 -2.832600e+01 3.628162e+01
      vertex -7.888928e+00 -2.943579e+01 2.910101e+01
      vertex -8.766185e+00 -3.270586e+01 2.431182e+01
    endloop
  endfacet
  facet normal -2.112219e-01 -7.887778e-01 5.772478e-01
    outer loop
      vertex -7.888928e+00 -2.943579e+01 2.910101e+01
      vertex -1.507082e+01 -2.225408e+01 3.628672e+01
      vertex -2.073600e+01 -2.073600e+01 3.628800e+01
    endloop
  endfacet
  facet normal -2.112219e-01 -7.887778e-01 5.772478e-01
    outer loop
      vertex 1.924722e+00 -2.680792e+01 3.628290e+01
      vertex -7.888928e+00 -2.943579e+01 2.910101e+01
      vertex 7.589894e+00 -2.832600e+01 3.628162e+01
    endloop
  endfacet
  facet normal -7.887778e-01 -2.112219e-01 -5.772478e-01
    outer loop
      vertex -2.073600e+01 -2.073600e+01 3.628800e+01
      vertex -1.507209e+01 -2.225263e+01 2.910356e+01
      vertex -8.766185e+00 -3.270586e+01 2.431182e+01
    endloop
  endfacet
  facet normal -7.887778e-01 -2.112219e-01 -5.772478e-01
    outer loop
      vertex -8.766185e+00 -3.270586e+01 2.431182e+01
      vertex -1.507209e+01 -2.225263e+01 2.910356e+01
      vertex -1.028416e+01 -2.704057e+01 2.431308e+01
    endloop
  endfacet
  facet normal -7.887778e-01 -2.112219e-01 -5.772478e-01
    outer loop
      vertex -8.766185e+00 -3.270586e+01 2.431182e+01
      vertex -1.028416e+01 -2.704057e+01 2.431308e+01
      vertex -9.408193e+00 -2.376947e+01 2.191913e+01
    endloop
  endfacet
  facet normal -7.887778e-01 -2.112219e-01 -5.772478e-01
    outer loop
      vertex -8.766185e+00 -3.270586e+01 2.431182e+01
      vertex -9.408193e+00 -2.376947e+01 2.191913e+01
      vertex -6.576236e+00 -2.452779e+01 1.832691e+01
    endloop
  endfacet
  facet normal -1.884061e-02 -9.811594e-01 1.922791e-01
    outer loop
      vertex -1.507209e+01 -2.225263e+01 2.910356e+01
      vertex -2.073600e+01 -2.073600e+01 3.628800e+01
      vertex -1.674890e+01 -2.472312e+01 1.633335e+01
    endloop
  endfacet
  facet normal -1.884061e-02 -9.811594e-01 1.922791e-01
    outer loop
      vertex -1.347726e+01 -2.384765e+01 2.112171e+01
      vertex -1.507209e+01 -2.225263e+01 2.910356e+01
      vertex -1.674890e+01 -2.472312e+01 1.633335e+01
    endloop
  endfacet
  facet normal -1.884061e-02 -9.811594e-01 1.922791e-01
    outer loop
      vertex -6.576236e+00 -2.452779e+01 1.832691e+01
      vertex -9.408193e+00 -2.376947e+01 2.191913e+01
      vertex -1.674890e+01 -2.472312e+01 1.633335e+01
    endloop
  endfacet
  facet normal -1.884061e-02 -9.811594e-01 1.922791e-01
    outer loop
      vertex -9.408193e+00 -2.376947e+01 2.191913e+01
      vertex -1.347726e+01 -2.384765e+01 2.112171e+01
      vertex -1.674890e+01 -2.472312e+01 1.633335e+01
    endloop
  endfacet
  facet normal -2.112219e-01 -7.887778e-01 5.772478e-01
    outer loop
      vertex -2.225263e+01 -1.507209e+01 4.347244e+01
      vertex -3.270586e+01 -8.766185e+00 4.826418e+01
      vertex -2.073600e+01 -2.073600e+01 3.628800e+01
    endloop
  endfacet
  facet normal -2.112219e-01 -7.887778e-01 5.772478e-01
    outer loop
      vertex -2.704057e+01 -1.028416e+01 4.826292e+01
      vertex -3.270586e+01 -8.766185e+00 4.826418e+01
      vertex -2.225263e+01 -1.507209e+01 4.347244e+01
    endloop
  endfacet
  facet normal -2.112219e-01 -7.887778e-01 5.772478e-01
    outer loop
      vertex -2.452779e+01 -6.576236e+00 5.424909e+01
      vertex -3.270586e+01 -8.766185e+00 4.826418e+01
      vertex -2.704057e+01 -1.028416e+01 4.826292e+01
    endloop
  endfacet
  facet normal -2.112219e-01 -7.887778e-01 5.772478e-01
    outer loop
      vertex -2.452779e+01 -6.576236e+00 5.424909e+01
      vertex -2.704057e+01 -1.028416e+01 4.826292e+01
      vertex -2.376947e+01 -9.408193e+00 5.065687e+01
    endloop
  endfacet
  facet normal -5.772479e-01 5.772479e-01 5.775549e-01
    outer loop
      vertex -2.528735e+01 -3.743014e+00 5.065815e+01
      vertex -3.270586e+01 -8.766185e+00 4.826418e+01
      vertex -2.452779e+01 -6.576236e+00 5.424909e+01
    endloop
  endfacet
  facet normal -5.772479e-01 5.772479e-01 5.775549e-01
    outer loop
      vertex -2.855866e+01 -4.618986e+00 4.826418e+01
      vertex -3.270586e+01 -8.766185e+00 4.826418e+01
      vertex -2.528735e+01 -3.743014e+00 5.065815e+01
    endloop
  endfacet
  facet normal -5.772479e-01 5.772479e-01 5.775549e-01
    outer loop
      vertex -2.832600e+01 7.589894e+00 3.629438e+01
      vertex -3.270586e+01 -8.766185e+00 4.826418e+01
      vertex -2.855866e+01 -4.618986e+00 4.826418e+01
    endloop
  endfacet
  facet normal -5.772479e-01 5.772479e-01 5.775549e-01
    outer loop
      vertex -2.832600e+01 7.589894e+00 3.629438e+01
      vertex -2.855866e+01 -4.618986e+00 4.826418e+01
      vertex -2.680667e+01 1.923446e+00 4.347626e+01
    endloop
  endfacet
  facet normal -5.068741e-01 8.402081e-01 1.926890e-01
    outer loop
      vertex -2.832600e+01 7.589894e+00 3.629438e+01
      vertex -2.418004e+01 1.173838e+01 2.911121e+01
      vertex -2.686867e+01 1.304477e+01 1.634186e+01
    endloop
  endfacet
  facet normal -5.068741e-01 8.402081e-01 1.926890e-01
    outer loop
      vertex -2.686867e+01 1.304477e+01 1.634186e+01
      vertex -2.418004e+01 1.173838e+01 2.911121e+01
      vertex -2.359715e+01 1.392033e+01 2.113021e+01
    endloop
  endfacet
  facet normal -5.068741e-01 8.402081e-01 1.926890e-01
    outer loop
      vertex -2.686867e+01 1.304477e+01 1.634186e+01
      vertex -2.359715e+01 1.392033e+01 2.113021e+01
      vertex -2.003405e+01 1.588684e+01 2.192805e+01
    endloop
  endfacet
  facet normal -5.068741e-01 8.402081e-01 1.926890e-01
    outer loop
      vertex -2.686867e+01 1.304477e+01 1.634186e+01
      vertex -2.003405e+01 1.588684e+01 2.192805e+01
      vertex -1.796109e+01 1.796109e+01 1.833647e+01
    endloop
  endfacet
  facet normal -7.887778e-01 -2.112219e-01 -5.772478e-01
    outer loop
      vertex -2.832600e+01 7.589894e+00 3.629438e+01
      vertex -2.394593e+01 2.394593e+01 2.432457e+01
      vertex -2.418004e+01 1.173838e+01 2.911121e+01
    endloop
  endfacet
  facet normal -7.887778e-01 -2.112219e-01 -5.772478e-01
    outer loop
      vertex -2.003405e+01 1.588684e+01 2.192805e+01
      vertex -2.394593e+01 2.394593e+01 2.432457e+01
      vertex -1.796109e+01 1.796109e+01 1.833647e+01
    endloop
  endfacet
  facet normal -7.887778e-01 -2.112219e-01 -5.772478e-01
    outer loop
      vertex -2.242806e+01 1.828082e+01 2.432329e+01
      vertex -2.394593e+01 2.394593e+01 2.432457e+01
      vertex -2.003405e+01 1.588684e+01 2.192805e+01
    endloop
  endfacet
  facet normal -7.887778e-01 -2.112219e-01 -5.772478e-01
    outer loop
      vertex -2.418004e+01 1.173838e+01 2.911121e+01
      vertex -2.394593e+01 2.394593e+01 2.432457e+01
      vertex -2.242806e+01 1.828082e+01 2.432329e+01
    endloop
  endfacet
  facet normal -5.772479e-01 5.772479e-01 5.775549e-01
    outer loop
      vertex -2.155072e+01 2.155072e+01 2.911249e+01
      vertex -2.394593e+01 2.394593e+01 2.432457e+01
      vertex -2.417880e+01 1.173709e+01 3.629438e+01
    endloop
  endfacet
  facet normal -5.772479e-01 5.772479e-01 5.775549e-01
    outer loop
      vertex -2.417880e+01 1.173709e+01 3.629438e+01
      vertex -2.394593e+01 2.394593e+01 2.432457e+01
      vertex -2.832600e+01 7.589894e+00 3.629438e+01
    endloop
  endfacet
  facet normal -5.772479e-01 5.772479e-01 5.775549e-01
    outer loop
      vertex -1.173709e+01 2.417880e+01 3.629438e+01
      vertex -2.394593e+01 2.394593e+01 2.432457e+01
      vertex -2.155072e+01 2.155072e+01 2.911249e+01
    endloop
  endfacet
  facet normal -5.772479e-01 5.772479e-01 5.775549e-01
    outer loop
      vertex -7.589894e+00 2.832600e+01 3.629438e+01
      vertex -2.394593e+01 2.394593e+01 2.432457e+01
      vertex -1.173709e+01 2.417880e+01 3.629438e+01
    endloop
  endfacet
  facet normal -5.068741e-01 8.402081e-01 1.926890e-01
    outer loop
      vertex -2.505427e+01 8.465451e+00 4.108272e+01
      vertex -2.832600e+01 7.589894e+00 3.629438e+01
      vertex -2.592850e+01 5.192543e+00 5.305424e+01
    endloop
  endfacet
  facet normal -5.068741e-01 8.402081e-01 1.926890e-01
    outer loop
      vertex -2.978312e+01 2.135041e+00 5.624690e+01
      vertex -1.196768e+01 1.196768e+01 6.023621e+01
      vertex -2.592850e+01 5.192543e+00 5.305424e+01
    endloop
  endfacet
  facet normal -5.068741e-01 8.402081e-01 1.926890e-01
    outer loop
      vertex -2.978312e+01 2.135041e+00 5.624690e+01
      vertex -2.592850e+01 5.192543e+00 5.305424e+01
      vertex -2.832600e+01 7.589894e+00 3.629438e+01
    endloop
  endfacet
  facet normal -5.068741e-01 8.402081e-01 1.926890e-01
    outer loop
      vertex -2.592850e+01 5.192543e+00 5.305424e+01
      vertex -1.196768e+01 1.196768e+01 6.023621e+01
      vertex -1.523932e+01 1.109212e+01 5.544777e+01
    endloop
  endfacet
  facet normal -8.591511e-01 -4.741820e-01 -1.923820e-01
    outer loop
      vertex -2.978312e+01 2.135041e+00 5.624690e+01
      vertex -2.832600e+01 7.589894e+00 3.629438e+01
      vertex -2.680667e+01 1.923446e+00 4.347626e+01
    endloop
  endfacet
  facet normal -8.591511e-01 -4.741820e-01 -1.923820e-01
    outer loop
      vertex -2.978312e+01 2.135041e+00 5.624690e+01
      vertex -2.680667e+01 1.923446e+00 4.347626e+01
      vertex -2.738956e+01 -2.585012e-01 5.145728e+01
    endloop
  endfacet
  facet normal -8.591511e-01 -4.741820e-01 -1.923820e-01
    outer loop
      vertex -2.978312e+01 2.135041e+00 5.624690e+01
      vertex -2.738956e+01 -2.585012e-01 5.145728e+01
      vertex -2.452779e+01 -6.576236e+00 5.424909e+01
    endloop
  endfacet
  facet normal -8.591511e-01 -4.741820e-01 -1.923820e-01
    outer loop
      vertex -2.738956e+01 -2.585012e-01 5.145728e+01
      vertex -2.528735e+01 -3.743014e+00 5.065815e+01
      vertex -2.452779e+01 -6.576236e+00 5.424909e+01
    endloop
  endfacet
  facet normal 2.112219e-01 7.887778e-01 -5.772478e-01
    outer loop
      vertex -2.387108e+01 -4.122503e+00 5.065782e+01
      vertex -2.646390e+01 -6.713715e+00 4.616835e+01
      vertex -2.528735e+01 -3.743014e+00 5.065815e+01
    endloop
  endfacet
  facet normal 2.112219e-01 7.887778e-01 -5.772478e-01
    outer loop
      vertex -2.528735e+01 -3.743014e+00 5.065815e+01
      vertex -2.646390e+01 -6.713715e+00 4.616835e+01
      vertex -2.855866e+01 -4.618986e+00 4.826418e+01
    endloop
  endfacet
  facet normal 5.068741e-01 -8.402081e-01 -1.926890e-01
    outer loop
      vertex -2.353494e+01 2.799008e+00 4.826462e+01
      vertex -2.680667e+01 1.923446e+00 4.347626e+01
      vertex -2.266072e+01 6.071916e+00 3.629310e+01
    endloop
  endfacet
  facet normal 5.068741e-01 -8.402081e-01 -1.926890e-01
    outer loop
      vertex -2.427190e+01 1.462214e+00 5.215539e+01
      vertex -2.680667e+01 1.923446e+00 4.347626e+01
      vertex -2.353494e+01 2.799008e+00 4.826462e+01
    endloop
  endfacet
  facet normal 5.068741e-01 -8.402081e-01 -1.926890e-01
    outer loop
      vertex -2.738956e+01 -2.585012e-01 5.145728e+01
      vertex -2.680667e+01 1.923446e+00 4.347626e+01
      vertex -2.427190e+01 1.462214e+00 5.215539e+01
    endloop
  endfacet
  facet normal 8.591511e-01 4.741820e-01 1.923820e-01
    outer loop
      vertex -2.435194e+01 2.579164e+00 5.245491e+01
      vertex -2.353494e+01 2.799008e+00 4.826462e+01
      vertex -2.266072e+01 6.071916e+00 3.629310e+01
    endloop
  endfacet
  facet normal 8.591511e-01 4.741820e-01 1.923820e-01
    outer loop
      vertex -2.435194e+01 2.579164e+00 5.245491e+01
      vertex -2.266072e+01 6.071916e+00 3.629310e+01
      vertex -2.505427e+01 8.465451e+00 4.108272e+01
    endloop
  endfacet
  facet normal 8.591511e-01 4.741820e-01 1.923820e-01
    outer loop
      vertex -2.435194e+01 2.579164e+00 5.245491e+01
      vertex -2.505427e+01 8.465451e+00 4.108272e+01
      vertex -2.592850e+01 5.192543e+00 5.305424e+01
    endloop
  endfacet
  facet normal -7.885727e-01 -2.114269e-01 5.774528e-01
    outer loop
      vertex -2.832600e+01 7.589894e+00 3.629438e+01
      vertex -2.505427e+01 8.465451e+00 4.108272e+01
      vertex -2.394179e+01 2.394179e+01 4.826843e+01
    endloop
  endfacet
  facet normal -7.885727e-01 -2.114269e-01 5.774528e-01
    outer loop
      vertex -2.394179e+01 2.394179e+01 4.826843e+01
      vertex -2.505427e+01 8.465451e+00 4.108272e+01
      vertex -2.330063e+01 1.500619e+01 4.587235e+01
    endloop
  endfacet
  facet normal -4.866640e-01 -8.111072e-01 -3.244432e-01
    outer loop
      vertex -9.574143e+00 9.574143e+00 5.544649e+01
      vertex -1.915339e+01 1.915339e+01 4.587235e+01
      vertex 5.102570e-03 -5.102570e-03 6.502063e+01
    endloop
  endfacet
  facet normal -2.114269e-01 -7.885727e-01 -5.774528e-01
    outer loop
      vertex -9.574143e+00 9.574143e+00 5.544649e+01
      vertex -1.523932e+01 1.109212e+01 5.544777e+01
      vertex -1.915339e+01 1.915339e+01 4.587235e+01
    endloop
  endfacet
  facet normal -2.114269e-01 -7.885727e-01 -5.774528e-01
    outer loop
      vertex -2.002894e+01 1.588174e+01 5.066070e+01
      vertex -1.915339e+01 1.915339e+01 4.587235e+01
      vertex -1.523932e+01 1.109212e+01 5.544777e+01
    endloop
  endfacet
  facet normal -2.114269e-01 -7.885727e-01 -5.774528e-01
    outer loop
      vertex -1.044970e+01 6.302500e+00 6.023476e+01
      vertex 5.102570e-03 -5.102570e-03 6.502063e+01
      vertex -5.660078e+00 1.512878e+00 6.502187e+01
    endloop
  endfacet
  facet normal -2.114269e-01 -7.885727e-01 -5.774528e-01
    outer loop
      vertex -1.044970e+01 6.302500e+00 6.023476e+01
      vertex -9.574143e+00 9.574143e+00 5.544649e+01
      vertex 5.102570e-03 -5.102570e-03 6.502063e+01
    endloop
  endfacet
  facet normal 7.885727e-01 2.114269e-01 -5.774528e-01
    outer loop
      vertex -1.915339e+01 1.915339e+01 4.587235e+01
      vertex -1.588174e+01 2.002894e+01 5.066070e+01
      vertex -1.109212e+01 1.523932e+01 5.544777e+01
    endloop
  endfacet
  facet normal 7.885727e-01 2.114269e-01 -5.774528e-01
    outer loop
      vertex -9.574143e+00 9.574143e+00 5.544649e+01
      vertex -1.915339e+01 1.915339e+01 4.587235e+01
      vertex -1.109212e+01 1.523932e+01 5.544777e+01
    endloop
  endfacet
  facet normal 7.885727e-01 2.114269e-01 -5.774528e-01
    outer loop
      vertex -1.512878e+00 5.660078e+00 6.502187e+01
      vertex -9.574143e+00 9.574143e+00 5.544649e+01
      vertex -6.302500e+00 1.044970e+01 6.023476e+01
    endloop
  endfacet
  facet normal 7.885727e-01 2.114269e-01 -5.774528e-01
    outer loop
      vertex 5.102570e-03 -5.102570e-03 6.502063e+01
      vertex -9.574143e+00 9.574143e+00 5.544649e+01
      vertex -1.512878e+00 5.660078e+00 6.502187e+01
    endloop
  endfacet
  facet normal 8.017835e-01 2.672621e-01 -5.345223e-01
    outer loop
      vertex -1.915339e+01 1.915339e+01 4.587235e+01
      vertex -9.574143e+00 9.574143e+00 5.544649e+01
      vertex 5.102570e-03 -5.102570e-03 6.502063e+01
    endloop
  endfacet
  facet normal 5.774530e-01 -5.774530e-01 5.771449e-01
    outer loop
      vertex -6.071916e+00 2.266072e+01 3.629310e+01
      vertex 7.009556e+00 2.616800e+01 2.671386e+01
      vertex -1.924722e+00 2.680792e+01 3.629310e+01
    endloop
  endfacet
  facet normal 5.774530e-01 -5.774530e-01 5.771449e-01
    outer loop
      vertex -1.924722e+00 2.680792e+01 3.629310e+01
      vertex 7.009556e+00 2.616800e+01 2.671386e+01
      vertex 4.616020e+00 2.856156e+01 3.150348e+01
    endloop
  endfacet
  facet normal 5.773503e-01 -5.773503e-01 5.773503e-01
    outer loop
      vertex -1.915339e+01 1.915339e+01 4.587235e+01
      vertex 7.009556e+00 2.616800e+01 2.671386e+01
      vertex -6.071916e+00 2.266072e+01 3.629310e+01
    endloop
  endfacet
  facet normal 5.774530e-01 -5.774530e-01 5.771449e-01
    outer loop
      vertex -1.500619e+01 2.330063e+01 4.587235e+01
      vertex -6.071916e+00 2.266072e+01 3.629310e+01
      vertex -8.465451e+00 2.505427e+01 4.108272e+01
    endloop
  endfacet
  facet normal 5.774530e-01 -5.774530e-01 5.771449e-01
    outer loop
      vertex -1.915339e+01 1.915339e+01 4.587235e+01
      vertex -6.071916e+00 2.266072e+01 3.629310e+01
      vertex -1.500619e+01 2.330063e+01 4.587235e+01
    endloop
  endfacet
  facet normal -2.114269e-01 -7.885727e-01 -5.774528e-01
    outer loop
      vertex -1.827783e+01 2.242495e+01 4.108401e+01
      vertex -1.173709e+01 2.417880e+01 3.629438e+01
      vertex -6.071916e+00 2.266072e+01 3.629310e+01
    endloop
  endfacet
  facet normal -2.114269e-01 -7.885727e-01 -5.774528e-01
    outer loop
      vertex -1.915339e+01 1.915339e+01 4.587235e+01
      vertex -1.827783e+01 2.242495e+01 4.108401e+01
      vertex -6.071916e+00 2.266072e+01 3.629310e+01
    endloop
  endfacet
  facet normal -2.114269e-01 -7.885727e-01 -5.774528e-01
    outer loop
      vertex -5.196358e+00 2.593244e+01 3.150474e+01
      vertex 1.344371e+00 2.768609e+01 2.671512e+01
      vertex -6.071916e+00 2.266072e+01 3.629310e+01
    endloop
  endfacet
  facet normal -2.114269e-01 -7.885727e-01 -5.774528e-01
    outer loop
      vertex 1.344371e+00 2.768609e+01 2.671512e+01
      vertex 7.009556e+00 2.616800e+01 2.671386e+01
      vertex -6.071916e+00 2.266072e+01 3.629310e+01
    endloop
  endfacet
  facet normal -1.961167e-01 -7.844638e-01 -5.883493e-01
    outer loop
      vertex 7.009556e+00 2.616800e+01 2.671386e+01
      vertex -1.915339e+01 1.915339e+01 4.587235e+01
      vertex -6.071916e+00 2.266072e+01 3.629310e+01
    endloop
  endfacet
  facet normal -5.773503e-01 5.773503e-01 -5.773503e-01
    outer loop
      vertex 1.915339e+01 -1.915339e+01 2.670365e+01
      vertex 6.071916e+00 -2.266072e+01 3.628290e+01
      vertex -7.009556e+00 -2.616800e+01 4.586214e+01
    endloop
  endfacet
  facet normal -5.774530e-01 5.774530e-01 -5.771449e-01
    outer loop
      vertex -7.009556e+00 -2.616800e+01 4.586214e+01
      vertex 1.924722e+00 -2.680792e+01 3.628290e+01
      vertex -4.616020e+00 -2.856156e+01 4.107252e+01
    endloop
  endfacet
  facet normal -5.774530e-01 5.774530e-01 -5.771449e-01
    outer loop
      vertex 6.071916e+00 -2.266072e+01 3.628290e+01
      vertex 1.915339e+01 -1.915339e+01 2.670365e+01
      vertex 1.500619e+01 -2.330063e+01 2.670365e+01
    endloop
  endfacet
  facet normal -5.774530e-01 5.774530e-01 -5.771449e-01
    outer loop
      vertex 6.071916e+00 -2.266072e+01 3.628290e+01
      vertex 1.500619e+01 -2.330063e+01 2.670365e+01
      vertex 8.465451e+00 -2.505427e+01 3.149328e+01
    endloop
  endfacet
  facet normal -5.774530e-01 5.774530e-01 -5.771449e-01
    outer loop
      vertex 1.924722e+00 -2.680792e+01 3.628290e+01
      vertex -7.009556e+00 -2.616800e+01 4.586214e+01
      vertex 6.071916e+00 -2.266072e+01 3.628290e+01
    endloop
  endfacet
  facet normal 2.114269e-01 7.885727e-01 5.774528e-01
    outer loop
      vertex -1.344371e+00 -2.768609e+01 4.586088e+01
      vertex 5.196358e+00 -2.593244e+01 4.107126e+01
      vertex -7.009556e+00 -2.616800e+01 4.586214e+01
    endloop
  endfacet
  facet normal 2.114269e-01 7.885727e-01 5.774528e-01
    outer loop
      vertex -7.009556e+00 -2.616800e+01 4.586214e+01
      vertex 5.196358e+00 -2.593244e+01 4.107126e+01
      vertex 6.071916e+00 -2.266072e+01 3.628290e+01
    endloop
  endfacet
  facet normal 2.114269e-01 7.885727e-01 5.774528e-01
    outer loop
      vertex 6.071916e+00 -2.266072e+01 3.628290e+01
      vertex 1.173709e+01 -2.417880e+01 3.628162e+01
      vertex 1.827783e+01 -2.242495e+01 3.149199e+01
    endloop
  endfacet
  facet normal 2.114269e-01 7.885727e-01 5.774528e-01
    outer loop
      vertex 6.071916e+00 -2.266072e+01 3.628290e+01
      vertex 1.827783e+01 -2.242495e+01 3.149199e+01
      vertex 1.915339e+01 -1.915339e+01 2.670365e+01
    endloop
  endfacet
  facet normal 3.333320e-01 6.666670e-01 6.666670e-01
    outer loop
      vertex 6.071916e+00 -2.266072e+01 3.628290e+01
      vertex 1.915339e+01 -1.915339e+01 2.670365e+01
      vertex -7.009556e+00 -2.616800e+01 4.586214e+01
    endloop
  endfacet
  facet normal 7.885727e-01 2.114269e-01 -5.774528e-01
    outer loop
      vertex -3.502228e+00 -1.308657e+01 5.544139e+01
      vertex 5.102570e-03 -5.102570e-03 6.502063e+01
      vertex -2.305802e-01 -1.221102e+01 6.022979e+01
    endloop
  endfacet
  facet normal 7.885727e-01 2.114269e-01 -5.774528e-01
    outer loop
      vertex -2.305802e-01 -1.221102e+01 6.022979e+01
      vertex 5.102570e-03 -5.102570e-03 6.502063e+01
      vertex 1.523082e+00 -5.670280e+00 6.501939e+01
    endloop
  endfacet
  facet normal 8.888882e-01 1.111114e-01 -4.444457e-01
    outer loop
      vertex -7.009556e+00 -2.616800e+01 4.586214e+01
      vertex 5.102570e-03 -5.102570e-03 6.502063e+01
      vertex -3.502228e+00 -1.308657e+01 5.544139e+01
    endloop
  endfacet
  facet normal 7.885727e-01 2.114269e-01 -5.774528e-01
    outer loop
      vertex -3.737913e+00 -2.529253e+01 5.065050e+01
      vertex -3.502228e+00 -1.308657e+01 5.544139e+01
      vertex -1.984244e+00 -1.875175e+01 5.544012e+01
    endloop
  endfacet
  facet normal 7.885727e-01 2.114269e-01 -5.774528e-01
    outer loop
      vertex -7.009556e+00 -2.616800e+01 4.586214e+01
      vertex -3.502228e+00 -1.308657e+01 5.544139e+01
      vertex -3.737913e+00 -2.529253e+01 5.065050e+01
    endloop
  endfacet
  facet normal -5.774530e-01 5.774530e-01 -5.771449e-01
    outer loop
      vertex -3.502228e+00 -1.308657e+01 5.544139e+01
      vertex -5.895763e+00 -1.069304e+01 6.023103e+01
      vertex -4.142099e+00 -4.152301e+00 6.502063e+01
    endloop
  endfacet
  facet normal -5.774530e-01 5.774530e-01 -5.771449e-01
    outer loop
      vertex -3.502228e+00 -1.308657e+01 5.544139e+01
      vertex -4.142099e+00 -4.152301e+00 6.502063e+01
      vertex 5.102570e-03 -5.102570e-03 6.502063e+01
    endloop
  endfacet
  facet normal -7.058823e-01 5.294112e-01 -4.705889e-01
    outer loop
      vertex -3.502228e+00 -1.308657e+01 5.544139e+01
      vertex 5.102570e-03 -5.102570e-03 6.502063e+01
      vertex -7.009556e+00 -2.616800e+01 4.586214e+01
    endloop
  endfacet
  facet normal -5.774530e-01 5.774530e-01 -5.771449e-01
    outer loop
      vertex -3.502228e+00 -1.308657e+01 5.544139e+01
      vertex -7.009556e+00 -2.616800e+01 4.586214e+01
      vertex -7.649428e+00 -1.723377e+01 5.544139e+01
    endloop
  endfacet
  facet normal -5.774530e-01 5.774530e-01 -5.771449e-01
    outer loop
      vertex -7.009556e+00 -2.616800e+01 4.586214e+01
      vertex -9.403092e+00 -2.377445e+01 5.065176e+01
      vertex -7.649428e+00 -1.723377e+01 5.544139e+01
    endloop
  endfacet
  facet normal -7.885727e-01 -2.114269e-01 5.774528e-01
    outer loop
      vertex -2.073600e+01 -2.073600e+01 3.628800e+01
      vertex -8.761935e+00 -3.271000e+01 4.825568e+01
      vertex -1.746436e+01 -1.986044e+01 4.107636e+01
    endloop
  endfacet
  facet normal -7.885727e-01 -2.114269e-01 5.774528e-01
    outer loop
      vertex -1.746436e+01 -1.986044e+01 4.107636e+01
      vertex -8.761935e+00 -3.271000e+01 4.825568e+01
      vertex -1.267474e+01 -2.465013e+01 4.586343e+01
    endloop
  endfacet
  facet normal 9.811594e-01 1.884061e-02 1.922791e-01
    outer loop
      vertex -1.898107e+01 -1.419653e+01 4.826078e+01
      vertex -1.746436e+01 -1.986044e+01 4.107636e+01
      vertex -1.658880e+01 -1.658880e+01 3.628800e+01
    endloop
  endfacet
  facet normal 9.811594e-01 1.884061e-02 1.922791e-01
    outer loop
      vertex -1.746436e+01 -1.986044e+01 4.107636e+01
      vertex -1.898107e+01 -1.419653e+01 4.826078e+01
      vertex -1.979801e+01 -1.441639e+01 5.245107e+01
    endloop
  endfacet
  facet normal 9.811594e-01 1.884061e-02 1.922791e-01
    outer loop
      vertex -1.746436e+01 -1.986044e+01 4.107636e+01
      vertex -1.979801e+01 -1.441639e+01 5.245107e+01
      vertex -1.985661e+01 -1.746819e+01 5.304914e+01
    endloop
  endfacet
  facet normal 1.884061e-02 9.811594e-01 -1.922791e-01
    outer loop
      vertex -1.898107e+01 -1.419653e+01 4.826078e+01
      vertex -1.658880e+01 -1.658880e+01 3.628800e+01
      vertex -2.028711e+01 -1.340889e+01 5.215204e+01
    endloop
  endfacet
  facet normal -2.330752e-02 9.791688e-01 -2.017056e-01
    outer loop
      vertex -1.658880e+01 -1.658880e+01 3.628800e+01
      vertex -1.658880e+01 -1.658880e+01 3.628800e+01
      vertex -2.028711e+01 -1.340889e+01 5.215204e+01
    endloop
  endfacet
  facet normal 1.884061e-02 9.811594e-01 -1.922791e-01
    outer loop
      vertex -1.658880e+01 -1.658880e+01 3.628800e+01
      vertex -2.225263e+01 -1.507209e+01 4.347244e+01
      vertex -2.028711e+01 -1.340889e+01 5.215204e+01
    endloop
  endfacet
  facet normal 1.884061e-02 9.811594e-01 -1.922791e-01
    outer loop
      vertex -2.225263e+01 -1.507209e+01 4.347244e+01
      vertex -2.384765e+01 -1.347726e+01 5.145429e+01
      vertex -2.028711e+01 -1.340889e+01 5.215204e+01
    endloop
  endfacet
  facet normal 5.772479e-01 -5.772479e-01 -5.775549e-01
    outer loop
      vertex -2.273267e+01 -8.371393e+00 5.065687e+01
      vertex -2.376947e+01 -9.408193e+00 5.065687e+01
      vertex -2.627417e+01 -7.421850e+00 4.616819e+01
    endloop
  endfacet
  facet normal 5.772479e-01 -5.772479e-01 -5.775549e-01
    outer loop
      vertex -2.627417e+01 -7.421850e+00 4.616819e+01
      vertex -2.376947e+01 -9.408193e+00 5.065687e+01
      vertex -2.704057e+01 -1.028416e+01 4.826292e+01
    endloop
  endfacet
  facet normal 1.922790e-01 -1.922790e-01 -9.623189e-01
    outer loop
      vertex -2.273267e+01 -8.371393e+00 5.065687e+01
      vertex -2.028711e+01 -1.340889e+01 5.215204e+01
      vertex -2.376947e+01 -9.408193e+00 5.065687e+01
    endloop
  endfacet
  facet normal 1.922790e-01 -1.922790e-01 -9.623189e-01
    outer loop
      vertex -2.376947e+01 -9.408193e+00 5.065687e+01
      vertex -2.028711e+01 -1.340889e+01 5.215204e+01
      vertex -2.384765e+01 -1.347726e+01 5.145429e+01
    endloop
  endfacet
  facet normal -8.591511e-01 -4.741820e-01 -1.923820e-01
    outer loop
      vertex -1.979801e+01 -1.441639e+01 5.245107e+01
      vertex -1.898107e+01 -1.419653e+01 4.826078e+01
      vertex -8.761935e+00 -3.271000e+01 4.825568e+01
    endloop
  endfacet
  facet normal -8.591511e-01 -4.741820e-01 -1.923820e-01
    outer loop
      vertex -8.761935e+00 -3.271000e+01 4.825568e+01
      vertex -1.898107e+01 -1.419653e+01 4.826078e+01
      vertex -1.267474e+01 -2.465013e+01 4.586343e+01
    endloop
  endfacet
  facet normal -8.591511e-01 -4.741820e-01 -1.923820e-01
    outer loop
      vertex -1.028120e+01 -2.704368e+01 4.107381e+01
      vertex -9.406907e+00 -2.377071e+01 2.910229e+01
      vertex -8.761935e+00 -3.271000e+01 4.825568e+01
    endloop
  endfacet
  facet normal -8.591511e-01 -4.741820e-01 -1.923820e-01
    outer loop
      vertex -8.761935e+00 -3.271000e+01 4.825568e+01
      vertex -9.406907e+00 -2.377071e+01 2.910229e+01
      vertex -7.231949e+00 -2.698251e+01 2.730554e+01
    endloop
  endfacet
  facet normal -7.027071e-02 -2.630630e-01 9.622161e-01
    outer loop
      vertex -1.886259e+01 -8.094214e+00 5.424782e+01
      vertex -2.027887e+01 -7.714725e+00 5.424813e+01
      vertex -1.987815e+01 -1.329945e+01 5.275058e+01
    endloop
  endfacet
  facet normal -7.027071e-02 -2.630630e-01 9.622161e-01
    outer loop
      vertex -1.570941e+01 -1.332099e+01 5.304914e+01
      vertex -1.886259e+01 -8.094214e+00 5.424782e+01
      vertex -1.987815e+01 -1.329945e+01 5.275058e+01
    endloop
  endfacet
  facet normal -2.112219e-01 -7.887778e-01 5.772478e-01
    outer loop
      vertex -1.768609e+01 -5.123513e+00 5.873762e+01
      vertex -2.027887e+01 -7.714725e+00 5.424813e+01
      vertex -1.886259e+01 -8.094214e+00 5.424782e+01
    endloop
  endfacet
  facet normal -2.112219e-01 -7.887778e-01 5.772478e-01
    outer loop
      vertex -1.395576e+01 -6.780237e+00 5.783872e+01
      vertex -1.768609e+01 -5.123513e+00 5.873762e+01
      vertex -1.886259e+01 -8.094214e+00 5.424782e+01
    endloop
  endfacet
  facet normal -7.885727e-01 -2.114269e-01 5.774528e-01
    outer loop
      vertex -7.649428e+00 -1.723377e+01 5.544139e+01
      vertex -9.403092e+00 -2.377445e+01 5.065176e+01
      vertex -8.761935e+00 -3.271000e+01 4.825568e+01
    endloop
  endfacet
  facet normal -7.885727e-01 -2.114269e-01 5.774528e-01
    outer loop
      vertex -7.649428e+00 -1.723377e+01 5.544139e+01
      vertex -8.761935e+00 -3.271000e+01 4.825568e+01
      vertex -4.377784e+00 -1.635822e+01 6.022979e+01
    endloop
  endfacet
  facet normal -7.027071e-02 -2.630630e-01 9.622161e-01
    outer loop
      vertex -1.570941e+01 -1.332099e+01 5.304914e+01
      vertex -1.979801e+01 -1.441639e+01 5.245107e+01
      vertex -8.761935e+00 -3.271000e+01 4.825568e+01
    endloop
  endfacet
  facet normal -7.027071e-02 -2.630630e-01 9.622161e-01
    outer loop
      vertex 9.944177e+00 -2.238576e+01 5.244437e+01
      vertex -3.737913e+00 -2.529253e+01 5.065050e+01
      vertex -8.761935e+00 -3.271000e+01 4.825568e+01
    endloop
  endfacet
  facet normal -7.027071e-02 -2.630630e-01 9.622161e-01
    outer loop
      vertex -9.403092e+00 -2.377445e+01 5.065176e+01
      vertex -1.570941e+01 -1.332099e+01 5.304914e+01
      vertex -8.761935e+00 -3.271000e+01 4.825568e+01
    endloop
  endfacet
  facet normal -7.027071e-02 -2.630630e-01 9.622161e-01
    outer loop
      vertex 6.951309e+00 -1.939291e+01 5.304404e+01
      vertex -3.737913e+00 -2.529253e+01 5.065050e+01
      vertex 9.944177e+00 -2.238576e+01 5.244437e+01
    endloop
  endfacet
  facet normal 1.922790e-01 -1.922790e-01 -9.623189e-01
    outer loop
      vertex -1.570941e+01 -1.332099e+01 5.304914e+01
      vertex -3.502228e+00 -1.308657e+01 5.544139e+01
      vertex -1.979801e+01 -1.441639e+01 5.245107e+01
    endloop
  endfacet
  facet normal 1.922790e-01 -1.922790e-01 -9.623189e-01
    outer loop
      vertex -3.502228e+00 -1.308657e+01 5.544139e+01
      vertex -7.649428e+00 -1.723377e+01 5.544139e+01
      vertex -1.979801e+01 -1.441639e+01 5.245107e+01
    endloop
  endfacet
  facet normal 1.922790e-01 -1.922790e-01 -9.623189e-01
    outer loop
      vertex -7.649428e+00 -1.723377e+01 5.544139e+01
      vertex -1.985661e+01 -1.746819e+01 5.304914e+01
      vertex -1.979801e+01 -1.441639e+01 5.245107e+01
    endloop
  endfacet
  facet normal 1.884061e-02 9.811594e-01 -1.922791e-01
    outer loop
      vertex -1.243776e+01 -1.244544e+01 5.783747e+01
      vertex -3.502228e+00 -1.308657e+01 5.544139e+01
      vertex -1.570941e+01 -1.332099e+01 5.304914e+01
    endloop
  endfacet
  facet normal 1.884061e-02 9.811594e-01 -1.922791e-01
    outer loop
      vertex -1.243776e+01 -1.244544e+01 5.783747e+01
      vertex -1.570941e+01 -1.332099e+01 5.304914e+01
      vertex -1.987815e+01 -1.329945e+01 5.275058e+01
    endloop
  endfacet
  facet normal 1.884061e-02 9.811594e-01 -1.922791e-01
    outer loop
      vertex -1.243776e+01 -1.244544e+01 5.783747e+01
      vertex -1.987815e+01 -1.329945e+01 5.275058e+01
      vertex -2.057590e+01 -1.260170e+01 5.624265e+01
    endloop
  endfacet
  facet normal -2.630630e-01 -7.027071e-02 -9.622161e-01
    outer loop
      vertex -1.395576e+01 -6.780237e+00 5.783872e+01
      vertex -3.502228e+00 -1.308657e+01 5.544139e+01
      vertex -1.768609e+01 -5.123513e+00 5.873762e+01
    endloop
  endfacet
  facet normal -2.630630e-01 -7.027071e-02 -9.622161e-01
    outer loop
      vertex -3.502228e+00 -1.308657e+01 5.544139e+01
      vertex -1.243776e+01 -1.244544e+01 5.783747e+01
      vertex -1.768609e+01 -5.123513e+00 5.873762e+01
    endloop
  endfacet
  facet normal -2.630630e-01 -7.027071e-02 -9.622161e-01
    outer loop
      vertex -1.243776e+01 -1.244544e+01 5.783747e+01
      vertex -1.940680e+01 -8.241212e+00 5.943580e+01
      vertex -1.768609e+01 -5.123513e+00 5.873762e+01
    endloop
  endfacet
  facet normal 4.741820e-01 8.591511e-01 -1.923820e-01
    outer loop
      vertex -1.634930e+01 -4.386701e+00 6.262832e+01
      vertex -5.895763e+00 -1.069304e+01 6.023103e+01
      vertex -3.502228e+00 -1.308657e+01 5.544139e+01
    endloop
  endfacet
  facet normal 4.741820e-01 8.591511e-01 -1.923820e-01
    outer loop
      vertex -1.634930e+01 -4.386701e+00 6.262832e+01
      vertex -3.502228e+00 -1.308657e+01 5.544139e+01
      vertex -1.395576e+01 -6.780237e+00 5.783872e+01
    endloop
  endfacet
  facet normal 4.741820e-01 8.591511e-01 -1.923820e-01
    outer loop
      vertex -1.716752e+01 -4.605279e+00 5.963549e+01
      vertex -1.634930e+01 -4.386701e+00 6.262832e+01
      vertex -1.395576e+01 -6.780237e+00 5.783872e+01
    endloop
  endfacet
  facet normal -2.112219e-01 -7.887778e-01 5.772478e-01
    outer loop
      vertex 6.378207e-03 -6.378207e-03 7.220379e+01
      vertex -1.716752e+01 -4.605279e+00 5.963549e+01
      vertex -1.395576e+01 -6.780237e+00 5.783872e+01
    endloop
  endfacet
  facet normal -2.112219e-01 -7.887778e-01 5.772478e-01
    outer loop
      vertex -4.142099e+00 -4.152301e+00 6.502063e+01
      vertex 6.378207e-03 -6.378207e-03 7.220379e+01
      vertex -1.395576e+01 -6.780237e+00 5.783872e+01
    endloop
  endfacet
  facet normal -2.112219e-01 -7.887778e-01 5.772478e-01
    outer loop
      vertex 8.704973e+00 -1.285217e+01 5.783374e+01
      vertex 6.378207e-03 -6.378207e-03 7.220379e+01
      vertex 1.523082e+00 -5.670280e+00 6.501939e+01
    endloop
  endfacet
  facet normal -2.112219e-01 -7.887778e-01 5.772478e-01
    outer loop
      vertex 1.257468e+01 -1.257468e+01 5.962886e+01
      vertex 6.378207e-03 -6.378207e-03 7.220379e+01
      vertex 8.704973e+00 -1.285217e+01 5.783374e+01
    endloop
  endfacet
  facet normal -7.885727e-01 -2.114269e-01 5.774528e-01
    outer loop
      vertex -4.142099e+00 -4.152301e+00 6.502063e+01
      vertex -5.895763e+00 -1.069304e+01 6.023103e+01
      vertex -4.377784e+00 -1.635822e+01 6.022979e+01
    endloop
  endfacet
  facet normal -7.885727e-01 -2.114269e-01 5.774528e-01
    outer loop
      vertex -4.142099e+00 -4.152301e+00 6.502063e+01
      vertex -4.377784e+00 -1.635822e+01 6.022979e+01
      vertex 6.378207e-03 -6.378207e-03 7.220379e+01
    endloop
  endfacet
  facet normal -2.630630e-01 -7.027071e-02 -9.622161e-01
    outer loop
      vertex -1.699172e+01 4.550121e+00 5.784141e+01
      vertex -9.574143e+00 9.574143e+00 5.544649e+01
      vertex -1.547374e+01 -1.115066e+00 5.783996e+01
    endloop
  endfacet
  facet normal -2.630630e-01 -7.027071e-02 -9.622161e-01
    outer loop
      vertex -1.699172e+01 4.550121e+00 5.784141e+01
      vertex -1.547374e+01 -1.115066e+00 5.783996e+01
      vertex -1.787582e+01 -4.415379e+00 5.873783e+01
    endloop
  endfacet
  facet normal -2.630630e-01 -7.027071e-02 -9.622161e-01
    outer loop
      vertex -1.699172e+01 4.550121e+00 5.784141e+01
      vertex -1.787582e+01 -4.415379e+00 5.873783e+01
      vertex -2.092470e+01 -2.576033e+00 5.943705e+01
    endloop
  endfacet
  facet normal -5.772479e-01 5.772479e-01 5.775549e-01
    outer loop
      vertex -2.038056e+01 -2.429036e+00 5.424909e+01
      vertex -2.141739e+01 -3.465836e+00 5.424909e+01
      vertex -1.787582e+01 -4.415379e+00 5.873783e+01
    endloop
  endfacet
  facet normal -5.772479e-01 5.772479e-01 5.775549e-01
    outer loop
      vertex -1.547374e+01 -1.115066e+00 5.783996e+01
      vertex -2.038056e+01 -2.429036e+00 5.424909e+01
      vertex -1.787582e+01 -4.415379e+00 5.873783e+01
    endloop
  endfacet
  facet normal -1.922790e-01 1.922790e-01 9.623189e-01
    outer loop
      vertex -2.026336e+01 3.674564e+00 5.305295e+01
      vertex -2.386278e+01 1.571658e+00 5.275392e+01
      vertex -2.141739e+01 -3.465836e+00 5.424909e+01
    endloop
  endfacet
  facet normal -1.922790e-01 1.922790e-01 9.623189e-01
    outer loop
      vertex -2.038056e+01 -2.429036e+00 5.424909e+01
      vertex -2.026336e+01 3.674564e+00 5.305295e+01
      vertex -2.141739e+01 -3.465836e+00 5.424909e+01
    endloop
  endfacet
  facet normal -7.885727e-01 -2.114269e-01 5.774528e-01
    outer loop
      vertex -1.196768e+01 1.196768e+01 6.023621e+01
      vertex -1.044970e+01 6.302500e+00 6.023476e+01
      vertex 6.378207e-03 -6.378207e-03 7.220379e+01
    endloop
  endfacet
  facet normal -7.885727e-01 -2.114269e-01 5.774528e-01
    outer loop
      vertex 6.378207e-03 -6.378207e-03 7.220379e+01
      vertex -1.044970e+01 6.302500e+00 6.023476e+01
      vertex -5.660078e+00 1.512878e+00 6.502187e+01
    endloop
  endfacet
  facet normal -5.772479e-01 5.772479e-01 5.775549e-01
    outer loop
      vertex -1.547374e+01 -1.115066e+00 5.783996e+01
      vertex -1.716752e+01 -4.605279e+00 5.963549e+01
      vertex 6.378207e-03 -6.378207e-03 7.220379e+01
    endloop
  endfacet
  facet normal -5.772479e-01 5.772479e-01 5.775549e-01
    outer loop
      vertex 4.605279e+00 1.716752e+01 5.963549e+01
      vertex -1.512878e+00 5.660078e+00 6.502187e+01
      vertex 6.378207e-03 -6.378207e-03 7.220379e+01
    endloop
  endfacet
  facet normal -5.772479e-01 5.772479e-01 5.775549e-01
    outer loop
      vertex -5.660078e+00 1.512878e+00 6.502187e+01
      vertex -1.547374e+01 -1.115066e+00 5.783996e+01
      vertex 6.378207e-03 -6.378207e-03 7.220379e+01
    endloop
  endfacet
  facet normal -5.772479e-01 5.772479e-01 5.775549e-01
    outer loop
      vertex 1.115066e+00 1.547374e+01 5.783996e+01
      vertex -1.512878e+00 5.660078e+00 6.502187e+01
      vertex 4.605279e+00 1.716752e+01 5.963549e+01
    endloop
  endfacet
  facet normal 8.402081e-01 -5.068741e-01 -1.926890e-01
    outer loop
      vertex -1.044970e+01 6.302500e+00 6.023476e+01
      vertex -1.547374e+01 -1.115066e+00 5.783996e+01
      vertex -9.574143e+00 9.574143e+00 5.544649e+01
    endloop
  endfacet
  facet normal 8.402081e-01 -5.068741e-01 -1.926890e-01
    outer loop
      vertex -1.634930e+01 -4.386701e+00 6.262832e+01
      vertex -1.547374e+01 -1.115066e+00 5.783996e+01
      vertex -1.044970e+01 6.302500e+00 6.023476e+01
    endloop
  endfacet
  facet normal 8.402081e-01 -5.068741e-01 -1.926890e-01
    outer loop
      vertex -1.716752e+01 -4.605279e+00 5.963549e+01
      vertex -1.547374e+01 -1.115066e+00 5.783996e+01
      vertex -1.634930e+01 -4.386701e+00 6.262832e+01
    endloop
  endfacet
  facet normal 5.068741e-01 -8.402081e-01 -1.926890e-01
    outer loop
      vertex -2.386278e+01 1.571658e+00 5.275392e+01
      vertex -2.026336e+01 3.674564e+00 5.305295e+01
      vertex -9.574143e+00 9.574143e+00 5.544649e+01
    endloop
  endfacet
  facet normal 5.068741e-01 -8.402081e-01 -1.926890e-01
    outer loop
      vertex -2.386278e+01 1.571658e+00 5.275392e+01
      vertex -9.574143e+00 9.574143e+00 5.544649e+01
      vertex -1.699172e+01 4.550121e+00 5.784141e+01
    endloop
  endfacet
  facet normal 5.068741e-01 -8.402081e-01 -1.926890e-01
    outer loop
      vertex -2.386278e+01 1.571658e+00 5.275392e+01
      vertex -1.699172e+01 4.550121e+00 5.784141e+01
      vertex -2.411783e+01 6.170557e-01 5.624561e+01
    endloop
  endfacet
  facet normal 7.027071e-02 2.630630e-01 -9.622161e-01
    outer loop
      vertex -1.523932e+01 1.109212e+01 5.544777e+01
      vertex -9.574143e+00 9.574143e+00 5.544649e+01
      vertex -2.026336e+01 3.674564e+00 5.305295e+01
    endloop
  endfacet
  facet normal 7.027071e-02 2.630630e-01 -9.622161e-01
    outer loop
      vertex -2.026336e+01 3.674564e+00 5.305295e+01
      vertex -2.435194e+01 2.579164e+00 5.245491e+01
      vertex -1.523932e+01 1.109212e+01 5.544777e+01
    endloop
  endfacet
  facet normal 7.027071e-02 2.630630e-01 -9.622161e-01
    outer loop
      vertex -2.435194e+01 2.579164e+00 5.245491e+01
      vertex -2.592850e+01 5.192543e+00 5.305424e+01
      vertex -1.523932e+01 1.109212e+01 5.544777e+01
    endloop
  endfacet
  facet normal -1.922790e-01 1.922790e-01 9.623189e-01
    outer loop
      vertex -2.394179e+01 2.394179e+01 4.826843e+01
      vertex -2.435194e+01 2.579164e+00 5.245491e+01
      vertex -2.026336e+01 3.674564e+00 5.305295e+01
    endloop
  endfacet
  facet normal -1.922790e-01 1.922790e-01 9.623189e-01
    outer loop
      vertex -2.002894e+01 1.588174e+01 5.066070e+01
      vertex -2.394179e+01 2.394179e+01 4.826843e+01
      vertex -2.026336e+01 3.674564e+00 5.305295e+01
    endloop
  endfacet
  facet normal -1.922790e-01 1.922790e-01 9.623189e-01
    outer loop
      vertex -3.674564e+00 2.026336e+01 5.305295e+01
      vertex -2.394179e+01 2.394179e+01 4.826843e+01
      vertex -1.588174e+01 2.002894e+01 5.066070e+01
    endloop
  endfacet
  facet normal -1.922790e-01 1.922790e-01 9.623189e-01
    outer loop
      vertex -2.579164e+00 2.435194e+01 5.245491e+01
      vertex -2.394179e+01 2.394179e+01 4.826843e+01
      vertex -3.674564e+00 2.026336e+01 5.305295e+01
    endloop
  endfacet
  facet normal -7.885727e-01 -2.114269e-01 5.774528e-01
    outer loop
      vertex -2.394179e+01 2.394179e+01 4.826843e+01
      vertex -2.002894e+01 1.588174e+01 5.066070e+01
      vertex -1.196768e+01 1.196768e+01 6.023621e+01
    endloop
  endfacet
  facet normal -7.885727e-01 -2.114269e-01 5.774528e-01
    outer loop
      vertex -1.196768e+01 1.196768e+01 6.023621e+01
      vertex -2.002894e+01 1.588174e+01 5.066070e+01
      vertex -1.523932e+01 1.109212e+01 5.544777e+01
    endloop
  endfacet
  facet normal -9.811594e-01 -1.884061e-02 -1.922791e-01
    outer loop
      vertex -2.435194e+01 2.579164e+00 5.245491e+01
      vertex -2.394179e+01 2.394179e+01 4.826843e+01
      vertex -2.353494e+01 2.799008e+00 4.826462e+01
    endloop
  endfacet
  facet normal -9.811594e-01 -1.884061e-02 -1.922791e-01
    outer loop
      vertex -2.242495e+01 1.827783e+01 4.108401e+01
      vertex -2.394179e+01 2.394179e+01 4.826843e+01
      vertex -1.975529e+01 1.975529e+01 2.731607e+01
    endloop
  endfacet
  facet normal -9.811594e-01 -1.884061e-02 -1.922791e-01
    outer loop
      vertex -2.353494e+01 2.799008e+00 4.826462e+01
      vertex -2.394179e+01 2.394179e+01 4.826843e+01
      vertex -2.330063e+01 1.500619e+01 4.587235e+01
    endloop
  endfacet
  facet normal -9.811594e-01 -1.884061e-02 -1.922791e-01
    outer loop
      vertex -2.242495e+01 1.827783e+01 4.108401e+01
      vertex -1.975529e+01 1.975529e+01 2.731607e+01
      vertex -2.003278e+01 1.588558e+01 2.911121e+01
    endloop
  endfacet
  facet normal 1.922790e-01 -1.922790e-01 -9.623189e-01
    outer loop
      vertex -1.674890e+01 -2.472312e+01 1.633335e+01
      vertex -1.635822e+01 -4.377784e+00 1.234621e+01
      vertex -1.244544e+01 -1.243776e+01 1.473853e+01
    endloop
  endfacet
  facet normal 1.922790e-01 -1.922790e-01 -9.623189e-01
    outer loop
      vertex -1.674890e+01 -2.472312e+01 1.633335e+01
      vertex -1.244544e+01 -1.243776e+01 1.473853e+01
      vertex -1.260170e+01 -2.057590e+01 1.633335e+01
    endloop
  endfacet
  facet normal 1.922790e-01 -1.922790e-01 -9.623189e-01
    outer loop
      vertex -1.674890e+01 -2.472312e+01 1.633335e+01
      vertex -1.260170e+01 -2.057590e+01 1.633335e+01
      vertex -6.576236e+00 -2.452779e+01 1.832691e+01
    endloop
  endfacet
  facet normal 1.922790e-01 -1.922790e-01 -9.623189e-01
    outer loop
      vertex -1.260170e+01 -2.057590e+01 1.633335e+01
      vertex -8.532636e+00 -2.049776e+01 1.713078e+01
      vertex -6.576236e+00 -2.452779e+01 1.832691e+01
    endloop
  endfacet
  facet normal -8.591511e-01 -4.741820e-01 -1.923820e-01
    outer loop
      vertex -1.635822e+01 -4.377784e+00 1.234621e+01
      vertex -5.847676e+00 -2.180038e+01 8.350594e+00
      vertex -1.244544e+01 -1.243776e+01 1.473853e+01
    endloop
  endfacet
  facet normal -8.591511e-01 -4.741820e-01 -1.923820e-01
    outer loop
      vertex -8.532636e+00 -2.049776e+01 1.713078e+01
      vertex -5.847676e+00 -2.180038e+01 8.350594e+00
      vertex -6.576236e+00 -2.452779e+01 1.832691e+01
    endloop
  endfacet
  facet normal -8.591511e-01 -4.741820e-01 -1.923820e-01
    outer loop
      vertex -8.241212e+00 -1.940680e+01 1.314020e+01
      vertex -5.847676e+00 -2.180038e+01 8.350594e+00
      vertex -8.532636e+00 -2.049776e+01 1.713078e+01
    endloop
  endfacet
  facet normal -8.591511e-01 -4.741820e-01 -1.923820e-01
    outer loop
      vertex -1.244544e+01 -1.243776e+01 1.473853e+01
      vertex -5.847676e+00 -2.180038e+01 8.350594e+00
      vertex -8.241212e+00 -1.940680e+01 1.314020e+01
    endloop
  endfacet
  facet normal 7.027071e-02 2.630630e-01 -9.622161e-01
    outer loop
      vertex -5.847676e+00 -2.180038e+01 8.350594e+00
      vertex -1.635822e+01 -4.377784e+00 1.234621e+01
      vertex -1.069304e+01 -5.895763e+00 1.234497e+01
    endloop
  endfacet
  facet normal 7.027071e-02 2.630630e-01 -9.622161e-01
    outer loop
      vertex -5.847676e+00 -2.180038e+01 8.350594e+00
      vertex -1.069304e+01 -5.895763e+00 1.234497e+01
      vertex -4.386701e+00 -1.634930e+01 9.947681e+00
    endloop
  endfacet
  facet normal 7.027071e-02 2.630630e-01 -9.622161e-01
    outer loop
      vertex -5.847676e+00 -2.180038e+01 8.350594e+00
      vertex -4.386701e+00 -1.634930e+01 9.947681e+00
      vertex 6.302500e+00 -1.044970e+01 1.234124e+01
    endloop
  endfacet
  facet normal 7.027071e-02 2.630630e-01 -9.622161e-01
    outer loop
      vertex -5.847676e+00 -2.180038e+01 8.350594e+00
      vertex 6.302500e+00 -1.044970e+01 1.234124e+01
      vertex 1.196768e+01 -1.196768e+01 1.233979e+01
    endloop
  endfacet
  facet normal 1.922790e-01 -1.922790e-01 -9.623189e-01
    outer loop
      vertex -1.197662e+01 1.197662e+01 9.953901e+00
      vertex -1.596755e+01 1.596755e+01 8.359097e+00
      vertex 4.377784e+00 1.635822e+01 1.234621e+01
    endloop
  endfacet
  facet normal 1.922790e-01 -1.922790e-01 -9.623189e-01
    outer loop
      vertex -1.635822e+01 -4.377784e+00 1.234621e+01
      vertex -1.596755e+01 1.596755e+01 8.359097e+00
      vertex -1.197662e+01 1.197662e+01 9.953901e+00
    endloop
  endfacet
  facet normal 1.922790e-01 -1.922790e-01 -9.623189e-01
    outer loop
      vertex -1.197662e+01 1.197662e+01 9.953901e+00
      vertex 4.377784e+00 1.635822e+01 1.234621e+01
      vertex 2.305802e-01 1.221102e+01 1.234621e+01
    endloop
  endfacet
  facet normal 1.922790e-01 -1.922790e-01 -9.623189e-01
    outer loop
      vertex -1.221102e+01 -2.305802e-01 1.234621e+01
      vertex -1.635822e+01 -4.377784e+00 1.234621e+01
      vertex -1.197662e+01 1.197662e+01 9.953901e+00
    endloop
  endfacet
  facet normal -9.811594e-01 -1.884061e-02 -1.922791e-01
    outer loop
      vertex -1.796109e+01 1.796109e+01 1.833647e+01
      vertex -1.596755e+01 1.596755e+01 8.359097e+00
      vertex -1.764051e+01 1.349331e+01 1.713843e+01
    endloop
  endfacet
  facet normal -9.811594e-01 -1.884061e-02 -1.922791e-01
    outer loop
      vertex -1.699937e+01 4.557773e+00 1.474226e+01
      vertex -1.596755e+01 1.596755e+01 8.359097e+00
      vertex -1.635822e+01 -4.377784e+00 1.234621e+01
    endloop
  endfacet
  facet normal -9.811594e-01 -1.884061e-02 -1.922791e-01
    outer loop
      vertex -1.684311e+01 1.269591e+01 1.314745e+01
      vertex -1.596755e+01 1.596755e+01 8.359097e+00
      vertex -1.699937e+01 4.557773e+00 1.474226e+01
    endloop
  endfacet
  facet normal -9.811594e-01 -1.884061e-02 -1.922791e-01
    outer loop
      vertex -1.764051e+01 1.349331e+01 1.713843e+01
      vertex -1.596755e+01 1.596755e+01 8.359097e+00
      vertex -1.684311e+01 1.269591e+01 1.314745e+01
    endloop
  endfacet
  facet normal 7.027071e-02 2.630630e-01 -9.622161e-01
    outer loop
      vertex -2.686867e+01 1.304477e+01 1.634186e+01
      vertex -1.796109e+01 1.796109e+01 1.833647e+01
      vertex -1.764051e+01 1.349331e+01 1.713843e+01
    endloop
  endfacet
  facet normal 7.027071e-02 2.630630e-01 -9.622161e-01
    outer loop
      vertex -2.686867e+01 1.304477e+01 1.634186e+01
      vertex -1.764051e+01 1.349331e+01 1.713843e+01
      vertex -2.120360e+01 1.152679e+01 1.634059e+01
    endloop
  endfacet
  facet normal 7.027071e-02 2.630630e-01 -9.622161e-01
    outer loop
      vertex -2.686867e+01 1.304477e+01 1.634186e+01
      vertex -2.120360e+01 1.152679e+01 1.634059e+01
      vertex -1.635822e+01 -4.377784e+00 1.234621e+01
    endloop
  endfacet
  facet normal 7.027071e-02 2.630630e-01 -9.622161e-01
    outer loop
      vertex -2.120360e+01 1.152679e+01 1.634059e+01
      vertex -1.699937e+01 4.557773e+00 1.474226e+01
      vertex -1.635822e+01 -4.377784e+00 1.234621e+01
    endloop
  endfacet
  facet normal 2.112219e-01 7.887778e-01 -5.772478e-01
    outer loop
      vertex -1.658880e+01 -1.658880e+01 3.628800e+01
      vertex -9.406907e+00 -2.377071e+01 2.910229e+01
      vertex -7.421850e+00 -2.627417e+01 2.640781e+01
    endloop
  endfacet
  facet normal 2.112219e-01 7.887778e-01 -5.772478e-01
    outer loop
      vertex -1.658880e+01 -1.658880e+01 3.628800e+01
      vertex -7.421850e+00 -2.627417e+01 2.640781e+01
      vertex -1.028416e+01 -2.704057e+01 2.431308e+01
    endloop
  endfacet
  facet normal 2.112219e-01 7.887778e-01 -5.772478e-01
    outer loop
      vertex -1.658880e+01 -1.658880e+01 3.628800e+01
      vertex -1.028416e+01 -2.704057e+01 2.431308e+01
      vertex -1.507209e+01 -2.225263e+01 2.910356e+01
    endloop
  endfacet
  facet normal -9.558696e-01 9.616559e-02 -2.776067e-01
    outer loop
      vertex -1.658880e+01 -1.658880e+01 3.628800e+01
      vertex -1.507209e+01 -2.225263e+01 2.910356e+01
      vertex -1.658880e+01 -1.658880e+01 3.628800e+01
    endloop
  endfacet
  facet normal 7.887778e-01 2.112219e-01 5.772478e-01
    outer loop
      vertex -9.406907e+00 -2.377071e+01 2.910229e+01
      vertex -1.507082e+01 -2.225408e+01 3.628672e+01
      vertex -7.231949e+00 -2.698251e+01 2.730554e+01
    endloop
  endfacet
  facet normal 7.887778e-01 2.112219e-01 5.772478e-01
    outer loop
      vertex -7.231949e+00 -2.698251e+01 2.730554e+01
      vertex -1.507082e+01 -2.225408e+01 3.628672e+01
      vertex -7.888928e+00 -2.943579e+01 2.910101e+01
    endloop
  endfacet
  facet normal 7.887778e-01 2.112219e-01 5.772478e-01
    outer loop
      vertex -1.658880e+01 -1.658880e+01 3.628800e+01
      vertex -1.507082e+01 -2.225408e+01 3.628672e+01
      vertex -9.406907e+00 -2.377071e+01 2.910229e+01
    endloop
  endfacet
  facet normal -2.114269e-01 -7.885727e-01 -5.774528e-01
    outer loop
      vertex -8.761935e+00 -3.271000e+01 4.825568e+01
      vertex -2.073600e+01 -2.073600e+01 3.628800e+01
      vertex -1.507082e+01 -2.225408e+01 3.628672e+01
    endloop
  endfacet
  facet normal -2.114269e-01 -7.885727e-01 -5.774528e-01
    outer loop
      vertex -1.507082e+01 -2.225408e+01 3.628672e+01
      vertex -1.028120e+01 -2.704368e+01 4.107381e+01
      vertex -8.761935e+00 -3.271000e+01 4.825568e+01
    endloop
  endfacet
  facet normal -9.457321e-01 7.881129e-02 3.152452e-01
    outer loop
      vertex -5.102570e-03 5.102570e-03 7.555368e+00
      vertex 7.009556e+00 2.616800e+01 2.671386e+01
      vertex 3.502228e+00 1.308657e+01 1.713461e+01
    endloop
  endfacet
  facet normal -7.885727e-01 -2.114269e-01 5.774528e-01
    outer loop
      vertex 2.305802e-01 1.221102e+01 1.234621e+01
      vertex -5.102570e-03 5.102570e-03 7.555368e+00
      vertex 3.502228e+00 1.308657e+01 1.713461e+01
    endloop
  endfacet
  facet normal -7.885727e-01 -2.114269e-01 5.774528e-01
    outer loop
      vertex -5.102570e-03 5.102570e-03 7.555368e+00
      vertex 2.305802e-01 1.221102e+01 1.234621e+01
      vertex -1.523082e+00 5.670280e+00 7.556614e+00
    endloop
  endfacet
  facet normal -7.885727e-01 -2.114269e-01 5.774528e-01
    outer loop
      vertex 3.502228e+00 1.308657e+01 1.713461e+01
      vertex 7.009556e+00 2.616800e+01 2.671386e+01
      vertex 3.737913e+00 2.529253e+01 2.192550e+01
    endloop
  endfacet
  facet normal -7.885727e-01 -2.114269e-01 5.774528e-01
    outer loop
      vertex 3.502228e+00 1.308657e+01 1.713461e+01
      vertex 3.737913e+00 2.529253e+01 2.192550e+01
      vertex 1.984244e+00 1.875175e+01 1.713588e+01
    endloop
  endfacet
  facet normal 5.774530e-01 -5.774530e-01 5.771449e-01
    outer loop
      vertex -5.102570e-03 5.102570e-03 7.555368e+00
      vertex 4.142099e+00 4.152301e+00 7.555368e+00
      vertex 5.895763e+00 1.069304e+01 1.234497e+01
    endloop
  endfacet
  facet normal 5.774530e-01 -5.774530e-01 5.771449e-01
    outer loop
      vertex 3.502228e+00 1.308657e+01 1.713461e+01
      vertex -5.102570e-03 5.102570e-03 7.555368e+00
      vertex 5.895763e+00 1.069304e+01 1.234497e+01
    endloop
  endfacet
  facet normal 5.774530e-01 -5.774530e-01 5.771449e-01
    outer loop
      vertex 9.403092e+00 2.377445e+01 2.192424e+01
      vertex 3.502228e+00 1.308657e+01 1.713461e+01
      vertex 7.649428e+00 1.723377e+01 1.713461e+01
    endloop
  endfacet
  facet normal 5.774530e-01 -5.774530e-01 5.771449e-01
    outer loop
      vertex 7.009556e+00 2.616800e+01 2.671386e+01
      vertex 3.502228e+00 1.308657e+01 1.713461e+01
      vertex 9.403092e+00 2.377445e+01 2.192424e+01
    endloop
  endfacet
  facet normal 7.807192e-01 -4.879506e-01 3.903610e-01
    outer loop
      vertex -5.102570e-03 5.102570e-03 7.555368e+00
      vertex 3.502228e+00 1.308657e+01 1.713461e+01
      vertex 7.009556e+00 2.616800e+01 2.671386e+01
    endloop
  endfacet
  facet normal 2.114269e-01 7.885727e-01 5.774528e-01
    outer loop
      vertex 1.915339e+01 -1.915339e+01 2.670365e+01
      vertex 2.002894e+01 -1.588174e+01 2.191530e+01
      vertex 1.523932e+01 -1.109212e+01 1.712823e+01
    endloop
  endfacet
  facet normal 2.114269e-01 7.885727e-01 5.774528e-01
    outer loop
      vertex 1.915339e+01 -1.915339e+01 2.670365e+01
      vertex 1.523932e+01 -1.109212e+01 1.712823e+01
      vertex 9.574143e+00 -9.574143e+00 1.712951e+01
    endloop
  endfacet
  facet normal 2.114269e-01 7.885727e-01 5.774528e-01
    outer loop
      vertex 9.574143e+00 -9.574143e+00 1.712951e+01
      vertex 1.044970e+01 -6.302500e+00 1.234124e+01
      vertex 5.660078e+00 -1.512878e+00 7.554125e+00
    endloop
  endfacet
  facet normal 2.114269e-01 7.885727e-01 5.774528e-01
    outer loop
      vertex 9.574143e+00 -9.574143e+00 1.712951e+01
      vertex 5.660078e+00 -1.512878e+00 7.554125e+00
      vertex -5.102570e-03 5.102570e-03 7.555368e+00
    endloop
  endfacet
  facet normal 4.866640e-01 8.111072e-01 3.244432e-01
    outer loop
      vertex 9.574143e+00 -9.574143e+00 1.712951e+01
      vertex -5.102570e-03 5.102570e-03 7.555368e+00
      vertex 1.915339e+01 -1.915339e+01 2.670365e+01
    endloop
  endfacet
  facet normal -7.885727e-01 -2.114269e-01 5.774528e-01
    outer loop
      vertex 6.302500e+00 -1.044970e+01 1.234124e+01
      vertex 9.574143e+00 -9.574143e+00 1.712951e+01
      vertex 1.512878e+00 -5.660078e+00 7.554125e+00
    endloop
  endfacet
  facet normal -8.164978e-01 -4.082471e-01 4.082471e-01
    outer loop
      vertex -5.102570e-03 5.102570e-03 7.555368e+00
      vertex 9.574143e+00 -9.574143e+00 1.712951e+01
      vertex 1.915339e+01 -1.915339e+01 2.670365e+01
    endloop
  endfacet
  facet normal -7.885727e-01 -2.114269e-01 5.774528e-01
    outer loop
      vertex 1.588174e+01 -2.002894e+01 2.191530e+01
      vertex 9.574143e+00 -9.574143e+00 1.712951e+01
      vertex 1.109212e+01 -1.523932e+01 1.712823e+01
    endloop
  endfacet
  facet normal -7.885727e-01 -2.114269e-01 5.774528e-01
    outer loop
      vertex 1.915339e+01 -1.915339e+01 2.670365e+01
      vertex 9.574143e+00 -9.574143e+00 1.712951e+01
      vertex 1.588174e+01 -2.002894e+01 2.191530e+01
    endloop
  endfacet
  facet normal -7.885727e-01 -2.114269e-01 5.774528e-01
    outer loop
      vertex 1.512878e+00 -5.660078e+00 7.554125e+00
      vertex 9.574143e+00 -9.574143e+00 1.712951e+01
      vertex -5.102570e-03 5.102570e-03 7.555368e+00
    endloop
  endfacet
  facet normal -2.114269e-01 -7.885727e-01 -5.774528e-01
    outer loop
      vertex -1.069304e+01 -5.895763e+00 1.234497e+01
      vertex -1.635822e+01 -4.377784e+00 1.234621e+01
      vertex -5.161543e+00 -1.375794e+00 4.147201e+00
    endloop
  endfacet
  facet normal -2.114269e-01 -7.885727e-01 -5.774528e-01
    outer loop
      vertex -4.152301e+00 -4.142099e+00 7.555368e+00
      vertex -1.069304e+01 -5.895763e+00 1.234497e+01
      vertex -2.185201e+00 -2.173796e+00 4.147201e+00
    endloop
  endfacet
  facet normal -2.114269e-01 -7.885727e-01 -5.774528e-01
    outer loop
      vertex -2.185201e+00 -2.173796e+00 4.147201e+00
      vertex -1.069304e+01 -5.895763e+00 1.234497e+01
      vertex -5.161543e+00 -1.375794e+00 4.147201e+00
    endloop
  endfacet
  facet normal 8.591511e-01 4.741820e-01 1.923820e-01
    outer loop
      vertex -4.386701e+00 -1.634930e+01 9.947681e+00
      vertex -6.780237e+00 -1.395576e+01 1.473728e+01
      vertex -4.605279e+00 -1.716752e+01 1.294051e+01
    endloop
  endfacet
  facet normal 8.591511e-01 4.741820e-01 1.923820e-01
    outer loop
      vertex -1.069304e+01 -5.895763e+00 1.234497e+01
      vertex -6.780237e+00 -1.395576e+01 1.473728e+01
      vertex -4.386701e+00 -1.634930e+01 9.947681e+00
    endloop
  endfacet
  facet normal 8.591511e-01 4.741820e-01 1.923820e-01
    outer loop
      vertex -1.308657e+01 -3.502228e+00 1.713461e+01
      vertex -6.780237e+00 -1.395576e+01 1.473728e+01
      vertex -1.069304e+01 -5.895763e+00 1.234497e+01
    endloop
  endfacet
  facet normal -7.027071e-02 -2.630630e-01 9.622161e-01
    outer loop
      vertex -1.244544e+01 -1.243776e+01 1.473853e+01
      vertex -8.241212e+00 -1.940680e+01 1.314020e+01
      vertex -5.123513e+00 -1.768609e+01 1.383838e+01
    endloop
  endfacet
  facet normal -7.027071e-02 -2.630630e-01 9.622161e-01
    outer loop
      vertex -6.780237e+00 -1.395576e+01 1.473728e+01
      vertex -1.244544e+01 -1.243776e+01 1.473853e+01
      vertex -5.123513e+00 -1.768609e+01 1.383838e+01
    endloop
  endfacet
  facet normal -7.027071e-02 -2.630630e-01 9.622161e-01
    outer loop
      vertex -1.308657e+01 -3.502228e+00 1.713461e+01
      vertex -1.244544e+01 -1.243776e+01 1.473853e+01
      vertex -6.780237e+00 -1.395576e+01 1.473728e+01
    endloop
  endfacet
  facet normal -7.887778e-01 -2.112219e-01 -5.772478e-01
    outer loop
      vertex -6.780237e+00 -1.395576e+01 1.473728e+01
      vertex -4.152301e+00 -4.142099e+00 7.555368e+00
      vertex -4.605279e+00 -1.716752e+01 1.294051e+01
    endloop
  endfacet
  facet normal -7.887778e-01 -2.112219e-01 -5.772478e-01
    outer loop
      vertex -4.605279e+00 -1.716752e+01 1.294051e+01
      vertex -4.152301e+00 -4.142099e+00 7.555368e+00
      vertex -2.185201e+00 -2.173796e+00 4.147201e+00
    endloop
  endfacet
  facet normal -7.887778e-01 -2.112219e-01 -5.772478e-01
    outer loop
      vertex -4.605279e+00 -1.716752e+01 1.294051e+01
      vertex -2.185201e+00 -2.173796e+00 4.147201e+00
      vertex -1.387701e+00 -5.151963e+00 4.147201e+00
    endloop
  endfacet
  facet normal 1.922790e-01 -1.922790e-01 -9.623189e-01
    outer loop
      vertex -3.465836e+00 -2.141739e+01 1.832691e+01
      vertex -2.429036e+00 -2.038056e+01 1.832691e+01
      vertex 1.571658e+00 -2.386278e+01 1.982208e+01
    endloop
  endfacet
  facet normal 1.922790e-01 -1.922790e-01 -9.623189e-01
    outer loop
      vertex 1.571658e+00 -2.386278e+01 1.982208e+01
      vertex -2.429036e+00 -2.038056e+01 1.832691e+01
      vertex 3.674564e+00 -2.026336e+01 1.952305e+01
    endloop
  endfacet
  facet normal 5.772479e-01 -5.772479e-01 -5.775549e-01
    outer loop
      vertex -4.415379e+00 -1.787582e+01 1.383817e+01
      vertex -1.115066e+00 -1.547374e+01 1.473604e+01
      vertex -3.465836e+00 -2.141739e+01 1.832691e+01
    endloop
  endfacet
  facet normal 5.772479e-01 -5.772479e-01 -5.775549e-01
    outer loop
      vertex -3.465836e+00 -2.141739e+01 1.832691e+01
      vertex -1.115066e+00 -1.547374e+01 1.473604e+01
      vertex -2.429036e+00 -2.038056e+01 1.832691e+01
    endloop
  endfacet
  facet normal -2.114269e-01 -7.885727e-01 -5.774528e-01
    outer loop
      vertex 1.512878e+00 -5.660078e+00 7.554125e+00
      vertex 7.921857e-01 -2.972070e+00 4.147201e+00
      vertex 3.770634e+00 -3.770634e+00 4.147201e+00
    endloop
  endfacet
  facet normal -2.114269e-01 -7.885727e-01 -5.774528e-01
    outer loop
      vertex 6.302500e+00 -1.044970e+01 1.234124e+01
      vertex 1.512878e+00 -5.660078e+00 7.554125e+00
      vertex 1.196768e+01 -1.196768e+01 1.233979e+01
    endloop
  endfacet
  facet normal -2.114269e-01 -7.885727e-01 -5.774528e-01
    outer loop
      vertex 1.196768e+01 -1.196768e+01 1.233979e+01
      vertex 1.512878e+00 -5.660078e+00 7.554125e+00
      vertex 3.770634e+00 -3.770634e+00 4.147201e+00
    endloop
  endfacet
  facet normal 5.772479e-01 -5.772479e-01 -5.775549e-01
    outer loop
      vertex -4.605279e+00 -1.716752e+01 1.294051e+01
      vertex -1.387701e+00 -5.151963e+00 4.147201e+00
      vertex -1.115066e+00 -1.547374e+01 1.473604e+01
    endloop
  endfacet
  facet normal 5.772479e-01 -5.772479e-01 -5.775549e-01
    outer loop
      vertex -1.115066e+00 -1.547374e+01 1.473604e+01
      vertex -1.387701e+00 -5.151963e+00 4.147201e+00
      vertex 7.921857e-01 -2.972070e+00 4.147201e+00
    endloop
  endfacet
  facet normal 5.772479e-01 -5.772479e-01 -5.775549e-01
    outer loop
      vertex -1.115066e+00 -1.547374e+01 1.473604e+01
      vertex 7.921857e-01 -2.972070e+00 4.147201e+00
      vertex 1.512878e+00 -5.660078e+00 7.554125e+00
    endloop
  endfacet
  facet normal -5.068741e-01 8.402081e-01 1.926890e-01
    outer loop
      vertex -1.115066e+00 -1.547374e+01 1.473604e+01
      vertex 9.574143e+00 -9.574143e+00 1.712951e+01
      vertex 6.302500e+00 -1.044970e+01 1.234124e+01
    endloop
  endfacet
  facet normal -5.068741e-01 8.402081e-01 1.926890e-01
    outer loop
      vertex -1.115066e+00 -1.547374e+01 1.473604e+01
      vertex 6.302500e+00 -1.044970e+01 1.234124e+01
      vertex -4.386701e+00 -1.634930e+01 9.947681e+00
    endloop
  endfacet
  facet normal -5.068741e-01 8.402081e-01 1.926890e-01
    outer loop
      vertex -1.115066e+00 -1.547374e+01 1.473604e+01
      vertex -4.386701e+00 -1.634930e+01 9.947681e+00
      vertex -4.605279e+00 -1.716752e+01 1.294051e+01
    endloop
  endfacet
  facet normal -7.027071e-02 -2.630630e-01 9.622161e-01
    outer loop
      vertex -2.576033e+00 -2.092470e+01 1.313895e+01
      vertex 4.550121e+00 -1.699172e+01 1.473459e+01
      vertex 9.574143e+00 -9.574143e+00 1.712951e+01
    endloop
  endfacet
  facet normal -7.027071e-02 -2.630630e-01 9.622161e-01
    outer loop
      vertex -1.115066e+00 -1.547374e+01 1.473604e+01
      vertex -2.576033e+00 -2.092470e+01 1.313895e+01
      vertex 9.574143e+00 -9.574143e+00 1.712951e+01
    endloop
  endfacet
  facet normal -7.027071e-02 -2.630630e-01 9.622161e-01
    outer loop
      vertex -1.115066e+00 -1.547374e+01 1.473604e+01
      vertex -4.415379e+00 -1.787582e+01 1.383817e+01
      vertex -2.576033e+00 -2.092470e+01 1.313895e+01
    endloop
  endfacet
  facet normal -8.402081e-01 5.068741e-01 1.926890e-01
    outer loop
      vertex 3.674564e+00 -2.026336e+01 1.952305e+01
      vertex 9.574143e+00 -9.574143e+00 1.712951e+01
      vertex 1.571658e+00 -2.386278e+01 1.982208e+01
    endloop
  endfacet
  facet normal -8.402081e-01 5.068741e-01 1.926890e-01
    outer loop
      vertex 9.574143e+00 -9.574143e+00 1.712951e+01
      vertex 4.550121e+00 -1.699172e+01 1.473459e+01
      vertex 1.571658e+00 -2.386278e+01 1.982208e+01
    endloop
  endfacet
  facet normal -8.402081e-01 5.068741e-01 1.926890e-01
    outer loop
      vertex 4.550121e+00 -1.699172e+01 1.473459e+01
      vertex 6.170557e-01 -2.411783e+01 1.633039e+01
      vertex 1.571658e+00 -2.386278e+01 1.982208e+01
    endloop
  endfacet
  facet normal 2.630630e-01 7.027071e-02 9.622161e-01
    outer loop
      vertex 9.574143e+00 -9.574143e+00 1.712951e+01
      vertex 5.192543e+00 -2.592850e+01 1.952176e+01
      vertex 1.109212e+01 -1.523932e+01 1.712823e+01
    endloop
  endfacet
  facet normal 2.630630e-01 7.027071e-02 9.622161e-01
    outer loop
      vertex 9.574143e+00 -9.574143e+00 1.712951e+01
      vertex 3.674564e+00 -2.026336e+01 1.952305e+01
      vertex 5.192543e+00 -2.592850e+01 1.952176e+01
    endloop
  endfacet
  facet normal 2.630630e-01 7.027071e-02 9.622161e-01
    outer loop
      vertex 3.674564e+00 -2.026336e+01 1.952305e+01
      vertex 2.579164e+00 -2.435194e+01 2.012109e+01
      vertex 5.192543e+00 -2.592850e+01 1.952176e+01
    endloop
  endfacet
  facet normal 1.922790e-01 -1.922790e-01 -9.623189e-01
    outer loop
      vertex 2.579164e+00 -2.435194e+01 2.012109e+01
      vertex 3.674564e+00 -2.026336e+01 1.952305e+01
      vertex 2.394179e+01 -2.394179e+01 2.430757e+01
    endloop
  endfacet
  facet normal 1.922790e-01 -1.922790e-01 -9.623189e-01
    outer loop
      vertex 2.394179e+01 -2.394179e+01 2.430757e+01
      vertex 3.674564e+00 -2.026336e+01 1.952305e+01
      vertex 1.588174e+01 -2.002894e+01 2.191530e+01
    endloop
  endfacet
  facet normal 1.922790e-01 -1.922790e-01 -9.623189e-01
    outer loop
      vertex 2.002894e+01 -1.588174e+01 2.191530e+01
      vertex 2.026336e+01 -3.674564e+00 1.952305e+01
      vertex 2.394179e+01 -2.394179e+01 2.430757e+01
    endloop
  endfacet
  facet normal 1.922790e-01 -1.922790e-01 -9.623189e-01
    outer loop
      vertex 2.394179e+01 -2.394179e+01 2.430757e+01
      vertex 2.026336e+01 -3.674564e+00 1.952305e+01
      vertex 2.435194e+01 -2.579164e+00 2.012109e+01
    endloop
  endfacet
  facet normal -2.114269e-01 -7.885727e-01 -5.774528e-01
    outer loop
      vertex 1.196768e+01 -1.196768e+01 1.233979e+01
      vertex 1.588174e+01 -2.002894e+01 2.191530e+01
      vertex 1.109212e+01 -1.523932e+01 1.712823e+01
    endloop
  endfacet
  facet normal -2.114269e-01 -7.885727e-01 -5.774528e-01
    outer loop
      vertex 1.196768e+01 -1.196768e+01 1.233979e+01
      vertex 2.394179e+01 -2.394179e+01 2.430757e+01
      vertex 1.588174e+01 -2.002894e+01 2.191530e+01
    endloop
  endfacet
  facet normal -1.884061e-02 -9.811594e-01 1.922791e-01
    outer loop
      vertex -3.304593e+00 -2.365210e+01 2.311525e+01
      vertex -4.122503e+00 -2.387108e+01 2.191818e+01
      vertex 1.462214e+00 -2.427190e+01 2.042061e+01
    endloop
  endfacet
  facet normal -1.884061e-02 -9.811594e-01 1.922791e-01
    outer loop
      vertex 2.799008e+00 -2.353494e+01 2.431138e+01
      vertex -3.304593e+00 -2.365210e+01 2.311525e+01
      vertex 1.462214e+00 -2.427190e+01 2.042061e+01
    endloop
  endfacet
  facet normal 5.068741e-01 -8.402081e-01 -1.926890e-01
    outer loop
      vertex -3.741728e+00 -2.528859e+01 2.910101e+01
      vertex -6.713715e+00 -2.646390e+01 2.640765e+01
      vertex -4.122503e+00 -2.387108e+01 2.191818e+01
    endloop
  endfacet
  facet normal 5.068741e-01 -8.402081e-01 -1.926890e-01
    outer loop
      vertex -3.304593e+00 -2.365210e+01 2.311525e+01
      vertex -3.741728e+00 -2.528859e+01 2.910101e+01
      vertex -4.122503e+00 -2.387108e+01 2.191818e+01
    endloop
  endfacet
  facet normal -2.114269e-01 -7.885727e-01 -5.774528e-01
    outer loop
      vertex 2.394179e+01 -2.394179e+01 2.430757e+01
      vertex 7.589894e+00 -2.832600e+01 3.628162e+01
      vertex 8.465451e+00 -2.505427e+01 3.149328e+01
    endloop
  endfacet
  facet normal -2.114269e-01 -7.885727e-01 -5.774528e-01
    outer loop
      vertex 8.465451e+00 -2.505427e+01 3.149328e+01
      vertex 1.500619e+01 -2.330063e+01 2.670365e+01
      vertex 2.394179e+01 -2.394179e+01 2.430757e+01
    endloop
  endfacet
  facet normal -1.884061e-02 -9.811594e-01 1.922791e-01
    outer loop
      vertex 2.799008e+00 -2.353494e+01 2.431138e+01
      vertex 2.579164e+00 -2.435194e+01 2.012109e+01
      vertex 2.394179e+01 -2.394179e+01 2.430757e+01
    endloop
  endfacet
  facet normal -1.884061e-02 -9.811594e-01 1.922791e-01
    outer loop
      vertex 1.975529e+01 -1.975529e+01 4.525993e+01
      vertex 1.827783e+01 -2.242495e+01 3.149199e+01
      vertex 2.394179e+01 -2.394179e+01 2.430757e+01
    endloop
  endfacet
  facet normal -1.884061e-02 -9.811594e-01 1.922791e-01
    outer loop
      vertex 1.500619e+01 -2.330063e+01 2.670365e+01
      vertex 2.799008e+00 -2.353494e+01 2.431138e+01
      vertex 2.394179e+01 -2.394179e+01 2.430757e+01
    endloop
  endfacet
  facet normal -1.884061e-02 -9.811594e-01 1.922791e-01
    outer loop
      vertex 1.588558e+01 -2.003278e+01 4.346479e+01
      vertex 1.827783e+01 -2.242495e+01 3.149199e+01
      vertex 1.975529e+01 -1.975529e+01 4.525993e+01
    endloop
  endfacet
  facet normal 4.741820e-01 8.591511e-01 -1.923820e-01
    outer loop
      vertex 2.799008e+00 -2.353494e+01 2.431138e+01
      vertex 6.071916e+00 -2.266072e+01 3.628290e+01
      vertex 8.465451e+00 -2.505427e+01 3.149328e+01
    endloop
  endfacet
  facet normal 4.741820e-01 8.591511e-01 -1.923820e-01
    outer loop
      vertex 2.799008e+00 -2.353494e+01 2.431138e+01
      vertex 8.465451e+00 -2.505427e+01 3.149328e+01
      vertex 5.192543e+00 -2.592850e+01 1.952176e+01
    endloop
  endfacet
  facet normal 4.741820e-01 8.591511e-01 -1.923820e-01
    outer loop
      vertex 2.799008e+00 -2.353494e+01 2.431138e+01
      vertex 5.192543e+00 -2.592850e+01 1.952176e+01
      vertex 2.579164e+00 -2.435194e+01 2.012109e+01
    endloop
  endfacet
  facet normal -8.402081e-01 5.068741e-01 1.926890e-01
    outer loop
      vertex 1.923446e+00 -2.680667e+01 2.909974e+01
      vertex 6.071916e+00 -2.266072e+01 3.628290e+01
      vertex 2.799008e+00 -2.353494e+01 2.431138e+01
    endloop
  endfacet
  facet normal -8.402081e-01 5.068741e-01 1.926890e-01
    outer loop
      vertex 1.923446e+00 -2.680667e+01 2.909974e+01
      vertex 2.799008e+00 -2.353494e+01 2.431138e+01
      vertex 1.462214e+00 -2.427190e+01 2.042061e+01
    endloop
  endfacet
  facet normal -8.402081e-01 5.068741e-01 1.926890e-01
    outer loop
      vertex 1.923446e+00 -2.680667e+01 2.909974e+01
      vertex 1.462214e+00 -2.427190e+01 2.042061e+01
      vertex -2.585012e-01 -2.738956e+01 2.111872e+01
    endloop
  endfacet
  facet normal -2.114269e-01 -7.885727e-01 -5.774528e-01
    outer loop
      vertex 7.589894e+00 -2.832600e+01 3.628162e+01
      vertex -8.761935e+00 -3.271000e+01 4.825568e+01
      vertex -4.616020e+00 -2.856156e+01 4.107252e+01
    endloop
  endfacet
  facet normal -2.114269e-01 -7.885727e-01 -5.774528e-01
    outer loop
      vertex -4.616020e+00 -2.856156e+01 4.107252e+01
      vertex 1.924722e+00 -2.680792e+01 3.628290e+01
      vertex 7.589894e+00 -2.832600e+01 3.628162e+01
    endloop
  endfacet
  facet normal 2.112219e-01 7.887778e-01 -5.772478e-01
    outer loop
      vertex -3.741728e+00 -2.528859e+01 2.910101e+01
      vertex 6.071916e+00 -2.266072e+01 3.628290e+01
      vertex 1.923446e+00 -2.680667e+01 2.909974e+01
    endloop
  endfacet
  facet normal 2.112219e-01 7.887778e-01 -5.772478e-01
    outer loop
      vertex -3.741728e+00 -2.528859e+01 2.910101e+01
      vertex 1.923446e+00 -2.680667e+01 2.909974e+01
      vertex -4.618986e+00 -2.855866e+01 2.431182e+01
    endloop
  endfacet
  facet normal 2.112219e-01 7.887778e-01 -5.772478e-01
    outer loop
      vertex -3.741728e+00 -2.528859e+01 2.910101e+01
      vertex -4.618986e+00 -2.855866e+01 2.431182e+01
      vertex -6.713715e+00 -2.646390e+01 2.640765e+01
    endloop
  endfacet
  facet normal -5.772479e-01 5.772479e-01 5.775549e-01
    outer loop
      vertex -3.741728e+00 -2.528859e+01 2.910101e+01
      vertex 1.924722e+00 -2.680792e+01 3.628290e+01
      vertex 6.071916e+00 -2.266072e+01 3.628290e+01
    endloop
  endfacet
  facet normal -5.772479e-01 5.772479e-01 5.775549e-01
    outer loop
      vertex 1.924722e+00 -2.680792e+01 3.628290e+01
      vertex -3.741728e+00 -2.528859e+01 2.910101e+01
      vertex -7.231949e+00 -2.698251e+01 2.730554e+01
    endloop
  endfacet
  facet normal -5.772479e-01 5.772479e-01 5.775549e-01
    outer loop
      vertex 1.924722e+00 -2.680792e+01 3.628290e+01
      vertex -7.231949e+00 -2.698251e+01 2.730554e+01
      vertex -7.888928e+00 -2.943579e+01 2.910101e+01
    endloop
  endfacet
  facet normal 5.068741e-01 -8.402081e-01 -1.926890e-01
    outer loop
      vertex -4.616020e+00 -2.856156e+01 4.107252e+01
      vertex -8.761935e+00 -3.271000e+01 4.825568e+01
      vertex -7.231949e+00 -2.698251e+01 2.730554e+01
    endloop
  endfacet
  facet normal 5.068741e-01 -8.402081e-01 -1.926890e-01
    outer loop
      vertex 9.944177e+00 -2.238576e+01 5.244437e+01
      vertex -8.761935e+00 -3.271000e+01 4.825568e+01
      vertex -1.344371e+00 -2.768609e+01 4.586088e+01
    endloop
  endfacet
  facet normal 5.068741e-01 -8.402081e-01 -1.926890e-01
    outer loop
      vertex -3.741728e+00 -2.528859e+01 2.910101e+01
      vertex -4.616020e+00 -2.856156e+01 4.107252e+01
      vertex -7.231949e+00 -2.698251e+01 2.730554e+01
    endloop
  endfacet
  facet normal 5.068741e-01 -8.402081e-01 -1.926890e-01
    outer loop
      vertex -1.344371e+00 -2.768609e+01 4.586088e+01
      vertex 9.344844e+00 -2.178649e+01 4.825441e+01
      vertex 9.944177e+00 -2.238576e+01 5.244437e+01
    endloop
  endfacet
  facet normal -5.772479e-01 5.772479e-01 5.775549e-01
    outer loop
      vertex -7.421850e+00 -2.627417e+01 2.640781e+01
      vertex -8.371393e+00 -2.273267e+01 2.191913e+01
      vertex -9.408193e+00 -2.376947e+01 2.191913e+01
    endloop
  endfacet
  facet normal -5.772479e-01 5.772479e-01 5.775549e-01
    outer loop
      vertex -1.028416e+01 -2.704057e+01 2.431308e+01
      vertex -7.421850e+00 -2.627417e+01 2.640781e+01
      vertex -9.408193e+00 -2.376947e+01 2.191913e+01
    endloop
  endfacet
  facet normal -1.922790e-01 1.922790e-01 9.623189e-01
    outer loop
      vertex -9.408193e+00 -2.376947e+01 2.191913e+01
      vertex -8.371393e+00 -2.273267e+01 2.191913e+01
      vertex -1.340889e+01 -2.028711e+01 2.042396e+01
    endloop
  endfacet
  facet normal -1.922790e-01 1.922790e-01 9.623189e-01
    outer loop
      vertex -1.347726e+01 -2.384765e+01 2.112171e+01
      vertex -9.408193e+00 -2.376947e+01 2.191913e+01
      vertex -1.340889e+01 -2.028711e+01 2.042396e+01
    endloop
  endfacet
  facet normal 1.884061e-02 9.811594e-01 -1.922791e-01
    outer loop
      vertex -8.532636e+00 -2.049776e+01 1.713078e+01
      vertex -1.260170e+01 -2.057590e+01 1.633335e+01
      vertex -7.714725e+00 -2.027887e+01 1.832787e+01
    endloop
  endfacet
  facet normal 1.884061e-02 9.811594e-01 -1.922791e-01
    outer loop
      vertex -7.714725e+00 -2.027887e+01 1.832787e+01
      vertex -1.260170e+01 -2.057590e+01 1.633335e+01
      vertex -1.329945e+01 -1.987815e+01 1.982542e+01
    endloop
  endfacet
  facet normal -5.068741e-01 8.402081e-01 1.926890e-01
    outer loop
      vertex -5.123513e+00 -1.768609e+01 1.383838e+01
      vertex -8.241212e+00 -1.940680e+01 1.314020e+01
      vertex -7.714725e+00 -2.027887e+01 1.832787e+01
    endloop
  endfacet
  facet normal -5.068741e-01 8.402081e-01 1.926890e-01
    outer loop
      vertex -7.714725e+00 -2.027887e+01 1.832787e+01
      vertex -8.241212e+00 -1.940680e+01 1.314020e+01
      vertex -8.532636e+00 -2.049776e+01 1.713078e+01
    endloop
  endfacet
  facet normal -1.922790e-01 1.922790e-01 9.623189e-01
    outer loop
      vertex -1.328267e+01 1.276427e+01 1.384522e+01
      vertex -1.308657e+01 -3.502228e+00 1.713461e+01
      vertex -1.285217e+01 8.704973e+00 1.474226e+01
    endloop
  endfacet
  facet normal -1.922790e-01 1.922790e-01 9.623189e-01
    outer loop
      vertex -1.684311e+01 1.269591e+01 1.314745e+01
      vertex -1.308657e+01 -3.502228e+00 1.713461e+01
      vertex -1.328267e+01 1.276427e+01 1.384522e+01
    endloop
  endfacet
  facet normal -1.922790e-01 1.922790e-01 9.623189e-01
    outer loop
      vertex -1.699937e+01 4.557773e+00 1.474226e+01
      vertex -1.308657e+01 -3.502228e+00 1.713461e+01
      vertex -1.684311e+01 1.269591e+01 1.314745e+01
    endloop
  endfacet
  facet normal 9.811594e-01 1.884061e-02 1.922791e-01
    outer loop
      vertex -1.285217e+01 8.704973e+00 1.474226e+01
      vertex -1.221102e+01 -2.305802e-01 1.234621e+01
      vertex -1.257468e+01 1.257468e+01 1.294714e+01
    endloop
  endfacet
  facet normal 9.811594e-01 1.884061e-02 1.922791e-01
    outer loop
      vertex -1.257468e+01 1.257468e+01 1.294714e+01
      vertex -1.221102e+01 -2.305802e-01 1.234621e+01
      vertex -1.197662e+01 1.197662e+01 9.953901e+00
    endloop
  endfacet
  facet normal 9.811594e-01 1.884061e-02 1.922791e-01
    outer loop
      vertex -1.308657e+01 -3.502228e+00 1.713461e+01
      vertex -1.221102e+01 -2.305802e-01 1.234621e+01
      vertex -1.285217e+01 8.704973e+00 1.474226e+01
    endloop
  endfacet
  facet normal -5.774530e-01 5.774530e-01 -5.771449e-01
    outer loop
      vertex -1.635822e+01 -4.377784e+00 1.234621e+01
      vertex -1.221102e+01 -2.305802e-01 1.234621e+01
      vertex -5.161543e+00 -1.375794e+00 4.147201e+00
    endloop
  endfacet
  facet normal -5.774530e-01 5.774530e-01 -5.771449e-01
    outer loop
      vertex -5.161543e+00 -1.375794e+00 4.147201e+00
      vertex -1.221102e+01 -2.305802e-01 1.234621e+01
      vertex -5.670280e+00 1.523082e+00 7.556614e+00
    endloop
  endfacet
  facet normal -5.774530e-01 5.774530e-01 -5.771449e-01
    outer loop
      vertex -5.161543e+00 -1.375794e+00 4.147201e+00
      vertex -5.670280e+00 1.523082e+00 7.556614e+00
      vertex -2.982438e+00 8.033189e-01 4.147201e+00
    endloop
  endfacet
  facet normal -5.774530e-01 5.774530e-01 -5.771449e-01
    outer loop
      vertex -2.832600e+01 7.589894e+00 3.629438e+01
      vertex -2.394179e+01 2.394179e+01 4.826843e+01
      vertex -2.417880e+01 1.173709e+01 3.629438e+01
    endloop
  endfacet
  facet normal -5.774530e-01 5.774530e-01 -5.771449e-01
    outer loop
      vertex -2.417880e+01 1.173709e+01 3.629438e+01
      vertex -2.394179e+01 2.394179e+01 4.826843e+01
      vertex -2.242495e+01 1.827783e+01 4.108401e+01
    endloop
  endfacet
  facet normal 7.887778e-01 2.112219e-01 5.772478e-01
    outer loop
      vertex -2.417880e+01 1.173709e+01 3.629438e+01
      vertex -2.266072e+01 6.071916e+00 3.629310e+01
      vertex -2.003278e+01 1.588558e+01 2.911121e+01
    endloop
  endfacet
  facet normal 7.887778e-01 2.112219e-01 5.772478e-01
    outer loop
      vertex -1.975529e+01 1.975529e+01 2.731607e+01
      vertex -2.417880e+01 1.173709e+01 3.629438e+01
      vertex -2.003278e+01 1.588558e+01 2.911121e+01
    endloop
  endfacet
  facet normal 7.887778e-01 2.112219e-01 5.772478e-01
    outer loop
      vertex -2.155072e+01 2.155072e+01 2.911249e+01
      vertex -2.417880e+01 1.173709e+01 3.629438e+01
      vertex -1.975529e+01 1.975529e+01 2.731607e+01
    endloop
  endfacet
  facet normal 5.772479e-01 -5.772479e-01 -5.775549e-01
    outer loop
      vertex -1.956570e+01 1.904730e+01 2.641802e+01
      vertex -2.003278e+01 1.588558e+01 2.911121e+01
      vertex -2.242806e+01 1.828082e+01 2.432329e+01
    endloop
  endfacet
  facet normal 5.772479e-01 -5.772479e-01 -5.775549e-01
    outer loop
      vertex -2.242806e+01 1.828082e+01 2.432329e+01
      vertex -2.003278e+01 1.588558e+01 2.911121e+01
      vertex -2.266072e+01 6.071916e+00 3.629310e+01
    endloop
  endfacet
  facet normal 5.772479e-01 -5.772479e-01 -5.775549e-01
    outer loop
      vertex -2.242806e+01 1.828082e+01 2.432329e+01
      vertex -2.266072e+01 6.071916e+00 3.629310e+01
      vertex -2.418004e+01 1.173838e+01 2.911121e+01
    endloop
  endfacet
  facet normal 7.027071e-02 2.630630e-01 -9.622161e-01
    outer loop
      vertex -1.371220e+01 1.682260e+01 1.833552e+01
      vertex -1.057219e+01 2.145865e+01 1.983228e+01
      vertex -1.229591e+01 1.644311e+01 1.833521e+01
    endloop
  endfacet
  facet normal 7.027071e-02 2.630630e-01 -9.622161e-01
    outer loop
      vertex -1.229591e+01 1.644311e+01 1.833521e+01
      vertex -1.057219e+01 2.145865e+01 1.983228e+01
      vertex -6.951309e+00 1.939291e+01 1.953196e+01
    endloop
  endfacet
  facet normal 2.112219e-01 7.887778e-01 -5.772478e-01
    outer loop
      vertex -1.371220e+01 1.682260e+01 1.833552e+01
      vertex -1.229591e+01 1.644311e+01 1.833521e+01
      vertex -1.276427e+01 1.328267e+01 1.384522e+01
    endloop
  endfacet
  facet normal 2.112219e-01 7.887778e-01 -5.772478e-01
    outer loop
      vertex -1.276427e+01 1.328267e+01 1.384522e+01
      vertex -1.229591e+01 1.644311e+01 1.833521e+01
      vertex -8.704973e+00 1.285217e+01 1.474226e+01
    endloop
  endfacet
  facet normal -1.922790e-01 1.922790e-01 9.623189e-01
    outer loop
      vertex -4.557773e+00 1.699937e+01 1.474226e+01
      vertex -8.704973e+00 1.285217e+01 1.474226e+01
      vertex 3.502228e+00 1.308657e+01 1.713461e+01
    endloop
  endfacet
  facet normal -1.922790e-01 1.922790e-01 9.623189e-01
    outer loop
      vertex -1.269591e+01 1.684311e+01 1.314745e+01
      vertex -8.704973e+00 1.285217e+01 1.474226e+01
      vertex -4.557773e+00 1.699937e+01 1.474226e+01
    endloop
  endfacet
  facet normal -1.922790e-01 1.922790e-01 9.623189e-01
    outer loop
      vertex -1.276427e+01 1.328267e+01 1.384522e+01
      vertex -8.704973e+00 1.285217e+01 1.474226e+01
      vertex -1.269591e+01 1.684311e+01 1.314745e+01
    endloop
  endfacet
  facet normal -1.884061e-02 -9.811594e-01 1.922791e-01
    outer loop
      vertex 3.502228e+00 1.308657e+01 1.713461e+01
      vertex -1.197662e+01 1.197662e+01 9.953901e+00
      vertex 2.305802e-01 1.221102e+01 1.234621e+01
    endloop
  endfacet
  facet normal -1.884061e-02 -9.811594e-01 1.922791e-01
    outer loop
      vertex 3.502228e+00 1.308657e+01 1.713461e+01
      vertex -8.704973e+00 1.285217e+01 1.474226e+01
      vertex -1.197662e+01 1.197662e+01 9.953901e+00
    endloop
  endfacet
  facet normal -1.884061e-02 -9.811594e-01 1.922791e-01
    outer loop
      vertex -8.704973e+00 1.285217e+01 1.474226e+01
      vertex -1.257468e+01 1.257468e+01 1.294714e+01
      vertex -1.197662e+01 1.197662e+01 9.953901e+00
    endloop
  endfacet
  facet normal 2.112219e-01 7.887778e-01 -5.772478e-01
    outer loop
      vertex -1.257468e+01 1.257468e+01 1.294714e+01
      vertex -8.704973e+00 1.285217e+01 1.474226e+01
      vertex -3.779364e+00 3.779364e+00 4.147201e+00
    endloop
  endfacet
  facet normal 2.112219e-01 7.887778e-01 -5.772478e-01
    outer loop
      vertex -3.779364e+00 3.779364e+00 4.147201e+00
      vertex -8.704973e+00 1.285217e+01 1.474226e+01
      vertex -1.523082e+00 5.670280e+00 7.556614e+00
    endloop
  endfacet
  facet normal 2.112219e-01 7.887778e-01 -5.772478e-01
    outer loop
      vertex -3.779364e+00 3.779364e+00 4.147201e+00
      vertex -1.523082e+00 5.670280e+00 7.556614e+00
      vertex -8.033189e-01 2.982438e+00 4.147201e+00
    endloop
  endfacet
  facet normal -5.774530e-01 5.774530e-01 -5.771449e-01
    outer loop
      vertex -1.523082e+00 5.670280e+00 7.556614e+00
      vertex 2.305802e-01 1.221102e+01 1.234621e+01
      vertex 4.377784e+00 1.635822e+01 1.234621e+01
    endloop
  endfacet
  facet normal -5.774530e-01 5.774530e-01 -5.771449e-01
    outer loop
      vertex -1.523082e+00 5.670280e+00 7.556614e+00
      vertex 4.377784e+00 1.635822e+01 1.234621e+01
      vertex 1.375794e+00 5.161543e+00 4.147201e+00
    endloop
  endfacet
  facet normal -5.774530e-01 5.774530e-01 -5.771449e-01
    outer loop
      vertex -1.523082e+00 5.670280e+00 7.556614e+00
      vertex 1.375794e+00 5.161543e+00 4.147201e+00
      vertex -8.033189e-01 2.982438e+00 4.147201e+00
    endloop
  endfacet
  facet normal -7.887778e-01 -2.112219e-01 -5.772478e-01
    outer loop
      vertex -1.285217e+01 8.704973e+00 1.474226e+01
      vertex -1.257468e+01 1.257468e+01 1.294714e+01
      vertex -5.670280e+00 1.523082e+00 7.556614e+00
    endloop
  endfacet
  facet normal -7.887778e-01 -2.112219e-01 -5.772478e-01
    outer loop
      vertex -5.670280e+00 1.523082e+00 7.556614e+00
      vertex -1.257468e+01 1.257468e+01 1.294714e+01
      vertex -3.779364e+00 3.779364e+00 4.147201e+00
    endloop
  endfacet
  facet normal -7.887778e-01 -2.112219e-01 -5.772478e-01
    outer loop
      vertex -5.670280e+00 1.523082e+00 7.556614e+00
      vertex -3.779364e+00 3.779364e+00 4.147201e+00
      vertex -2.982438e+00 8.033189e-01 4.147201e+00
    endloop
  endfacet
  facet normal -5.774530e-01 5.774530e-01 -5.771449e-01
    outer loop
      vertex -2.394179e+01 2.394179e+01 4.826843e+01
      vertex -7.589894e+00 2.832600e+01 3.629438e+01
      vertex -1.827783e+01 2.242495e+01 4.108401e+01
    endloop
  endfacet
  facet normal -5.774530e-01 5.774530e-01 -5.771449e-01
    outer loop
      vertex -1.827783e+01 2.242495e+01 4.108401e+01
      vertex -7.589894e+00 2.832600e+01 3.629438e+01
      vertex -1.173709e+01 2.417880e+01 3.629438e+01
    endloop
  endfacet
  facet normal 1.884061e-02 9.811594e-01 -1.922791e-01
    outer loop
      vertex -1.588558e+01 2.003278e+01 2.911121e+01
      vertex -1.975529e+01 1.975529e+01 2.731607e+01
      vertex -1.827783e+01 2.242495e+01 4.108401e+01
    endloop
  endfacet
  facet normal 1.884061e-02 9.811594e-01 -1.922791e-01
    outer loop
      vertex -2.394179e+01 2.394179e+01 4.826843e+01
      vertex -2.579164e+00 2.435194e+01 5.245491e+01
      vertex -1.500619e+01 2.330063e+01 4.587235e+01
    endloop
  endfacet
  facet normal 1.884061e-02 9.811594e-01 -1.922791e-01
    outer loop
      vertex -2.394179e+01 2.394179e+01 4.826843e+01
      vertex -1.827783e+01 2.242495e+01 4.108401e+01
      vertex -1.975529e+01 1.975529e+01 2.731607e+01
    endloop
  endfacet
  facet normal 1.884061e-02 9.811594e-01 -1.922791e-01
    outer loop
      vertex -1.500619e+01 2.330063e+01 4.587235e+01
      vertex -2.579164e+00 2.435194e+01 5.245491e+01
      vertex -2.799008e+00 2.353494e+01 4.826462e+01
    endloop
  endfacet
  facet normal -2.112219e-01 -7.887778e-01 5.772478e-01
    outer loop
      vertex -1.975529e+01 1.975529e+01 2.731607e+01
      vertex -1.588558e+01 2.003278e+01 2.911121e+01
      vertex -6.071916e+00 2.266072e+01 3.629310e+01
    endloop
  endfacet
  facet normal -2.112219e-01 -7.887778e-01 5.772478e-01
    outer loop
      vertex -1.975529e+01 1.975529e+01 2.731607e+01
      vertex -6.071916e+00 2.266072e+01 3.629310e+01
      vertex -1.173709e+01 2.417880e+01 3.629438e+01
    endloop
  endfacet
  facet normal -2.112219e-01 -7.887778e-01 5.772478e-01
    outer loop
      vertex -1.975529e+01 1.975529e+01 2.731607e+01
      vertex -1.173709e+01 2.417880e+01 3.629438e+01
      vertex -2.155072e+01 2.155072e+01 2.911249e+01
    endloop
  endfacet
  facet normal 5.772479e-01 -5.772479e-01 -5.775549e-01
    outer loop
      vertex -1.173838e+01 2.418004e+01 2.911121e+01
      vertex -6.071916e+00 2.266072e+01 3.629310e+01
      vertex -1.828082e+01 2.242806e+01 2.432329e+01
    endloop
  endfacet
  facet normal 5.772479e-01 -5.772479e-01 -5.775549e-01
    outer loop
      vertex -1.828082e+01 2.242806e+01 2.432329e+01
      vertex -6.071916e+00 2.266072e+01 3.629310e+01
      vertex -1.588558e+01 2.003278e+01 2.911121e+01
    endloop
  endfacet
  facet normal 5.772479e-01 -5.772479e-01 -5.775549e-01
    outer loop
      vertex -1.904730e+01 1.956570e+01 2.641802e+01
      vertex -1.828082e+01 2.242806e+01 2.432329e+01
      vertex -1.588558e+01 2.003278e+01 2.911121e+01
    endloop
  endfacet
  facet normal 1.884061e-02 9.811594e-01 -1.922791e-01
    outer loop
      vertex -1.904730e+01 1.956570e+01 2.641802e+01
      vertex -1.588558e+01 2.003278e+01 2.911121e+01
      vertex -1.550736e+01 1.861776e+01 2.192774e+01
    endloop
  endfacet
  facet normal 1.884061e-02 9.811594e-01 -1.922791e-01
    outer loop
      vertex -1.550736e+01 1.861776e+01 2.192774e+01
      vertex -1.588558e+01 2.003278e+01 2.911121e+01
      vertex -1.468944e+01 1.883664e+01 2.312483e+01
    endloop
  endfacet
  facet normal -5.068741e-01 8.402081e-01 1.926890e-01
    outer loop
      vertex -1.550736e+01 1.861776e+01 2.192774e+01
      vertex -1.468944e+01 1.883664e+01 2.312483e+01
      vertex -1.087139e+01 2.175787e+01 2.043097e+01
    endloop
  endfacet
  facet normal -5.068741e-01 8.402081e-01 1.926890e-01
    outer loop
      vertex -1.087139e+01 2.175787e+01 2.043097e+01
      vertex -1.468944e+01 1.883664e+01 2.312483e+01
      vertex -9.344844e+00 2.178649e+01 2.432159e+01
    endloop
  endfacet
  facet normal -4.741820e-01 -8.591511e-01 1.923820e-01
    outer loop
      vertex -1.087139e+01 2.175787e+01 2.043097e+01
      vertex -9.344844e+00 2.178649e+01 2.432159e+01
      vertex -6.071916e+00 2.266072e+01 3.629310e+01
    endloop
  endfacet
  facet normal -4.741820e-01 -8.591511e-01 1.923820e-01
    outer loop
      vertex -1.087139e+01 2.175787e+01 2.043097e+01
      vertex -6.071916e+00 2.266072e+01 3.629310e+01
      vertex -1.173838e+01 2.418004e+01 2.911121e+01
    endloop
  endfacet
  facet normal -4.741820e-01 -8.591511e-01 1.923820e-01
    outer loop
      vertex -1.087139e+01 2.175787e+01 2.043097e+01
      vertex -1.173838e+01 2.418004e+01 2.911121e+01
      vertex -1.392033e+01 2.359715e+01 2.113021e+01
    endloop
  endfacet
  facet normal 8.402081e-01 -5.068741e-01 -1.926890e-01
    outer loop
      vertex -6.071916e+00 2.266072e+01 3.629310e+01
      vertex -8.469287e+00 2.505801e+01 1.953325e+01
      vertex -5.196358e+00 2.593244e+01 3.150474e+01
    endloop
  endfacet
  facet normal 8.402081e-01 -5.068741e-01 -1.926890e-01
    outer loop
      vertex -6.071916e+00 2.266072e+01 3.629310e+01
      vertex -9.344844e+00 2.178649e+01 2.432159e+01
      vertex -8.469287e+00 2.505801e+01 1.953325e+01
    endloop
  endfacet
  facet normal 8.402081e-01 -5.068741e-01 -1.926890e-01
    outer loop
      vertex -9.344844e+00 2.178649e+01 2.432159e+01
      vertex -9.944177e+00 2.238576e+01 2.013163e+01
      vertex -8.469287e+00 2.505801e+01 1.953325e+01
    endloop
  endfacet
  facet normal -5.068741e-01 8.402081e-01 1.926890e-01
    outer loop
      vertex -9.944177e+00 2.238576e+01 2.013163e+01
      vertex -9.344844e+00 2.178649e+01 2.432159e+01
      vertex 8.761935e+00 3.271000e+01 2.432032e+01
    endloop
  endfacet
  facet normal -5.068741e-01 8.402081e-01 1.926890e-01
    outer loop
      vertex 8.761935e+00 3.271000e+01 2.432032e+01
      vertex -9.344844e+00 2.178649e+01 2.432159e+01
      vertex 1.344371e+00 2.768609e+01 2.671512e+01
    endloop
  endfacet
  facet normal -5.068741e-01 8.402081e-01 1.926890e-01
    outer loop
      vertex 4.616020e+00 2.856156e+01 3.150348e+01
      vertex 3.741728e+00 2.528859e+01 4.347499e+01
      vertex 8.761935e+00 3.271000e+01 2.432032e+01
    endloop
  endfacet
  facet normal -5.068741e-01 8.402081e-01 1.926890e-01
    outer loop
      vertex 8.761935e+00 3.271000e+01 2.432032e+01
      vertex 3.741728e+00 2.528859e+01 4.347499e+01
      vertex 7.231949e+00 2.698251e+01 4.527046e+01
    endloop
  endfacet
  facet normal -5.774530e-01 5.774530e-01 -5.771449e-01
    outer loop
      vertex -7.589894e+00 2.832600e+01 3.629438e+01
      vertex 8.761935e+00 3.271000e+01 2.432032e+01
      vertex -5.196358e+00 2.593244e+01 3.150474e+01
    endloop
  endfacet
  facet normal -5.774530e-01 5.774530e-01 -5.771449e-01
    outer loop
      vertex -5.196358e+00 2.593244e+01 3.150474e+01
      vertex 8.761935e+00 3.271000e+01 2.432032e+01
      vertex 1.344371e+00 2.768609e+01 2.671512e+01
    endloop
  endfacet
  facet normal -5.774530e-01 5.774530e-01 -5.771449e-01
    outer loop
      vertex 1.984244e+00 1.875175e+01 1.713588e+01
      vertex 3.737913e+00 2.529253e+01 2.192550e+01
      vertex 8.761935e+00 3.271000e+01 2.432032e+01
    endloop
  endfacet
  facet normal -5.774530e-01 5.774530e-01 -5.771449e-01
    outer loop
      vertex 1.984244e+00 1.875175e+01 1.713588e+01
      vertex 8.761935e+00 3.271000e+01 2.432032e+01
      vertex 4.377784e+00 1.635822e+01 1.234621e+01
    endloop
  endfacet
  facet normal 7.027071e-02 2.630630e-01 -9.622161e-01
    outer loop
      vertex -9.944177e+00 2.238576e+01 2.013163e+01
      vertex 8.761935e+00 3.271000e+01 2.432032e+01
      vertex -6.951309e+00 1.939291e+01 1.953196e+01
    endloop
  endfacet
  facet normal 7.027071e-02 2.630630e-01 -9.622161e-01
    outer loop
      vertex 9.403092e+00 2.377445e+01 2.192424e+01
      vertex 8.761935e+00 3.271000e+01 2.432032e+01
      vertex 1.979801e+01 1.441639e+01 2.012493e+01
    endloop
  endfacet
  facet normal 7.027071e-02 2.630630e-01 -9.622161e-01
    outer loop
      vertex -6.951309e+00 1.939291e+01 1.953196e+01
      vertex 8.761935e+00 3.271000e+01 2.432032e+01
      vertex 3.737913e+00 2.529253e+01 2.192550e+01
    endloop
  endfacet
  facet normal 7.027071e-02 2.630630e-01 -9.622161e-01
    outer loop
      vertex 9.403092e+00 2.377445e+01 2.192424e+01
      vertex 1.979801e+01 1.441639e+01 2.012493e+01
      vertex 1.570941e+01 1.332099e+01 1.952686e+01
    endloop
  endfacet
  facet normal 2.630630e-01 7.027071e-02 9.622161e-01
    outer loop
      vertex 1.984244e+00 1.875175e+01 1.713588e+01
      vertex -6.951309e+00 1.939291e+01 1.953196e+01
      vertex 3.502228e+00 1.308657e+01 1.713461e+01
    endloop
  endfacet
  facet normal 2.630630e-01 7.027071e-02 9.622161e-01
    outer loop
      vertex -8.469287e+00 2.505801e+01 1.953325e+01
      vertex -6.951309e+00 1.939291e+01 1.953196e+01
      vertex 1.984244e+00 1.875175e+01 1.713588e+01
    endloop
  endfacet
  facet normal 2.630630e-01 7.027071e-02 9.622161e-01
    outer loop
      vertex -9.944177e+00 2.238576e+01 2.013163e+01
      vertex -6.951309e+00 1.939291e+01 1.953196e+01
      vertex -8.469287e+00 2.505801e+01 1.953325e+01
    endloop
  endfacet
  facet normal -4.741820e-01 -8.591511e-01 1.923820e-01
    outer loop
      vertex -6.951309e+00 1.939291e+01 1.953196e+01
      vertex -4.557773e+00 1.699937e+01 1.474226e+01
      vertex 3.502228e+00 1.308657e+01 1.713461e+01
    endloop
  endfacet
  facet normal -4.741820e-01 -8.591511e-01 1.923820e-01
    outer loop
      vertex -1.057219e+01 2.145865e+01 1.983228e+01
      vertex -4.557773e+00 1.699937e+01 1.474226e+01
      vertex -6.951309e+00 1.939291e+01 1.953196e+01
    endloop
  endfacet
  facet normal -4.741820e-01 -8.591511e-01 1.923820e-01
    outer loop
      vertex -1.152679e+01 2.120360e+01 1.634059e+01
      vertex -4.557773e+00 1.699937e+01 1.474226e+01
      vertex -1.057219e+01 2.145865e+01 1.983228e+01
    endloop
  endfacet
  facet normal -1.884061e-02 -9.811594e-01 1.922791e-01
    outer loop
      vertex -1.684311e+01 1.269591e+01 1.314745e+01
      vertex -1.328267e+01 1.276427e+01 1.384522e+01
      vertex -1.682260e+01 1.371220e+01 1.833552e+01
    endloop
  endfacet
  facet normal -1.884061e-02 -9.811594e-01 1.922791e-01
    outer loop
      vertex -1.764051e+01 1.349331e+01 1.713843e+01
      vertex -1.684311e+01 1.269591e+01 1.314745e+01
      vertex -1.682260e+01 1.371220e+01 1.833552e+01
    endloop
  endfacet
  facet normal 5.068741e-01 -8.402081e-01 -1.926890e-01
    outer loop
      vertex -2.120360e+01 1.152679e+01 1.634059e+01
      vertex -1.764051e+01 1.349331e+01 1.713843e+01
      vertex -1.682260e+01 1.371220e+01 1.833552e+01
    endloop
  endfacet
  facet normal 5.068741e-01 -8.402081e-01 -1.926890e-01
    outer loop
      vertex -2.145865e+01 1.057219e+01 1.983228e+01
      vertex -2.120360e+01 1.152679e+01 1.634059e+01
      vertex -1.682260e+01 1.371220e+01 1.833552e+01
    endloop
  endfacet
  facet normal -7.027071e-02 -2.630630e-01 9.622161e-01
    outer loop
      vertex -2.175787e+01 1.087139e+01 2.043097e+01
      vertex -1.861776e+01 1.550736e+01 2.192774e+01
      vertex -2.003405e+01 1.588684e+01 2.192805e+01
    endloop
  endfacet
  facet normal -7.027071e-02 -2.630630e-01 9.622161e-01
    outer loop
      vertex -2.359715e+01 1.392033e+01 2.113021e+01
      vertex -2.175787e+01 1.087139e+01 2.043097e+01
      vertex -2.003405e+01 1.588684e+01 2.192805e+01
    endloop
  endfacet
  facet normal -2.112219e-01 -7.887778e-01 5.772478e-01
    outer loop
      vertex -2.003405e+01 1.588684e+01 2.192805e+01
      vertex -1.861776e+01 1.550736e+01 2.192774e+01
      vertex -1.956570e+01 1.904730e+01 2.641802e+01
    endloop
  endfacet
  facet normal -2.112219e-01 -7.887778e-01 5.772478e-01
    outer loop
      vertex -2.242806e+01 1.828082e+01 2.432329e+01
      vertex -2.003405e+01 1.588684e+01 2.192805e+01
      vertex -1.956570e+01 1.904730e+01 2.641802e+01
    endloop
  endfacet
  facet normal 7.027071e-02 2.630630e-01 -9.622161e-01
    outer loop
      vertex -2.387108e+01 -4.122503e+00 5.065782e+01
      vertex -2.528735e+01 -3.743014e+00 5.065815e+01
      vertex -2.427190e+01 1.462214e+00 5.215539e+01
    endloop
  endfacet
  facet normal 7.027071e-02 2.630630e-01 -9.622161e-01
    outer loop
      vertex -2.427190e+01 1.462214e+00 5.215539e+01
      vertex -2.528735e+01 -3.743014e+00 5.065815e+01
      vertex -2.738956e+01 -2.585012e-01 5.145728e+01
    endloop
  endfacet
  facet normal -1.922790e-01 1.922790e-01 9.623189e-01
    outer loop
      vertex -1.243776e+01 -1.244544e+01 5.783747e+01
      vertex -2.472312e+01 -1.674890e+01 5.624265e+01
      vertex -4.377784e+00 -1.635822e+01 6.022979e+01
    endloop
  endfacet
  facet normal -1.922790e-01 1.922790e-01 9.623189e-01
    outer loop
      vertex -2.057590e+01 -1.260170e+01 5.624265e+01
      vertex -2.472312e+01 -1.674890e+01 5.624265e+01
      vertex -1.243776e+01 -1.244544e+01 5.783747e+01
    endloop
  endfacet
  facet normal -1.922790e-01 1.922790e-01 9.623189e-01
    outer loop
      vertex -2.452779e+01 -6.576236e+00 5.424909e+01
      vertex -2.472312e+01 -1.674890e+01 5.624265e+01
      vertex -2.057590e+01 -1.260170e+01 5.624265e+01
    endloop
  endfacet
  facet normal -1.922790e-01 1.922790e-01 9.623189e-01
    outer loop
      vertex -2.452779e+01 -6.576236e+00 5.424909e+01
      vertex -2.057590e+01 -1.260170e+01 5.624265e+01
      vertex -2.049776e+01 -8.532636e+00 5.544522e+01
    endloop
  endfacet
  facet normal -7.027071e-02 -2.630630e-01 9.622161e-01
    outer loop
      vertex -2.201583e+01 -2.867457e+00 5.544649e+01
      vertex -2.978312e+01 2.135041e+00 5.624690e+01
      vertex -2.452779e+01 -6.576236e+00 5.424909e+01
    endloop
  endfacet
  facet normal -7.027071e-02 -2.630630e-01 9.622161e-01
    outer loop
      vertex -2.411783e+01 6.170557e-01 5.624561e+01
      vertex -2.978312e+01 2.135041e+00 5.624690e+01
      vertex -2.201583e+01 -2.867457e+00 5.544649e+01
    endloop
  endfacet
  facet normal -7.027071e-02 -2.630630e-01 9.622161e-01
    outer loop
      vertex -1.196768e+01 1.196768e+01 6.023621e+01
      vertex -2.978312e+01 2.135041e+00 5.624690e+01
      vertex -2.411783e+01 6.170557e-01 5.624561e+01
    endloop
  endfacet
  facet normal -7.027071e-02 -2.630630e-01 9.622161e-01
    outer loop
      vertex -1.196768e+01 1.196768e+01 6.023621e+01
      vertex -2.411783e+01 6.170557e-01 5.624561e+01
      vertex -1.699172e+01 4.550121e+00 5.784141e+01
    endloop
  endfacet
  facet normal -8.402081e-01 5.068741e-01 1.926890e-01
    outer loop
      vertex -2.452779e+01 -6.576236e+00 5.424909e+01
      vertex -2.180038e+01 -5.847676e+00 6.422541e+01
      vertex -2.201583e+01 -2.867457e+00 5.544649e+01
    endloop
  endfacet
  facet normal -8.402081e-01 5.068741e-01 1.926890e-01
    outer loop
      vertex -1.699172e+01 4.550121e+00 5.784141e+01
      vertex -2.180038e+01 -5.847676e+00 6.422541e+01
      vertex -1.196768e+01 1.196768e+01 6.023621e+01
    endloop
  endfacet
  facet normal -8.402081e-01 5.068741e-01 1.926890e-01
    outer loop
      vertex -2.092470e+01 -2.576033e+00 5.943705e+01
      vertex -2.180038e+01 -5.847676e+00 6.422541e+01
      vertex -1.699172e+01 4.550121e+00 5.784141e+01
    endloop
  endfacet
  facet normal -8.402081e-01 5.068741e-01 1.926890e-01
    outer loop
      vertex -2.201583e+01 -2.867457e+00 5.544649e+01
      vertex -2.180038e+01 -5.847676e+00 6.422541e+01
      vertex -2.092470e+01 -2.576033e+00 5.943705e+01
    endloop
  endfacet
  facet normal -4.741820e-01 -8.591511e-01 1.923820e-01
    outer loop
      vertex -2.180038e+01 -5.847676e+00 6.422541e+01
      vertex -2.452779e+01 -6.576236e+00 5.424909e+01
      vertex -2.049776e+01 -8.532636e+00 5.544522e+01
    endloop
  endfacet
  facet normal -4.741820e-01 -8.591511e-01 1.923820e-01
    outer loop
      vertex -1.243776e+01 -1.244544e+01 5.783747e+01
      vertex -2.180038e+01 -5.847676e+00 6.422541e+01
      vertex -1.940680e+01 -8.241212e+00 5.943580e+01
    endloop
  endfacet
  facet normal -4.741820e-01 -8.591511e-01 1.923820e-01
    outer loop
      vertex -1.940680e+01 -8.241212e+00 5.943580e+01
      vertex -2.180038e+01 -5.847676e+00 6.422541e+01
      vertex -2.049776e+01 -8.532636e+00 5.544522e+01
    endloop
  endfacet
  facet normal -4.741820e-01 -8.591511e-01 1.923820e-01
    outer loop
      vertex -4.377784e+00 -1.635822e+01 6.022979e+01
      vertex -2.180038e+01 -5.847676e+00 6.422541e+01
      vertex -1.243776e+01 -1.244544e+01 5.783747e+01
    endloop
  endfacet
  facet normal 2.630630e-01 7.027071e-02 9.622161e-01
    outer loop
      vertex 4.557773e+00 -1.699937e+01 5.783374e+01
      vertex -4.377784e+00 -1.635822e+01 6.022979e+01
      vertex 1.304477e+01 -2.686867e+01 5.623414e+01
    endloop
  endfacet
  facet normal 2.630630e-01 7.027071e-02 9.622161e-01
    outer loop
      vertex 1.152679e+01 -2.120360e+01 5.623541e+01
      vertex 4.557773e+00 -1.699937e+01 5.783374e+01
      vertex 1.304477e+01 -2.686867e+01 5.623414e+01
    endloop
  endfacet
  facet normal 2.630630e-01 7.027071e-02 9.622161e-01
    outer loop
      vertex 1.796109e+01 -1.796109e+01 5.423953e+01
      vertex 1.349331e+01 -1.764051e+01 5.543757e+01
      vertex 1.304477e+01 -2.686867e+01 5.623414e+01
    endloop
  endfacet
  facet normal 2.630630e-01 7.027071e-02 9.622161e-01
    outer loop
      vertex 1.349331e+01 -1.764051e+01 5.543757e+01
      vertex 1.152679e+01 -2.120360e+01 5.623541e+01
      vertex 1.304477e+01 -2.686867e+01 5.623414e+01
    endloop
  endfacet
  facet normal -4.741820e-01 -8.591511e-01 1.923820e-01
    outer loop
      vertex 1.304477e+01 -2.686867e+01 5.623414e+01
      vertex -4.377784e+00 -1.635822e+01 6.022979e+01
      vertex 8.469287e+00 -2.505801e+01 5.304275e+01
    endloop
  endfacet
  facet normal -4.741820e-01 -8.591511e-01 1.923820e-01
    outer loop
      vertex 8.469287e+00 -2.505801e+01 5.304275e+01
      vertex -4.377784e+00 -1.635822e+01 6.022979e+01
      vertex -1.984244e+00 -1.875175e+01 5.544012e+01
    endloop
  endfacet
  facet normal -4.741820e-01 -8.591511e-01 1.923820e-01
    outer loop
      vertex 7.589894e+00 -2.832600e+01 3.628162e+01
      vertex 8.469287e+00 -2.505801e+01 5.304275e+01
      vertex 5.196358e+00 -2.593244e+01 4.107126e+01
    endloop
  endfacet
  facet normal -4.741820e-01 -8.591511e-01 1.923820e-01
    outer loop
      vertex 1.304477e+01 -2.686867e+01 5.623414e+01
      vertex 8.469287e+00 -2.505801e+01 5.304275e+01
      vertex 7.589894e+00 -2.832600e+01 3.628162e+01
    endloop
  endfacet
  facet normal 2.630630e-01 7.027071e-02 9.622161e-01
    outer loop
      vertex -1.634930e+01 -4.386701e+00 6.262832e+01
      vertex -2.180038e+01 -5.847676e+00 6.422541e+01
      vertex -4.377784e+00 -1.635822e+01 6.022979e+01
    endloop
  endfacet
  facet normal 2.630630e-01 7.027071e-02 9.622161e-01
    outer loop
      vertex -1.634930e+01 -4.386701e+00 6.262832e+01
      vertex -1.044970e+01 6.302500e+00 6.023476e+01
      vertex -1.196768e+01 1.196768e+01 6.023621e+01
    endloop
  endfacet
  facet normal 2.630630e-01 7.027071e-02 9.622161e-01
    outer loop
      vertex -1.196768e+01 1.196768e+01 6.023621e+01
      vertex -2.180038e+01 -5.847676e+00 6.422541e+01
      vertex -1.634930e+01 -4.386701e+00 6.262832e+01
    endloop
  endfacet
  facet normal 2.630630e-01 7.027071e-02 9.622161e-01
    outer loop
      vertex -5.895763e+00 -1.069304e+01 6.023103e+01
      vertex -1.634930e+01 -4.386701e+00 6.262832e+01
      vertex -4.377784e+00 -1.635822e+01 6.022979e+01
    endloop
  endfacet
  facet normal -1.922790e-01 1.922790e-01 9.623189e-01
    outer loop
      vertex 1.197662e+01 -1.197662e+01 6.262210e+01
      vertex -4.377784e+00 -1.635822e+01 6.022979e+01
      vertex 1.596755e+01 -1.596755e+01 6.421690e+01
    endloop
  endfacet
  facet normal -1.922790e-01 1.922790e-01 9.623189e-01
    outer loop
      vertex 1.635822e+01 4.377784e+00 6.022979e+01
      vertex 1.197662e+01 -1.197662e+01 6.262210e+01
      vertex 1.596755e+01 -1.596755e+01 6.421690e+01
    endloop
  endfacet
  facet normal -1.922790e-01 1.922790e-01 9.623189e-01
    outer loop
      vertex 1.197662e+01 -1.197662e+01 6.262210e+01
      vertex -2.305802e-01 -1.221102e+01 6.022979e+01
      vertex -4.377784e+00 -1.635822e+01 6.022979e+01
    endloop
  endfacet
  facet normal -1.922790e-01 1.922790e-01 9.623189e-01
    outer loop
      vertex 1.221102e+01 2.305802e-01 6.022979e+01
      vertex 1.197662e+01 -1.197662e+01 6.262210e+01
      vertex 1.635822e+01 4.377784e+00 6.022979e+01
    endloop
  endfacet
  facet normal -1.884061e-02 -9.811594e-01 1.922791e-01
    outer loop
      vertex 1.596755e+01 -1.596755e+01 6.421690e+01
      vertex -4.377784e+00 -1.635822e+01 6.022979e+01
      vertex 4.557773e+00 -1.699937e+01 5.783374e+01
    endloop
  endfacet
  facet normal -1.884061e-02 -9.811594e-01 1.922791e-01
    outer loop
      vertex 1.349331e+01 -1.764051e+01 5.543757e+01
      vertex 1.596755e+01 -1.596755e+01 6.421690e+01
      vertex 1.269591e+01 -1.684311e+01 5.942855e+01
    endloop
  endfacet
  facet normal -1.884061e-02 -9.811594e-01 1.922791e-01
    outer loop
      vertex 1.269591e+01 -1.684311e+01 5.942855e+01
      vertex 1.596755e+01 -1.596755e+01 6.421690e+01
      vertex 4.557773e+00 -1.699937e+01 5.783374e+01
    endloop
  endfacet
  facet normal -1.884061e-02 -9.811594e-01 1.922791e-01
    outer loop
      vertex 1.796109e+01 -1.796109e+01 5.423953e+01
      vertex 1.596755e+01 -1.596755e+01 6.421690e+01
      vertex 1.349331e+01 -1.764051e+01 5.543757e+01
    endloop
  endfacet
  facet normal 5.774530e-01 -5.774530e-01 5.771449e-01
    outer loop
      vertex -4.377784e+00 -1.635822e+01 6.022979e+01
      vertex -8.761935e+00 -3.271000e+01 4.825568e+01
      vertex -3.737913e+00 -2.529253e+01 5.065050e+01
    endloop
  endfacet
  facet normal 5.774530e-01 -5.774530e-01 5.771449e-01
    outer loop
      vertex -3.737913e+00 -2.529253e+01 5.065050e+01
      vertex -1.984244e+00 -1.875175e+01 5.544012e+01
      vertex -4.377784e+00 -1.635822e+01 6.022979e+01
    endloop
  endfacet
  facet normal 5.774530e-01 -5.774530e-01 5.771449e-01
    outer loop
      vertex -1.344371e+00 -2.768609e+01 4.586088e+01
      vertex -8.761935e+00 -3.271000e+01 4.825568e+01
      vertex 7.589894e+00 -2.832600e+01 3.628162e+01
    endloop
  endfacet
  facet normal 5.774530e-01 -5.774530e-01 5.771449e-01
    outer loop
      vertex 5.196358e+00 -2.593244e+01 4.107126e+01
      vertex -1.344371e+00 -2.768609e+01 4.586088e+01
      vertex 7.589894e+00 -2.832600e+01 3.628162e+01
    endloop
  endfacet
  facet normal 8.402081e-01 -5.068741e-01 -1.926890e-01
    outer loop
      vertex 1.304477e+01 -2.686867e+01 5.623414e+01
      vertex 7.589894e+00 -2.832600e+01 3.628162e+01
      vertex 1.173838e+01 -2.418004e+01 4.346479e+01
    endloop
  endfacet
  facet normal 8.402081e-01 -5.068741e-01 -1.926890e-01
    outer loop
      vertex 1.588684e+01 -2.003405e+01 5.064795e+01
      vertex 1.304477e+01 -2.686867e+01 5.623414e+01
      vertex 1.392033e+01 -2.359715e+01 5.144579e+01
    endloop
  endfacet
  facet normal 8.402081e-01 -5.068741e-01 -1.926890e-01
    outer loop
      vertex 1.392033e+01 -2.359715e+01 5.144579e+01
      vertex 1.304477e+01 -2.686867e+01 5.623414e+01
      vertex 1.173838e+01 -2.418004e+01 4.346479e+01
    endloop
  endfacet
  facet normal 8.402081e-01 -5.068741e-01 -1.926890e-01
    outer loop
      vertex 1.796109e+01 -1.796109e+01 5.423953e+01
      vertex 1.304477e+01 -2.686867e+01 5.623414e+01
      vertex 1.588684e+01 -2.003405e+01 5.064795e+01
    endloop
  endfacet
  facet normal -2.112219e-01 -7.887778e-01 5.772478e-01
    outer loop
      vertex 1.173838e+01 -2.418004e+01 4.346479e+01
      vertex 7.589894e+00 -2.832600e+01 3.628162e+01
      vertex 2.394593e+01 -2.394593e+01 4.825143e+01
    endloop
  endfacet
  facet normal -2.112219e-01 -7.887778e-01 5.772478e-01
    outer loop
      vertex 1.828082e+01 -2.242806e+01 4.825271e+01
      vertex 1.173838e+01 -2.418004e+01 4.346479e+01
      vertex 2.394593e+01 -2.394593e+01 4.825143e+01
    endloop
  endfacet
  facet normal -2.112219e-01 -7.887778e-01 5.772478e-01
    outer loop
      vertex 1.796109e+01 -1.796109e+01 5.423953e+01
      vertex 1.588684e+01 -2.003405e+01 5.064795e+01
      vertex 2.394593e+01 -2.394593e+01 4.825143e+01
    endloop
  endfacet
  facet normal -2.112219e-01 -7.887778e-01 5.772478e-01
    outer loop
      vertex 1.588684e+01 -2.003405e+01 5.064795e+01
      vertex 1.828082e+01 -2.242806e+01 4.825271e+01
      vertex 2.394593e+01 -2.394593e+01 4.825143e+01
    endloop
  endfacet
  facet normal 5.772479e-01 -5.772479e-01 -5.775549e-01
    outer loop
      vertex 2.394593e+01 -2.394593e+01 4.825143e+01
      vertex 7.589894e+00 -2.832600e+01 3.628162e+01
      vertex 1.173709e+01 -2.417880e+01 3.628162e+01
    endloop
  endfacet
  facet normal 5.772479e-01 -5.772479e-01 -5.775549e-01
    outer loop
      vertex 2.394593e+01 -2.394593e+01 4.825143e+01
      vertex 1.173709e+01 -2.417880e+01 3.628162e+01
      vertex 2.155072e+01 -2.155072e+01 4.346351e+01
    endloop
  endfacet
  facet normal 5.772479e-01 -5.772479e-01 -5.775549e-01
    outer loop
      vertex 2.394593e+01 -2.394593e+01 4.825143e+01
      vertex 2.155072e+01 -2.155072e+01 4.346351e+01
      vertex 2.417880e+01 -1.173709e+01 3.628162e+01
    endloop
  endfacet
  facet normal 5.772479e-01 -5.772479e-01 -5.775549e-01
    outer loop
      vertex 2.394593e+01 -2.394593e+01 4.825143e+01
      vertex 2.417880e+01 -1.173709e+01 3.628162e+01
      vertex 2.832600e+01 -7.589894e+00 3.628162e+01
    endloop
  endfacet
  facet normal 8.402081e-01 -5.068741e-01 -1.926890e-01
    outer loop
      vertex 5.192543e+00 -2.592850e+01 1.952176e+01
      vertex 2.135041e+00 -2.978312e+01 1.632910e+01
      vertex 1.196768e+01 -1.196768e+01 1.233979e+01
    endloop
  endfacet
  facet normal 8.402081e-01 -5.068741e-01 -1.926890e-01
    outer loop
      vertex 5.192543e+00 -2.592850e+01 1.952176e+01
      vertex 8.465451e+00 -2.505427e+01 3.149328e+01
      vertex 7.589894e+00 -2.832600e+01 3.628162e+01
    endloop
  endfacet
  facet normal 8.402081e-01 -5.068741e-01 -1.926890e-01
    outer loop
      vertex 7.589894e+00 -2.832600e+01 3.628162e+01
      vertex 2.135041e+00 -2.978312e+01 1.632910e+01
      vertex 5.192543e+00 -2.592850e+01 1.952176e+01
    endloop
  endfacet
  facet normal 8.402081e-01 -5.068741e-01 -1.926890e-01
    outer loop
      vertex 1.109212e+01 -1.523932e+01 1.712823e+01
      vertex 5.192543e+00 -2.592850e+01 1.952176e+01
      vertex 1.196768e+01 -1.196768e+01 1.233979e+01
    endloop
  endfacet
  facet normal -4.741820e-01 -8.591511e-01 1.923820e-01
    outer loop
      vertex -3.743014e+00 -2.528735e+01 2.191785e+01
      vertex -6.576236e+00 -2.452779e+01 1.832691e+01
      vertex 2.135041e+00 -2.978312e+01 1.632910e+01
    endloop
  endfacet
  facet normal -4.741820e-01 -8.591511e-01 1.923820e-01
    outer loop
      vertex -2.585012e-01 -2.738956e+01 2.111872e+01
      vertex -3.743014e+00 -2.528735e+01 2.191785e+01
      vertex 2.135041e+00 -2.978312e+01 1.632910e+01
    endloop
  endfacet
  facet normal -4.741820e-01 -8.591511e-01 1.923820e-01
    outer loop
      vertex 7.589894e+00 -2.832600e+01 3.628162e+01
      vertex 1.923446e+00 -2.680667e+01 2.909974e+01
      vertex 2.135041e+00 -2.978312e+01 1.632910e+01
    endloop
  endfacet
  facet normal -4.741820e-01 -8.591511e-01 1.923820e-01
    outer loop
      vertex 1.923446e+00 -2.680667e+01 2.909974e+01
      vertex -2.585012e-01 -2.738956e+01 2.111872e+01
      vertex 2.135041e+00 -2.978312e+01 1.632910e+01
    endloop
  endfacet
  facet normal 5.772479e-01 -5.772479e-01 -5.775549e-01
    outer loop
      vertex -8.766185e+00 -3.270586e+01 2.431182e+01
      vertex -6.576236e+00 -2.452779e+01 1.832691e+01
      vertex -3.743014e+00 -2.528735e+01 2.191785e+01
    endloop
  endfacet
  facet normal 5.772479e-01 -5.772479e-01 -5.775549e-01
    outer loop
      vertex -8.766185e+00 -3.270586e+01 2.431182e+01
      vertex -3.743014e+00 -2.528735e+01 2.191785e+01
      vertex -4.618986e+00 -2.855866e+01 2.431182e+01
    endloop
  endfacet
  facet normal 5.772479e-01 -5.772479e-01 -5.775549e-01
    outer loop
      vertex -8.766185e+00 -3.270586e+01 2.431182e+01
      vertex -4.618986e+00 -2.855866e+01 2.431182e+01
      vertex 7.589894e+00 -2.832600e+01 3.628162e+01
    endloop
  endfacet
  facet normal 5.772479e-01 -5.772479e-01 -5.775549e-01
    outer loop
      vertex -4.618986e+00 -2.855866e+01 2.431182e+01
      vertex 1.923446e+00 -2.680667e+01 2.909974e+01
      vertex 7.589894e+00 -2.832600e+01 3.628162e+01
    endloop
  endfacet
  facet normal -2.630630e-01 -7.027071e-02 -9.622161e-01
    outer loop
      vertex -6.576236e+00 -2.452779e+01 1.832691e+01
      vertex -2.867457e+00 -2.201583e+01 1.712951e+01
      vertex 2.135041e+00 -2.978312e+01 1.632910e+01
    endloop
  endfacet
  facet normal -2.630630e-01 -7.027071e-02 -9.622161e-01
    outer loop
      vertex 2.135041e+00 -2.978312e+01 1.632910e+01
      vertex -2.867457e+00 -2.201583e+01 1.712951e+01
      vertex 6.170557e-01 -2.411783e+01 1.633039e+01
    endloop
  endfacet
  facet normal -2.630630e-01 -7.027071e-02 -9.622161e-01
    outer loop
      vertex 2.135041e+00 -2.978312e+01 1.632910e+01
      vertex 6.170557e-01 -2.411783e+01 1.633039e+01
      vertex 4.550121e+00 -1.699172e+01 1.473459e+01
    endloop
  endfacet
  facet normal -2.630630e-01 -7.027071e-02 -9.622161e-01
    outer loop
      vertex 2.135041e+00 -2.978312e+01 1.632910e+01
      vertex 4.550121e+00 -1.699172e+01 1.473459e+01
      vertex 1.196768e+01 -1.196768e+01 1.233979e+01
    endloop
  endfacet
  facet normal 5.068741e-01 -8.402081e-01 -1.926890e-01
    outer loop
      vertex -2.867457e+00 -2.201583e+01 1.712951e+01
      vertex -6.576236e+00 -2.452779e+01 1.832691e+01
      vertex -5.847676e+00 -2.180038e+01 8.350594e+00
    endloop
  endfacet
  facet normal 5.068741e-01 -8.402081e-01 -1.926890e-01
    outer loop
      vertex -2.576033e+00 -2.092470e+01 1.313895e+01
      vertex -2.867457e+00 -2.201583e+01 1.712951e+01
      vertex -5.847676e+00 -2.180038e+01 8.350594e+00
    endloop
  endfacet
  facet normal 5.068741e-01 -8.402081e-01 -1.926890e-01
    outer loop
      vertex 1.196768e+01 -1.196768e+01 1.233979e+01
      vertex 4.550121e+00 -1.699172e+01 1.473459e+01
      vertex -5.847676e+00 -2.180038e+01 8.350594e+00
    endloop
  endfacet
  facet normal 5.068741e-01 -8.402081e-01 -1.926890e-01
    outer loop
      vertex 4.550121e+00 -1.699172e+01 1.473459e+01
      vertex -2.576033e+00 -2.092470e+01 1.313895e+01
      vertex -5.847676e+00 -2.180038e+01 8.350594e+00
    endloop
  endfacet
  facet normal 1.884061e-02 9.811594e-01 -1.922791e-01
    outer loop
      vertex -1.796109e+01 1.796109e+01 1.833647e+01
      vertex -1.349331e+01 1.764051e+01 1.713843e+01
      vertex -1.596755e+01 1.596755e+01 8.359097e+00
    endloop
  endfacet
  facet normal 1.884061e-02 9.811594e-01 -1.922791e-01
    outer loop
      vertex -1.596755e+01 1.596755e+01 8.359097e+00
      vertex -1.349331e+01 1.764051e+01 1.713843e+01
      vertex -1.269591e+01 1.684311e+01 1.314745e+01
    endloop
  endfacet
  facet normal 1.884061e-02 9.811594e-01 -1.922791e-01
    outer loop
      vertex -1.596755e+01 1.596755e+01 8.359097e+00
      vertex -1.269591e+01 1.684311e+01 1.314745e+01
      vertex -4.557773e+00 1.699937e+01 1.474226e+01
    endloop
  endfacet
  facet normal 1.884061e-02 9.811594e-01 -1.922791e-01
    outer loop
      vertex -1.596755e+01 1.596755e+01 8.359097e+00
      vertex -4.557773e+00 1.699937e+01 1.474226e+01
      vertex 4.377784e+00 1.635822e+01 1.234621e+01
    endloop
  endfacet
  facet normal -2.630630e-01 -7.027071e-02 -9.622161e-01
    outer loop
      vertex -1.796109e+01 1.796109e+01 1.833647e+01
      vertex -1.304477e+01 2.686867e+01 1.634186e+01
      vertex -1.349331e+01 1.764051e+01 1.713843e+01
    endloop
  endfacet
  facet normal -2.630630e-01 -7.027071e-02 -9.622161e-01
    outer loop
      vertex -4.557773e+00 1.699937e+01 1.474226e+01
      vertex -1.304477e+01 2.686867e+01 1.634186e+01
      vertex 4.377784e+00 1.635822e+01 1.234621e+01
    endloop
  endfacet
  facet normal -2.630630e-01 -7.027071e-02 -9.622161e-01
    outer loop
      vertex -1.152679e+01 2.120360e+01 1.634059e+01
      vertex -1.304477e+01 2.686867e+01 1.634186e+01
      vertex -4.557773e+00 1.699937e+01 1.474226e+01
    endloop
  endfacet
  facet normal -2.630630e-01 -7.027071e-02 -9.622161e-01
    outer loop
      vertex -1.349331e+01 1.764051e+01 1.713843e+01
      vertex -1.304477e+01 2.686867e+01 1.634186e+01
      vertex -1.152679e+01 2.120360e+01 1.634059e+01
    endloop
  endfacet
  facet normal -8.402081e-01 5.068741e-01 1.926890e-01
    outer loop
      vertex -1.796109e+01 1.796109e+01 1.833647e+01
      vertex -1.588684e+01 2.003405e+01 2.192805e+01
      vertex -1.304477e+01 2.686867e+01 1.634186e+01
    endloop
  endfacet
  facet normal -8.402081e-01 5.068741e-01 1.926890e-01
    outer loop
      vertex -1.304477e+01 2.686867e+01 1.634186e+01
      vertex -1.588684e+01 2.003405e+01 2.192805e+01
      vertex -1.392033e+01 2.359715e+01 2.113021e+01
    endloop
  endfacet
  facet normal -8.402081e-01 5.068741e-01 1.926890e-01
    outer loop
      vertex -1.304477e+01 2.686867e+01 1.634186e+01
      vertex -1.392033e+01 2.359715e+01 2.113021e+01
      vertex -1.173838e+01 2.418004e+01 2.911121e+01
    endloop
  endfacet
  facet normal -8.402081e-01 5.068741e-01 1.926890e-01
    outer loop
      vertex -1.304477e+01 2.686867e+01 1.634186e+01
      vertex -1.173838e+01 2.418004e+01 2.911121e+01
      vertex -7.589894e+00 2.832600e+01 3.629438e+01
    endloop
  endfacet
  facet normal 2.112219e-01 7.887778e-01 -5.772478e-01
    outer loop
      vertex -2.394593e+01 2.394593e+01 2.432457e+01
      vertex -7.589894e+00 2.832600e+01 3.629438e+01
      vertex -1.173838e+01 2.418004e+01 2.911121e+01
    endloop
  endfacet
  facet normal 2.112219e-01 7.887778e-01 -5.772478e-01
    outer loop
      vertex -2.394593e+01 2.394593e+01 2.432457e+01
      vertex -1.173838e+01 2.418004e+01 2.911121e+01
      vertex -1.828082e+01 2.242806e+01 2.432329e+01
    endloop
  endfacet
  facet normal 2.112219e-01 7.887778e-01 -5.772478e-01
    outer loop
      vertex -2.394593e+01 2.394593e+01 2.432457e+01
      vertex -1.828082e+01 2.242806e+01 2.432329e+01
      vertex -1.796109e+01 1.796109e+01 1.833647e+01
    endloop
  endfacet
  facet normal 2.112219e-01 7.887778e-01 -5.772478e-01
    outer loop
      vertex -1.828082e+01 2.242806e+01 2.432329e+01
      vertex -1.588684e+01 2.003405e+01 2.192805e+01
      vertex -1.796109e+01 1.796109e+01 1.833647e+01
    endloop
  endfacet
  facet normal -8.402081e-01 5.068741e-01 1.926890e-01
    outer loop
      vertex -1.109212e+01 1.523932e+01 5.544777e+01
      vertex -1.196768e+01 1.196768e+01 6.023621e+01
      vertex -2.135041e+00 2.978312e+01 5.624690e+01
    endloop
  endfacet
  facet normal -8.402081e-01 5.068741e-01 1.926890e-01
    outer loop
      vertex -5.192543e+00 2.592850e+01 5.305424e+01
      vertex -2.135041e+00 2.978312e+01 5.624690e+01
      vertex -7.589894e+00 2.832600e+01 3.629438e+01
    endloop
  endfacet
  facet normal -8.402081e-01 5.068741e-01 1.926890e-01
    outer loop
      vertex -1.109212e+01 1.523932e+01 5.544777e+01
      vertex -2.135041e+00 2.978312e+01 5.624690e+01
      vertex -5.192543e+00 2.592850e+01 5.305424e+01
    endloop
  endfacet
  facet normal -8.402081e-01 5.068741e-01 1.926890e-01
    outer loop
      vertex -5.192543e+00 2.592850e+01 5.305424e+01
      vertex -7.589894e+00 2.832600e+01 3.629438e+01
      vertex -8.465451e+00 2.505427e+01 4.108272e+01
    endloop
  endfacet
  facet normal 4.741820e-01 8.591511e-01 -1.923820e-01
    outer loop
      vertex 1.984244e+00 1.875175e+01 1.713588e+01
      vertex 4.377784e+00 1.635822e+01 1.234621e+01
      vertex -8.469287e+00 2.505801e+01 1.953325e+01
    endloop
  endfacet
  facet normal 4.741820e-01 8.591511e-01 -1.923820e-01
    outer loop
      vertex -1.304477e+01 2.686867e+01 1.634186e+01
      vertex -7.589894e+00 2.832600e+01 3.629438e+01
      vertex -8.469287e+00 2.505801e+01 1.953325e+01
    endloop
  endfacet
  facet normal 4.741820e-01 8.591511e-01 -1.923820e-01
    outer loop
      vertex -1.304477e+01 2.686867e+01 1.634186e+01
      vertex -8.469287e+00 2.505801e+01 1.953325e+01
      vertex 4.377784e+00 1.635822e+01 1.234621e+01
    endloop
  endfacet
  facet normal 4.741820e-01 8.591511e-01 -1.923820e-01
    outer loop
      vertex -8.469287e+00 2.505801e+01 1.953325e+01
      vertex -7.589894e+00 2.832600e+01 3.629438e+01
      vertex -5.196358e+00 2.593244e+01 3.150474e+01
    endloop
  endfacet
  facet normal 2.112219e-01 7.887778e-01 -5.772478e-01
    outer loop
      vertex 7.888928e+00 2.943579e+01 4.347499e+01
      vertex 8.766185e+00 3.270586e+01 4.826418e+01
      vertex 2.073600e+01 2.073600e+01 3.628800e+01
    endloop
  endfacet
  facet normal 2.209011e-01 8.249162e-01 -5.203037e-01
    outer loop
      vertex 1.507082e+01 2.225408e+01 3.628928e+01
      vertex 2.073600e+01 2.073600e+01 3.628800e+01
      vertex 2.073600e+01 2.073600e+01 3.628800e+01
    endloop
  endfacet
  facet normal 2.112219e-01 7.887778e-01 -5.772478e-01
    outer loop
      vertex -7.589894e+00 2.832600e+01 3.629438e+01
      vertex 8.766185e+00 3.270586e+01 4.826418e+01
      vertex 7.888928e+00 2.943579e+01 4.347499e+01
    endloop
  endfacet
  facet normal 2.112219e-01 7.887778e-01 -5.772478e-01
    outer loop
      vertex 7.888928e+00 2.943579e+01 4.347499e+01
      vertex 2.073600e+01 2.073600e+01 3.628800e+01
      vertex 1.507082e+01 2.225408e+01 3.628928e+01
    endloop
  endfacet
  facet normal 2.112219e-01 7.887778e-01 -5.772478e-01
    outer loop
      vertex -1.924722e+00 2.680792e+01 3.629310e+01
      vertex -7.589894e+00 2.832600e+01 3.629438e+01
      vertex 7.888928e+00 2.943579e+01 4.347499e+01
    endloop
  endfacet
  facet normal -5.772479e-01 5.772479e-01 5.775549e-01
    outer loop
      vertex 8.766185e+00 3.270586e+01 4.826418e+01
      vertex -7.589894e+00 2.832600e+01 3.629438e+01
      vertex -1.923446e+00 2.680667e+01 4.347626e+01
    endloop
  endfacet
  facet normal -5.772479e-01 5.772479e-01 5.775549e-01
    outer loop
      vertex 3.743014e+00 2.528735e+01 5.065815e+01
      vertex 8.766185e+00 3.270586e+01 4.826418e+01
      vertex 4.618986e+00 2.855866e+01 4.826418e+01
    endloop
  endfacet
  facet normal -5.772479e-01 5.772479e-01 5.775549e-01
    outer loop
      vertex 4.618986e+00 2.855866e+01 4.826418e+01
      vertex 8.766185e+00 3.270586e+01 4.826418e+01
      vertex -1.923446e+00 2.680667e+01 4.347626e+01
    endloop
  endfacet
  facet normal -5.772479e-01 5.772479e-01 5.775549e-01
    outer loop
      vertex 6.576236e+00 2.452779e+01 5.424909e+01
      vertex 8.766185e+00 3.270586e+01 4.826418e+01
      vertex 3.743014e+00 2.528735e+01 5.065815e+01
    endloop
  endfacet
  facet normal 4.741820e-01 8.591511e-01 -1.923820e-01
    outer loop
      vertex -7.589894e+00 2.832600e+01 3.629438e+01
      vertex -2.135041e+00 2.978312e+01 5.624690e+01
      vertex -1.923446e+00 2.680667e+01 4.347626e+01
    endloop
  endfacet
  facet normal 4.741820e-01 8.591511e-01 -1.923820e-01
    outer loop
      vertex 3.743014e+00 2.528735e+01 5.065815e+01
      vertex -2.135041e+00 2.978312e+01 5.624690e+01
      vertex 6.576236e+00 2.452779e+01 5.424909e+01
    endloop
  endfacet
  facet normal 4.741820e-01 8.591511e-01 -1.923820e-01
    outer loop
      vertex 2.585012e-01 2.738956e+01 5.145728e+01
      vertex -2.135041e+00 2.978312e+01 5.624690e+01
      vertex 3.743014e+00 2.528735e+01 5.065815e+01
    endloop
  endfacet
  facet normal 4.741820e-01 8.591511e-01 -1.923820e-01
    outer loop
      vertex -1.923446e+00 2.680667e+01 4.347626e+01
      vertex -2.135041e+00 2.978312e+01 5.624690e+01
      vertex 2.585012e-01 2.738956e+01 5.145728e+01
    endloop
  endfacet
  facet normal 2.114269e-01 7.885727e-01 5.774528e-01
    outer loop
      vertex -2.394179e+01 2.394179e+01 4.826843e+01
      vertex -1.500619e+01 2.330063e+01 4.587235e+01
      vertex -7.589894e+00 2.832600e+01 3.629438e+01
    endloop
  endfacet
  facet normal 2.114269e-01 7.885727e-01 5.774528e-01
    outer loop
      vertex -7.589894e+00 2.832600e+01 3.629438e+01
      vertex -1.500619e+01 2.330063e+01 4.587235e+01
      vertex -8.465451e+00 2.505427e+01 4.108272e+01
    endloop
  endfacet
  facet normal 2.114269e-01 7.885727e-01 5.774528e-01
    outer loop
      vertex -2.394179e+01 2.394179e+01 4.826843e+01
      vertex -1.196768e+01 1.196768e+01 6.023621e+01
      vertex -1.588174e+01 2.002894e+01 5.066070e+01
    endloop
  endfacet
  facet normal 2.114269e-01 7.885727e-01 5.774528e-01
    outer loop
      vertex -1.588174e+01 2.002894e+01 5.066070e+01
      vertex -1.196768e+01 1.196768e+01 6.023621e+01
      vertex -1.109212e+01 1.523932e+01 5.544777e+01
    endloop
  endfacet
  facet normal 2.630630e-01 7.027071e-02 9.622161e-01
    outer loop
      vertex -2.135041e+00 2.978312e+01 5.624690e+01
      vertex -1.196768e+01 1.196768e+01 6.023621e+01
      vertex -4.550121e+00 1.699172e+01 5.784141e+01
    endloop
  endfacet
  facet normal 2.630630e-01 7.027071e-02 9.622161e-01
    outer loop
      vertex 2.867457e+00 2.201583e+01 5.544649e+01
      vertex -2.135041e+00 2.978312e+01 5.624690e+01
      vertex -6.170557e-01 2.411783e+01 5.624561e+01
    endloop
  endfacet
  facet normal 2.630630e-01 7.027071e-02 9.622161e-01
    outer loop
      vertex -6.170557e-01 2.411783e+01 5.624561e+01
      vertex -2.135041e+00 2.978312e+01 5.624690e+01
      vertex -4.550121e+00 1.699172e+01 5.784141e+01
    endloop
  endfacet
  facet normal 2.630630e-01 7.027071e-02 9.622161e-01
    outer loop
      vertex 6.576236e+00 2.452779e+01 5.424909e+01
      vertex -2.135041e+00 2.978312e+01 5.624690e+01
      vertex 2.867457e+00 2.201583e+01 5.544649e+01
    endloop
  endfacet
  facet normal -5.068741e-01 8.402081e-01 1.926890e-01
    outer loop
      vertex -1.196768e+01 1.196768e+01 6.023621e+01
      vertex 5.847676e+00 2.180038e+01 6.422541e+01
      vertex -4.550121e+00 1.699172e+01 5.784141e+01
    endloop
  endfacet
  facet normal -5.068741e-01 8.402081e-01 1.926890e-01
    outer loop
      vertex 2.867457e+00 2.201583e+01 5.544649e+01
      vertex 5.847676e+00 2.180038e+01 6.422541e+01
      vertex 6.576236e+00 2.452779e+01 5.424909e+01
    endloop
  endfacet
  facet normal -5.068741e-01 8.402081e-01 1.926890e-01
    outer loop
      vertex 2.576033e+00 2.092470e+01 5.943705e+01
      vertex 5.847676e+00 2.180038e+01 6.422541e+01
      vertex 2.867457e+00 2.201583e+01 5.544649e+01
    endloop
  endfacet
  facet normal -5.068741e-01 8.402081e-01 1.926890e-01
    outer loop
      vertex -4.550121e+00 1.699172e+01 5.784141e+01
      vertex 5.847676e+00 2.180038e+01 6.422541e+01
      vertex 2.576033e+00 2.092470e+01 5.943705e+01
    endloop
  endfacet
  facet normal -7.027071e-02 -2.630630e-01 9.622161e-01
    outer loop
      vertex 4.386701e+00 1.634930e+01 6.262832e+01
      vertex 5.847676e+00 2.180038e+01 6.422541e+01
      vertex -6.302500e+00 1.044970e+01 6.023476e+01
    endloop
  endfacet
  facet normal -7.027071e-02 -2.630630e-01 9.622161e-01
    outer loop
      vertex -6.302500e+00 1.044970e+01 6.023476e+01
      vertex 5.847676e+00 2.180038e+01 6.422541e+01
      vertex -1.196768e+01 1.196768e+01 6.023621e+01
    endloop
  endfacet
  facet normal -7.027071e-02 -2.630630e-01 9.622161e-01
    outer loop
      vertex 1.069304e+01 5.895763e+00 6.023103e+01
      vertex 5.847676e+00 2.180038e+01 6.422541e+01
      vertex 4.386701e+00 1.634930e+01 6.262832e+01
    endloop
  endfacet
  facet normal -7.027071e-02 -2.630630e-01 9.622161e-01
    outer loop
      vertex 1.635822e+01 4.377784e+00 6.022979e+01
      vertex 5.847676e+00 2.180038e+01 6.422541e+01
      vertex 1.069304e+01 5.895763e+00 6.023103e+01
    endloop
  endfacet
  facet normal -2.114269e-01 -7.885727e-01 -5.774528e-01
    outer loop
      vertex 1.308657e+01 3.502228e+00 5.544139e+01
      vertex 2.616800e+01 7.009556e+00 4.586214e+01
      vertex 1.875175e+01 1.984244e+00 5.544012e+01
    endloop
  endfacet
  facet normal -2.114269e-01 -7.885727e-01 -5.774528e-01
    outer loop
      vertex 1.875175e+01 1.984244e+00 5.544012e+01
      vertex 2.616800e+01 7.009556e+00 4.586214e+01
      vertex 2.529253e+01 3.737913e+00 5.065050e+01
    endloop
  endfacet
  facet normal -1.111114e-01 -8.888882e-01 -4.444457e-01
    outer loop
      vertex 5.102570e-03 -5.102570e-03 6.502063e+01
      vertex 2.616800e+01 7.009556e+00 4.586214e+01
      vertex 1.308657e+01 3.502228e+00 5.544139e+01
    endloop
  endfacet
  facet normal -2.114269e-01 -7.885727e-01 -5.774528e-01
    outer loop
      vertex 5.670280e+00 -1.523082e+00 6.501939e+01
      vertex 1.308657e+01 3.502228e+00 5.544139e+01
      vertex 1.221102e+01 2.305802e-01 6.022979e+01
    endloop
  endfacet
  facet normal -2.114269e-01 -7.885727e-01 -5.774528e-01
    outer loop
      vertex 5.102570e-03 -5.102570e-03 6.502063e+01
      vertex 1.308657e+01 3.502228e+00 5.544139e+01
      vertex 5.670280e+00 -1.523082e+00 6.501939e+01
    endloop
  endfacet
  facet normal -5.774530e-01 5.774530e-01 -5.771449e-01
    outer loop
      vertex 4.152301e+00 4.142099e+00 6.502063e+01
      vertex 1.069304e+01 5.895763e+00 6.023103e+01
      vertex 5.102570e-03 -5.102570e-03 6.502063e+01
    endloop
  endfacet
  facet normal -5.774530e-01 5.774530e-01 -5.771449e-01
    outer loop
      vertex 5.102570e-03 -5.102570e-03 6.502063e+01
      vertex 1.069304e+01 5.895763e+00 6.023103e+01
      vertex 1.308657e+01 3.502228e+00 5.544139e+01
    endloop
  endfacet
  facet normal -5.774530e-01 5.774530e-01 -5.771449e-01
    outer loop
      vertex 1.308657e+01 3.502228e+00 5.544139e+01
      vertex 1.723377e+01 7.649428e+00 5.544139e+01
      vertex 2.377445e+01 9.403092e+00 5.065176e+01
    endloop
  endfacet
  facet normal -5.774530e-01 5.774530e-01 -5.771449e-01
    outer loop
      vertex 1.308657e+01 3.502228e+00 5.544139e+01
      vertex 2.377445e+01 9.403092e+00 5.065176e+01
      vertex 2.616800e+01 7.009556e+00 4.586214e+01
    endloop
  endfacet
  facet normal -5.294112e-01 7.058823e-01 -4.705889e-01
    outer loop
      vertex 1.308657e+01 3.502228e+00 5.544139e+01
      vertex 2.616800e+01 7.009556e+00 4.586214e+01
      vertex 5.102570e-03 -5.102570e-03 6.502063e+01
    endloop
  endfacet
  facet normal -1.884061e-02 -9.811594e-01 1.922791e-01
    outer loop
      vertex 5.260993e+00 1.962221e+01 5.065687e+01
      vertex 2.429036e+00 2.038056e+01 5.424909e+01
      vertex -3.674564e+00 2.026336e+01 5.305295e+01
    endloop
  endfacet
  facet normal -1.884061e-02 -9.811594e-01 1.922791e-01
    outer loop
      vertex -1.588174e+01 2.002894e+01 5.066070e+01
      vertex 5.260993e+00 1.962221e+01 5.065687e+01
      vertex -3.674564e+00 2.026336e+01 5.305295e+01
    endloop
  endfacet
  facet normal -1.884061e-02 -9.811594e-01 1.922791e-01
    outer loop
      vertex -1.915339e+01 1.915339e+01 4.587235e+01
      vertex 5.260993e+00 1.962221e+01 5.065687e+01
      vertex -1.588174e+01 2.002894e+01 5.066070e+01
    endloop
  endfacet
  facet normal 1.922790e-01 -1.922790e-01 -9.623189e-01
    outer loop
      vertex -2.799008e+00 2.353494e+01 4.826462e+01
      vertex 3.304593e+00 2.365210e+01 4.946075e+01
      vertex 5.260993e+00 1.962221e+01 5.065687e+01
    endloop
  endfacet
  facet normal 1.922790e-01 -1.922790e-01 -9.623189e-01
    outer loop
      vertex -2.799008e+00 2.353494e+01 4.826462e+01
      vertex 5.260993e+00 1.962221e+01 5.065687e+01
      vertex -1.500619e+01 2.330063e+01 4.587235e+01
    endloop
  endfacet
  facet normal 1.922790e-01 -1.922790e-01 -9.623189e-01
    outer loop
      vertex -1.500619e+01 2.330063e+01 4.587235e+01
      vertex 5.260993e+00 1.962221e+01 5.065687e+01
      vertex -1.915339e+01 1.915339e+01 4.587235e+01
    endloop
  endfacet
  facet normal 5.772479e-01 -5.772479e-01 -5.775549e-01
    outer loop
      vertex 8.094214e+00 1.886259e+01 5.424782e+01
      vertex 6.780237e+00 1.395576e+01 5.783872e+01
      vertex 5.260993e+00 1.962221e+01 5.065687e+01
    endloop
  endfacet
  facet normal 5.772479e-01 -5.772479e-01 -5.775549e-01
    outer loop
      vertex 6.780237e+00 1.395576e+01 5.783872e+01
      vertex 4.152301e+00 4.142099e+00 6.502063e+01
      vertex 5.260993e+00 1.962221e+01 5.065687e+01
    endloop
  endfacet
  facet normal 5.772479e-01 -5.772479e-01 -5.775549e-01
    outer loop
      vertex 5.260993e+00 1.962221e+01 5.065687e+01
      vertex 4.152301e+00 4.142099e+00 6.502063e+01
      vertex 5.102570e-03 -5.102570e-03 6.502063e+01
    endloop
  endfacet
  facet normal -7.887778e-01 -2.112219e-01 -5.772478e-01
    outer loop
      vertex 1.115066e+00 1.547374e+01 5.783996e+01
      vertex 2.429036e+00 2.038056e+01 5.424909e+01
      vertex 5.260993e+00 1.962221e+01 5.065687e+01
    endloop
  endfacet
  facet normal -7.887778e-01 -2.112219e-01 -5.772478e-01
    outer loop
      vertex 1.115066e+00 1.547374e+01 5.783996e+01
      vertex 5.260993e+00 1.962221e+01 5.065687e+01
      vertex 5.102570e-03 -5.102570e-03 6.502063e+01
    endloop
  endfacet
  facet normal -7.887778e-01 -2.112219e-01 -5.772478e-01
    outer loop
      vertex 5.102570e-03 -5.102570e-03 6.502063e+01
      vertex -1.512878e+00 5.660078e+00 6.502187e+01
      vertex 1.115066e+00 1.547374e+01 5.783996e+01
    endloop
  endfacet
  facet normal 2.114269e-01 7.885727e-01 5.774528e-01
    outer loop
      vertex -1.196768e+01 1.196768e+01 6.023621e+01
      vertex 6.378207e-03 -6.378207e-03 7.220379e+01
      vertex -6.302500e+00 1.044970e+01 6.023476e+01
    endloop
  endfacet
  facet normal 2.114269e-01 7.885727e-01 5.774528e-01
    outer loop
      vertex -6.302500e+00 1.044970e+01 6.023476e+01
      vertex 6.378207e-03 -6.378207e-03 7.220379e+01
      vertex -1.512878e+00 5.660078e+00 6.502187e+01
    endloop
  endfacet
  facet normal 5.068741e-01 -8.402081e-01 -1.926890e-01
    outer loop
      vertex 4.386701e+00 1.634930e+01 6.262832e+01
      vertex 1.115066e+00 1.547374e+01 5.783996e+01
      vertex 4.605279e+00 1.716752e+01 5.963549e+01
    endloop
  endfacet
  facet normal 5.068741e-01 -8.402081e-01 -1.926890e-01
    outer loop
      vertex -6.302500e+00 1.044970e+01 6.023476e+01
      vertex 1.115066e+00 1.547374e+01 5.783996e+01
      vertex 4.386701e+00 1.634930e+01 6.262832e+01
    endloop
  endfacet
  facet normal 5.068741e-01 -8.402081e-01 -1.926890e-01
    outer loop
      vertex -9.574143e+00 9.574143e+00 5.544649e+01
      vertex 1.115066e+00 1.547374e+01 5.783996e+01
      vertex -6.302500e+00 1.044970e+01 6.023476e+01
    endloop
  endfacet
  facet normal 7.027071e-02 2.630630e-01 -9.622161e-01
    outer loop
      vertex 2.576033e+00 2.092470e+01 5.943705e+01
      vertex 4.415379e+00 1.787582e+01 5.873783e+01
      vertex -4.550121e+00 1.699172e+01 5.784141e+01
    endloop
  endfacet
  facet normal 7.027071e-02 2.630630e-01 -9.622161e-01
    outer loop
      vertex -4.550121e+00 1.699172e+01 5.784141e+01
      vertex 4.415379e+00 1.787582e+01 5.873783e+01
      vertex 1.115066e+00 1.547374e+01 5.783996e+01
    endloop
  endfacet
  facet normal 7.027071e-02 2.630630e-01 -9.622161e-01
    outer loop
      vertex -4.550121e+00 1.699172e+01 5.784141e+01
      vertex 1.115066e+00 1.547374e+01 5.783996e+01
      vertex -9.574143e+00 9.574143e+00 5.544649e+01
    endloop
  endfacet
  facet normal 8.402081e-01 -5.068741e-01 -1.926890e-01
    outer loop
      vertex -6.170557e-01 2.411783e+01 5.624561e+01
      vertex -3.674564e+00 2.026336e+01 5.305295e+01
      vertex -1.571658e+00 2.386278e+01 5.275392e+01
    endloop
  endfacet
  facet normal 8.402081e-01 -5.068741e-01 -1.926890e-01
    outer loop
      vertex -4.550121e+00 1.699172e+01 5.784141e+01
      vertex -3.674564e+00 2.026336e+01 5.305295e+01
      vertex -6.170557e-01 2.411783e+01 5.624561e+01
    endloop
  endfacet
  facet normal 8.402081e-01 -5.068741e-01 -1.926890e-01
    outer loop
      vertex -9.574143e+00 9.574143e+00 5.544649e+01
      vertex -3.674564e+00 2.026336e+01 5.305295e+01
      vertex -4.550121e+00 1.699172e+01 5.784141e+01
    endloop
  endfacet
  facet normal -2.630630e-01 -7.027071e-02 -9.622161e-01
    outer loop
      vertex -2.579164e+00 2.435194e+01 5.245491e+01
      vertex -3.674564e+00 2.026336e+01 5.305295e+01
      vertex -5.192543e+00 2.592850e+01 5.305424e+01
    endloop
  endfacet
  facet normal -2.630630e-01 -7.027071e-02 -9.622161e-01
    outer loop
      vertex -5.192543e+00 2.592850e+01 5.305424e+01
      vertex -3.674564e+00 2.026336e+01 5.305295e+01
      vertex -9.574143e+00 9.574143e+00 5.544649e+01
    endloop
  endfacet
  facet normal -2.630630e-01 -7.027071e-02 -9.622161e-01
    outer loop
      vertex -5.192543e+00 2.592850e+01 5.305424e+01
      vertex -9.574143e+00 9.574143e+00 5.544649e+01
      vertex -1.109212e+01 1.523932e+01 5.544777e+01
    endloop
  endfacet
  facet normal -7.885727e-01 -2.114269e-01 5.774528e-01
    outer loop
      vertex 2.616800e+01 7.009556e+00 4.586214e+01
      vertex 2.465013e+01 1.267474e+01 4.586343e+01
      vertex 1.986044e+01 1.746436e+01 4.107636e+01
    endloop
  endfacet
  facet normal -7.885727e-01 -2.114269e-01 5.774528e-01
    outer loop
      vertex 2.616800e+01 7.009556e+00 4.586214e+01
      vertex 1.986044e+01 1.746436e+01 4.107636e+01
      vertex 1.658880e+01 1.658880e+01 3.628800e+01
    endloop
  endfacet
  facet normal -1.000000e+00 0.000000e+00 0.000000e+00
    outer loop
      vertex 1.658880e+01 1.658880e+01 3.628800e+01
      vertex 1.658880e+01 1.658880e+01 3.628800e+01
      vertex 1.658880e+01 1.658880e+01 3.628800e+01
    endloop
  endfacet
  facet normal -7.071068e-01 -7.071068e-01 0.000000e+00
    outer loop
      vertex 1.658880e+01 1.658880e+01 3.628800e+01
      vertex 1.658880e+01 1.658880e+01 3.628800e+01
      vertex 2.616800e+01 7.009556e+00 4.586214e+01
    endloop
  endfacet
  facet normal -7.885727e-01 -2.114269e-01 5.774528e-01
    outer loop
      vertex 1.658880e+01 1.658880e+01 3.628800e+01
      vertex 1.507082e+01 2.225408e+01 3.628928e+01
      vertex 1.028120e+01 2.704368e+01 3.150219e+01
    endloop
  endfacet
  facet normal -7.885727e-01 -2.114269e-01 5.774528e-01
    outer loop
      vertex 1.658880e+01 1.658880e+01 3.628800e+01
      vertex 1.028120e+01 2.704368e+01 3.150219e+01
      vertex 7.009556e+00 2.616800e+01 2.671386e+01
    endloop
  endfacet
  facet normal -7.071068e-01 0.000000e+00 7.071068e-01
    outer loop
      vertex 1.658880e+01 1.658880e+01 3.628800e+01
      vertex 7.009556e+00 2.616800e+01 2.671386e+01
      vertex 2.616800e+01 7.009556e+00 4.586214e+01
    endloop
  endfacet
  facet normal -2.114269e-01 -7.885727e-01 -5.774528e-01
    outer loop
      vertex 7.009556e+00 2.616800e+01 2.671386e+01
      vertex 1.267474e+01 2.465013e+01 2.671257e+01
      vertex 1.746436e+01 1.986044e+01 3.149964e+01
    endloop
  endfacet
  facet normal -2.114269e-01 -7.885727e-01 -5.774528e-01
    outer loop
      vertex 1.658880e+01 1.658880e+01 3.628800e+01
      vertex 7.009556e+00 2.616800e+01 2.671386e+01
      vertex 1.746436e+01 1.986044e+01 3.149964e+01
    endloop
  endfacet
  facet normal 0.000000e+00 -1.000000e+00 0.000000e+00
    outer loop
      vertex 1.658880e+01 1.658880e+01 3.628800e+01
      vertex 1.658880e+01 1.658880e+01 3.628800e+01
      vertex 1.658880e+01 1.658880e+01 3.628800e+01
    endloop
  endfacet
  facet normal NaN NaN NaN
    outer loop
      vertex 2.616800e+01 7.009556e+00 4.586214e+01
      vertex 1.658880e+01 1.658880e+01 3.628800e+01
      vertex 1.658880e+01 1.658880e+01 3.628800e+01
    endloop
  endfacet
  facet normal -2.114269e-01 -7.885727e-01 -5.774528e-01
    outer loop
      vertex 2.704368e+01 1.028120e+01 4.107381e+01
      vertex 1.658880e+01 1.658880e+01 3.628800e+01
      vertex 2.225408e+01 1.507082e+01 3.628672e+01
    endloop
  endfacet
  facet normal -2.114269e-01 -7.885727e-01 -5.774528e-01
    outer loop
      vertex 2.616800e+01 7.009556e+00 4.586214e+01
      vertex 1.658880e+01 1.658880e+01 3.628800e+01
      vertex 2.704368e+01 1.028120e+01 4.107381e+01
    endloop
  endfacet
  facet normal 0.000000e+00 -7.071068e-01 -7.071068e-01
    outer loop
      vertex 7.009556e+00 2.616800e+01 2.671386e+01
      vertex 1.658880e+01 1.658880e+01 3.628800e+01
      vertex 2.616800e+01 7.009556e+00 4.586214e+01
    endloop
  endfacet
  facet normal -4.741820e-01 -8.591511e-01 1.923820e-01
    outer loop
      vertex -8.465451e+00 2.505427e+01 4.108272e+01
      vertex -6.071916e+00 2.266072e+01 3.629310e+01
      vertex -2.799008e+00 2.353494e+01 4.826462e+01
    endloop
  endfacet
  facet normal -4.741820e-01 -8.591511e-01 1.923820e-01
    outer loop
      vertex -2.579164e+00 2.435194e+01 5.245491e+01
      vertex -8.465451e+00 2.505427e+01 4.108272e+01
      vertex -2.799008e+00 2.353494e+01 4.826462e+01
    endloop
  endfacet
  facet normal -4.741820e-01 -8.591511e-01 1.923820e-01
    outer loop
      vertex -5.192543e+00 2.592850e+01 5.305424e+01
      vertex -8.465451e+00 2.505427e+01 4.108272e+01
      vertex -2.579164e+00 2.435194e+01 5.245491e+01
    endloop
  endfacet
  facet normal 8.402081e-01 -5.068741e-01 -1.926890e-01
    outer loop
      vertex -6.071916e+00 2.266072e+01 3.629310e+01
      vertex -1.923446e+00 2.680667e+01 4.347626e+01
      vertex 2.585012e-01 2.738956e+01 5.145728e+01
    endloop
  endfacet
  facet normal 8.402081e-01 -5.068741e-01 -1.926890e-01
    outer loop
      vertex -2.799008e+00 2.353494e+01 4.826462e+01
      vertex -6.071916e+00 2.266072e+01 3.629310e+01
      vertex -1.462214e+00 2.427190e+01 5.215539e+01
    endloop
  endfacet
  facet normal 8.402081e-01 -5.068741e-01 -1.926890e-01
    outer loop
      vertex -1.462214e+00 2.427190e+01 5.215539e+01
      vertex -6.071916e+00 2.266072e+01 3.629310e+01
      vertex 2.585012e-01 2.738956e+01 5.145728e+01
    endloop
  endfacet
  facet normal -2.112219e-01 -7.887778e-01 5.772478e-01
    outer loop
      vertex 6.713715e+00 2.646390e+01 4.616835e+01
      vertex -6.071916e+00 2.266072e+01 3.629310e+01
      vertex 3.741728e+00 2.528859e+01 4.347499e+01
    endloop
  endfacet
  facet normal -2.112219e-01 -7.887778e-01 5.772478e-01
    outer loop
      vertex 6.713715e+00 2.646390e+01 4.616835e+01
      vertex 4.618986e+00 2.855866e+01 4.826418e+01
      vertex -6.071916e+00 2.266072e+01 3.629310e+01
    endloop
  endfacet
  facet normal -2.112219e-01 -7.887778e-01 5.772478e-01
    outer loop
      vertex 4.618986e+00 2.855866e+01 4.826418e+01
      vertex -1.923446e+00 2.680667e+01 4.347626e+01
      vertex -6.071916e+00 2.266072e+01 3.629310e+01
    endloop
  endfacet
  facet normal 5.772479e-01 -5.772479e-01 -5.775549e-01
    outer loop
      vertex -1.924722e+00 2.680792e+01 3.629310e+01
      vertex 7.888928e+00 2.943579e+01 4.347499e+01
      vertex 7.231949e+00 2.698251e+01 4.527046e+01
    endloop
  endfacet
  facet normal 5.772479e-01 -5.772479e-01 -5.775549e-01
    outer loop
      vertex -1.924722e+00 2.680792e+01 3.629310e+01
      vertex 7.231949e+00 2.698251e+01 4.527046e+01
      vertex 3.741728e+00 2.528859e+01 4.347499e+01
    endloop
  endfacet
  facet normal 5.772479e-01 -5.772479e-01 -5.775549e-01
    outer loop
      vertex -1.924722e+00 2.680792e+01 3.629310e+01
      vertex 3.741728e+00 2.528859e+01 4.347499e+01
      vertex -6.071916e+00 2.266072e+01 3.629310e+01
    endloop
  endfacet
  facet normal 2.114269e-01 7.885727e-01 5.774528e-01
    outer loop
      vertex -7.589894e+00 2.832600e+01 3.629438e+01
      vertex -1.924722e+00 2.680792e+01 3.629310e+01
      vertex 8.761935e+00 3.271000e+01 2.432032e+01
    endloop
  endfacet
  facet normal 2.114269e-01 7.885727e-01 5.774528e-01
    outer loop
      vertex 8.761935e+00 3.271000e+01 2.432032e+01
      vertex -1.924722e+00 2.680792e+01 3.629310e+01
      vertex 4.616020e+00 2.856156e+01 3.150348e+01
    endloop
  endfacet
  facet normal -8.591511e-01 -4.741820e-01 -1.923820e-01
    outer loop
      vertex 3.741728e+00 2.528859e+01 4.347499e+01
      vertex 4.616020e+00 2.856156e+01 3.150348e+01
      vertex 7.009556e+00 2.616800e+01 2.671386e+01
    endloop
  endfacet
  facet normal -8.591511e-01 -4.741820e-01 -1.923820e-01
    outer loop
      vertex 3.741728e+00 2.528859e+01 4.347499e+01
      vertex 7.009556e+00 2.616800e+01 2.671386e+01
      vertex 5.260993e+00 1.962221e+01 5.065687e+01
    endloop
  endfacet
  facet normal -8.591511e-01 -4.741820e-01 -1.923820e-01
    outer loop
      vertex 5.260993e+00 1.962221e+01 5.065687e+01
      vertex 3.304593e+00 2.365210e+01 4.946075e+01
      vertex 3.741728e+00 2.528859e+01 4.347499e+01
    endloop
  endfacet
  facet normal 5.068741e-01 -8.402081e-01 -1.926890e-01
    outer loop
      vertex 7.009556e+00 2.616800e+01 2.671386e+01
      vertex 1.028120e+01 2.704368e+01 3.150219e+01
      vertex 9.406907e+00 2.377071e+01 4.347371e+01
    endloop
  endfacet
  facet normal 5.068741e-01 -8.402081e-01 -1.926890e-01
    outer loop
      vertex 7.009556e+00 2.616800e+01 2.671386e+01
      vertex 9.406907e+00 2.377071e+01 4.347371e+01
      vertex 8.969772e+00 2.213423e+01 4.945947e+01
    endloop
  endfacet
  facet normal 5.068741e-01 -8.402081e-01 -1.926890e-01
    outer loop
      vertex 7.009556e+00 2.616800e+01 2.671386e+01
      vertex 8.969772e+00 2.213423e+01 4.945947e+01
      vertex 5.260993e+00 1.962221e+01 5.065687e+01
    endloop
  endfacet
  facet normal -5.774530e-01 5.774530e-01 -5.771449e-01
    outer loop
      vertex 2.616800e+01 7.009556e+00 4.586214e+01
      vertex 2.856156e+01 4.616020e+00 4.107252e+01
      vertex 2.680792e+01 -1.924722e+00 3.628290e+01
    endloop
  endfacet
  facet normal -5.774530e-01 5.774530e-01 -5.771449e-01
    outer loop
      vertex 2.616800e+01 7.009556e+00 4.586214e+01
      vertex 2.680792e+01 -1.924722e+00 3.628290e+01
      vertex 2.266072e+01 -6.071916e+00 3.628290e+01
    endloop
  endfacet
  facet normal -5.774530e-01 5.774530e-01 -5.771449e-01
    outer loop
      vertex 2.266072e+01 -6.071916e+00 3.628290e+01
      vertex 2.505427e+01 -8.465451e+00 3.149328e+01
      vertex 2.330063e+01 -1.500619e+01 2.670365e+01
    endloop
  endfacet
  facet normal -5.774530e-01 5.774530e-01 -5.771449e-01
    outer loop
      vertex 2.266072e+01 -6.071916e+00 3.628290e+01
      vertex 2.330063e+01 -1.500619e+01 2.670365e+01
      vertex 1.915339e+01 -1.915339e+01 2.670365e+01
    endloop
  endfacet
  facet normal -5.773503e-01 5.773503e-01 -5.773503e-01
    outer loop
      vertex 2.266072e+01 -6.071916e+00 3.628290e+01
      vertex 1.915339e+01 -1.915339e+01 2.670365e+01
      vertex 2.616800e+01 7.009556e+00 4.586214e+01
    endloop
  endfacet
  facet normal -7.885727e-01 -2.114269e-01 5.774528e-01
    outer loop
      vertex 2.242495e+01 -1.827783e+01 3.149199e+01
      vertex 2.417880e+01 -1.173709e+01 3.628162e+01
      vertex 1.915339e+01 -1.915339e+01 2.670365e+01
    endloop
  endfacet
  facet normal -7.885727e-01 -2.114269e-01 5.774528e-01
    outer loop
      vertex 1.915339e+01 -1.915339e+01 2.670365e+01
      vertex 2.417880e+01 -1.173709e+01 3.628162e+01
      vertex 2.266072e+01 -6.071916e+00 3.628290e+01
    endloop
  endfacet
  facet normal -7.885727e-01 -2.114269e-01 5.774528e-01
    outer loop
      vertex 2.266072e+01 -6.071916e+00 3.628290e+01
      vertex 2.593244e+01 -5.196358e+00 4.107126e+01
      vertex 2.768609e+01 1.344371e+00 4.586088e+01
    endloop
  endfacet
  facet normal -7.885727e-01 -2.114269e-01 5.774528e-01
    outer loop
      vertex 2.266072e+01 -6.071916e+00 3.628290e+01
      vertex 2.768609e+01 1.344371e+00 4.586088e+01
      vertex 2.616800e+01 7.009556e+00 4.586214e+01
    endloop
  endfacet
  facet normal -8.374780e-01 -1.570271e-01 5.234244e-01
    outer loop
      vertex 2.266072e+01 -6.071916e+00 3.628290e+01
      vertex 2.616800e+01 7.009556e+00 4.586214e+01
      vertex 1.915339e+01 -1.915339e+01 2.670365e+01
    endloop
  endfacet
  facet normal 7.027071e-02 2.630630e-01 -9.622161e-01
    outer loop
      vertex 1.468944e+01 -1.883664e+01 4.945117e+01
      vertex 9.344844e+00 -2.178649e+01 4.825441e+01
      vertex 1.436887e+01 -1.436887e+01 5.064921e+01
    endloop
  endfacet
  facet normal 7.027071e-02 2.630630e-01 -9.622161e-01
    outer loop
      vertex 9.344844e+00 -2.178649e+01 4.825441e+01
      vertex -1.344371e+00 -2.768609e+01 4.586088e+01
      vertex 1.436887e+01 -1.436887e+01 5.064921e+01
    endloop
  endfacet
  facet normal 7.027071e-02 2.630630e-01 -9.622161e-01
    outer loop
      vertex 1.436887e+01 -1.436887e+01 5.064921e+01
      vertex -1.344371e+00 -2.768609e+01 4.586088e+01
      vertex -7.009556e+00 -2.616800e+01 4.586214e+01
    endloop
  endfacet
  facet normal -5.068741e-01 8.402081e-01 1.926890e-01
    outer loop
      vertex 6.951309e+00 -1.939291e+01 5.304404e+01
      vertex 1.229591e+01 -1.644311e+01 5.424079e+01
      vertex 1.436887e+01 -1.436887e+01 5.064921e+01
    endloop
  endfacet
  facet normal -5.068741e-01 8.402081e-01 1.926890e-01
    outer loop
      vertex 6.951309e+00 -1.939291e+01 5.304404e+01
      vertex 1.436887e+01 -1.436887e+01 5.064921e+01
      vertex -3.737913e+00 -2.529253e+01 5.065050e+01
    endloop
  endfacet
  facet normal -5.068741e-01 8.402081e-01 1.926890e-01
    outer loop
      vertex -3.737913e+00 -2.529253e+01 5.065050e+01
      vertex 1.436887e+01 -1.436887e+01 5.064921e+01
      vertex -7.009556e+00 -2.616800e+01 4.586214e+01
    endloop
  endfacet
  facet normal 1.884061e-02 9.811594e-01 -1.922791e-01
    outer loop
      vertex 1.883664e+01 -1.468944e+01 4.945117e+01
      vertex 2.003278e+01 -1.588558e+01 4.346479e+01
      vertex 1.915339e+01 -1.915339e+01 2.670365e+01
    endloop
  endfacet
  facet normal 1.884061e-02 9.811594e-01 -1.922791e-01
    outer loop
      vertex 2.003278e+01 -1.588558e+01 4.346479e+01
      vertex 2.242495e+01 -1.827783e+01 3.149199e+01
      vertex 1.915339e+01 -1.915339e+01 2.670365e+01
    endloop
  endfacet
  facet normal 1.884061e-02 9.811594e-01 -1.922791e-01
    outer loop
      vertex 1.883664e+01 -1.468944e+01 4.945117e+01
      vertex 1.915339e+01 -1.915339e+01 2.670365e+01
      vertex 1.436887e+01 -1.436887e+01 5.064921e+01
    endloop
  endfacet
  facet normal -9.811594e-01 -1.884061e-02 -1.922791e-01
    outer loop
      vertex 1.827783e+01 -2.242495e+01 3.149199e+01
      vertex 1.588558e+01 -2.003278e+01 4.346479e+01
      vertex 1.915339e+01 -1.915339e+01 2.670365e+01
    endloop
  endfacet
  facet normal -9.811594e-01 -1.884061e-02 -1.922791e-01
    outer loop
      vertex 1.468944e+01 -1.883664e+01 4.945117e+01
      vertex 1.915339e+01 -1.915339e+01 2.670365e+01
      vertex 1.588558e+01 -2.003278e+01 4.346479e+01
    endloop
  endfacet
  facet normal -9.811594e-01 -1.884061e-02 -1.922791e-01
    outer loop
      vertex 1.468944e+01 -1.883664e+01 4.945117e+01
      vertex 1.436887e+01 -1.436887e+01 5.064921e+01
      vertex 1.915339e+01 -1.915339e+01 2.670365e+01
    endloop
  endfacet
  facet normal 5.774530e-01 -5.774530e-01 5.771449e-01
    outer loop
      vertex 1.173709e+01 -2.417880e+01 3.628162e+01
      vertex 7.589894e+00 -2.832600e+01 3.628162e+01
      vertex 2.394179e+01 -2.394179e+01 2.430757e+01
    endloop
  endfacet
  facet normal 5.774530e-01 -5.774530e-01 5.771449e-01
    outer loop
      vertex 1.827783e+01 -2.242495e+01 3.149199e+01
      vertex 1.173709e+01 -2.417880e+01 3.628162e+01
      vertex 2.394179e+01 -2.394179e+01 2.430757e+01
    endloop
  endfacet
  facet normal 2.112219e-01 7.887778e-01 -5.772478e-01
    outer loop
      vertex 1.588558e+01 -2.003278e+01 4.346479e+01
      vertex 1.975529e+01 -1.975529e+01 4.525993e+01
      vertex 2.155072e+01 -2.155072e+01 4.346351e+01
    endloop
  endfacet
  facet normal 2.112219e-01 7.887778e-01 -5.772478e-01
    outer loop
      vertex 1.588558e+01 -2.003278e+01 4.346479e+01
      vertex 2.155072e+01 -2.155072e+01 4.346351e+01
      vertex 1.173709e+01 -2.417880e+01 3.628162e+01
    endloop
  endfacet
  facet normal 2.112219e-01 7.887778e-01 -5.772478e-01
    outer loop
      vertex 1.173709e+01 -2.417880e+01 3.628162e+01
      vertex 6.071916e+00 -2.266072e+01 3.628290e+01
      vertex 1.588558e+01 -2.003278e+01 4.346479e+01
    endloop
  endfacet
  facet normal -5.772479e-01 5.772479e-01 5.775549e-01
    outer loop
      vertex 6.071916e+00 -2.266072e+01 3.628290e+01
      vertex 1.173838e+01 -2.418004e+01 4.346479e+01
      vertex 1.828082e+01 -2.242806e+01 4.825271e+01
    endloop
  endfacet
  facet normal -5.772479e-01 5.772479e-01 5.775549e-01
    outer loop
      vertex 1.588558e+01 -2.003278e+01 4.346479e+01
      vertex 6.071916e+00 -2.266072e+01 3.628290e+01
      vertex 1.904730e+01 -1.956570e+01 4.615798e+01
    endloop
  endfacet
  facet normal -5.772479e-01 5.772479e-01 5.775549e-01
    outer loop
      vertex 1.904730e+01 -1.956570e+01 4.615798e+01
      vertex 6.071916e+00 -2.266072e+01 3.628290e+01
      vertex 1.828082e+01 -2.242806e+01 4.825271e+01
    endloop
  endfacet
  facet normal 4.741820e-01 8.591511e-01 -1.923820e-01
    outer loop
      vertex 9.344844e+00 -2.178649e+01 4.825441e+01
      vertex 1.087139e+01 -2.175787e+01 5.214503e+01
      vertex 1.392033e+01 -2.359715e+01 5.144579e+01
    endloop
  endfacet
  facet normal 4.741820e-01 8.591511e-01 -1.923820e-01
    outer loop
      vertex 9.344844e+00 -2.178649e+01 4.825441e+01
      vertex 1.392033e+01 -2.359715e+01 5.144579e+01
      vertex 1.173838e+01 -2.418004e+01 4.346479e+01
    endloop
  endfacet
  facet normal 4.741820e-01 8.591511e-01 -1.923820e-01
    outer loop
      vertex 1.173838e+01 -2.418004e+01 4.346479e+01
      vertex 6.071916e+00 -2.266072e+01 3.628290e+01
      vertex 9.344844e+00 -2.178649e+01 4.825441e+01
    endloop
  endfacet
  facet normal -8.402081e-01 5.068741e-01 1.926890e-01
    outer loop
      vertex 9.944177e+00 -2.238576e+01 5.244437e+01
      vertex 9.344844e+00 -2.178649e+01 4.825441e+01
      vertex 8.469287e+00 -2.505801e+01 5.304275e+01
    endloop
  endfacet
  facet normal -8.402081e-01 5.068741e-01 1.926890e-01
    outer loop
      vertex 8.469287e+00 -2.505801e+01 5.304275e+01
      vertex 9.344844e+00 -2.178649e+01 4.825441e+01
      vertex 6.071916e+00 -2.266072e+01 3.628290e+01
    endloop
  endfacet
  facet normal -8.402081e-01 5.068741e-01 1.926890e-01
    outer loop
      vertex 8.469287e+00 -2.505801e+01 5.304275e+01
      vertex 6.071916e+00 -2.266072e+01 3.628290e+01
      vertex 5.196358e+00 -2.593244e+01 4.107126e+01
    endloop
  endfacet
  facet normal -2.630630e-01 -7.027071e-02 -9.622161e-01
    outer loop
      vertex 6.951309e+00 -1.939291e+01 5.304404e+01
      vertex 9.944177e+00 -2.238576e+01 5.244437e+01
      vertex 8.469287e+00 -2.505801e+01 5.304275e+01
    endloop
  endfacet
  facet normal -2.630630e-01 -7.027071e-02 -9.622161e-01
    outer loop
      vertex 6.951309e+00 -1.939291e+01 5.304404e+01
      vertex 8.469287e+00 -2.505801e+01 5.304275e+01
      vertex -1.984244e+00 -1.875175e+01 5.544012e+01
    endloop
  endfacet
  facet normal -2.630630e-01 -7.027071e-02 -9.622161e-01
    outer loop
      vertex -1.984244e+00 -1.875175e+01 5.544012e+01
      vertex -3.502228e+00 -1.308657e+01 5.544139e+01
      vertex 6.951309e+00 -1.939291e+01 5.304404e+01
    endloop
  endfacet
  facet normal 4.741820e-01 8.591511e-01 -1.923820e-01
    outer loop
      vertex 4.557773e+00 -1.699937e+01 5.783374e+01
      vertex 1.152679e+01 -2.120360e+01 5.623541e+01
      vertex -3.502228e+00 -1.308657e+01 5.544139e+01
    endloop
  endfacet
  facet normal 4.741820e-01 8.591511e-01 -1.923820e-01
    outer loop
      vertex -3.502228e+00 -1.308657e+01 5.544139e+01
      vertex 1.152679e+01 -2.120360e+01 5.623541e+01
      vertex 1.057219e+01 -2.145865e+01 5.274372e+01
    endloop
  endfacet
  facet normal 4.741820e-01 8.591511e-01 -1.923820e-01
    outer loop
      vertex -3.502228e+00 -1.308657e+01 5.544139e+01
      vertex 1.057219e+01 -2.145865e+01 5.274372e+01
      vertex 6.951309e+00 -1.939291e+01 5.304404e+01
    endloop
  endfacet
  facet normal 1.922790e-01 -1.922790e-01 -9.623189e-01
    outer loop
      vertex 8.704973e+00 -1.285217e+01 5.783374e+01
      vertex 1.276427e+01 -1.328267e+01 5.873078e+01
      vertex 1.269591e+01 -1.684311e+01 5.942855e+01
    endloop
  endfacet
  facet normal 1.922790e-01 -1.922790e-01 -9.623189e-01
    outer loop
      vertex 8.704973e+00 -1.285217e+01 5.783374e+01
      vertex 1.269591e+01 -1.684311e+01 5.942855e+01
      vertex 4.557773e+00 -1.699937e+01 5.783374e+01
    endloop
  endfacet
  facet normal 1.922790e-01 -1.922790e-01 -9.623189e-01
    outer loop
      vertex 4.557773e+00 -1.699937e+01 5.783374e+01
      vertex -3.502228e+00 -1.308657e+01 5.544139e+01
      vertex 8.704973e+00 -1.285217e+01 5.783374e+01
    endloop
  endfacet
  facet normal 1.884061e-02 9.811594e-01 -1.922791e-01
    outer loop
      vertex -2.305802e-01 -1.221102e+01 6.022979e+01
      vertex 1.197662e+01 -1.197662e+01 6.262210e+01
      vertex 1.257468e+01 -1.257468e+01 5.962886e+01
    endloop
  endfacet
  facet normal 1.884061e-02 9.811594e-01 -1.922791e-01
    outer loop
      vertex -2.305802e-01 -1.221102e+01 6.022979e+01
      vertex 1.257468e+01 -1.257468e+01 5.962886e+01
      vertex 8.704973e+00 -1.285217e+01 5.783374e+01
    endloop
  endfacet
  facet normal 1.884061e-02 9.811594e-01 -1.922791e-01
    outer loop
      vertex -2.305802e-01 -1.221102e+01 6.022979e+01
      vertex 8.704973e+00 -1.285217e+01 5.783374e+01
      vertex -3.502228e+00 -1.308657e+01 5.544139e+01
    endloop
  endfacet
  facet normal 5.774530e-01 -5.774530e-01 5.771449e-01
    outer loop
      vertex 6.378207e-03 -6.378207e-03 7.220379e+01
      vertex -4.377784e+00 -1.635822e+01 6.022979e+01
      vertex -2.305802e-01 -1.221102e+01 6.022979e+01
    endloop
  endfacet
  facet normal 5.774530e-01 -5.774530e-01 5.771449e-01
    outer loop
      vertex -2.305802e-01 -1.221102e+01 6.022979e+01
      vertex 1.523082e+00 -5.670280e+00 6.501939e+01
      vertex 6.378207e-03 -6.378207e-03 7.220379e+01
    endloop
  endfacet
  facet normal -7.887778e-01 -2.112219e-01 -5.772478e-01
    outer loop
      vertex 1.229591e+01 -1.644311e+01 5.424079e+01
      vertex 8.704973e+00 -1.285217e+01 5.783374e+01
      vertex 1.436887e+01 -1.436887e+01 5.064921e+01
    endloop
  endfacet
  facet normal -7.887778e-01 -2.112219e-01 -5.772478e-01
    outer loop
      vertex 8.704973e+00 -1.285217e+01 5.783374e+01
      vertex 1.523082e+00 -5.670280e+00 6.501939e+01
      vertex 1.436887e+01 -1.436887e+01 5.064921e+01
    endloop
  endfacet
  facet normal -7.887778e-01 -2.112219e-01 -5.772478e-01
    outer loop
      vertex 1.436887e+01 -1.436887e+01 5.064921e+01
      vertex 1.523082e+00 -5.670280e+00 6.501939e+01
      vertex 5.102570e-03 -5.102570e-03 6.502063e+01
    endloop
  endfacet
  facet normal 2.112219e-01 7.887778e-01 -5.772478e-01
    outer loop
      vertex 1.285217e+01 -8.704973e+00 5.783374e+01
      vertex 1.644311e+01 -1.229591e+01 5.424079e+01
      vertex 1.436887e+01 -1.436887e+01 5.064921e+01
    endloop
  endfacet
  facet normal 2.112219e-01 7.887778e-01 -5.772478e-01
    outer loop
      vertex 1.285217e+01 -8.704973e+00 5.783374e+01
      vertex 1.436887e+01 -1.436887e+01 5.064921e+01
      vertex 5.670280e+00 -1.523082e+00 6.501939e+01
    endloop
  endfacet
  facet normal 2.112219e-01 7.887778e-01 -5.772478e-01
    outer loop
      vertex 5.670280e+00 -1.523082e+00 6.501939e+01
      vertex 1.436887e+01 -1.436887e+01 5.064921e+01
      vertex 5.102570e-03 -5.102570e-03 6.502063e+01
    endloop
  endfacet
  facet normal 9.811594e-01 1.884061e-02 1.922791e-01
    outer loop
      vertex -1.987815e+01 -1.329945e+01 5.275058e+01
      vertex -2.027887e+01 -7.714725e+00 5.424813e+01
      vertex -2.049776e+01 -8.532636e+00 5.544522e+01
    endloop
  endfacet
  facet normal 9.811594e-01 1.884061e-02 1.922791e-01
    outer loop
      vertex -2.057590e+01 -1.260170e+01 5.624265e+01
      vertex -1.987815e+01 -1.329945e+01 5.275058e+01
      vertex -2.049776e+01 -8.532636e+00 5.544522e+01
    endloop
  endfacet
  facet normal 8.402081e-01 -5.068741e-01 -1.926890e-01
    outer loop
      vertex -2.027887e+01 -7.714725e+00 5.424813e+01
      vertex -1.768609e+01 -5.123513e+00 5.873762e+01
      vertex -1.940680e+01 -8.241212e+00 5.943580e+01
    endloop
  endfacet
  facet normal 8.402081e-01 -5.068741e-01 -1.926890e-01
    outer loop
      vertex -2.049776e+01 -8.532636e+00 5.544522e+01
      vertex -2.027887e+01 -7.714725e+00 5.424813e+01
      vertex -1.940680e+01 -8.241212e+00 5.943580e+01
    endloop
  endfacet
  facet normal 7.887778e-01 2.112219e-01 5.772478e-01
    outer loop
      vertex 5.670280e+00 -1.523082e+00 6.501939e+01
      vertex 6.378207e-03 -6.378207e-03 7.220379e+01
      vertex 1.257468e+01 -1.257468e+01 5.962886e+01
    endloop
  endfacet
  facet normal 7.887778e-01 2.112219e-01 5.772478e-01
    outer loop
      vertex 4.605279e+00 1.716752e+01 5.963549e+01
      vertex 6.378207e-03 -6.378207e-03 7.220379e+01
      vertex 4.152301e+00 4.142099e+00 6.502063e+01
    endloop
  endfacet
  facet normal 7.887778e-01 2.112219e-01 5.772478e-01
    outer loop
      vertex 1.285217e+01 -8.704973e+00 5.783374e+01
      vertex 5.670280e+00 -1.523082e+00 6.501939e+01
      vertex 1.257468e+01 -1.257468e+01 5.962886e+01
    endloop
  endfacet
  facet normal 7.887778e-01 2.112219e-01 5.772478e-01
    outer loop
      vertex 4.152301e+00 4.142099e+00 6.502063e+01
      vertex 6.780237e+00 1.395576e+01 5.783872e+01
      vertex 4.605279e+00 1.716752e+01 5.963549e+01
    endloop
  endfacet
  facet normal -9.811594e-01 -1.884061e-02 -1.922791e-01
    outer loop
      vertex 1.221102e+01 2.305802e-01 6.022979e+01
      vertex 1.308657e+01 3.502228e+00 5.544139e+01
      vertex 1.285217e+01 -8.704973e+00 5.783374e+01
    endloop
  endfacet
  facet normal -9.811594e-01 -1.884061e-02 -1.922791e-01
    outer loop
      vertex 1.285217e+01 -8.704973e+00 5.783374e+01
      vertex 1.257468e+01 -1.257468e+01 5.962886e+01
      vertex 1.221102e+01 2.305802e-01 6.022979e+01
    endloop
  endfacet
  facet normal -9.811594e-01 -1.884061e-02 -1.922791e-01
    outer loop
      vertex 1.257468e+01 -1.257468e+01 5.962886e+01
      vertex 1.197662e+01 -1.197662e+01 6.262210e+01
      vertex 1.221102e+01 2.305802e-01 6.022979e+01
    endloop
  endfacet
  facet normal 4.741820e-01 8.591511e-01 -1.923820e-01
    outer loop
      vertex -1.787582e+01 -4.415379e+00 5.873783e+01
      vertex -2.141739e+01 -3.465836e+00 5.424909e+01
      vertex -2.092470e+01 -2.576033e+00 5.943705e+01
    endloop
  endfacet
  facet normal 4.741820e-01 8.591511e-01 -1.923820e-01
    outer loop
      vertex -2.092470e+01 -2.576033e+00 5.943705e+01
      vertex -2.141739e+01 -3.465836e+00 5.424909e+01
      vertex -2.201583e+01 -2.867457e+00 5.544649e+01
    endloop
  endfacet
  facet normal 8.591511e-01 4.741820e-01 1.923820e-01
    outer loop
      vertex -2.201583e+01 -2.867457e+00 5.544649e+01
      vertex -2.141739e+01 -3.465836e+00 5.424909e+01
      vertex -2.386278e+01 1.571658e+00 5.275392e+01
    endloop
  endfacet
  facet normal 8.591511e-01 4.741820e-01 1.923820e-01
    outer loop
      vertex -2.411783e+01 6.170557e-01 5.624561e+01
      vertex -2.201583e+01 -2.867457e+00 5.544649e+01
      vertex -2.386278e+01 1.571658e+00 5.275392e+01
    endloop
  endfacet
  facet normal -8.591511e-01 -4.741820e-01 -1.923820e-01
    outer loop
      vertex 6.780237e+00 1.395576e+01 5.783872e+01
      vertex 1.308657e+01 3.502228e+00 5.544139e+01
      vertex 4.605279e+00 1.716752e+01 5.963549e+01
    endloop
  endfacet
  facet normal -8.591511e-01 -4.741820e-01 -1.923820e-01
    outer loop
      vertex 1.308657e+01 3.502228e+00 5.544139e+01
      vertex 1.069304e+01 5.895763e+00 6.023103e+01
      vertex 4.605279e+00 1.716752e+01 5.963549e+01
    endloop
  endfacet
  facet normal -8.591511e-01 -4.741820e-01 -1.923820e-01
    outer loop
      vertex 1.069304e+01 5.895763e+00 6.023103e+01
      vertex 4.386701e+00 1.634930e+01 6.262832e+01
      vertex 4.605279e+00 1.716752e+01 5.963549e+01
    endloop
  endfacet
  facet normal 5.068741e-01 -8.402081e-01 -1.926890e-01
    outer loop
      vertex 2.592850e+01 -5.192543e+00 1.952176e+01
      vertex 1.196768e+01 -1.196768e+01 1.233979e+01
      vertex 2.978312e+01 -2.135041e+00 1.632910e+01
    endloop
  endfacet
  facet normal 5.068741e-01 -8.402081e-01 -1.926890e-01
    outer loop
      vertex 2.832600e+01 -7.589894e+00 3.628162e+01
      vertex 2.592850e+01 -5.192543e+00 1.952176e+01
      vertex 2.978312e+01 -2.135041e+00 1.632910e+01
    endloop
  endfacet
  facet normal 5.068741e-01 -8.402081e-01 -1.926890e-01
    outer loop
      vertex 2.592850e+01 -5.192543e+00 1.952176e+01
      vertex 1.523932e+01 -1.109212e+01 1.712823e+01
      vertex 1.196768e+01 -1.196768e+01 1.233979e+01
    endloop
  endfacet
  facet normal 5.068741e-01 -8.402081e-01 -1.926890e-01
    outer loop
      vertex 2.505427e+01 -8.465451e+00 3.149328e+01
      vertex 2.592850e+01 -5.192543e+00 1.952176e+01
      vertex 2.832600e+01 -7.589894e+00 3.628162e+01
    endloop
  endfacet
  facet normal 7.027071e-02 2.630630e-01 -9.622161e-01
    outer loop
      vertex 1.196768e+01 -1.196768e+01 1.233979e+01
      vertex 1.699172e+01 -4.550121e+00 1.473459e+01
      vertex 2.978312e+01 -2.135041e+00 1.632910e+01
    endloop
  endfacet
  facet normal 7.027071e-02 2.630630e-01 -9.622161e-01
    outer loop
      vertex 2.978312e+01 -2.135041e+00 1.632910e+01
      vertex 1.699172e+01 -4.550121e+00 1.473459e+01
      vertex 2.411783e+01 -6.170557e-01 1.633039e+01
    endloop
  endfacet
  facet normal 7.027071e-02 2.630630e-01 -9.622161e-01
    outer loop
      vertex 2.978312e+01 -2.135041e+00 1.632910e+01
      vertex 2.411783e+01 -6.170557e-01 1.633039e+01
      vertex 2.201583e+01 2.867457e+00 1.712951e+01
    endloop
  endfacet
  facet normal 7.027071e-02 2.630630e-01 -9.622161e-01
    outer loop
      vertex 2.978312e+01 -2.135041e+00 1.632910e+01
      vertex 2.201583e+01 2.867457e+00 1.712951e+01
      vertex 2.452779e+01 6.576236e+00 1.832691e+01
    endloop
  endfacet
  facet normal 8.402081e-01 -5.068741e-01 -1.926890e-01
    outer loop
      vertex 1.699172e+01 -4.550121e+00 1.473459e+01
      vertex 1.196768e+01 -1.196768e+01 1.233979e+01
      vertex 2.180038e+01 5.847676e+00 8.350594e+00
    endloop
  endfacet
  facet normal 8.402081e-01 -5.068741e-01 -1.926890e-01
    outer loop
      vertex 2.092470e+01 2.576033e+00 1.313895e+01
      vertex 1.699172e+01 -4.550121e+00 1.473459e+01
      vertex 2.180038e+01 5.847676e+00 8.350594e+00
    endloop
  endfacet
  facet normal 8.402081e-01 -5.068741e-01 -1.926890e-01
    outer loop
      vertex 2.452779e+01 6.576236e+00 1.832691e+01
      vertex 2.201583e+01 2.867457e+00 1.712951e+01
      vertex 2.180038e+01 5.847676e+00 8.350594e+00
    endloop
  endfacet
  facet normal 8.402081e-01 -5.068741e-01 -1.926890e-01
    outer loop
      vertex 2.201583e+01 2.867457e+00 1.712951e+01
      vertex 2.092470e+01 2.576033e+00 1.313895e+01
      vertex 2.180038e+01 5.847676e+00 8.350594e+00
    endloop
  endfacet
  facet normal -2.630630e-01 -7.027071e-02 -9.622161e-01
    outer loop
      vertex 5.895763e+00 1.069304e+01 1.234497e+01
      vertex 4.377784e+00 1.635822e+01 1.234621e+01
      vertex 2.180038e+01 5.847676e+00 8.350594e+00
    endloop
  endfacet
  facet normal -2.630630e-01 -7.027071e-02 -9.622161e-01
    outer loop
      vertex 1.634930e+01 4.386701e+00 9.947681e+00
      vertex 2.180038e+01 5.847676e+00 8.350594e+00
      vertex 1.196768e+01 -1.196768e+01 1.233979e+01
    endloop
  endfacet
  facet normal -2.630630e-01 -7.027071e-02 -9.622161e-01
    outer loop
      vertex 5.895763e+00 1.069304e+01 1.234497e+01
      vertex 2.180038e+01 5.847676e+00 8.350594e+00
      vertex 1.634930e+01 4.386701e+00 9.947681e+00
    endloop
  endfacet
  facet normal -2.630630e-01 -7.027071e-02 -9.622161e-01
    outer loop
      vertex 1.634930e+01 4.386701e+00 9.947681e+00
      vertex 1.196768e+01 -1.196768e+01 1.233979e+01
      vertex 1.044970e+01 -6.302500e+00 1.234124e+01
    endloop
  endfacet
  facet normal 7.885727e-01 2.114269e-01 -5.774528e-01
    outer loop
      vertex 1.044970e+01 -6.302500e+00 1.234124e+01
      vertex 1.196768e+01 -1.196768e+01 1.233979e+01
      vertex 3.770634e+00 -3.770634e+00 4.147201e+00
    endloop
  endfacet
  facet normal 7.885727e-01 2.114269e-01 -5.774528e-01
    outer loop
      vertex 3.770634e+00 -3.770634e+00 4.147201e+00
      vertex 2.972070e+00 -7.921857e-01 4.147201e+00
      vertex 5.660078e+00 -1.512878e+00 7.554125e+00
    endloop
  endfacet
  facet normal 7.885727e-01 2.114269e-01 -5.774528e-01
    outer loop
      vertex 5.660078e+00 -1.512878e+00 7.554125e+00
      vertex 1.044970e+01 -6.302500e+00 1.234124e+01
      vertex 3.770634e+00 -3.770634e+00 4.147201e+00
    endloop
  endfacet
  facet normal 7.885727e-01 2.114269e-01 -5.774528e-01
    outer loop
      vertex 2.173796e+00 2.185201e+00 4.147201e+00
      vertex 1.375794e+00 5.161543e+00 4.147201e+00
      vertex 4.377784e+00 1.635822e+01 1.234621e+01
    endloop
  endfacet
  facet normal 7.885727e-01 2.114269e-01 -5.774528e-01
    outer loop
      vertex 5.895763e+00 1.069304e+01 1.234497e+01
      vertex 2.173796e+00 2.185201e+00 4.147201e+00
      vertex 4.377784e+00 1.635822e+01 1.234621e+01
    endloop
  endfacet
  facet normal 7.885727e-01 2.114269e-01 -5.774528e-01
    outer loop
      vertex 4.142099e+00 4.152301e+00 7.555368e+00
      vertex 2.173796e+00 2.185201e+00 4.147201e+00
      vertex 5.895763e+00 1.069304e+01 1.234497e+01
    endloop
  endfacet
  facet normal 4.741820e-01 8.591511e-01 -1.923820e-01
    outer loop
      vertex 4.377784e+00 1.635822e+01 1.234621e+01
      vertex 1.243776e+01 1.244544e+01 1.473853e+01
      vertex 2.180038e+01 5.847676e+00 8.350594e+00
    endloop
  endfacet
  facet normal 4.741820e-01 8.591511e-01 -1.923820e-01
    outer loop
      vertex 2.180038e+01 5.847676e+00 8.350594e+00
      vertex 1.243776e+01 1.244544e+01 1.473853e+01
      vertex 1.940680e+01 8.241212e+00 1.314020e+01
    endloop
  endfacet
  facet normal 4.741820e-01 8.591511e-01 -1.923820e-01
    outer loop
      vertex 2.180038e+01 5.847676e+00 8.350594e+00
      vertex 1.940680e+01 8.241212e+00 1.314020e+01
      vertex 2.049776e+01 8.532636e+00 1.713078e+01
    endloop
  endfacet
  facet normal 4.741820e-01 8.591511e-01 -1.923820e-01
    outer loop
      vertex 2.180038e+01 5.847676e+00 8.350594e+00
      vertex 2.049776e+01 8.532636e+00 1.713078e+01
      vertex 2.452779e+01 6.576236e+00 1.832691e+01
    endloop
  endfacet
  facet normal 1.922790e-01 -1.922790e-01 -9.623189e-01
    outer loop
      vertex 4.377784e+00 1.635822e+01 1.234621e+01
      vertex 2.472312e+01 1.674890e+01 1.633335e+01
      vertex 1.243776e+01 1.244544e+01 1.473853e+01
    endloop
  endfacet
  facet normal 1.922790e-01 -1.922790e-01 -9.623189e-01
    outer loop
      vertex 2.049776e+01 8.532636e+00 1.713078e+01
      vertex 2.472312e+01 1.674890e+01 1.633335e+01
      vertex 2.452779e+01 6.576236e+00 1.832691e+01
    endloop
  endfacet
  facet normal 1.922790e-01 -1.922790e-01 -9.623189e-01
    outer loop
      vertex 2.057590e+01 1.260170e+01 1.633335e+01
      vertex 2.472312e+01 1.674890e+01 1.633335e+01
      vertex 2.049776e+01 8.532636e+00 1.713078e+01
    endloop
  endfacet
  facet normal 1.922790e-01 -1.922790e-01 -9.623189e-01
    outer loop
      vertex 1.243776e+01 1.244544e+01 1.473853e+01
      vertex 2.472312e+01 1.674890e+01 1.633335e+01
      vertex 2.057590e+01 1.260170e+01 1.633335e+01
    endloop
  endfacet
  facet normal 1.884061e-02 9.811594e-01 -1.922791e-01
    outer loop
      vertex 2.472312e+01 1.674890e+01 1.633335e+01
      vertex 4.377784e+00 1.635822e+01 1.234621e+01
      vertex 7.649428e+00 1.723377e+01 1.713461e+01
    endloop
  endfacet
  facet normal 1.884061e-02 9.811594e-01 -1.922791e-01
    outer loop
      vertex 2.472312e+01 1.674890e+01 1.633335e+01
      vertex 7.649428e+00 1.723377e+01 1.713461e+01
      vertex 1.985661e+01 1.746819e+01 1.952686e+01
    endloop
  endfacet
  facet normal 1.884061e-02 9.811594e-01 -1.922791e-01
    outer loop
      vertex 2.472312e+01 1.674890e+01 1.633335e+01
      vertex 1.985661e+01 1.746819e+01 1.952686e+01
      vertex 1.746436e+01 1.986044e+01 3.149964e+01
    endloop
  endfacet
  facet normal 1.884061e-02 9.811594e-01 -1.922791e-01
    outer loop
      vertex 2.472312e+01 1.674890e+01 1.633335e+01
      vertex 1.746436e+01 1.986044e+01 3.149964e+01
      vertex 2.073600e+01 2.073600e+01 3.628800e+01
    endloop
  endfacet
  facet normal 0.000000e+00 9.828721e-01 -1.842892e-01
    outer loop
      vertex 2.472312e+01 1.674890e+01 1.633335e+01
      vertex 2.073600e+01 2.073600e+01 3.628800e+01
      vertex 2.073600e+01 2.073600e+01 3.628800e+01
    endloop
  endfacet
  facet normal -5.772479e-01 5.772479e-01 5.775549e-01
    outer loop
      vertex 1.962221e+01 5.260993e+00 2.191913e+01
      vertex 1.886259e+01 8.094214e+00 1.832818e+01
      vertex 1.395576e+01 6.780237e+00 1.473728e+01
    endloop
  endfacet
  facet normal -5.772479e-01 5.772479e-01 5.775549e-01
    outer loop
      vertex 4.142099e+00 4.152301e+00 7.555368e+00
      vertex 1.962221e+01 5.260993e+00 2.191913e+01
      vertex 1.395576e+01 6.780237e+00 1.473728e+01
    endloop
  endfacet
  facet normal -5.772479e-01 5.772479e-01 5.775549e-01
    outer loop
      vertex -5.102570e-03 5.102570e-03 7.555368e+00
      vertex 1.962221e+01 5.260993e+00 2.191913e+01
      vertex 4.142099e+00 4.152301e+00 7.555368e+00
    endloop
  endfacet
  facet normal -2.112219e-01 -7.887778e-01 5.772478e-01
    outer loop
      vertex 1.962221e+01 5.260993e+00 2.191913e+01
      vertex 5.660078e+00 -1.512878e+00 7.554125e+00
      vertex 1.547374e+01 1.115066e+00 1.473604e+01
    endloop
  endfacet
  facet normal -2.112219e-01 -7.887778e-01 5.772478e-01
    outer loop
      vertex 1.962221e+01 5.260993e+00 2.191913e+01
      vertex 1.547374e+01 1.115066e+00 1.473604e+01
      vertex 2.038056e+01 2.429036e+00 1.832691e+01
    endloop
  endfacet
  facet normal -2.112219e-01 -7.887778e-01 5.772478e-01
    outer loop
      vertex -5.102570e-03 5.102570e-03 7.555368e+00
      vertex 5.660078e+00 -1.512878e+00 7.554125e+00
      vertex 1.962221e+01 5.260993e+00 2.191913e+01
    endloop
  endfacet
  facet normal -7.027071e-02 -2.630630e-01 9.622161e-01
    outer loop
      vertex 1.962221e+01 5.260993e+00 2.191913e+01
      vertex 2.213423e+01 8.969772e+00 2.311653e+01
      vertex 1.898107e+01 1.419653e+01 2.431522e+01
    endloop
  endfacet
  facet normal -7.027071e-02 -2.630630e-01 9.622161e-01
    outer loop
      vertex 1.267474e+01 2.465013e+01 2.671257e+01
      vertex 1.962221e+01 5.260993e+00 2.191913e+01
      vertex 1.898107e+01 1.419653e+01 2.431522e+01
    endloop
  endfacet
  facet normal -7.027071e-02 -2.630630e-01 9.622161e-01
    outer loop
      vertex 7.009556e+00 2.616800e+01 2.671386e+01
      vertex 1.962221e+01 5.260993e+00 2.191913e+01
      vertex 1.267474e+01 2.465013e+01 2.671257e+01
    endloop
  endfacet
  facet normal -8.591511e-01 -4.741820e-01 -1.923820e-01
    outer loop
      vertex 1.570941e+01 1.332099e+01 1.952686e+01
      vertex 1.886259e+01 8.094214e+00 1.832818e+01
      vertex 1.962221e+01 5.260993e+00 2.191913e+01
    endloop
  endfacet
  facet normal -8.591511e-01 -4.741820e-01 -1.923820e-01
    outer loop
      vertex 1.570941e+01 1.332099e+01 1.952686e+01
      vertex 1.962221e+01 5.260993e+00 2.191913e+01
      vertex 9.403092e+00 2.377445e+01 2.192424e+01
    endloop
  endfacet
  facet normal -8.591511e-01 -4.741820e-01 -1.923820e-01
    outer loop
      vertex 9.403092e+00 2.377445e+01 2.192424e+01
      vertex 1.962221e+01 5.260993e+00 2.191913e+01
      vertex 7.009556e+00 2.616800e+01 2.671386e+01
    endloop
  endfacet
  facet normal 7.885727e-01 2.114269e-01 -5.774528e-01
    outer loop
      vertex 7.649428e+00 1.723377e+01 1.713461e+01
      vertex 4.377784e+00 1.635822e+01 1.234621e+01
      vertex 8.761935e+00 3.271000e+01 2.432032e+01
    endloop
  endfacet
  facet normal 7.885727e-01 2.114269e-01 -5.774528e-01
    outer loop
      vertex 9.403092e+00 2.377445e+01 2.192424e+01
      vertex 7.649428e+00 1.723377e+01 1.713461e+01
      vertex 8.761935e+00 3.271000e+01 2.432032e+01
    endloop
  endfacet
  facet normal -1.922790e-01 1.922790e-01 9.623189e-01
    outer loop
      vertex 1.985661e+01 1.746819e+01 1.952686e+01
      vertex 1.570941e+01 1.332099e+01 1.952686e+01
      vertex 1.979801e+01 1.441639e+01 2.012493e+01
    endloop
  endfacet
  facet normal -1.922790e-01 1.922790e-01 9.623189e-01
    outer loop
      vertex 7.649428e+00 1.723377e+01 1.713461e+01
      vertex 1.570941e+01 1.332099e+01 1.952686e+01
      vertex 1.985661e+01 1.746819e+01 1.952686e+01
    endloop
  endfacet
  facet normal -1.922790e-01 1.922790e-01 9.623189e-01
    outer loop
      vertex 3.502228e+00 1.308657e+01 1.713461e+01
      vertex 1.570941e+01 1.332099e+01 1.952686e+01
      vertex 7.649428e+00 1.723377e+01 1.713461e+01
    endloop
  endfacet
  facet normal -1.884061e-02 -9.811594e-01 1.922791e-01
    outer loop
      vertex 3.502228e+00 1.308657e+01 1.713461e+01
      vertex 1.243776e+01 1.244544e+01 1.473853e+01
      vertex 2.057590e+01 1.260170e+01 1.633335e+01
    endloop
  endfacet
  facet normal -1.884061e-02 -9.811594e-01 1.922791e-01
    outer loop
      vertex 1.570941e+01 1.332099e+01 1.952686e+01
      vertex 3.502228e+00 1.308657e+01 1.713461e+01
      vertex 1.987815e+01 1.329945e+01 1.982542e+01
    endloop
  endfacet
  facet normal -1.884061e-02 -9.811594e-01 1.922791e-01
    outer loop
      vertex 1.987815e+01 1.329945e+01 1.982542e+01
      vertex 3.502228e+00 1.308657e+01 1.713461e+01
      vertex 2.057590e+01 1.260170e+01 1.633335e+01
    endloop
  endfacet
  facet normal 2.630630e-01 7.027071e-02 9.622161e-01
    outer loop
      vertex 1.940680e+01 8.241212e+00 1.314020e+01
      vertex 1.395576e+01 6.780237e+00 1.473728e+01
      vertex 1.768609e+01 5.123513e+00 1.383838e+01
    endloop
  endfacet
  facet normal 2.630630e-01 7.027071e-02 9.622161e-01
    outer loop
      vertex 1.243776e+01 1.244544e+01 1.473853e+01
      vertex 1.395576e+01 6.780237e+00 1.473728e+01
      vertex 1.940680e+01 8.241212e+00 1.314020e+01
    endloop
  endfacet
  facet normal 2.630630e-01 7.027071e-02 9.622161e-01
    outer loop
      vertex 3.502228e+00 1.308657e+01 1.713461e+01
      vertex 1.395576e+01 6.780237e+00 1.473728e+01
      vertex 1.243776e+01 1.244544e+01 1.473853e+01
    endloop
  endfacet
  facet normal -4.741820e-01 -8.591511e-01 1.923820e-01
    outer loop
      vertex 1.395576e+01 6.780237e+00 1.473728e+01
      vertex 5.895763e+00 1.069304e+01 1.234497e+01
      vertex 1.716752e+01 4.605279e+00 1.294051e+01
    endloop
  endfacet
  facet normal -4.741820e-01 -8.591511e-01 1.923820e-01
    outer loop
      vertex 1.716752e+01 4.605279e+00 1.294051e+01
      vertex 5.895763e+00 1.069304e+01 1.234497e+01
      vertex 1.634930e+01 4.386701e+00 9.947681e+00
    endloop
  endfacet
  facet normal -4.741820e-01 -8.591511e-01 1.923820e-01
    outer loop
      vertex 3.502228e+00 1.308657e+01 1.713461e+01
      vertex 5.895763e+00 1.069304e+01 1.234497e+01
      vertex 1.395576e+01 6.780237e+00 1.473728e+01
    endloop
  endfacet
  facet normal -8.402081e-01 5.068741e-01 1.926890e-01
    outer loop
      vertex 1.547374e+01 1.115066e+00 1.473604e+01
      vertex 1.716752e+01 4.605279e+00 1.294051e+01
      vertex 1.634930e+01 4.386701e+00 9.947681e+00
    endloop
  endfacet
  facet normal -8.402081e-01 5.068741e-01 1.926890e-01
    outer loop
      vertex 1.547374e+01 1.115066e+00 1.473604e+01
      vertex 1.634930e+01 4.386701e+00 9.947681e+00
      vertex 1.044970e+01 -6.302500e+00 1.234124e+01
    endloop
  endfacet
  facet normal -8.402081e-01 5.068741e-01 1.926890e-01
    outer loop
      vertex 1.044970e+01 -6.302500e+00 1.234124e+01
      vertex 9.574143e+00 -9.574143e+00 1.712951e+01
      vertex 1.547374e+01 1.115066e+00 1.473604e+01
    endloop
  endfacet
  facet normal 2.630630e-01 7.027071e-02 9.622161e-01
    outer loop
      vertex 9.574143e+00 -9.574143e+00 1.712951e+01
      vertex 1.699172e+01 -4.550121e+00 1.473459e+01
      vertex 2.092470e+01 2.576033e+00 1.313895e+01
    endloop
  endfacet
  facet normal 2.630630e-01 7.027071e-02 9.622161e-01
    outer loop
      vertex 1.547374e+01 1.115066e+00 1.473604e+01
      vertex 9.574143e+00 -9.574143e+00 1.712951e+01
      vertex 1.787582e+01 4.415379e+00 1.383817e+01
    endloop
  endfacet
  facet normal 2.630630e-01 7.027071e-02 9.622161e-01
    outer loop
      vertex 1.787582e+01 4.415379e+00 1.383817e+01
      vertex 9.574143e+00 -9.574143e+00 1.712951e+01
      vertex 2.092470e+01 2.576033e+00 1.313895e+01
    endloop
  endfacet
  facet normal -5.068741e-01 8.402081e-01 1.926890e-01
    outer loop
      vertex 2.026336e+01 -3.674564e+00 1.952305e+01
      vertex 2.386278e+01 -1.571658e+00 1.982208e+01
      vertex 2.411783e+01 -6.170557e-01 1.633039e+01
    endloop
  endfacet
  facet normal -5.068741e-01 8.402081e-01 1.926890e-01
    outer loop
      vertex 2.026336e+01 -3.674564e+00 1.952305e+01
      vertex 2.411783e+01 -6.170557e-01 1.633039e+01
      vertex 1.699172e+01 -4.550121e+00 1.473459e+01
    endloop
  endfacet
  facet normal -5.068741e-01 8.402081e-01 1.926890e-01
    outer loop
      vertex 1.699172e+01 -4.550121e+00 1.473459e+01
      vertex 9.574143e+00 -9.574143e+00 1.712951e+01
      vertex 2.026336e+01 -3.674564e+00 1.952305e+01
    endloop
  endfacet
  facet normal -7.027071e-02 -2.630630e-01 9.622161e-01
    outer loop
      vertex 2.026336e+01 -3.674564e+00 1.952305e+01
      vertex 1.523932e+01 -1.109212e+01 1.712823e+01
      vertex 2.435194e+01 -2.579164e+00 2.012109e+01
    endloop
  endfacet
  facet normal -7.027071e-02 -2.630630e-01 9.622161e-01
    outer loop
      vertex 2.435194e+01 -2.579164e+00 2.012109e+01
      vertex 1.523932e+01 -1.109212e+01 1.712823e+01
      vertex 2.592850e+01 -5.192543e+00 1.952176e+01
    endloop
  endfacet
  facet normal -7.027071e-02 -2.630630e-01 9.622161e-01
    outer loop
      vertex 9.574143e+00 -9.574143e+00 1.712951e+01
      vertex 1.523932e+01 -1.109212e+01 1.712823e+01
      vertex 2.026336e+01 -3.674564e+00 1.952305e+01
    endloop
  endfacet
  facet normal 7.885727e-01 2.114269e-01 -5.774528e-01
    outer loop
      vertex 2.394179e+01 -2.394179e+01 2.430757e+01
      vertex 1.196768e+01 -1.196768e+01 1.233979e+01
      vertex 1.523932e+01 -1.109212e+01 1.712823e+01
    endloop
  endfacet
  facet normal 7.885727e-01 2.114269e-01 -5.774528e-01
    outer loop
      vertex 1.523932e+01 -1.109212e+01 1.712823e+01
      vertex 2.002894e+01 -1.588174e+01 2.191530e+01
      vertex 2.394179e+01 -2.394179e+01 2.430757e+01
    endloop
  endfacet
  facet normal -9.811594e-01 -1.884061e-02 -1.922791e-01
    outer loop
      vertex 2.038056e+01 2.429036e+00 1.832691e+01
      vertex 2.026336e+01 -3.674564e+00 1.952305e+01
      vertex 1.962221e+01 5.260993e+00 2.191913e+01
    endloop
  endfacet
  facet normal -9.811594e-01 -1.884061e-02 -1.922791e-01
    outer loop
      vertex 2.026336e+01 -3.674564e+00 1.952305e+01
      vertex 2.002894e+01 -1.588174e+01 2.191530e+01
      vertex 1.962221e+01 5.260993e+00 2.191913e+01
    endloop
  endfacet
  facet normal -9.811594e-01 -1.884061e-02 -1.922791e-01
    outer loop
      vertex 1.962221e+01 5.260993e+00 2.191913e+01
      vertex 2.002894e+01 -1.588174e+01 2.191530e+01
      vertex 1.915339e+01 -1.915339e+01 2.670365e+01
    endloop
  endfacet
  facet normal -1.922790e-01 1.922790e-01 9.623189e-01
    outer loop
      vertex 1.962221e+01 5.260993e+00 2.191913e+01
      vertex 2.330063e+01 -1.500619e+01 2.670365e+01
      vertex 2.353494e+01 -2.799008e+00 2.431138e+01
    endloop
  endfacet
  facet normal -1.922790e-01 1.922790e-01 9.623189e-01
    outer loop
      vertex 1.962221e+01 5.260993e+00 2.191913e+01
      vertex 2.353494e+01 -2.799008e+00 2.431138e+01
      vertex 2.365210e+01 3.304593e+00 2.311525e+01
    endloop
  endfacet
  facet normal -1.922790e-01 1.922790e-01 9.623189e-01
    outer loop
      vertex 1.915339e+01 -1.915339e+01 2.670365e+01
      vertex 2.330063e+01 -1.500619e+01 2.670365e+01
      vertex 1.962221e+01 5.260993e+00 2.191913e+01
    endloop
  endfacet
  facet normal 0.000000e+00 0.000000e+00 1.000000e+00
    outer loop
      vertex -2.065252e+01 1.858754e+00 4.147201e+00
      vertex -2.073600e+01 0.000000e+00 4.147201e+00
      vertex -2.065252e+01 -1.858754e+00 4.147201e+00
    endloop
  endfacet
  facet normal 0.000000e+00 0.000000e+00 1.000000e+00
    outer loop
      vertex -1.998874e+01 -5.516543e+00 4.147201e+00
      vertex -2.065252e+01 1.858754e+00 4.147201e+00
      vertex -2.040277e+01 -3.702558e+00 4.147201e+00
    endloop
  endfacet
  facet normal 0.000000e+00 0.000000e+00 1.000000e+00
    outer loop
      vertex -2.040277e+01 -3.702558e+00 4.147201e+00
      vertex -2.065252e+01 1.858754e+00 4.147201e+00
      vertex -2.065252e+01 -1.858754e+00 4.147201e+00
    endloop
  endfacet
  facet normal 0.000000e+00 0.000000e+00 1.000000e+00
    outer loop
      vertex -1.941377e+01 -7.286112e+00 4.147201e+00
      vertex -2.065252e+01 1.858754e+00 4.147201e+00
      vertex -1.998874e+01 -5.516543e+00 4.147201e+00
    endloop
  endfacet
  facet normal 0.000000e+00 0.000000e+00 1.000000e+00
    outer loop
      vertex -1.868249e+01 -8.997019e+00 4.147201e+00
      vertex -2.065252e+01 1.858754e+00 4.147201e+00
      vertex -1.941377e+01 -7.286112e+00 4.147201e+00
    endloop
  endfacet
  facet normal 0.000000e+00 0.000000e+00 1.000000e+00
    outer loop
      vertex -1.780080e+01 -1.063547e+01 4.147201e+00
      vertex -2.065252e+01 1.858754e+00 4.147201e+00
      vertex -1.868249e+01 -8.997019e+00 4.147201e+00
    endloop
  endfacet
  facet normal 0.000000e+00 0.000000e+00 1.000000e+00
    outer loop
      vertex -1.677578e+01 -1.218831e+01 4.147201e+00
      vertex -2.065252e+01 1.858754e+00 4.147201e+00
      vertex -1.780080e+01 -1.063547e+01 4.147201e+00
    endloop
  endfacet
  facet normal 0.000000e+00 0.000000e+00 1.000000e+00
    outer loop
      vertex -1.561568e+01 -1.364302e+01 4.147201e+00
      vertex -2.065252e+01 1.858754e+00 4.147201e+00
      vertex -1.677578e+01 -1.218831e+01 4.147201e+00
    endloop
  endfacet
  facet normal 0.000000e+00 0.000000e+00 1.000000e+00
    outer loop
      vertex -1.432988e+01 -1.498788e+01 4.147201e+00
      vertex -2.065252e+01 1.858754e+00 4.147201e+00
      vertex -1.561568e+01 -1.364302e+01 4.147201e+00
    endloop
  endfacet
  facet normal 0.000000e+00 0.000000e+00 1.000000e+00
    outer loop
      vertex -1.292869e+01 -1.621205e+01 4.147201e+00
      vertex -2.065252e+01 1.858754e+00 4.147201e+00
      vertex -1.432988e+01 -1.498788e+01 4.147201e+00
    endloop
  endfacet
  facet normal 0.000000e+00 0.000000e+00 1.000000e+00
    outer loop
      vertex -1.142340e+01 -1.730571e+01 4.147201e+00
      vertex -2.065252e+01 1.858754e+00 4.147201e+00
      vertex -1.292869e+01 -1.621205e+01 4.147201e+00
    endloop
  endfacet
  facet normal 0.000000e+00 0.000000e+00 1.000000e+00
    outer loop
      vertex -9.826147e+00 -1.826004e+01 4.147201e+00
      vertex -2.065252e+01 1.858754e+00 4.147201e+00
      vertex -1.142340e+01 -1.730571e+01 4.147201e+00
    endloop
  endfacet
  facet normal 0.000000e+00 0.000000e+00 1.000000e+00
    outer loop
      vertex -8.149767e+00 -1.906733e+01 4.147201e+00
      vertex -2.065252e+01 1.858754e+00 4.147201e+00
      vertex -9.826147e+00 -1.826004e+01 4.147201e+00
    endloop
  endfacet
  facet normal 0.000000e+00 0.000000e+00 1.000000e+00
    outer loop
      vertex -6.407777e+00 -1.972112e+01 4.147201e+00
      vertex -2.065252e+01 1.858754e+00 4.147201e+00
      vertex -8.149767e+00 -1.906733e+01 4.147201e+00
    endloop
  endfacet
  facet normal 0.000000e+00 0.000000e+00 1.000000e+00
    outer loop
      vertex -4.614196e+00 -2.021611e+01 4.147201e+00
      vertex -2.065252e+01 1.858754e+00 4.147201e+00
      vertex -6.407777e+00 -1.972112e+01 4.147201e+00
    endloop
  endfacet
  facet normal 0.000000e+00 0.000000e+00 1.000000e+00
    outer loop
      vertex -2.783455e+00 -2.054834e+01 4.147201e+00
      vertex -2.065252e+01 1.858754e+00 4.147201e+00
      vertex -4.614196e+00 -2.021611e+01 4.147201e+00
    endloop
  endfacet
  facet normal 0.000000e+00 0.000000e+00 1.000000e+00
    outer loop
      vertex -9.303207e-01 -2.071512e+01 4.147201e+00
      vertex -2.065252e+01 1.858754e+00 4.147201e+00
      vertex -2.783455e+00 -2.054834e+01 4.147201e+00
    endloop
  endfacet
  facet normal 0.000000e+00 0.000000e+00 1.000000e+00
    outer loop
      vertex 9.303207e-01 -2.071512e+01 4.147201e+00
      vertex -2.065252e+01 1.858754e+00 4.147201e+00
      vertex -9.303207e-01 -2.071512e+01 4.147201e+00
    endloop
  endfacet
  facet normal 0.000000e+00 0.000000e+00 1.000000e+00
    outer loop
      vertex 2.783455e+00 -2.054834e+01 4.147201e+00
      vertex -2.065252e+01 1.858754e+00 4.147201e+00
      vertex 9.303207e-01 -2.071512e+01 4.147201e+00
    endloop
  endfacet
  facet normal 0.000000e+00 0.000000e+00 1.000000e+00
    outer loop
      vertex 4.614196e+00 -2.021611e+01 4.147201e+00
      vertex -2.065252e+01 1.858754e+00 4.147201e+00
      vertex 2.783455e+00 -2.054834e+01 4.147201e+00
    endloop
  endfacet
  facet normal 0.000000e+00 0.000000e+00 1.000000e+00
    outer loop
      vertex 6.407777e+00 -1.972112e+01 4.147201e+00
      vertex -2.065252e+01 1.858754e+00 4.147201e+00
      vertex 4.614196e+00 -2.021611e+01 4.147201e+00
    endloop
  endfacet
  facet normal 0.000000e+00 0.000000e+00 1.000000e+00
    outer loop
      vertex 8.149767e+00 -1.906733e+01 4.147201e+00
      vertex -2.065252e+01 1.858754e+00 4.147201e+00
      vertex 6.407777e+00 -1.972112e+01 4.147201e+00
    endloop
  endfacet
  facet normal 0.000000e+00 0.000000e+00 1.000000e+00
    outer loop
      vertex 9.826147e+00 -1.826004e+01 4.147201e+00
      vertex -2.065252e+01 1.858754e+00 4.147201e+00
      vertex 8.149767e+00 -1.906733e+01 4.147201e+00
    endloop
  endfacet
  facet normal 0.000000e+00 0.000000e+00 1.000000e+00
    outer loop
      vertex 1.142340e+01 -1.730571e+01 4.147201e+00
      vertex -2.065252e+01 1.858754e+00 4.147201e+00
      vertex 9.826147e+00 -1.826004e+01 4.147201e+00
    endloop
  endfacet
  facet normal 0.000000e+00 0.000000e+00 1.000000e+00
    outer loop
      vertex 1.292869e+01 -1.621205e+01 4.147201e+00
      vertex -2.065252e+01 1.858754e+00 4.147201e+00
      vertex 1.142340e+01 -1.730571e+01 4.147201e+00
    endloop
  endfacet
  facet normal 0.000000e+00 0.000000e+00 1.000000e+00
    outer loop
      vertex 1.432988e+01 -1.498788e+01 4.147201e+00
      vertex -2.065252e+01 1.858754e+00 4.147201e+00
      vertex 1.292869e+01 -1.621205e+01 4.147201e+00
    endloop
  endfacet
  facet normal 0.000000e+00 0.000000e+00 1.000000e+00
    outer loop
      vertex 1.561568e+01 -1.364302e+01 4.147201e+00
      vertex -2.065252e+01 1.858754e+00 4.147201e+00
      vertex 1.432988e+01 -1.498788e+01 4.147201e+00
    endloop
  endfacet
  facet normal 0.000000e+00 0.000000e+00 1.000000e+00
    outer loop
      vertex 1.677578e+01 -1.218831e+01 4.147201e+00
      vertex -2.065252e+01 1.858754e+00 4.147201e+00
      vertex 1.561568e+01 -1.364302e+01 4.147201e+00
    endloop
  endfacet
  facet normal 0.000000e+00 0.000000e+00 1.000000e+00
    outer loop
      vertex -1.387701e+00 -5.151963e+00 4.147201e+00
      vertex -2.065252e+01 1.858754e+00 4.147201e+00
      vertex 1.677578e+01 -1.218831e+01 4.147201e+00
    endloop
  endfacet
  facet normal 0.000000e+00 0.000000e+00 1.000000e+00
    outer loop
      vertex -1.387701e+00 -5.151963e+00 4.147201e+00
      vertex -2.185201e+00 -2.173796e+00 4.147201e+00
      vertex -2.065252e+01 1.858754e+00 4.147201e+00
    endloop
  endfacet
  facet normal 0.000000e+00 0.000000e+00 1.000000e+00
    outer loop
      vertex 7.921857e-01 -2.972070e+00 4.147201e+00
      vertex 1.868249e+01 -8.997019e+00 4.147201e+00
      vertex 3.770634e+00 -3.770634e+00 4.147201e+00
    endloop
  endfacet
  facet normal 0.000000e+00 0.000000e+00 1.000000e+00
    outer loop
      vertex 2.173796e+00 2.185201e+00 4.147201e+00
      vertex 5.151963e+00 1.387701e+00 4.147201e+00
      vertex 2.065252e+01 1.858754e+00 4.147201e+00
    endloop
  endfacet
  facet normal 0.000000e+00 0.000000e+00 1.000000e+00
    outer loop
      vertex 2.972070e+00 -7.921857e-01 4.147201e+00
      vertex 3.770634e+00 -3.770634e+00 4.147201e+00
      vertex 1.941377e+01 -7.286112e+00 4.147201e+00
    endloop
  endfacet
  facet normal 0.000000e+00 0.000000e+00 1.000000e+00
    outer loop
      vertex -3.779364e+00 3.779364e+00 4.147201e+00
      vertex 1.375794e+00 5.161543e+00 4.147201e+00
      vertex -2.065252e+01 1.858754e+00 4.147201e+00
    endloop
  endfacet
  facet normal 0.000000e+00 0.000000e+00 1.000000e+00
    outer loop
      vertex 1.375794e+00 5.161543e+00 4.147201e+00
      vertex 1.998874e+01 5.516543e+00 4.147201e+00
      vertex 1.941377e+01 7.286112e+00 4.147201e+00
    endloop
  endfacet
  facet normal 0.000000e+00 0.000000e+00 1.000000e+00
    outer loop
      vertex 1.780080e+01 1.063547e+01 4.147201e+00
      vertex -2.065252e+01 1.858754e+00 4.147201e+00
      vertex 1.868249e+01 8.997019e+00 4.147201e+00
    endloop
  endfacet
  facet normal 0.000000e+00 0.000000e+00 1.000000e+00
    outer loop
      vertex 1.677578e+01 1.218831e+01 4.147201e+00
      vertex -2.065252e+01 1.858754e+00 4.147201e+00
      vertex 1.780080e+01 1.063547e+01 4.147201e+00
    endloop
  endfacet
  facet normal 0.000000e+00 0.000000e+00 1.000000e+00
    outer loop
      vertex 1.561568e+01 1.364302e+01 4.147201e+00
      vertex -2.065252e+01 1.858754e+00 4.147201e+00
      vertex 1.677578e+01 1.218831e+01 4.147201e+00
    endloop
  endfacet
  facet normal 0.000000e+00 0.000000e+00 1.000000e+00
    outer loop
      vertex 1.432988e+01 1.498788e+01 4.147201e+00
      vertex -2.065252e+01 1.858754e+00 4.147201e+00
      vertex 1.561568e+01 1.364302e+01 4.147201e+00
    endloop
  endfacet
  facet normal 0.000000e+00 0.000000e+00 1.000000e+00
    outer loop
      vertex 1.292869e+01 1.621205e+01 4.147201e+00
      vertex -2.065252e+01 1.858754e+00 4.147201e+00
      vertex 1.432988e+01 1.498788e+01 4.147201e+00
    endloop
  endfacet
  facet normal 0.000000e+00 0.000000e+00 1.000000e+00
    outer loop
      vertex 1.142340e+01 1.730571e+01 4.147201e+00
      vertex -2.065252e+01 1.858754e+00 4.147201e+00
      vertex 1.292869e+01 1.621205e+01 4.147201e+00
    endloop
  endfacet
  facet normal 0.000000e+00 0.000000e+00 1.000000e+00
    outer loop
      vertex 9.826147e+00 1.826004e+01 4.147201e+00
      vertex -2.065252e+01 1.858754e+00 4.147201e+00
      vertex 1.142340e+01 1.730571e+01 4.147201e+00
    endloop
  endfacet
  facet normal 0.000000e+00 0.000000e+00 1.000000e+00
    outer loop
      vertex 8.149767e+00 1.906733e+01 4.147201e+00
      vertex -2.065252e+01 1.858754e+00 4.147201e+00
      vertex 9.826147e+00 1.826004e+01 4.147201e+00
    endloop
  endfacet
  facet normal 0.000000e+00 0.000000e+00 1.000000e+00
    outer loop
      vertex 6.407777e+00 1.972112e+01 4.147201e+00
      vertex -2.065252e+01 1.858754e+00 4.147201e+00
      vertex 8.149767e+00 1.906733e+01 4.147201e+00
    endloop
  endfacet
  facet normal 0.000000e+00 0.000000e+00 1.000000e+00
    outer loop
      vertex 4.614196e+00 2.021611e+01 4.147201e+00
      vertex -2.065252e+01 1.858754e+00 4.147201e+00
      vertex 6.407777e+00 1.972112e+01 4.147201e+00
    endloop
  endfacet
  facet normal 0.000000e+00 0.000000e+00 1.000000e+00
    outer loop
      vertex 2.783455e+00 2.054834e+01 4.147201e+00
      vertex -2.065252e+01 1.858754e+00 4.147201e+00
      vertex 4.614196e+00 2.021611e+01 4.147201e+00
    endloop
  endfacet
  facet normal 0.000000e+00 0.000000e+00 1.000000e+00
    outer loop
      vertex 9.303207e-01 2.071512e+01 4.147201e+00
      vertex -2.065252e+01 1.858754e+00 4.147201e+00
      vertex 2.783455e+00 2.054834e+01 4.147201e+00
    endloop
  endfacet
  facet normal 0.000000e+00 0.000000e+00 1.000000e+00
    outer loop
      vertex -9.303207e-01 2.071512e+01 4.147201e+00
      vertex -2.065252e+01 1.858754e+00 4.147201e+00
      vertex 9.303207e-01 2.071512e+01 4.147201e+00
    endloop
  endfacet
  facet normal 0.000000e+00 0.000000e+00 1.000000e+00
    outer loop
      vertex -2.783455e+00 2.054834e+01 4.147201e+00
      vertex -2.065252e+01 1.858754e+00 4.147201e+00
      vertex -9.303207e-01 2.071512e+01 4.147201e+00
    endloop
  endfacet
  facet normal 0.000000e+00 0.000000e+00 1.000000e+00
    outer loop
      vertex -4.614196e+00 2.021611e+01 4.147201e+00
      vertex -2.065252e+01 1.858754e+00 4.147201e+00
      vertex -2.783455e+00 2.054834e+01 4.147201e+00
    endloop
  endfacet
  facet normal 0.000000e+00 0.000000e+00 1.000000e+00
    outer loop
      vertex -6.407777e+00 1.972112e+01 4.147201e+00
      vertex -2.065252e+01 1.858754e+00 4.147201e+00
      vertex -4.614196e+00 2.021611e+01 4.147201e+00
    endloop
  endfacet
  facet normal 0.000000e+00 0.000000e+00 1.000000e+00
    outer loop
      vertex -8.149767e+00 1.906733e+01 4.147201e+00
      vertex -2.065252e+01 1.858754e+00 4.147201e+00
      vertex -6.407777e+00 1.972112e+01 4.147201e+00
    endloop
  endfacet
  facet normal 0.000000e+00 0.000000e+00 1.000000e+00
    outer loop
      vertex -9.826147e+00 1.826004e+01 4.147201e+00
      vertex -2.065252e+01 1.858754e+00 4.147201e+00
      vertex -8.149767e+00 1.906733e+01 4.147201e+00
    endloop
  endfacet
  facet normal 0.000000e+00 0.000000e+00 1.000000e+00
    outer loop
      vertex -1.142340e+01 1.730571e+01 4.147201e+00
      vertex -2.065252e+01 1.858754e+00 4.147201e+00
      vertex -9.826147e+00 1.826004e+01 4.147201e+00
    endloop
  endfacet
  facet normal 0.000000e+00 0.000000e+00 1.000000e+00
    outer loop
      vertex -1.292869e+01 1.621205e+01 4.147201e+00
      vertex -2.065252e+01 1.858754e+00 4.147201e+00
      vertex -1.142340e+01 1.730571e+01 4.147201e+00
    endloop
  endfacet
  facet normal 0.000000e+00 0.000000e+00 1.000000e+00
    outer loop
      vertex -1.432988e+01 1.498788e+01 4.147201e+00
      vertex -2.065252e+01 1.858754e+00 4.147201e+00
      vertex -1.292869e+01 1.621205e+01 4.147201e+00
    endloop
  endfacet
  facet normal 0.000000e+00 0.000000e+00 1.000000e+00
    outer loop
      vertex -1.561568e+01 1.364302e+01 4.147201e+00
      vertex -2.065252e+01 1.858754e+00 4.147201e+00
      vertex -1.432988e+01 1.498788e+01 4.147201e+00
    endloop
  endfacet
  facet normal 0.000000e+00 0.000000e+00 1.000000e+00
    outer loop
      vertex -1.677578e+01 1.218831e+01 4.147201e+00
      vertex -2.065252e+01 1.858754e+00 4.147201e+00
      vertex -1.561568e+01 1.364302e+01 4.147201e+00
    endloop
  endfacet
  facet normal 0.000000e+00 0.000000e+00 1.000000e+00
    outer loop
      vertex -1.780080e+01 1.063547e+01 4.147201e+00
      vertex -2.065252e+01 1.858754e+00 4.147201e+00
      vertex -1.677578e+01 1.218831e+01 4.147201e+00
    endloop
  endfacet
  facet normal 0.000000e+00 0.000000e+00 1.000000e+00
    outer loop
      vertex -1.868249e+01 8.997019e+00 4.147201e+00
      vertex -2.065252e+01 1.858754e+00 4.147201e+00
      vertex -1.780080e+01 1.063547e+01 4.147201e+00
    endloop
  endfacet
  facet normal 0.000000e+00 0.000000e+00 1.000000e+00
    outer loop
      vertex -1.941377e+01 7.286112e+00 4.147201e+00
      vertex -2.065252e+01 1.858754e+00 4.147201e+00
      vertex -1.868249e+01 8.997019e+00 4.147201e+00
    endloop
  endfacet
  facet normal 0.000000e+00 0.000000e+00 1.000000e+00
    outer loop
      vertex -1.998874e+01 5.516543e+00 4.147201e+00
      vertex -2.065252e+01 1.858754e+00 4.147201e+00
      vertex -1.941377e+01 7.286112e+00 4.147201e+00
    endloop
  endfacet
  facet normal 0.000000e+00 0.000000e+00 1.000000e+00
    outer loop
      vertex -2.040277e+01 3.702558e+00 4.147201e+00
      vertex -2.065252e+01 1.858754e+00 4.147201e+00
      vertex -1.998874e+01 5.516543e+00 4.147201e+00
    endloop
  endfacet
  facet normal 0.000000e+00 0.000000e+00 1.000000e+00
    outer loop
      vertex 1.375794e+00 5.161543e+00 4.147201e+00
      vertex 2.173796e+00 2.185201e+00 4.147201e+00
      vertex 2.040277e+01 3.702558e+00 4.147201e+00
    endloop
  endfacet
  facet normal 0.000000e+00 0.000000e+00 1.000000e+00
    outer loop
      vertex 1.375794e+00 5.161543e+00 4.147201e+00
      vertex 2.040277e+01 3.702558e+00 4.147201e+00
      vertex 1.998874e+01 5.516543e+00 4.147201e+00
    endloop
  endfacet
  facet normal 0.000000e+00 0.000000e+00 1.000000e+00
    outer loop
      vertex 5.151963e+00 1.387701e+00 4.147201e+00
      vertex 2.065252e+01 -1.858754e+00 4.147201e+00
      vertex 2.073600e+01 0.000000e+00 4.147201e+00
    endloop
  endfacet
  facet normal 0.000000e+00 0.000000e+00 1.000000e+00
    outer loop
      vertex 5.151963e+00 1.387701e+00 4.147201e+00
      vertex 2.972070e+00 -7.921857e-01 4.147201e+00
      vertex 2.065252e+01 -1.858754e+00 4.147201e+00
    endloop
  endfacet
  facet normal 0.000000e+00 0.000000e+00 1.000000e+00
    outer loop
      vertex 1.868249e+01 8.997019e+00 4.147201e+00
      vertex 1.375794e+00 5.161543e+00 4.147201e+00
      vertex 1.941377e+01 7.286112e+00 4.147201e+00
    endloop
  endfacet
  facet normal 0.000000e+00 0.000000e+00 1.000000e+00
    outer loop
      vertex 1.868249e+01 8.997019e+00 4.147201e+00
      vertex -2.065252e+01 1.858754e+00 4.147201e+00
      vertex 1.375794e+00 5.161543e+00 4.147201e+00
    endloop
  endfacet
  facet normal 0.000000e+00 0.000000e+00 1.000000e+00
    outer loop
      vertex 2.040277e+01 3.702558e+00 4.147201e+00
      vertex 2.173796e+00 2.185201e+00 4.147201e+00
      vertex 2.065252e+01 1.858754e+00 4.147201e+00
    endloop
  endfacet
  facet normal 0.000000e+00 0.000000e+00 1.000000e+00
    outer loop
      vertex -8.033189e-01 2.982438e+00 4.147201e+00
      vertex 1.375794e+00 5.161543e+00 4.147201e+00
      vertex -3.779364e+00 3.779364e+00 4.147201e+00
    endloop
  endfacet
  facet normal 0.000000e+00 0.000000e+00 1.000000e+00
    outer loop
      vertex 2.065252e+01 1.858754e+00 4.147201e+00
      vertex 5.151963e+00 1.387701e+00 4.147201e+00
      vertex 2.073600e+01 0.000000e+00 4.147201e+00
    endloop
  endfacet
  facet normal 0.000000e+00 0.000000e+00 1.000000e+00
    outer loop
      vertex 2.972070e+00 -7.921857e-01 4.147201e+00
      vertex 1.941377e+01 -7.286112e+00 4.147201e+00
      vertex 1.998874e+01 -5.516543e+00 4.147201e+00
    endloop
  endfacet
  facet normal 0.000000e+00 0.000000e+00 1.000000e+00
    outer loop
      vertex 2.065252e+01 -1.858754e+00 4.147201e+00
      vertex 2.972070e+00 -7.921857e-01 4.147201e+00
      vertex 2.040277e+01 -3.702558e+00 4.147201e+00
    endloop
  endfacet
  facet normal 0.000000e+00 0.000000e+00 1.000000e+00
    outer loop
      vertex 1.941377e+01 -7.286112e+00 4.147201e+00
      vertex 3.770634e+00 -3.770634e+00 4.147201e+00
      vertex 1.868249e+01 -8.997019e+00 4.147201e+00
    endloop
  endfacet
  facet normal 0.000000e+00 0.000000e+00 1.000000e+00
    outer loop
      vertex 7.921857e-01 -2.972070e+00 4.147201e+00
      vertex 1.780080e+01 -1.063547e+01 4.147201e+00
      vertex 1.868249e+01 -8.997019e+00 4.147201e+00
    endloop
  endfacet
  facet normal 0.000000e+00 0.000000e+00 1.000000e+00
    outer loop
      vertex 1.780080e+01 -1.063547e+01 4.147201e+00
      vertex -1.387701e+00 -5.151963e+00 4.147201e+00
      vertex 1.677578e+01 -1.218831e+01 4.147201e+00
    endloop
  endfacet
  facet normal 0.000000e+00 0.000000e+00 1.000000e+00
    outer loop
      vertex 7.921857e-01 -2.972070e+00 4.147201e+00
      vertex -1.387701e+00 -5.151963e+00 4.147201e+00
      vertex 1.780080e+01 -1.063547e+01 4.147201e+00
    endloop
  endfacet
  facet normal 0.000000e+00 0.000000e+00 1.000000e+00
    outer loop
      vertex -5.161543e+00 -1.375794e+00 4.147201e+00
      vertex -2.065252e+01 1.858754e+00 4.147201e+00
      vertex -2.185201e+00 -2.173796e+00 4.147201e+00
    endloop
  endfacet
  facet normal 0.000000e+00 0.000000e+00 1.000000e+00
    outer loop
      vertex 2.972070e+00 -7.921857e-01 4.147201e+00
      vertex 1.998874e+01 -5.516543e+00 4.147201e+00
      vertex 2.040277e+01 -3.702558e+00 4.147201e+00
    endloop
  endfacet
  facet normal 0.000000e+00 0.000000e+00 1.000000e+00
    outer loop
      vertex -5.161543e+00 -1.375794e+00 4.147201e+00
      vertex -2.982438e+00 8.033189e-01 4.147201e+00
      vertex -2.065252e+01 1.858754e+00 4.147201e+00
    endloop
  endfacet
  facet normal 0.000000e+00 0.000000e+00 1.000000e+00
    outer loop
      vertex -2.982438e+00 8.033189e-01 4.147201e+00
      vertex -3.779364e+00 3.779364e+00 4.147201e+00
      vertex -2.065252e+01 1.858754e+00 4.147201e+00
    endloop
  endfacet
  facet normal 4.741820e-01 8.591511e-01 -1.923820e-01
    outer loop
      vertex 6.170557e-01 -2.411783e+01 1.633039e+01
      vertex -2.867457e+00 -2.201583e+01 1.712951e+01
      vertex 1.571658e+00 -2.386278e+01 1.982208e+01
    endloop
  endfacet
  facet normal 4.741820e-01 8.591511e-01 -1.923820e-01
    outer loop
      vertex 1.571658e+00 -2.386278e+01 1.982208e+01
      vertex -2.867457e+00 -2.201583e+01 1.712951e+01
      vertex -3.465836e+00 -2.141739e+01 1.832691e+01
    endloop
  endfacet
  facet normal 8.591511e-01 4.741820e-01 1.923820e-01
    outer loop
      vertex -3.465836e+00 -2.141739e+01 1.832691e+01
      vertex -2.867457e+00 -2.201583e+01 1.712951e+01
      vertex -2.576033e+00 -2.092470e+01 1.313895e+01
    endloop
  endfacet
  facet normal 8.591511e-01 4.741820e-01 1.923820e-01
    outer loop
      vertex -4.415379e+00 -1.787582e+01 1.383817e+01
      vertex -3.465836e+00 -2.141739e+01 1.832691e+01
      vertex -2.576033e+00 -2.092470e+01 1.313895e+01
    endloop
  endfacet
  facet normal 9.811594e-01 1.884061e-02 1.922791e-01
    outer loop
      vertex 2.003278e+01 -1.588558e+01 4.346479e+01
      vertex 1.975529e+01 -1.975529e+01 4.525993e+01
      vertex 2.394179e+01 -2.394179e+01 2.430757e+01
    endloop
  endfacet
  facet normal 9.811594e-01 1.884061e-02 1.922791e-01
    outer loop
      vertex 2.435194e+01 -2.579164e+00 2.012109e+01
      vertex 2.330063e+01 -1.500619e+01 2.670365e+01
      vertex 2.394179e+01 -2.394179e+01 2.430757e+01
    endloop
  endfacet
  facet normal 9.811594e-01 1.884061e-02 1.922791e-01
    outer loop
      vertex 2.242495e+01 -1.827783e+01 3.149199e+01
      vertex 2.003278e+01 -1.588558e+01 4.346479e+01
      vertex 2.394179e+01 -2.394179e+01 2.430757e+01
    endloop
  endfacet
  facet normal 9.811594e-01 1.884061e-02 1.922791e-01
    outer loop
      vertex 2.353494e+01 -2.799008e+00 2.431138e+01
      vertex 2.330063e+01 -1.500619e+01 2.670365e+01
      vertex 2.435194e+01 -2.579164e+00 2.012109e+01
    endloop
  endfacet
  facet normal -8.591511e-01 -4.741820e-01 -1.923820e-01
    outer loop
      vertex 2.353494e+01 -2.799008e+00 2.431138e+01
      vertex 2.435194e+01 -2.579164e+00 2.012109e+01
      vertex 2.592850e+01 -5.192543e+00 1.952176e+01
    endloop
  endfacet
  facet normal -8.591511e-01 -4.741820e-01 -1.923820e-01
    outer loop
      vertex 2.353494e+01 -2.799008e+00 2.431138e+01
      vertex 2.592850e+01 -5.192543e+00 1.952176e+01
      vertex 2.505427e+01 -8.465451e+00 3.149328e+01
    endloop
  endfacet
  facet normal -8.591511e-01 -4.741820e-01 -1.923820e-01
    outer loop
      vertex 2.505427e+01 -8.465451e+00 3.149328e+01
      vertex 2.266072e+01 -6.071916e+00 3.628290e+01
      vertex 2.353494e+01 -2.799008e+00 2.431138e+01
    endloop
  endfacet
  facet normal 2.630630e-01 7.027071e-02 9.622161e-01
    outer loop
      vertex -3.743014e+00 -2.528735e+01 2.191785e+01
      vertex -2.585012e-01 -2.738956e+01 2.111872e+01
      vertex 1.462214e+00 -2.427190e+01 2.042061e+01
    endloop
  endfacet
  facet normal 2.630630e-01 7.027071e-02 9.622161e-01
    outer loop
      vertex -4.122503e+00 -2.387108e+01 2.191818e+01
      vertex -3.743014e+00 -2.528735e+01 2.191785e+01
      vertex 1.462214e+00 -2.427190e+01 2.042061e+01
    endloop
  endfacet
  facet normal 7.887778e-01 2.112219e-01 5.772478e-01
    outer loop
      vertex -4.618986e+00 -2.855866e+01 2.431182e+01
      vertex -3.743014e+00 -2.528735e+01 2.191785e+01
      vertex -4.122503e+00 -2.387108e+01 2.191818e+01
    endloop
  endfacet
  facet normal 7.887778e-01 2.112219e-01 5.772478e-01
    outer loop
      vertex -6.713715e+00 -2.646390e+01 2.640765e+01
      vertex -4.618986e+00 -2.855866e+01 2.431182e+01
      vertex -4.122503e+00 -2.387108e+01 2.191818e+01
    endloop
  endfacet
  facet normal -7.887778e-01 -2.112219e-01 -5.772478e-01
    outer loop
      vertex 2.003278e+01 -1.588558e+01 4.346479e+01
      vertex 2.266072e+01 -6.071916e+00 3.628290e+01
      vertex 2.417880e+01 -1.173709e+01 3.628162e+01
    endloop
  endfacet
  facet normal -7.887778e-01 -2.112219e-01 -5.772478e-01
    outer loop
      vertex 2.003278e+01 -1.588558e+01 4.346479e+01
      vertex 2.417880e+01 -1.173709e+01 3.628162e+01
      vertex 2.155072e+01 -2.155072e+01 4.346351e+01
    endloop
  endfacet
  facet normal -7.887778e-01 -2.112219e-01 -5.772478e-01
    outer loop
      vertex 2.003278e+01 -1.588558e+01 4.346479e+01
      vertex 2.155072e+01 -2.155072e+01 4.346351e+01
      vertex 1.975529e+01 -1.975529e+01 4.525993e+01
    endloop
  endfacet
  facet normal 8.402081e-01 -5.068741e-01 -1.926890e-01
    outer loop
      vertex -1.349331e+01 1.764051e+01 1.713843e+01
      vertex -1.152679e+01 2.120360e+01 1.634059e+01
      vertex -1.057219e+01 2.145865e+01 1.983228e+01
    endloop
  endfacet
  facet normal 8.402081e-01 -5.068741e-01 -1.926890e-01
    outer loop
      vertex -1.371220e+01 1.682260e+01 1.833552e+01
      vertex -1.349331e+01 1.764051e+01 1.713843e+01
      vertex -1.057219e+01 2.145865e+01 1.983228e+01
    endloop
  endfacet
  facet normal 9.811594e-01 1.884061e-02 1.922791e-01
    outer loop
      vertex -1.276427e+01 1.328267e+01 1.384522e+01
      vertex -1.269591e+01 1.684311e+01 1.314745e+01
      vertex -1.349331e+01 1.764051e+01 1.713843e+01
    endloop
  endfacet
  facet normal 9.811594e-01 1.884061e-02 1.922791e-01
    outer loop
      vertex -1.371220e+01 1.682260e+01 1.833552e+01
      vertex -1.276427e+01 1.328267e+01 1.384522e+01
      vertex -1.349331e+01 1.764051e+01 1.713843e+01
    endloop
  endfacet
  facet normal 7.887778e-01 2.112219e-01 5.772478e-01
    outer loop
      vertex -1.550736e+01 1.861776e+01 2.192774e+01
      vertex -1.588684e+01 2.003405e+01 2.192805e+01
      vertex -1.828082e+01 2.242806e+01 2.432329e+01
    endloop
  endfacet
  facet normal 7.887778e-01 2.112219e-01 5.772478e-01
    outer loop
      vertex -1.904730e+01 1.956570e+01 2.641802e+01
      vertex -1.550736e+01 1.861776e+01 2.192774e+01
      vertex -1.828082e+01 2.242806e+01 2.432329e+01
    endloop
  endfacet
  facet normal 2.630630e-01 7.027071e-02 9.622161e-01
    outer loop
      vertex -1.550736e+01 1.861776e+01 2.192774e+01
      vertex -1.087139e+01 2.175787e+01 2.043097e+01
      vertex -1.392033e+01 2.359715e+01 2.113021e+01
    endloop
  endfacet
  facet normal 2.630630e-01 7.027071e-02 9.622161e-01
    outer loop
      vertex -1.588684e+01 2.003405e+01 2.192805e+01
      vertex -1.550736e+01 1.861776e+01 2.192774e+01
      vertex -1.392033e+01 2.359715e+01 2.113021e+01
    endloop
  endfacet
  facet normal 8.591511e-01 4.741820e-01 1.923820e-01
    outer loop
      vertex 8.761935e+00 3.271000e+01 2.432032e+01
      vertex 7.231949e+00 2.698251e+01 4.527046e+01
      vertex 9.406907e+00 2.377071e+01 4.347371e+01
    endloop
  endfacet
  facet normal 8.591511e-01 4.741820e-01 1.923820e-01
    outer loop
      vertex 1.028120e+01 2.704368e+01 3.150219e+01
      vertex 8.761935e+00 3.271000e+01 2.432032e+01
      vertex 9.406907e+00 2.377071e+01 4.347371e+01
    endloop
  endfacet
  facet normal 8.591511e-01 4.741820e-01 1.923820e-01
    outer loop
      vertex 1.898107e+01 1.419653e+01 2.431522e+01
      vertex 8.761935e+00 3.271000e+01 2.432032e+01
      vertex 1.267474e+01 2.465013e+01 2.671257e+01
    endloop
  endfacet
  facet normal 8.591511e-01 4.741820e-01 1.923820e-01
    outer loop
      vertex 1.979801e+01 1.441639e+01 2.012493e+01
      vertex 8.761935e+00 3.271000e+01 2.432032e+01
      vertex 1.898107e+01 1.419653e+01 2.431522e+01
    endloop
  endfacet
  facet normal -7.887778e-01 -2.112219e-01 -5.772478e-01
    outer loop
      vertex 7.888928e+00 2.943579e+01 4.347499e+01
      vertex 1.507082e+01 2.225408e+01 3.628928e+01
      vertex 1.658880e+01 1.658880e+01 3.628800e+01
    endloop
  endfacet
  facet normal -7.887778e-01 -2.112219e-01 -5.772478e-01
    outer loop
      vertex 7.888928e+00 2.943579e+01 4.347499e+01
      vertex 1.658880e+01 1.658880e+01 3.628800e+01
      vertex 9.406907e+00 2.377071e+01 4.347371e+01
    endloop
  endfacet
  facet normal -7.887778e-01 -2.112219e-01 -5.772478e-01
    outer loop
      vertex 7.231949e+00 2.698251e+01 4.527046e+01
      vertex 7.888928e+00 2.943579e+01 4.347499e+01
      vertex 9.406907e+00 2.377071e+01 4.347371e+01
    endloop
  endfacet
  facet normal -9.811594e-01 -1.884061e-02 -1.922791e-01
    outer loop
      vertex 1.746436e+01 1.986044e+01 3.149964e+01
      vertex 1.985661e+01 1.746819e+01 1.952686e+01
      vertex 1.979801e+01 1.441639e+01 2.012493e+01
    endloop
  endfacet
  facet normal -9.811594e-01 -1.884061e-02 -1.922791e-01
    outer loop
      vertex 1.746436e+01 1.986044e+01 3.149964e+01
      vertex 1.979801e+01 1.441639e+01 2.012493e+01
      vertex 1.898107e+01 1.419653e+01 2.431522e+01
    endloop
  endfacet
  facet normal -9.811594e-01 -1.884061e-02 -1.922791e-01
    outer loop
      vertex 1.746436e+01 1.986044e+01 3.149964e+01
      vertex 1.898107e+01 1.419653e+01 2.431522e+01
      vertex 1.658880e+01 1.658880e+01 3.628800e+01
    endloop
  endfacet
  facet normal -8.402081e-01 5.068741e-01 1.926890e-01
    outer loop
      vertex 1.349331e+01 -1.764051e+01 5.543757e+01
      vertex 1.371220e+01 -1.682260e+01 5.424048e+01
      vertex 1.152679e+01 -2.120360e+01 5.623541e+01
    endloop
  endfacet
  facet normal -8.402081e-01 5.068741e-01 1.926890e-01
    outer loop
      vertex 1.152679e+01 -2.120360e+01 5.623541e+01
      vertex 1.371220e+01 -1.682260e+01 5.424048e+01
      vertex 1.057219e+01 -2.145865e+01 5.274372e+01
    endloop
  endfacet
  facet normal -9.811594e-01 -1.884061e-02 -1.922791e-01
    outer loop
      vertex 1.371220e+01 -1.682260e+01 5.424048e+01
      vertex 1.349331e+01 -1.764051e+01 5.543757e+01
      vertex 1.276427e+01 -1.328267e+01 5.873078e+01
    endloop
  endfacet
  facet normal -9.811594e-01 -1.884061e-02 -1.922791e-01
    outer loop
      vertex 1.276427e+01 -1.328267e+01 5.873078e+01
      vertex 1.349331e+01 -1.764051e+01 5.543757e+01
      vertex 1.269591e+01 -1.684311e+01 5.942855e+01
    endloop
  endfacet
  facet normal 7.887778e-01 2.112219e-01 5.772478e-01
    outer loop
      vertex 2.003405e+01 -1.588684e+01 5.064795e+01
      vertex 1.796109e+01 -1.796109e+01 5.423953e+01
      vertex 2.394593e+01 -2.394593e+01 4.825143e+01
    endloop
  endfacet
  facet normal 7.887778e-01 2.112219e-01 5.772478e-01
    outer loop
      vertex 2.242806e+01 -1.828082e+01 4.825271e+01
      vertex 2.003405e+01 -1.588684e+01 5.064795e+01
      vertex 2.394593e+01 -2.394593e+01 4.825143e+01
    endloop
  endfacet
  facet normal 7.887778e-01 2.112219e-01 5.772478e-01
    outer loop
      vertex 2.832600e+01 -7.589894e+00 3.628162e+01
      vertex 2.418004e+01 -1.173838e+01 4.346479e+01
      vertex 2.394593e+01 -2.394593e+01 4.825143e+01
    endloop
  endfacet
  facet normal 7.887778e-01 2.112219e-01 5.772478e-01
    outer loop
      vertex 2.418004e+01 -1.173838e+01 4.346479e+01
      vertex 2.242806e+01 -1.828082e+01 4.825271e+01
      vertex 2.394593e+01 -2.394593e+01 4.825143e+01
    endloop
  endfacet
  facet normal 9.811594e-01 1.884061e-02 1.922791e-01
    outer loop
      vertex 1.764051e+01 -1.349331e+01 5.543757e+01
      vertex 1.596755e+01 -1.596755e+01 6.421690e+01
      vertex 1.796109e+01 -1.796109e+01 5.423953e+01
    endloop
  endfacet
  facet normal 9.811594e-01 1.884061e-02 1.922791e-01
    outer loop
      vertex 1.684311e+01 -1.269591e+01 5.942855e+01
      vertex 1.596755e+01 -1.596755e+01 6.421690e+01
      vertex 1.764051e+01 -1.349331e+01 5.543757e+01
    endloop
  endfacet
  facet normal 9.811594e-01 1.884061e-02 1.922791e-01
    outer loop
      vertex 1.635822e+01 4.377784e+00 6.022979e+01
      vertex 1.596755e+01 -1.596755e+01 6.421690e+01
      vertex 1.684311e+01 -1.269591e+01 5.942855e+01
    endloop
  endfacet
  facet normal 9.811594e-01 1.884061e-02 1.922791e-01
    outer loop
      vertex 1.635822e+01 4.377784e+00 6.022979e+01
      vertex 1.684311e+01 -1.269591e+01 5.942855e+01
      vertex 1.699937e+01 -4.557773e+00 5.783374e+01
    endloop
  endfacet
  facet normal -7.027071e-02 -2.630630e-01 9.622161e-01
    outer loop
      vertex 2.686867e+01 -1.304477e+01 5.623414e+01
      vertex 1.635822e+01 4.377784e+00 6.022979e+01
      vertex 1.699937e+01 -4.557773e+00 5.783374e+01
    endloop
  endfacet
  facet normal -7.027071e-02 -2.630630e-01 9.622161e-01
    outer loop
      vertex 1.764051e+01 -1.349331e+01 5.543757e+01
      vertex 2.686867e+01 -1.304477e+01 5.623414e+01
      vertex 2.120360e+01 -1.152679e+01 5.623541e+01
    endloop
  endfacet
  facet normal -7.027071e-02 -2.630630e-01 9.622161e-01
    outer loop
      vertex 2.120360e+01 -1.152679e+01 5.623541e+01
      vertex 2.686867e+01 -1.304477e+01 5.623414e+01
      vertex 1.699937e+01 -4.557773e+00 5.783374e+01
    endloop
  endfacet
  facet normal -7.027071e-02 -2.630630e-01 9.622161e-01
    outer loop
      vertex 1.796109e+01 -1.796109e+01 5.423953e+01
      vertex 2.686867e+01 -1.304477e+01 5.623414e+01
      vertex 1.764051e+01 -1.349331e+01 5.543757e+01
    endloop
  endfacet
  facet normal 5.068741e-01 -8.402081e-01 -1.926890e-01
    outer loop
      vertex 2.686867e+01 -1.304477e+01 5.623414e+01
      vertex 1.796109e+01 -1.796109e+01 5.423953e+01
      vertex 2.003405e+01 -1.588684e+01 5.064795e+01
    endloop
  endfacet
  facet normal 5.068741e-01 -8.402081e-01 -1.926890e-01
    outer loop
      vertex 2.418004e+01 -1.173838e+01 4.346479e+01
      vertex 2.686867e+01 -1.304477e+01 5.623414e+01
      vertex 2.359715e+01 -1.392033e+01 5.144579e+01
    endloop
  endfacet
  facet normal 5.068741e-01 -8.402081e-01 -1.926890e-01
    outer loop
      vertex 2.359715e+01 -1.392033e+01 5.144579e+01
      vertex 2.686867e+01 -1.304477e+01 5.623414e+01
      vertex 2.003405e+01 -1.588684e+01 5.064795e+01
    endloop
  endfacet
  facet normal 5.068741e-01 -8.402081e-01 -1.926890e-01
    outer loop
      vertex 2.832600e+01 -7.589894e+00 3.628162e+01
      vertex 2.686867e+01 -1.304477e+01 5.623414e+01
      vertex 2.418004e+01 -1.173838e+01 4.346479e+01
    endloop
  endfacet
  facet normal 5.774530e-01 -5.774530e-01 5.771449e-01
    outer loop
      vertex 1.635822e+01 4.377784e+00 6.022979e+01
      vertex 6.378207e-03 -6.378207e-03 7.220379e+01
      vertex 5.670280e+00 -1.523082e+00 6.501939e+01
    endloop
  endfacet
  facet normal 5.774530e-01 -5.774530e-01 5.771449e-01
    outer loop
      vertex 5.670280e+00 -1.523082e+00 6.501939e+01
      vertex 1.221102e+01 2.305802e-01 6.022979e+01
      vertex 1.635822e+01 4.377784e+00 6.022979e+01
    endloop
  endfacet
  facet normal 2.114269e-01 7.885727e-01 5.774528e-01
    outer loop
      vertex 6.378207e-03 -6.378207e-03 7.220379e+01
      vertex 1.635822e+01 4.377784e+00 6.022979e+01
      vertex 4.152301e+00 4.142099e+00 6.502063e+01
    endloop
  endfacet
  facet normal 2.114269e-01 7.885727e-01 5.774528e-01
    outer loop
      vertex 4.152301e+00 4.142099e+00 6.502063e+01
      vertex 1.635822e+01 4.377784e+00 6.022979e+01
      vertex 1.069304e+01 5.895763e+00 6.023103e+01
    endloop
  endfacet
  facet normal 8.591511e-01 4.741820e-01 1.923820e-01
    outer loop
      vertex 1.244544e+01 1.243776e+01 5.783747e+01
      vertex 5.847676e+00 2.180038e+01 6.422541e+01
      vertex 1.635822e+01 4.377784e+00 6.022979e+01
    endloop
  endfacet
  facet normal 8.591511e-01 4.741820e-01 1.923820e-01
    outer loop
      vertex 8.241212e+00 1.940680e+01 5.943580e+01
      vertex 5.847676e+00 2.180038e+01 6.422541e+01
      vertex 1.244544e+01 1.243776e+01 5.783747e+01
    endloop
  endfacet
  facet normal 8.591511e-01 4.741820e-01 1.923820e-01
    outer loop
      vertex 6.576236e+00 2.452779e+01 5.424909e+01
      vertex 5.847676e+00 2.180038e+01 6.422541e+01
      vertex 8.241212e+00 1.940680e+01 5.943580e+01
    endloop
  endfacet
  facet normal 8.591511e-01 4.741820e-01 1.923820e-01
    outer loop
      vertex 6.576236e+00 2.452779e+01 5.424909e+01
      vertex 8.241212e+00 1.940680e+01 5.943580e+01
      vertex 8.532636e+00 2.049776e+01 5.544522e+01
    endloop
  endfacet
  facet normal -1.922790e-01 1.922790e-01 9.623189e-01
    outer loop
      vertex 1.674890e+01 2.472312e+01 5.624265e+01
      vertex 6.576236e+00 2.452779e+01 5.424909e+01
      vertex 8.532636e+00 2.049776e+01 5.544522e+01
    endloop
  endfacet
  facet normal -1.922790e-01 1.922790e-01 9.623189e-01
    outer loop
      vertex 1.244544e+01 1.243776e+01 5.783747e+01
      vertex 1.674890e+01 2.472312e+01 5.624265e+01
      vertex 1.260170e+01 2.057590e+01 5.624265e+01
    endloop
  endfacet
  facet normal -1.922790e-01 1.922790e-01 9.623189e-01
    outer loop
      vertex 1.260170e+01 2.057590e+01 5.624265e+01
      vertex 1.674890e+01 2.472312e+01 5.624265e+01
      vertex 8.532636e+00 2.049776e+01 5.544522e+01
    endloop
  endfacet
  facet normal -1.922790e-01 1.922790e-01 9.623189e-01
    outer loop
      vertex 1.635822e+01 4.377784e+00 6.022979e+01
      vertex 1.674890e+01 2.472312e+01 5.624265e+01
      vertex 1.244544e+01 1.243776e+01 5.783747e+01
    endloop
  endfacet
  facet normal 9.811594e-01 1.884061e-02 1.922791e-01
    outer loop
      vertex 1.746819e+01 1.985661e+01 5.304914e+01
      vertex 1.674890e+01 2.472312e+01 5.624265e+01
      vertex 1.723377e+01 7.649428e+00 5.544139e+01
    endloop
  endfacet
  facet normal 9.811594e-01 1.884061e-02 1.922791e-01
    outer loop
      vertex 1.723377e+01 7.649428e+00 5.544139e+01
      vertex 1.674890e+01 2.472312e+01 5.624265e+01
      vertex 1.635822e+01 4.377784e+00 6.022979e+01
    endloop
  endfacet
  facet normal 9.811594e-01 1.884061e-02 1.922791e-01
    outer loop
      vertex 1.986044e+01 1.746436e+01 4.107636e+01
      vertex 1.674890e+01 2.472312e+01 5.624265e+01
      vertex 1.746819e+01 1.985661e+01 5.304914e+01
    endloop
  endfacet
  facet normal 9.811594e-01 1.884061e-02 1.922791e-01
    outer loop
      vertex 2.073600e+01 2.073600e+01 3.628800e+01
      vertex 1.674890e+01 2.472312e+01 5.624265e+01
      vertex 1.986044e+01 1.746436e+01 4.107636e+01
    endloop
  endfacet
  facet normal 9.805067e-01 7.805201e-02 1.803176e-01
    outer loop
      vertex 2.073600e+01 2.073600e+01 3.628800e+01
      vertex 1.674890e+01 2.472312e+01 5.624265e+01
      vertex 2.073600e+01 2.073600e+01 3.628800e+01
    endloop
  endfacet
  facet normal 8.591511e-01 4.741820e-01 1.923820e-01
    outer loop
      vertex 2.505801e+01 -8.469287e+00 5.304275e+01
      vertex 1.635822e+01 4.377784e+00 6.022979e+01
      vertex 2.686867e+01 -1.304477e+01 5.623414e+01
    endloop
  endfacet
  facet normal 8.591511e-01 4.741820e-01 1.923820e-01
    outer loop
      vertex 2.832600e+01 -7.589894e+00 3.628162e+01
      vertex 2.505801e+01 -8.469287e+00 5.304275e+01
      vertex 2.686867e+01 -1.304477e+01 5.623414e+01
    endloop
  endfacet
  facet normal 8.591511e-01 4.741820e-01 1.923820e-01
    outer loop
      vertex 2.505801e+01 -8.469287e+00 5.304275e+01
      vertex 1.875175e+01 1.984244e+00 5.544012e+01
      vertex 1.635822e+01 4.377784e+00 6.022979e+01
    endloop
  endfacet
  facet normal 8.591511e-01 4.741820e-01 1.923820e-01
    outer loop
      vertex 2.593244e+01 -5.196358e+00 4.107126e+01
      vertex 2.505801e+01 -8.469287e+00 5.304275e+01
      vertex 2.832600e+01 -7.589894e+00 3.628162e+01
    endloop
  endfacet
  facet normal -7.887778e-01 -2.112219e-01 -5.772478e-01
    outer loop
      vertex 1.828082e+01 -2.242806e+01 4.825271e+01
      vertex 1.588684e+01 -2.003405e+01 5.064795e+01
      vertex 1.904730e+01 -1.956570e+01 4.615798e+01
    endloop
  endfacet
  facet normal -7.887778e-01 -2.112219e-01 -5.772478e-01
    outer loop
      vertex 1.904730e+01 -1.956570e+01 4.615798e+01
      vertex 1.588684e+01 -2.003405e+01 5.064795e+01
      vertex 1.550736e+01 -1.861776e+01 5.064826e+01
    endloop
  endfacet
  facet normal -2.630630e-01 -7.027071e-02 -9.622161e-01
    outer loop
      vertex 1.588684e+01 -2.003405e+01 5.064795e+01
      vertex 1.392033e+01 -2.359715e+01 5.144579e+01
      vertex 1.550736e+01 -1.861776e+01 5.064826e+01
    endloop
  endfacet
  facet normal -2.630630e-01 -7.027071e-02 -9.622161e-01
    outer loop
      vertex 1.550736e+01 -1.861776e+01 5.064826e+01
      vertex 1.392033e+01 -2.359715e+01 5.144579e+01
      vertex 1.087139e+01 -2.175787e+01 5.214503e+01
    endloop
  endfacet
  facet normal 8.291662e-01 2.220594e-01 5.130039e-01
    outer loop
      vertex 2.073600e+01 2.073600e+01 3.628800e+01
      vertex 2.073600e+01 2.073600e+01 3.628800e+01
      vertex 2.225408e+01 1.507082e+01 3.628672e+01
    endloop
  endfacet
  facet normal 7.887778e-01 2.112219e-01 5.772478e-01
    outer loop
      vertex 3.270586e+01 8.766185e+00 2.431182e+01
      vertex 2.073600e+01 2.073600e+01 3.628800e+01
      vertex 2.943579e+01 7.888928e+00 2.910101e+01
    endloop
  endfacet
  facet normal 7.887778e-01 2.112219e-01 5.772478e-01
    outer loop
      vertex 2.943579e+01 7.888928e+00 2.910101e+01
      vertex 2.073600e+01 2.073600e+01 3.628800e+01
      vertex 2.225408e+01 1.507082e+01 3.628672e+01
    endloop
  endfacet
  facet normal 7.887778e-01 2.112219e-01 5.772478e-01
    outer loop
      vertex 2.832600e+01 -7.589894e+00 3.628162e+01
      vertex 2.943579e+01 7.888928e+00 2.910101e+01
      vertex 2.680792e+01 -1.924722e+00 3.628290e+01
    endloop
  endfacet
  facet normal 7.887778e-01 2.112219e-01 5.772478e-01
    outer loop
      vertex 3.270586e+01 8.766185e+00 2.431182e+01
      vertex 2.943579e+01 7.888928e+00 2.910101e+01
      vertex 2.832600e+01 -7.589894e+00 3.628162e+01
    endloop
  endfacet
  facet normal 5.772479e-01 -5.772479e-01 -5.775549e-01
    outer loop
      vertex 2.452779e+01 6.576236e+00 1.832691e+01
      vertex 3.270586e+01 8.766185e+00 2.431182e+01
      vertex 2.528735e+01 3.743014e+00 2.191785e+01
    endloop
  endfacet
  facet normal 5.772479e-01 -5.772479e-01 -5.775549e-01
    outer loop
      vertex 2.680667e+01 -1.923446e+00 2.909974e+01
      vertex 3.270586e+01 8.766185e+00 2.431182e+01
      vertex 2.832600e+01 -7.589894e+00 3.628162e+01
    endloop
  endfacet
  facet normal 5.772479e-01 -5.772479e-01 -5.775549e-01
    outer loop
      vertex 2.855866e+01 4.618986e+00 2.431182e+01
      vertex 3.270586e+01 8.766185e+00 2.431182e+01
      vertex 2.680667e+01 -1.923446e+00 2.909974e+01
    endloop
  endfacet
  facet normal 5.772479e-01 -5.772479e-01 -5.775549e-01
    outer loop
      vertex 2.528735e+01 3.743014e+00 2.191785e+01
      vertex 3.270586e+01 8.766185e+00 2.431182e+01
      vertex 2.855866e+01 4.618986e+00 2.431182e+01
    endloop
  endfacet
  facet normal 8.591511e-01 4.741820e-01 1.923820e-01
    outer loop
      vertex 2.978312e+01 -2.135041e+00 1.632910e+01
      vertex 2.452779e+01 6.576236e+00 1.832691e+01
      vertex 2.528735e+01 3.743014e+00 2.191785e+01
    endloop
  endfacet
  facet normal 8.591511e-01 4.741820e-01 1.923820e-01
    outer loop
      vertex 2.680667e+01 -1.923446e+00 2.909974e+01
      vertex 2.978312e+01 -2.135041e+00 1.632910e+01
      vertex 2.738956e+01 2.585012e-01 2.111872e+01
    endloop
  endfacet
  facet normal 8.591511e-01 4.741820e-01 1.923820e-01
    outer loop
      vertex 2.738956e+01 2.585012e-01 2.111872e+01
      vertex 2.978312e+01 -2.135041e+00 1.632910e+01
      vertex 2.528735e+01 3.743014e+00 2.191785e+01
    endloop
  endfacet
  facet normal 8.591511e-01 4.741820e-01 1.923820e-01
    outer loop
      vertex 2.832600e+01 -7.589894e+00 3.628162e+01
      vertex 2.978312e+01 -2.135041e+00 1.632910e+01
      vertex 2.680667e+01 -1.923446e+00 2.909974e+01
    endloop
  endfacet
  facet normal 5.774530e-01 -5.774530e-01 5.771449e-01
    outer loop
      vertex 2.394179e+01 -2.394179e+01 2.430757e+01
      vertex 2.417880e+01 -1.173709e+01 3.628162e+01
      vertex 2.242495e+01 -1.827783e+01 3.149199e+01
    endloop
  endfacet
  facet normal 5.774530e-01 -5.774530e-01 5.771449e-01
    outer loop
      vertex 2.394179e+01 -2.394179e+01 2.430757e+01
      vertex 2.832600e+01 -7.589894e+00 3.628162e+01
      vertex 2.417880e+01 -1.173709e+01 3.628162e+01
    endloop
  endfacet
  facet normal 7.885727e-01 2.114269e-01 -5.774528e-01
    outer loop
      vertex 2.832600e+01 -7.589894e+00 3.628162e+01
      vertex 2.330063e+01 -1.500619e+01 2.670365e+01
      vertex 2.505427e+01 -8.465451e+00 3.149328e+01
    endloop
  endfacet
  facet normal 7.885727e-01 2.114269e-01 -5.774528e-01
    outer loop
      vertex 2.394179e+01 -2.394179e+01 2.430757e+01
      vertex 2.330063e+01 -1.500619e+01 2.670365e+01
      vertex 2.832600e+01 -7.589894e+00 3.628162e+01
    endloop
  endfacet
  facet normal 2.114269e-01 7.885727e-01 5.774528e-01
    outer loop
      vertex 8.761935e+00 3.271000e+01 2.432032e+01
      vertex 1.028120e+01 2.704368e+01 3.150219e+01
      vertex 2.073600e+01 2.073600e+01 3.628800e+01
    endloop
  endfacet
  facet normal 2.114269e-01 7.885727e-01 5.774528e-01
    outer loop
      vertex 2.073600e+01 2.073600e+01 3.628800e+01
      vertex 1.028120e+01 2.704368e+01 3.150219e+01
      vertex 1.507082e+01 2.225408e+01 3.628928e+01
    endloop
  endfacet
  facet normal 7.885727e-01 2.114269e-01 -5.774528e-01
    outer loop
      vertex 1.267474e+01 2.465013e+01 2.671257e+01
      vertex 8.761935e+00 3.271000e+01 2.432032e+01
      vertex 2.073600e+01 2.073600e+01 3.628800e+01
    endloop
  endfacet
  facet normal 7.885727e-01 2.114269e-01 -5.774528e-01
    outer loop
      vertex 1.746436e+01 1.986044e+01 3.149964e+01
      vertex 1.267474e+01 2.465013e+01 2.671257e+01
      vertex 2.073600e+01 2.073600e+01 3.628800e+01
    endloop
  endfacet
  facet normal 1.884061e-02 9.811594e-01 -1.922791e-01
    outer loop
      vertex 6.576236e+00 2.452779e+01 5.424909e+01
      vertex 1.674890e+01 2.472312e+01 5.624265e+01
      vertex 9.408193e+00 2.376947e+01 5.065687e+01
    endloop
  endfacet
  facet normal 1.884061e-02 9.811594e-01 -1.922791e-01
    outer loop
      vertex 1.507209e+01 2.225263e+01 4.347244e+01
      vertex 1.674890e+01 2.472312e+01 5.624265e+01
      vertex 2.073600e+01 2.073600e+01 3.628800e+01
    endloop
  endfacet
  facet normal 1.884061e-02 9.811594e-01 -1.922791e-01
    outer loop
      vertex 1.347726e+01 2.384765e+01 5.145429e+01
      vertex 1.674890e+01 2.472312e+01 5.624265e+01
      vertex 1.507209e+01 2.225263e+01 4.347244e+01
    endloop
  endfacet
  facet normal 1.884061e-02 9.811594e-01 -1.922791e-01
    outer loop
      vertex 9.408193e+00 2.376947e+01 5.065687e+01
      vertex 1.674890e+01 2.472312e+01 5.624265e+01
      vertex 1.347726e+01 2.384765e+01 5.145429e+01
    endloop
  endfacet
  facet normal 7.887778e-01 2.112219e-01 5.772478e-01
    outer loop
      vertex 8.766185e+00 3.270586e+01 4.826418e+01
      vertex 6.576236e+00 2.452779e+01 5.424909e+01
      vertex 9.408193e+00 2.376947e+01 5.065687e+01
    endloop
  endfacet
  facet normal 7.887778e-01 2.112219e-01 5.772478e-01
    outer loop
      vertex 1.507209e+01 2.225263e+01 4.347244e+01
      vertex 8.766185e+00 3.270586e+01 4.826418e+01
      vertex 1.028416e+01 2.704057e+01 4.826292e+01
    endloop
  endfacet
  facet normal 7.887778e-01 2.112219e-01 5.772478e-01
    outer loop
      vertex 1.028416e+01 2.704057e+01 4.826292e+01
      vertex 8.766185e+00 3.270586e+01 4.826418e+01
      vertex 9.408193e+00 2.376947e+01 5.065687e+01
    endloop
  endfacet
  facet normal 7.887778e-01 2.112219e-01 5.772478e-01
    outer loop
      vertex 2.073600e+01 2.073600e+01 3.628800e+01
      vertex 8.766185e+00 3.270586e+01 4.826418e+01
      vertex 1.507209e+01 2.225263e+01 4.347244e+01
    endloop
  endfacet
  facet normal 9.811594e-01 1.884061e-02 1.922791e-01
    outer loop
      vertex 2.472312e+01 1.674890e+01 1.633335e+01
      vertex 2.073600e+01 2.073600e+01 3.628800e+01
      vertex 2.225263e+01 1.507209e+01 2.910356e+01
    endloop
  endfacet
  facet normal 9.811594e-01 1.884061e-02 1.922791e-01
    outer loop
      vertex 2.376947e+01 9.408193e+00 2.191913e+01
      vertex 2.472312e+01 1.674890e+01 1.633335e+01
      vertex 2.384765e+01 1.347726e+01 2.112171e+01
    endloop
  endfacet
  facet normal 9.811594e-01 1.884061e-02 1.922791e-01
    outer loop
      vertex 2.384765e+01 1.347726e+01 2.112171e+01
      vertex 2.472312e+01 1.674890e+01 1.633335e+01
      vertex 2.225263e+01 1.507209e+01 2.910356e+01
    endloop
  endfacet
  facet normal 9.811594e-01 1.884061e-02 1.922791e-01
    outer loop
      vertex 2.452779e+01 6.576236e+00 1.832691e+01
      vertex 2.472312e+01 1.674890e+01 1.633335e+01
      vertex 2.376947e+01 9.408193e+00 2.191913e+01
    endloop
  endfacet
  facet normal 2.112219e-01 7.887778e-01 -5.772478e-01
    outer loop
      vertex 2.073600e+01 2.073600e+01 3.628800e+01
      vertex 3.270586e+01 8.766185e+00 2.431182e+01
      vertex 2.225263e+01 1.507209e+01 2.910356e+01
    endloop
  endfacet
  facet normal 2.112219e-01 7.887778e-01 -5.772478e-01
    outer loop
      vertex 2.376947e+01 9.408193e+00 2.191913e+01
      vertex 3.270586e+01 8.766185e+00 2.431182e+01
      vertex 2.452779e+01 6.576236e+00 1.832691e+01
    endloop
  endfacet
  facet normal 2.112219e-01 7.887778e-01 -5.772478e-01
    outer loop
      vertex 2.704057e+01 1.028416e+01 2.431308e+01
      vertex 3.270586e+01 8.766185e+00 2.431182e+01
      vertex 2.376947e+01 9.408193e+00 2.191913e+01
    endloop
  endfacet
  facet normal 2.112219e-01 7.887778e-01 -5.772478e-01
    outer loop
      vertex 2.225263e+01 1.507209e+01 2.910356e+01
      vertex 3.270586e+01 8.766185e+00 2.431182e+01
      vertex 2.704057e+01 1.028416e+01 2.431308e+01
    endloop
  endfacet
  facet normal -7.887778e-01 -2.112219e-01 -5.772478e-01
    outer loop
      vertex 6.713715e+00 2.646390e+01 4.616835e+01
      vertex 4.122503e+00 2.387108e+01 5.065782e+01
      vertex 4.618986e+00 2.855866e+01 4.826418e+01
    endloop
  endfacet
  facet normal -7.887778e-01 -2.112219e-01 -5.772478e-01
    outer loop
      vertex 4.618986e+00 2.855866e+01 4.826418e+01
      vertex 4.122503e+00 2.387108e+01 5.065782e+01
      vertex 3.743014e+00 2.528735e+01 5.065815e+01
    endloop
  endfacet
  facet normal -2.630630e-01 -7.027071e-02 -9.622161e-01
    outer loop
      vertex 3.743014e+00 2.528735e+01 5.065815e+01
      vertex 4.122503e+00 2.387108e+01 5.065782e+01
      vertex 2.585012e-01 2.738956e+01 5.145728e+01
    endloop
  endfacet
  facet normal -2.630630e-01 -7.027071e-02 -9.622161e-01
    outer loop
      vertex 2.585012e-01 2.738956e+01 5.145728e+01
      vertex 4.122503e+00 2.387108e+01 5.065782e+01
      vertex -1.462214e+00 2.427190e+01 5.215539e+01
    endloop
  endfacet
  facet normal -8.591511e-01 -4.741820e-01 -1.923820e-01
    outer loop
      vertex 3.465836e+00 2.141739e+01 5.424909e+01
      vertex 4.415379e+00 1.787582e+01 5.873783e+01
      vertex 2.867457e+00 2.201583e+01 5.544649e+01
    endloop
  endfacet
  facet normal -8.591511e-01 -4.741820e-01 -1.923820e-01
    outer loop
      vertex 2.867457e+00 2.201583e+01 5.544649e+01
      vertex 4.415379e+00 1.787582e+01 5.873783e+01
      vertex 2.576033e+00 2.092470e+01 5.943705e+01
    endloop
  endfacet
  facet normal -4.741820e-01 -8.591511e-01 1.923820e-01
    outer loop
      vertex 3.465836e+00 2.141739e+01 5.424909e+01
      vertex 2.867457e+00 2.201583e+01 5.544649e+01
      vertex -6.170557e-01 2.411783e+01 5.624561e+01
    endloop
  endfacet
  facet normal -4.741820e-01 -8.591511e-01 1.923820e-01
    outer loop
      vertex -1.571658e+00 2.386278e+01 5.275392e+01
      vertex 3.465836e+00 2.141739e+01 5.424909e+01
      vertex -6.170557e-01 2.411783e+01 5.624561e+01
    endloop
  endfacet
  facet normal 1.922790e-01 -1.922790e-01 -9.623189e-01
    outer loop
      vertex 1.308657e+01 3.502228e+00 5.544139e+01
      vertex 1.699937e+01 -4.557773e+00 5.783374e+01
      vertex 1.684311e+01 -1.269591e+01 5.942855e+01
    endloop
  endfacet
  facet normal 1.922790e-01 -1.922790e-01 -9.623189e-01
    outer loop
      vertex 1.308657e+01 3.502228e+00 5.544139e+01
      vertex 1.684311e+01 -1.269591e+01 5.942855e+01
      vertex 1.328267e+01 -1.276427e+01 5.873078e+01
    endloop
  endfacet
  facet normal 1.922790e-01 -1.922790e-01 -9.623189e-01
    outer loop
      vertex 1.308657e+01 3.502228e+00 5.544139e+01
      vertex 1.328267e+01 -1.276427e+01 5.873078e+01
      vertex 1.285217e+01 -8.704973e+00 5.783374e+01
    endloop
  endfacet
  facet normal -8.591511e-01 -4.741820e-01 -1.923820e-01
    outer loop
      vertex 1.939291e+01 -6.951309e+00 5.304404e+01
      vertex 2.145865e+01 -1.057219e+01 5.274372e+01
      vertex 2.120360e+01 -1.152679e+01 5.623541e+01
    endloop
  endfacet
  facet normal -8.591511e-01 -4.741820e-01 -1.923820e-01
    outer loop
      vertex 1.939291e+01 -6.951309e+00 5.304404e+01
      vertex 2.120360e+01 -1.152679e+01 5.623541e+01
      vertex 1.699937e+01 -4.557773e+00 5.783374e+01
    endloop
  endfacet
  facet normal -8.591511e-01 -4.741820e-01 -1.923820e-01
    outer loop
      vertex 1.699937e+01 -4.557773e+00 5.783374e+01
      vertex 1.308657e+01 3.502228e+00 5.544139e+01
      vertex 1.939291e+01 -6.951309e+00 5.304404e+01
    endloop
  endfacet
  facet normal 7.027071e-02 2.630630e-01 -9.622161e-01
    outer loop
      vertex 1.875175e+01 1.984244e+00 5.544012e+01
      vertex 2.505801e+01 -8.469287e+00 5.304275e+01
      vertex 2.238576e+01 -9.944177e+00 5.244437e+01
    endloop
  endfacet
  facet normal 7.027071e-02 2.630630e-01 -9.622161e-01
    outer loop
      vertex 1.875175e+01 1.984244e+00 5.544012e+01
      vertex 2.238576e+01 -9.944177e+00 5.244437e+01
      vertex 1.939291e+01 -6.951309e+00 5.304404e+01
    endloop
  endfacet
  facet normal 7.027071e-02 2.630630e-01 -9.622161e-01
    outer loop
      vertex 1.875175e+01 1.984244e+00 5.544012e+01
      vertex 1.939291e+01 -6.951309e+00 5.304404e+01
      vertex 1.308657e+01 3.502228e+00 5.544139e+01
    endloop
  endfacet
  facet normal 5.774530e-01 -5.774530e-01 5.771449e-01
    outer loop
      vertex 3.271000e+01 8.761935e+00 4.825568e+01
      vertex 1.635822e+01 4.377784e+00 6.022979e+01
      vertex 1.875175e+01 1.984244e+00 5.544012e+01
    endloop
  endfacet
  facet normal 5.774530e-01 -5.774530e-01 5.771449e-01
    outer loop
      vertex 1.875175e+01 1.984244e+00 5.544012e+01
      vertex 2.529253e+01 3.737913e+00 5.065050e+01
      vertex 3.271000e+01 8.761935e+00 4.825568e+01
    endloop
  endfacet
  facet normal -8.402081e-01 5.068741e-01 1.926890e-01
    outer loop
      vertex 1.644311e+01 -1.229591e+01 5.424079e+01
      vertex 1.939291e+01 -6.951309e+00 5.304404e+01
      vertex 2.616800e+01 7.009556e+00 4.586214e+01
    endloop
  endfacet
  facet normal -8.402081e-01 5.068741e-01 1.926890e-01
    outer loop
      vertex 1.939291e+01 -6.951309e+00 5.304404e+01
      vertex 2.529253e+01 3.737913e+00 5.065050e+01
      vertex 2.616800e+01 7.009556e+00 4.586214e+01
    endloop
  endfacet
  facet normal -8.402081e-01 5.068741e-01 1.926890e-01
    outer loop
      vertex 1.644311e+01 -1.229591e+01 5.424079e+01
      vertex 2.616800e+01 7.009556e+00 4.586214e+01
      vertex 1.436887e+01 -1.436887e+01 5.064921e+01
    endloop
  endfacet
  facet normal -2.630630e-01 -7.027071e-02 -9.622161e-01
    outer loop
      vertex 2.768609e+01 1.344371e+00 4.586088e+01
      vertex 2.178649e+01 -9.344844e+00 4.825441e+01
      vertex 2.616800e+01 7.009556e+00 4.586214e+01
    endloop
  endfacet
  facet normal -2.630630e-01 -7.027071e-02 -9.622161e-01
    outer loop
      vertex 1.883664e+01 -1.468944e+01 4.945117e+01
      vertex 2.616800e+01 7.009556e+00 4.586214e+01
      vertex 2.178649e+01 -9.344844e+00 4.825441e+01
    endloop
  endfacet
  facet normal -2.630630e-01 -7.027071e-02 -9.622161e-01
    outer loop
      vertex 1.883664e+01 -1.468944e+01 4.945117e+01
      vertex 1.436887e+01 -1.436887e+01 5.064921e+01
      vertex 2.616800e+01 7.009556e+00 4.586214e+01
    endloop
  endfacet
  facet normal -2.630630e-01 -7.027071e-02 -9.622161e-01
    outer loop
      vertex 8.969772e+00 2.213423e+01 4.945947e+01
      vertex 1.419653e+01 1.898107e+01 4.826078e+01
      vertex 2.616800e+01 7.009556e+00 4.586214e+01
    endloop
  endfacet
  facet normal -2.630630e-01 -7.027071e-02 -9.622161e-01
    outer loop
      vertex 1.419653e+01 1.898107e+01 4.826078e+01
      vertex 2.465013e+01 1.267474e+01 4.586343e+01
      vertex 2.616800e+01 7.009556e+00 4.586214e+01
    endloop
  endfacet
  facet normal -2.630630e-01 -7.027071e-02 -9.622161e-01
    outer loop
      vertex 8.969772e+00 2.213423e+01 4.945947e+01
      vertex 2.616800e+01 7.009556e+00 4.586214e+01
      vertex 5.260993e+00 1.962221e+01 5.065687e+01
    endloop
  endfacet
  facet normal -4.741820e-01 -8.591511e-01 1.923820e-01
    outer loop
      vertex 2.616800e+01 7.009556e+00 4.586214e+01
      vertex 2.377445e+01 9.403092e+00 5.065176e+01
      vertex 1.332099e+01 1.570941e+01 5.304914e+01
    endloop
  endfacet
  facet normal -4.741820e-01 -8.591511e-01 1.923820e-01
    outer loop
      vertex 2.616800e+01 7.009556e+00 4.586214e+01
      vertex 1.332099e+01 1.570941e+01 5.304914e+01
      vertex 8.094214e+00 1.886259e+01 5.424782e+01
    endloop
  endfacet
  facet normal -4.741820e-01 -8.591511e-01 1.923820e-01
    outer loop
      vertex 2.616800e+01 7.009556e+00 4.586214e+01
      vertex 8.094214e+00 1.886259e+01 5.424782e+01
      vertex 5.260993e+00 1.962221e+01 5.065687e+01
    endloop
  endfacet
  facet normal 2.114269e-01 7.885727e-01 5.774528e-01
    outer loop
      vertex 1.635822e+01 4.377784e+00 6.022979e+01
      vertex 3.271000e+01 8.761935e+00 4.825568e+01
      vertex 1.723377e+01 7.649428e+00 5.544139e+01
    endloop
  endfacet
  facet normal 2.114269e-01 7.885727e-01 5.774528e-01
    outer loop
      vertex 1.723377e+01 7.649428e+00 5.544139e+01
      vertex 3.271000e+01 8.761935e+00 4.825568e+01
      vertex 2.377445e+01 9.403092e+00 5.065176e+01
    endloop
  endfacet
  facet normal 1.922790e-01 -1.922790e-01 -9.623189e-01
    outer loop
      vertex 1.332099e+01 1.570941e+01 5.304914e+01
      vertex 1.441639e+01 1.979801e+01 5.245107e+01
      vertex 1.746819e+01 1.985661e+01 5.304914e+01
    endloop
  endfacet
  facet normal 1.922790e-01 -1.922790e-01 -9.623189e-01
    outer loop
      vertex 1.332099e+01 1.570941e+01 5.304914e+01
      vertex 1.746819e+01 1.985661e+01 5.304914e+01
      vertex 1.723377e+01 7.649428e+00 5.544139e+01
    endloop
  endfacet
  facet normal 1.922790e-01 -1.922790e-01 -9.623189e-01
    outer loop
      vertex 1.723377e+01 7.649428e+00 5.544139e+01
      vertex 1.308657e+01 3.502228e+00 5.544139e+01
      vertex 1.332099e+01 1.570941e+01 5.304914e+01
    endloop
  endfacet
  facet normal -9.811594e-01 -1.884061e-02 -1.922791e-01
    outer loop
      vertex 1.329945e+01 1.987815e+01 5.275058e+01
      vertex 1.332099e+01 1.570941e+01 5.304914e+01
      vertex 1.260170e+01 2.057590e+01 5.624265e+01
    endloop
  endfacet
  facet normal -9.811594e-01 -1.884061e-02 -1.922791e-01
    outer loop
      vertex 1.260170e+01 2.057590e+01 5.624265e+01
      vertex 1.332099e+01 1.570941e+01 5.304914e+01
      vertex 1.308657e+01 3.502228e+00 5.544139e+01
    endloop
  endfacet
  facet normal -9.811594e-01 -1.884061e-02 -1.922791e-01
    outer loop
      vertex 1.260170e+01 2.057590e+01 5.624265e+01
      vertex 1.308657e+01 3.502228e+00 5.544139e+01
      vertex 1.244544e+01 1.243776e+01 5.783747e+01
    endloop
  endfacet
  facet normal 7.027071e-02 2.630630e-01 -9.622161e-01
    outer loop
      vertex 1.244544e+01 1.243776e+01 5.783747e+01
      vertex 1.308657e+01 3.502228e+00 5.544139e+01
      vertex 8.241212e+00 1.940680e+01 5.943580e+01
    endloop
  endfacet
  facet normal 7.027071e-02 2.630630e-01 -9.622161e-01
    outer loop
      vertex 8.241212e+00 1.940680e+01 5.943580e+01
      vertex 1.308657e+01 3.502228e+00 5.544139e+01
      vertex 6.780237e+00 1.395576e+01 5.783872e+01
    endloop
  endfacet
  facet normal 7.027071e-02 2.630630e-01 -9.622161e-01
    outer loop
      vertex 5.123513e+00 1.768609e+01 5.873762e+01
      vertex 8.241212e+00 1.940680e+01 5.943580e+01
      vertex 6.780237e+00 1.395576e+01 5.783872e+01
    endloop
  endfacet
  facet normal -1.922790e-01 1.922790e-01 9.623189e-01
    outer loop
      vertex -1.571658e+00 2.386278e+01 5.275392e+01
      vertex -3.674564e+00 2.026336e+01 5.305295e+01
      vertex 2.429036e+00 2.038056e+01 5.424909e+01
    endloop
  endfacet
  facet normal -1.922790e-01 1.922790e-01 9.623189e-01
    outer loop
      vertex 3.465836e+00 2.141739e+01 5.424909e+01
      vertex -1.571658e+00 2.386278e+01 5.275392e+01
      vertex 2.429036e+00 2.038056e+01 5.424909e+01
    endloop
  endfacet
  facet normal -5.772479e-01 5.772479e-01 5.775549e-01
    outer loop
      vertex 2.429036e+00 2.038056e+01 5.424909e+01
      vertex 1.115066e+00 1.547374e+01 5.783996e+01
      vertex 4.415379e+00 1.787582e+01 5.873783e+01
    endloop
  endfacet
  facet normal -5.772479e-01 5.772479e-01 5.775549e-01
    outer loop
      vertex 3.465836e+00 2.141739e+01 5.424909e+01
      vertex 2.429036e+00 2.038056e+01 5.424909e+01
      vertex 4.415379e+00 1.787582e+01 5.873783e+01
    endloop
  endfacet
  facet normal -5.068741e-01 8.402081e-01 1.926890e-01
    outer loop
      vertex 3.304593e+00 2.365210e+01 4.946075e+01
      vertex 4.122503e+00 2.387108e+01 5.065782e+01
      vertex 3.741728e+00 2.528859e+01 4.347499e+01
    endloop
  endfacet
  facet normal -5.068741e-01 8.402081e-01 1.926890e-01
    outer loop
      vertex 3.741728e+00 2.528859e+01 4.347499e+01
      vertex 4.122503e+00 2.387108e+01 5.065782e+01
      vertex 6.713715e+00 2.646390e+01 4.616835e+01
    endloop
  endfacet
  facet normal 1.884061e-02 9.811594e-01 -1.922791e-01
    outer loop
      vertex -2.799008e+00 2.353494e+01 4.826462e+01
      vertex -1.462214e+00 2.427190e+01 5.215539e+01
      vertex 3.304593e+00 2.365210e+01 4.946075e+01
    endloop
  endfacet
  facet normal 1.884061e-02 9.811594e-01 -1.922791e-01
    outer loop
      vertex 3.304593e+00 2.365210e+01 4.946075e+01
      vertex -1.462214e+00 2.427190e+01 5.215539e+01
      vertex 4.122503e+00 2.387108e+01 5.065782e+01
    endloop
  endfacet
  facet normal 7.887778e-01 2.112219e-01 5.772478e-01
    outer loop
      vertex 7.714725e+00 2.027887e+01 5.424813e+01
      vertex 5.123513e+00 1.768609e+01 5.873762e+01
      vertex 6.780237e+00 1.395576e+01 5.783872e+01
    endloop
  endfacet
  facet normal 7.887778e-01 2.112219e-01 5.772478e-01
    outer loop
      vertex 8.094214e+00 1.886259e+01 5.424782e+01
      vertex 7.714725e+00 2.027887e+01 5.424813e+01
      vertex 6.780237e+00 1.395576e+01 5.783872e+01
    endloop
  endfacet
  facet normal 2.630630e-01 7.027071e-02 9.622161e-01
    outer loop
      vertex 1.329945e+01 1.987815e+01 5.275058e+01
      vertex 7.714725e+00 2.027887e+01 5.424813e+01
      vertex 8.094214e+00 1.886259e+01 5.424782e+01
    endloop
  endfacet
  facet normal 2.630630e-01 7.027071e-02 9.622161e-01
    outer loop
      vertex 1.332099e+01 1.570941e+01 5.304914e+01
      vertex 1.329945e+01 1.987815e+01 5.275058e+01
      vertex 8.094214e+00 1.886259e+01 5.424782e+01
    endloop
  endfacet
  facet normal -2.112219e-01 -7.887778e-01 5.772478e-01
    outer loop
      vertex 1.507209e+01 2.225263e+01 4.347244e+01
      vertex 9.406907e+00 2.377071e+01 4.347371e+01
      vertex 1.658880e+01 1.658880e+01 3.628800e+01
    endloop
  endfacet
  facet normal 5.257642e-01 -2.784349e-01 8.037699e-01
    outer loop
      vertex 1.658880e+01 1.658880e+01 3.628800e+01
      vertex 9.406907e+00 2.377071e+01 4.347371e+01
      vertex 1.658880e+01 1.658880e+01 3.628800e+01
    endloop
  endfacet
  facet normal -2.112219e-01 -7.887778e-01 5.772478e-01
    outer loop
      vertex 1.028416e+01 2.704057e+01 4.826292e+01
      vertex 9.406907e+00 2.377071e+01 4.347371e+01
      vertex 1.507209e+01 2.225263e+01 4.347244e+01
    endloop
  endfacet
  facet normal -2.112219e-01 -7.887778e-01 5.772478e-01
    outer loop
      vertex 7.421850e+00 2.627417e+01 4.616819e+01
      vertex 9.406907e+00 2.377071e+01 4.347371e+01
      vertex 1.028416e+01 2.704057e+01 4.826292e+01
    endloop
  endfacet
  facet normal -9.811594e-01 -1.884061e-02 -1.922791e-01
    outer loop
      vertex 1.507209e+01 2.225263e+01 4.347244e+01
      vertex 1.658880e+01 1.658880e+01 3.628800e+01
      vertex 1.347726e+01 2.384765e+01 5.145429e+01
    endloop
  endfacet
  facet normal -9.863938e-01 0.000000e+00 -1.643995e-01
    outer loop
      vertex 1.347726e+01 2.384765e+01 5.145429e+01
      vertex 1.658880e+01 1.658880e+01 3.628800e+01
      vertex 1.658880e+01 1.658880e+01 3.628800e+01
    endloop
  endfacet
  facet normal -9.811594e-01 -1.884061e-02 -1.922791e-01
    outer loop
      vertex 1.347726e+01 2.384765e+01 5.145429e+01
      vertex 1.658880e+01 1.658880e+01 3.628800e+01
      vertex 1.419653e+01 1.898107e+01 4.826078e+01
    endloop
  endfacet
  facet normal -9.811594e-01 -1.884061e-02 -1.922791e-01
    outer loop
      vertex 1.340889e+01 2.028711e+01 5.215204e+01
      vertex 1.347726e+01 2.384765e+01 5.145429e+01
      vertex 1.419653e+01 1.898107e+01 4.826078e+01
    endloop
  endfacet
  facet normal -1.884061e-02 -9.811594e-01 1.922791e-01
    outer loop
      vertex 1.658880e+01 1.658880e+01 3.628800e+01
      vertex 1.986044e+01 1.746436e+01 4.107636e+01
      vertex 1.746819e+01 1.985661e+01 5.304914e+01
    endloop
  endfacet
  facet normal -1.884061e-02 -9.811594e-01 1.922791e-01
    outer loop
      vertex 1.658880e+01 1.658880e+01 3.628800e+01
      vertex 1.746819e+01 1.985661e+01 5.304914e+01
      vertex 1.441639e+01 1.979801e+01 5.245107e+01
    endloop
  endfacet
  facet normal -1.884061e-02 -9.811594e-01 1.922791e-01
    outer loop
      vertex 1.658880e+01 1.658880e+01 3.628800e+01
      vertex 1.441639e+01 1.979801e+01 5.245107e+01
      vertex 1.419653e+01 1.898107e+01 4.826078e+01
    endloop
  endfacet
  facet normal 2.114269e-01 7.885727e-01 5.774528e-01
    outer loop
      vertex 1.986044e+01 1.746436e+01 4.107636e+01
      vertex 2.465013e+01 1.267474e+01 4.586343e+01
      vertex 3.271000e+01 8.761935e+00 4.825568e+01
    endloop
  endfacet
  facet normal 2.114269e-01 7.885727e-01 5.774528e-01
    outer loop
      vertex 1.986044e+01 1.746436e+01 4.107636e+01
      vertex 3.271000e+01 8.761935e+00 4.825568e+01
      vertex 2.073600e+01 2.073600e+01 3.628800e+01
    endloop
  endfacet
  facet normal -4.741820e-01 -8.591511e-01 1.923820e-01
    outer loop
      vertex 2.856156e+01 4.616020e+00 4.107252e+01
      vertex 2.616800e+01 7.009556e+00 4.586214e+01
      vertex 2.528859e+01 3.741728e+00 2.910101e+01
    endloop
  endfacet
  facet normal -4.741820e-01 -8.591511e-01 1.923820e-01
    outer loop
      vertex 2.616800e+01 7.009556e+00 4.586214e+01
      vertex 2.365210e+01 3.304593e+00 2.311525e+01
      vertex 2.528859e+01 3.741728e+00 2.910101e+01
    endloop
  endfacet
  facet normal -4.741820e-01 -8.591511e-01 1.923820e-01
    outer loop
      vertex 2.616800e+01 7.009556e+00 4.586214e+01
      vertex 1.962221e+01 5.260993e+00 2.191913e+01
      vertex 2.365210e+01 3.304593e+00 2.311525e+01
    endloop
  endfacet
  facet normal -8.402081e-01 5.068741e-01 1.926890e-01
    outer loop
      vertex 2.704368e+01 1.028120e+01 4.107381e+01
      vertex 2.377071e+01 9.406907e+00 2.910229e+01
      vertex 2.616800e+01 7.009556e+00 4.586214e+01
    endloop
  endfacet
  facet normal -8.402081e-01 5.068741e-01 1.926890e-01
    outer loop
      vertex 2.213423e+01 8.969772e+00 2.311653e+01
      vertex 2.616800e+01 7.009556e+00 4.586214e+01
      vertex 2.377071e+01 9.406907e+00 2.910229e+01
    endloop
  endfacet
  facet normal -8.402081e-01 5.068741e-01 1.926890e-01
    outer loop
      vertex 2.213423e+01 8.969772e+00 2.311653e+01
      vertex 1.962221e+01 5.260993e+00 2.191913e+01
      vertex 2.616800e+01 7.009556e+00 4.586214e+01
    endloop
  endfacet
  facet normal 7.885727e-01 2.114269e-01 -5.774528e-01
    outer loop
      vertex 2.225408e+01 1.507082e+01 3.628672e+01
      vertex 2.073600e+01 2.073600e+01 3.628800e+01
      vertex 3.271000e+01 8.761935e+00 4.825568e+01
    endloop
  endfacet
  facet normal 7.885727e-01 2.114269e-01 -5.774528e-01
    outer loop
      vertex 2.704368e+01 1.028120e+01 4.107381e+01
      vertex 2.225408e+01 1.507082e+01 3.628672e+01
      vertex 3.271000e+01 8.761935e+00 4.825568e+01
    endloop
  endfacet
  facet normal -2.112219e-01 -7.887778e-01 5.772478e-01
    outer loop
      vertex 2.943579e+01 7.888928e+00 2.910101e+01
      vertex 2.377071e+01 9.406907e+00 2.910229e+01
      vertex 2.698251e+01 7.231949e+00 2.730554e+01
    endloop
  endfacet
  facet normal -2.112219e-01 -7.887778e-01 5.772478e-01
    outer loop
      vertex 2.225408e+01 1.507082e+01 3.628672e+01
      vertex 2.377071e+01 9.406907e+00 2.910229e+01
      vertex 2.943579e+01 7.888928e+00 2.910101e+01
    endloop
  endfacet
  facet normal -2.112219e-01 -7.887778e-01 5.772478e-01
    outer loop
      vertex 1.658880e+01 1.658880e+01 3.628800e+01
      vertex 2.377071e+01 9.406907e+00 2.910229e+01
      vertex 2.225408e+01 1.507082e+01 3.628672e+01
    endloop
  endfacet
  facet normal -7.887778e-01 -2.112219e-01 -5.772478e-01
    outer loop
      vertex 2.225263e+01 1.507209e+01 2.910356e+01
      vertex 2.704057e+01 1.028416e+01 2.431308e+01
      vertex 1.658880e+01 1.658880e+01 3.628800e+01
    endloop
  endfacet
  facet normal -7.887778e-01 -2.112219e-01 -5.772478e-01
    outer loop
      vertex 1.658880e+01 1.658880e+01 3.628800e+01
      vertex 2.704057e+01 1.028416e+01 2.431308e+01
      vertex 2.627417e+01 7.421850e+00 2.640781e+01
    endloop
  endfacet
  facet normal -7.887778e-01 -2.112219e-01 -5.772478e-01
    outer loop
      vertex 1.658880e+01 1.658880e+01 3.628800e+01
      vertex 2.627417e+01 7.421850e+00 2.640781e+01
      vertex 2.377071e+01 9.406907e+00 2.910229e+01
    endloop
  endfacet
  facet normal -2.784349e-01 5.257642e-01 -8.037699e-01
    outer loop
      vertex 1.658880e+01 1.658880e+01 3.628800e+01
      vertex 2.377071e+01 9.406907e+00 2.910229e+01
      vertex 1.658880e+01 1.658880e+01 3.628800e+01
    endloop
  endfacet
  facet normal -1.884061e-02 -9.811594e-01 1.922791e-01
    outer loop
      vertex 2.384765e+01 1.347726e+01 2.112171e+01
      vertex 1.898107e+01 1.419653e+01 2.431522e+01
      vertex 2.028711e+01 1.340889e+01 2.042396e+01
    endloop
  endfacet
  facet normal -1.884061e-02 -9.811594e-01 1.922791e-01
    outer loop
      vertex 2.225263e+01 1.507209e+01 2.910356e+01
      vertex 1.898107e+01 1.419653e+01 2.431522e+01
      vertex 2.384765e+01 1.347726e+01 2.112171e+01
    endloop
  endfacet
  facet normal -1.884061e-02 -9.811594e-01 1.922791e-01
    outer loop
      vertex 1.658880e+01 1.658880e+01 3.628800e+01
      vertex 1.898107e+01 1.419653e+01 2.431522e+01
      vertex 2.225263e+01 1.507209e+01 2.910356e+01
    endloop
  endfacet
  facet normal 2.314839e-02 -9.794554e-01 2.003284e-01
    outer loop
      vertex 1.658880e+01 1.658880e+01 3.628800e+01
      vertex 1.898107e+01 1.419653e+01 2.431522e+01
      vertex 1.658880e+01 1.658880e+01 3.628800e+01
    endloop
  endfacet
  facet normal 4.741820e-01 8.591511e-01 -1.923820e-01
    outer loop
      vertex 8.371393e+00 2.273267e+01 5.065687e+01
      vertex 1.340889e+01 2.028711e+01 5.215204e+01
      vertex 8.969772e+00 2.213423e+01 4.945947e+01
    endloop
  endfacet
  facet normal 4.741820e-01 8.591511e-01 -1.923820e-01
    outer loop
      vertex 8.969772e+00 2.213423e+01 4.945947e+01
      vertex 1.340889e+01 2.028711e+01 5.215204e+01
      vertex 1.419653e+01 1.898107e+01 4.826078e+01
    endloop
  endfacet
  facet normal 8.591511e-01 4.741820e-01 1.923820e-01
    outer loop
      vertex 9.406907e+00 2.377071e+01 4.347371e+01
      vertex 7.421850e+00 2.627417e+01 4.616819e+01
      vertex 8.371393e+00 2.273267e+01 5.065687e+01
    endloop
  endfacet
  facet normal 8.591511e-01 4.741820e-01 1.923820e-01
    outer loop
      vertex 8.969772e+00 2.213423e+01 4.945947e+01
      vertex 9.406907e+00 2.377071e+01 4.347371e+01
      vertex 8.371393e+00 2.273267e+01 5.065687e+01
    endloop
  endfacet
  facet normal -5.068741e-01 8.402081e-01 1.926890e-01
    outer loop
      vertex 2.680667e+01 -1.923446e+00 2.909974e+01
      vertex 2.738956e+01 2.585012e-01 2.111872e+01
      vertex 2.266072e+01 -6.071916e+00 3.628290e+01
    endloop
  endfacet
  facet normal -5.068741e-01 8.402081e-01 1.926890e-01
    outer loop
      vertex 2.266072e+01 -6.071916e+00 3.628290e+01
      vertex 2.738956e+01 2.585012e-01 2.111872e+01
      vertex 2.427190e+01 -1.462214e+00 2.042061e+01
    endloop
  endfacet
  facet normal -5.068741e-01 8.402081e-01 1.926890e-01
    outer loop
      vertex 2.266072e+01 -6.071916e+00 3.628290e+01
      vertex 2.427190e+01 -1.462214e+00 2.042061e+01
      vertex 2.353494e+01 -2.799008e+00 2.431138e+01
    endloop
  endfacet
  facet normal -7.887778e-01 -2.112219e-01 -5.772478e-01
    outer loop
      vertex 2.528859e+01 3.741728e+00 2.910101e+01
      vertex 2.646390e+01 6.713715e+00 2.640765e+01
      vertex 2.855866e+01 4.618986e+00 2.431182e+01
    endloop
  endfacet
  facet normal -7.887778e-01 -2.112219e-01 -5.772478e-01
    outer loop
      vertex 2.528859e+01 3.741728e+00 2.910101e+01
      vertex 2.855866e+01 4.618986e+00 2.431182e+01
      vertex 2.680667e+01 -1.923446e+00 2.909974e+01
    endloop
  endfacet
  facet normal -7.887778e-01 -2.112219e-01 -5.772478e-01
    outer loop
      vertex 2.680667e+01 -1.923446e+00 2.909974e+01
      vertex 2.266072e+01 -6.071916e+00 3.628290e+01
      vertex 2.528859e+01 3.741728e+00 2.910101e+01
    endloop
  endfacet
  facet normal -5.772479e-01 5.772479e-01 5.775549e-01
    outer loop
      vertex 2.528859e+01 3.741728e+00 2.910101e+01
      vertex 2.680792e+01 -1.924722e+00 3.628290e+01
      vertex 2.698251e+01 7.231949e+00 2.730554e+01
    endloop
  endfacet
  facet normal -5.772479e-01 5.772479e-01 5.775549e-01
    outer loop
      vertex 2.698251e+01 7.231949e+00 2.730554e+01
      vertex 2.680792e+01 -1.924722e+00 3.628290e+01
      vertex 2.943579e+01 7.888928e+00 2.910101e+01
    endloop
  endfacet
  facet normal -5.772479e-01 5.772479e-01 5.775549e-01
    outer loop
      vertex 2.266072e+01 -6.071916e+00 3.628290e+01
      vertex 2.680792e+01 -1.924722e+00 3.628290e+01
      vertex 2.528859e+01 3.741728e+00 2.910101e+01
    endloop
  endfacet
  facet normal 7.885727e-01 2.114269e-01 -5.774528e-01
    outer loop
      vertex 3.271000e+01 8.761935e+00 4.825568e+01
      vertex 2.680792e+01 -1.924722e+00 3.628290e+01
      vertex 2.856156e+01 4.616020e+00 4.107252e+01
    endloop
  endfacet
  facet normal 7.885727e-01 2.114269e-01 -5.774528e-01
    outer loop
      vertex 2.832600e+01 -7.589894e+00 3.628162e+01
      vertex 2.680792e+01 -1.924722e+00 3.628290e+01
      vertex 3.271000e+01 8.761935e+00 4.825568e+01
    endloop
  endfacet
  facet normal 5.774530e-01 -5.774530e-01 5.771449e-01
    outer loop
      vertex 2.832600e+01 -7.589894e+00 3.628162e+01
      vertex 2.768609e+01 1.344371e+00 4.586088e+01
      vertex 2.593244e+01 -5.196358e+00 4.107126e+01
    endloop
  endfacet
  facet normal 5.774530e-01 -5.774530e-01 5.771449e-01
    outer loop
      vertex 2.832600e+01 -7.589894e+00 3.628162e+01
      vertex 3.271000e+01 8.761935e+00 4.825568e+01
      vertex 2.768609e+01 1.344371e+00 4.586088e+01
    endloop
  endfacet
  facet normal -5.068741e-01 8.402081e-01 1.926890e-01
    outer loop
      vertex 2.238576e+01 -9.944177e+00 5.244437e+01
      vertex 2.505801e+01 -8.469287e+00 5.304275e+01
      vertex 2.178649e+01 -9.344844e+00 4.825441e+01
    endloop
  endfacet
  facet normal -5.068741e-01 8.402081e-01 1.926890e-01
    outer loop
      vertex 2.178649e+01 -9.344844e+00 4.825441e+01
      vertex 2.505801e+01 -8.469287e+00 5.304275e+01
      vertex 2.593244e+01 -5.196358e+00 4.107126e+01
    endloop
  endfacet
  facet normal -5.068741e-01 8.402081e-01 1.926890e-01
    outer loop
      vertex 2.178649e+01 -9.344844e+00 4.825441e+01
      vertex 2.593244e+01 -5.196358e+00 4.107126e+01
      vertex 2.266072e+01 -6.071916e+00 3.628290e+01
    endloop
  endfacet
  facet normal -8.591511e-01 -4.741820e-01 -1.923820e-01
    outer loop
      vertex 2.178649e+01 -9.344844e+00 4.825441e+01
      vertex 2.266072e+01 -6.071916e+00 3.628290e+01
      vertex 2.418004e+01 -1.173838e+01 4.346479e+01
    endloop
  endfacet
  facet normal -8.591511e-01 -4.741820e-01 -1.923820e-01
    outer loop
      vertex 2.178649e+01 -9.344844e+00 4.825441e+01
      vertex 2.418004e+01 -1.173838e+01 4.346479e+01
      vertex 2.359715e+01 -1.392033e+01 5.144579e+01
    endloop
  endfacet
  facet normal -8.591511e-01 -4.741820e-01 -1.923820e-01
    outer loop
      vertex 2.178649e+01 -9.344844e+00 4.825441e+01
      vertex 2.359715e+01 -1.392033e+01 5.144579e+01
      vertex 2.175787e+01 -1.087139e+01 5.214503e+01
    endloop
  endfacet
  facet normal -5.772479e-01 5.772479e-01 5.775549e-01
    outer loop
      vertex 2.242806e+01 -1.828082e+01 4.825271e+01
      vertex 2.418004e+01 -1.173838e+01 4.346479e+01
      vertex 2.266072e+01 -6.071916e+00 3.628290e+01
    endloop
  endfacet
  facet normal -5.772479e-01 5.772479e-01 5.775549e-01
    outer loop
      vertex 2.003278e+01 -1.588558e+01 4.346479e+01
      vertex 2.242806e+01 -1.828082e+01 4.825271e+01
      vertex 2.266072e+01 -6.071916e+00 3.628290e+01
    endloop
  endfacet
  facet normal -5.772479e-01 5.772479e-01 5.775549e-01
    outer loop
      vertex 2.003278e+01 -1.588558e+01 4.346479e+01
      vertex 1.956570e+01 -1.904730e+01 4.615798e+01
      vertex 2.242806e+01 -1.828082e+01 4.825271e+01
    endloop
  endfacet
  facet normal 5.068741e-01 -8.402081e-01 -1.926890e-01
    outer loop
      vertex 1.087139e+01 -2.175787e+01 5.214503e+01
      vertex 9.344844e+00 -2.178649e+01 4.825441e+01
      vertex 1.468944e+01 -1.883664e+01 4.945117e+01
    endloop
  endfacet
  facet normal 5.068741e-01 -8.402081e-01 -1.926890e-01
    outer loop
      vertex 1.550736e+01 -1.861776e+01 5.064826e+01
      vertex 1.087139e+01 -2.175787e+01 5.214503e+01
      vertex 1.468944e+01 -1.883664e+01 4.945117e+01
    endloop
  endfacet
  facet normal -1.884061e-02 -9.811594e-01 1.922791e-01
    outer loop
      vertex 1.550736e+01 -1.861776e+01 5.064826e+01
      vertex 1.468944e+01 -1.883664e+01 4.945117e+01
      vertex 1.588558e+01 -2.003278e+01 4.346479e+01
    endloop
  endfacet
  facet normal -1.884061e-02 -9.811594e-01 1.922791e-01
    outer loop
      vertex 1.904730e+01 -1.956570e+01 4.615798e+01
      vertex 1.550736e+01 -1.861776e+01 5.064826e+01
      vertex 1.588558e+01 -2.003278e+01 4.346479e+01
    endloop
  endfacet
  facet normal -2.112219e-01 -7.887778e-01 5.772478e-01
    outer loop
      vertex 1.276427e+01 -1.328267e+01 5.873078e+01
      vertex 8.704973e+00 -1.285217e+01 5.783374e+01
      vertex 1.229591e+01 -1.644311e+01 5.424079e+01
    endloop
  endfacet
  facet normal -2.112219e-01 -7.887778e-01 5.772478e-01
    outer loop
      vertex 1.371220e+01 -1.682260e+01 5.424048e+01
      vertex 1.276427e+01 -1.328267e+01 5.873078e+01
      vertex 1.229591e+01 -1.644311e+01 5.424079e+01
    endloop
  endfacet
  facet normal -7.027071e-02 -2.630630e-01 9.622161e-01
    outer loop
      vertex 1.229591e+01 -1.644311e+01 5.424079e+01
      vertex 6.951309e+00 -1.939291e+01 5.304404e+01
      vertex 1.057219e+01 -2.145865e+01 5.274372e+01
    endloop
  endfacet
  facet normal -7.027071e-02 -2.630630e-01 9.622161e-01
    outer loop
      vertex 1.371220e+01 -1.682260e+01 5.424048e+01
      vertex 1.229591e+01 -1.644311e+01 5.424079e+01
      vertex 1.057219e+01 -2.145865e+01 5.274372e+01
    endloop
  endfacet
  facet normal 8.402081e-01 -5.068741e-01 -1.926890e-01
    outer loop
      vertex 2.175787e+01 -1.087139e+01 5.214503e+01
      vertex 1.861776e+01 -1.550736e+01 5.064826e+01
      vertex 1.883664e+01 -1.468944e+01 4.945117e+01
    endloop
  endfacet
  facet normal 8.402081e-01 -5.068741e-01 -1.926890e-01
    outer loop
      vertex 2.178649e+01 -9.344844e+00 4.825441e+01
      vertex 2.175787e+01 -1.087139e+01 5.214503e+01
      vertex 1.883664e+01 -1.468944e+01 4.945117e+01
    endloop
  endfacet
  facet normal 9.811594e-01 1.884061e-02 1.922791e-01
    outer loop
      vertex 1.883664e+01 -1.468944e+01 4.945117e+01
      vertex 1.861776e+01 -1.550736e+01 5.064826e+01
      vertex 1.956570e+01 -1.904730e+01 4.615798e+01
    endloop
  endfacet
  facet normal 9.811594e-01 1.884061e-02 1.922791e-01
    outer loop
      vertex 2.003278e+01 -1.588558e+01 4.346479e+01
      vertex 1.883664e+01 -1.468944e+01 4.945117e+01
      vertex 1.956570e+01 -1.904730e+01 4.615798e+01
    endloop
  endfacet
  facet normal 2.630630e-01 7.027071e-02 9.622161e-01
    outer loop
      vertex 1.939291e+01 -6.951309e+00 5.304404e+01
      vertex 1.644311e+01 -1.229591e+01 5.424079e+01
      vertex 1.682260e+01 -1.371220e+01 5.424048e+01
    endloop
  endfacet
  facet normal 2.630630e-01 7.027071e-02 9.622161e-01
    outer loop
      vertex 2.145865e+01 -1.057219e+01 5.274372e+01
      vertex 1.939291e+01 -6.951309e+00 5.304404e+01
      vertex 1.682260e+01 -1.371220e+01 5.424048e+01
    endloop
  endfacet
  facet normal 7.887778e-01 2.112219e-01 5.772478e-01
    outer loop
      vertex 1.644311e+01 -1.229591e+01 5.424079e+01
      vertex 1.285217e+01 -8.704973e+00 5.783374e+01
      vertex 1.328267e+01 -1.276427e+01 5.873078e+01
    endloop
  endfacet
  facet normal 7.887778e-01 2.112219e-01 5.772478e-01
    outer loop
      vertex 1.682260e+01 -1.371220e+01 5.424048e+01
      vertex 1.644311e+01 -1.229591e+01 5.424079e+01
      vertex 1.328267e+01 -1.276427e+01 5.873078e+01
    endloop
  endfacet
  facet normal -8.591511e-01 -4.741820e-01 -1.923820e-01
    outer loop
      vertex 2.411783e+01 -6.170557e-01 1.633039e+01
      vertex 2.386278e+01 -1.571658e+00 1.982208e+01
      vertex 2.201583e+01 2.867457e+00 1.712951e+01
    endloop
  endfacet
  facet normal -8.591511e-01 -4.741820e-01 -1.923820e-01
    outer loop
      vertex 2.201583e+01 2.867457e+00 1.712951e+01
      vertex 2.386278e+01 -1.571658e+00 1.982208e+01
      vertex 2.141739e+01 3.465836e+00 1.832691e+01
    endloop
  endfacet
  facet normal -4.741820e-01 -8.591511e-01 1.923820e-01
    outer loop
      vertex 2.092470e+01 2.576033e+00 1.313895e+01
      vertex 2.201583e+01 2.867457e+00 1.712951e+01
      vertex 2.141739e+01 3.465836e+00 1.832691e+01
    endloop
  endfacet
  facet normal -4.741820e-01 -8.591511e-01 1.923820e-01
    outer loop
      vertex 1.787582e+01 4.415379e+00 1.383817e+01
      vertex 2.092470e+01 2.576033e+00 1.313895e+01
      vertex 2.141739e+01 3.465836e+00 1.832691e+01
    endloop
  endfacet
  facet normal 5.772479e-01 -5.772479e-01 -5.775549e-01
    outer loop
      vertex 2.972070e+00 -7.921857e-01 4.147201e+00
      vertex 5.151963e+00 1.387701e+00 4.147201e+00
      vertex 5.660078e+00 -1.512878e+00 7.554125e+00
    endloop
  endfacet
  facet normal 5.772479e-01 -5.772479e-01 -5.775549e-01
    outer loop
      vertex 5.660078e+00 -1.512878e+00 7.554125e+00
      vertex 5.151963e+00 1.387701e+00 4.147201e+00
      vertex 1.716752e+01 4.605279e+00 1.294051e+01
    endloop
  endfacet
  facet normal 5.772479e-01 -5.772479e-01 -5.775549e-01
    outer loop
      vertex 5.660078e+00 -1.512878e+00 7.554125e+00
      vertex 1.716752e+01 4.605279e+00 1.294051e+01
      vertex 1.547374e+01 1.115066e+00 1.473604e+01
    endloop
  endfacet
  facet normal 2.112219e-01 7.887778e-01 -5.772478e-01
    outer loop
      vertex 2.173796e+00 2.185201e+00 4.147201e+00
      vertex 4.142099e+00 4.152301e+00 7.555368e+00
      vertex 5.151963e+00 1.387701e+00 4.147201e+00
    endloop
  endfacet
  facet normal 2.112219e-01 7.887778e-01 -5.772478e-01
    outer loop
      vertex 5.151963e+00 1.387701e+00 4.147201e+00
      vertex 4.142099e+00 4.152301e+00 7.555368e+00
      vertex 1.395576e+01 6.780237e+00 1.473728e+01
    endloop
  endfacet
  facet normal 2.112219e-01 7.887778e-01 -5.772478e-01
    outer loop
      vertex 5.151963e+00 1.387701e+00 4.147201e+00
      vertex 1.395576e+01 6.780237e+00 1.473728e+01
      vertex 1.716752e+01 4.605279e+00 1.294051e+01
    endloop
  endfacet
  facet normal -9.811594e-01 -1.884061e-02 -1.922791e-01
    outer loop
      vertex 2.049776e+01 8.532636e+00 1.713078e+01
      vertex 2.027887e+01 7.714725e+00 1.832787e+01
      vertex 2.057590e+01 1.260170e+01 1.633335e+01
    endloop
  endfacet
  facet normal -9.811594e-01 -1.884061e-02 -1.922791e-01
    outer loop
      vertex 2.057590e+01 1.260170e+01 1.633335e+01
      vertex 2.027887e+01 7.714725e+00 1.832787e+01
      vertex 1.987815e+01 1.329945e+01 1.982542e+01
    endloop
  endfacet
  facet normal -8.402081e-01 5.068741e-01 1.926890e-01
    outer loop
      vertex 2.049776e+01 8.532636e+00 1.713078e+01
      vertex 1.940680e+01 8.241212e+00 1.314020e+01
      vertex 2.027887e+01 7.714725e+00 1.832787e+01
    endloop
  endfacet
  facet normal -8.402081e-01 5.068741e-01 1.926890e-01
    outer loop
      vertex 2.027887e+01 7.714725e+00 1.832787e+01
      vertex 1.940680e+01 8.241212e+00 1.314020e+01
      vertex 1.768609e+01 5.123513e+00 1.383838e+01
    endloop
  endfacet
  facet normal 2.112219e-01 7.887778e-01 -5.772478e-01
    outer loop
      vertex 1.395576e+01 6.780237e+00 1.473728e+01
      vertex 1.886259e+01 8.094214e+00 1.832818e+01
      vertex 1.768609e+01 5.123513e+00 1.383838e+01
    endloop
  endfacet
  facet normal 2.112219e-01 7.887778e-01 -5.772478e-01
    outer loop
      vertex 1.768609e+01 5.123513e+00 1.383838e+01
      vertex 1.886259e+01 8.094214e+00 1.832818e+01
      vertex 2.027887e+01 7.714725e+00 1.832787e+01
    endloop
  endfacet
  facet normal 7.027071e-02 2.630630e-01 -9.622161e-01
    outer loop
      vertex 1.570941e+01 1.332099e+01 1.952686e+01
      vertex 1.987815e+01 1.329945e+01 1.982542e+01
      vertex 1.886259e+01 8.094214e+00 1.832818e+01
    endloop
  endfacet
  facet normal 7.027071e-02 2.630630e-01 -9.622161e-01
    outer loop
      vertex 1.886259e+01 8.094214e+00 1.832818e+01
      vertex 1.987815e+01 1.329945e+01 1.982542e+01
      vertex 2.027887e+01 7.714725e+00 1.832787e+01
    endloop
  endfacet
  facet normal 1.922790e-01 -1.922790e-01 -9.623189e-01
    outer loop
      vertex 2.026336e+01 -3.674564e+00 1.952305e+01
      vertex 2.038056e+01 2.429036e+00 1.832691e+01
      vertex 2.386278e+01 -1.571658e+00 1.982208e+01
    endloop
  endfacet
  facet normal 1.922790e-01 -1.922790e-01 -9.623189e-01
    outer loop
      vertex 2.386278e+01 -1.571658e+00 1.982208e+01
      vertex 2.038056e+01 2.429036e+00 1.832691e+01
      vertex 2.141739e+01 3.465836e+00 1.832691e+01
    endloop
  endfacet
  facet normal 5.772479e-01 -5.772479e-01 -5.775549e-01
    outer loop
      vertex 1.547374e+01 1.115066e+00 1.473604e+01
      vertex 1.787582e+01 4.415379e+00 1.383817e+01
      vertex 2.038056e+01 2.429036e+00 1.832691e+01
    endloop
  endfacet
  facet normal 5.772479e-01 -5.772479e-01 -5.775549e-01
    outer loop
      vertex 2.038056e+01 2.429036e+00 1.832691e+01
      vertex 1.787582e+01 4.415379e+00 1.383817e+01
      vertex 2.141739e+01 3.465836e+00 1.832691e+01
    endloop
  endfacet
  facet normal 8.591511e-01 4.741820e-01 1.923820e-01
    outer loop
      vertex 2.028711e+01 1.340889e+01 2.042396e+01
      vertex 1.898107e+01 1.419653e+01 2.431522e+01
      vertex 2.213423e+01 8.969772e+00 2.311653e+01
    endloop
  endfacet
  facet normal 8.591511e-01 4.741820e-01 1.923820e-01
    outer loop
      vertex 2.273267e+01 8.371393e+00 2.191913e+01
      vertex 2.028711e+01 1.340889e+01 2.042396e+01
      vertex 2.213423e+01 8.969772e+00 2.311653e+01
    endloop
  endfacet
  facet normal 4.741820e-01 8.591511e-01 -1.923820e-01
    outer loop
      vertex 2.213423e+01 8.969772e+00 2.311653e+01
      vertex 2.377071e+01 9.406907e+00 2.910229e+01
      vertex 2.273267e+01 8.371393e+00 2.191913e+01
    endloop
  endfacet
  facet normal 4.741820e-01 8.591511e-01 -1.923820e-01
    outer loop
      vertex 2.273267e+01 8.371393e+00 2.191913e+01
      vertex 2.377071e+01 9.406907e+00 2.910229e+01
      vertex 2.627417e+01 7.421850e+00 2.640781e+01
    endloop
  endfacet
  facet normal 9.811594e-01 1.884061e-02 1.922791e-01
    outer loop
      vertex 2.365210e+01 3.304593e+00 2.311525e+01
      vertex 2.353494e+01 -2.799008e+00 2.431138e+01
      vertex 2.427190e+01 -1.462214e+00 2.042061e+01
    endloop
  endfacet
  facet normal 9.811594e-01 1.884061e-02 1.922791e-01
    outer loop
      vertex 2.387108e+01 4.122503e+00 2.191818e+01
      vertex 2.365210e+01 3.304593e+00 2.311525e+01
      vertex 2.427190e+01 -1.462214e+00 2.042061e+01
    endloop
  endfacet
  facet normal 8.402081e-01 -5.068741e-01 -1.926890e-01
    outer loop
      vertex 2.528859e+01 3.741728e+00 2.910101e+01
      vertex 2.365210e+01 3.304593e+00 2.311525e+01
      vertex 2.387108e+01 4.122503e+00 2.191818e+01
    endloop
  endfacet
  facet normal 8.402081e-01 -5.068741e-01 -1.926890e-01
    outer loop
      vertex 2.646390e+01 6.713715e+00 2.640765e+01
      vertex 2.528859e+01 3.741728e+00 2.910101e+01
      vertex 2.387108e+01 4.122503e+00 2.191818e+01
    endloop
  endfacet
  facet normal -9.989929e-01 4.486830e-02 0.000000e+00
    outer loop
      vertex -2.073600e+01 0.000000e+00 0.000000e+00
      vertex -2.073600e+01 0.000000e+00 4.147201e+00
      vertex -2.065252e+01 1.858754e+00 0.000000e+00
    endloop
  endfacet
  facet normal -9.989929e-01 4.486830e-02 0.000000e+00
    outer loop
      vertex -2.065252e+01 1.858754e+00 0.000000e+00
      vertex -2.073600e+01 0.000000e+00 4.147201e+00
      vertex -2.065252e+01 1.858754e+00 4.147201e+00
    endloop
  endfacet
  facet normal -9.909509e-01 1.342250e-01 0.000000e+00
    outer loop
      vertex -2.065252e+01 1.858754e+00 0.000000e+00
      vertex -2.065252e+01 1.858754e+00 4.147201e+00
      vertex -2.040277e+01 3.702558e+00 0.000000e+00
    endloop
  endfacet
  facet normal -9.909509e-01 1.342250e-01 0.000000e+00
    outer loop
      vertex -2.040277e+01 3.702558e+00 0.000000e+00
      vertex -2.065252e+01 1.858754e+00 4.147201e+00
      vertex -2.040277e+01 3.702558e+00 4.147201e+00
    endloop
  endfacet
  facet normal -9.749272e-01 2.225240e-01 0.000000e+00
    outer loop
      vertex -2.040277e+01 3.702558e+00 0.000000e+00
      vertex -2.040277e+01 3.702558e+00 4.147201e+00
      vertex -1.998874e+01 5.516543e+00 0.000000e+00
    endloop
  endfacet
  facet normal -9.749272e-01 2.225240e-01 0.000000e+00
    outer loop
      vertex -1.998874e+01 5.516543e+00 0.000000e+00
      vertex -2.040277e+01 3.702558e+00 4.147201e+00
      vertex -1.998874e+01 5.516543e+00 4.147201e+00
    endloop
  endfacet
  facet normal -9.510565e-01 3.090168e-01 0.000000e+00
    outer loop
      vertex -1.998874e+01 5.516543e+00 0.000000e+00
      vertex -1.998874e+01 5.516543e+00 4.147201e+00
      vertex -1.941377e+01 7.286112e+00 0.000000e+00
    endloop
  endfacet
  facet normal -9.510565e-01 3.090168e-01 0.000000e+00
    outer loop
      vertex -1.941377e+01 7.286112e+00 0.000000e+00
      vertex -1.998874e+01 5.516543e+00 4.147201e+00
      vertex -1.941377e+01 7.286112e+00 4.147201e+00
    endloop
  endfacet
  facet normal -9.195278e-01 3.930250e-01 0.000000e+00
    outer loop
      vertex -1.941377e+01 7.286112e+00 0.000000e+00
      vertex -1.941377e+01 7.286112e+00 4.147201e+00
      vertex -1.868249e+01 8.997019e+00 0.000000e+00
    endloop
  endfacet
  facet normal -9.195278e-01 3.930250e-01 0.000000e+00
    outer loop
      vertex -1.868249e+01 8.997019e+00 0.000000e+00
      vertex -1.941377e+01 7.286112e+00 4.147201e+00
      vertex -1.868249e+01 8.997019e+00 4.147201e+00
    endloop
  endfacet
  facet normal -8.805945e-01 4.738707e-01 0.000000e+00
    outer loop
      vertex -1.868249e+01 8.997019e+00 0.000000e+00
      vertex -1.868249e+01 8.997019e+00 4.147201e+00
      vertex -1.780080e+01 1.063547e+01 0.000000e+00
    endloop
  endfacet
  facet normal -8.805945e-01 4.738707e-01 0.000000e+00
    outer loop
      vertex -1.780080e+01 1.063547e+01 0.000000e+00
      vertex -1.868249e+01 8.997019e+00 4.147201e+00
      vertex -1.780080e+01 1.063547e+01 4.147201e+00
    endloop
  endfacet
  facet normal -8.345724e-01 5.508983e-01 0.000000e+00
    outer loop
      vertex -1.780080e+01 1.063547e+01 0.000000e+00
      vertex -1.780080e+01 1.063547e+01 4.147201e+00
      vertex -1.677578e+01 1.218831e+01 0.000000e+00
    endloop
  endfacet
  facet normal -8.345724e-01 5.508983e-01 0.000000e+00
    outer loop
      vertex -1.677578e+01 1.218831e+01 0.000000e+00
      vertex -1.780080e+01 1.063547e+01 4.147201e+00
      vertex -1.677578e+01 1.218831e+01 4.147201e+00
    endloop
  endfacet
  facet normal -7.818312e-01 6.234902e-01 0.000000e+00
    outer loop
      vertex -1.677578e+01 1.218831e+01 0.000000e+00
      vertex -1.677578e+01 1.218831e+01 4.147201e+00
      vertex -1.561568e+01 1.364302e+01 0.000000e+00
    endloop
  endfacet
  facet normal -7.818312e-01 6.234902e-01 0.000000e+00
    outer loop
      vertex -1.561568e+01 1.364302e+01 0.000000e+00
      vertex -1.677578e+01 1.218831e+01 4.147201e+00
      vertex -1.561568e+01 1.364302e+01 4.147201e+00
    endloop
  endfacet
  facet normal -7.227986e-01 6.910586e-01 0.000000e+00
    outer loop
      vertex -1.561568e+01 1.364302e+01 0.000000e+00
      vertex -1.561568e+01 1.364302e+01 4.147201e+00
      vertex -1.432988e+01 1.498788e+01 0.000000e+00
    endloop
  endfacet
  facet normal -7.227986e-01 6.910586e-01 0.000000e+00
    outer loop
      vertex -1.432988e+01 1.498788e+01 0.000000e+00
      vertex -1.561568e+01 1.364302e+01 4.147201e+00
      vertex -1.432988e+01 1.498788e+01 4.147201e+00
    endloop
  endfacet
  facet normal -6.579338e-01 7.530758e-01 0.000000e+00
    outer loop
      vertex -1.432988e+01 1.498788e+01 0.000000e+00
      vertex -1.432988e+01 1.498788e+01 4.147201e+00
      vertex -1.292869e+01 1.621205e+01 0.000000e+00
    endloop
  endfacet
  facet normal -6.579338e-01 7.530758e-01 0.000000e+00
    outer loop
      vertex -1.292869e+01 1.621205e+01 0.000000e+00
      vertex -1.432988e+01 1.498788e+01 4.147201e+00
      vertex -1.292869e+01 1.621205e+01 4.147201e+00
    endloop
  endfacet
  facet normal -5.877862e-01 8.090162e-01 0.000000e+00
    outer loop
      vertex -1.292869e+01 1.621205e+01 0.000000e+00
      vertex -1.292869e+01 1.621205e+01 4.147201e+00
      vertex -1.142340e+01 1.730571e+01 0.000000e+00
    endloop
  endfacet
  facet normal -5.877862e-01 8.090162e-01 0.000000e+00
    outer loop
      vertex -1.142340e+01 1.730571e+01 0.000000e+00
      vertex -1.292869e+01 1.621205e+01 4.147201e+00
      vertex -1.142340e+01 1.730571e+01 4.147201e+00
    endloop
  endfacet
  facet normal -5.129071e-01 8.584441e-01 0.000000e+00
    outer loop
      vertex -1.142340e+01 1.730571e+01 0.000000e+00
      vertex -1.142340e+01 1.730571e+01 4.147201e+00
      vertex -9.826147e+00 1.826004e+01 0.000000e+00
    endloop
  endfacet
  facet normal -5.129071e-01 8.584441e-01 0.000000e+00
    outer loop
      vertex -9.826147e+00 1.826004e+01 0.000000e+00
      vertex -1.142340e+01 1.730571e+01 4.147201e+00
      vertex -9.826147e+00 1.826004e+01 4.147201e+00
    endloop
  endfacet
  facet normal -4.338799e-01 9.009708e-01 0.000000e+00
    outer loop
      vertex -9.826147e+00 1.826004e+01 0.000000e+00
      vertex -9.826147e+00 1.826004e+01 4.147201e+00
      vertex -8.149767e+00 1.906733e+01 0.000000e+00
    endloop
  endfacet
  facet normal -4.338799e-01 9.009708e-01 0.000000e+00
    outer loop
      vertex -8.149767e+00 1.906733e+01 0.000000e+00
      vertex -9.826147e+00 1.826004e+01 4.147201e+00
      vertex -8.149767e+00 1.906733e+01 4.147201e+00
    endloop
  endfacet
  facet normal -3.513770e-01 9.362340e-01 0.000000e+00
    outer loop
      vertex -8.149767e+00 1.906733e+01 0.000000e+00
      vertex -8.149767e+00 1.906733e+01 4.147201e+00
      vertex -6.407777e+00 1.972112e+01 0.000000e+00
    endloop
  endfacet
  facet normal -3.513770e-01 9.362340e-01 0.000000e+00
    outer loop
      vertex -6.407777e+00 1.972112e+01 0.000000e+00
      vertex -8.149767e+00 1.906733e+01 4.147201e+00
      vertex -6.407777e+00 1.972112e+01 4.147201e+00
    endloop
  endfacet
  facet normal -2.660329e-01 9.639639e-01 0.000000e+00
    outer loop
      vertex -6.407777e+00 1.972112e+01 0.000000e+00
      vertex -6.407777e+00 1.972112e+01 4.147201e+00
      vertex -4.614196e+00 2.021611e+01 0.000000e+00
    endloop
  endfacet
  facet normal -2.660329e-01 9.639639e-01 0.000000e+00
    outer loop
      vertex -4.614196e+00 2.021611e+01 0.000000e+00
      vertex -6.407777e+00 1.972112e+01 4.147201e+00
      vertex -4.614196e+00 2.021611e+01 4.147201e+00
    endloop
  endfacet
  facet normal -1.785581e-01 9.839294e-01 0.000000e+00
    outer loop
      vertex -4.614196e+00 2.021611e+01 0.000000e+00
      vertex -4.614196e+00 2.021611e+01 4.147201e+00
      vertex -2.783455e+00 2.054834e+01 0.000000e+00
    endloop
  endfacet
  facet normal -1.785581e-01 9.839294e-01 0.000000e+00
    outer loop
      vertex -2.783455e+00 2.054834e+01 0.000000e+00
      vertex -4.614196e+00 2.021611e+01 4.147201e+00
      vertex -2.783455e+00 2.054834e+01 4.147201e+00
    endloop
  endfacet
  facet normal -8.963636e-02 9.959745e-01 0.000000e+00
    outer loop
      vertex -2.783455e+00 2.054834e+01 0.000000e+00
      vertex -2.783455e+00 2.054834e+01 4.147201e+00
      vertex -9.303207e-01 2.071512e+01 0.000000e+00
    endloop
  endfacet
  facet normal -8.963636e-02 9.959745e-01 0.000000e+00
    outer loop
      vertex -9.303207e-01 2.071512e+01 0.000000e+00
      vertex -2.783455e+00 2.054834e+01 4.147201e+00
      vertex -9.303207e-01 2.071512e+01 4.147201e+00
    endloop
  endfacet
  facet normal 0.000000e+00 1.000000e+00 0.000000e+00
    outer loop
      vertex -9.303207e-01 2.071512e+01 0.000000e+00
      vertex -9.303207e-01 2.071512e+01 4.147201e+00
      vertex 9.303207e-01 2.071512e+01 0.000000e+00
    endloop
  endfacet
  facet normal 0.000000e+00 1.000000e+00 0.000000e+00
    outer loop
      vertex 9.303207e-01 2.071512e+01 0.000000e+00
      vertex -9.303207e-01 2.071512e+01 4.147201e+00
      vertex 9.303207e-01 2.071512e+01 4.147201e+00
    endloop
  endfacet
  facet normal 8.963636e-02 9.959745e-01 0.000000e+00
    outer loop
      vertex 9.303207e-01 2.071512e+01 0.000000e+00
      vertex 9.303207e-01 2.071512e+01 4.147201e+00
      vertex 2.783455e+00 2.054834e+01 0.000000e+00
    endloop
  endfacet
  facet normal 8.963636e-02 9.959745e-01 0.000000e+00
    outer loop
      vertex 2.783455e+00 2.054834e+01 0.000000e+00
      vertex 9.303207e-01 2.071512e+01 4.147201e+00
      vertex 2.783455e+00 2.054834e+01 4.147201e+00
    endloop
  endfacet
  facet normal 1.785581e-01 9.839294e-01 0.000000e+00
    outer loop
      vertex 2.783455e+00 2.054834e+01 0.000000e+00
      vertex 2.783455e+00 2.054834e+01 4.147201e+00
      vertex 4.614196e+00 2.021611e+01 0.000000e+00
    endloop
  endfacet
  facet normal 1.785581e-01 9.839294e-01 0.000000e+00
    outer loop
      vertex 4.614196e+00 2.021611e+01 0.000000e+00
      vertex 2.783455e+00 2.054834e+01 4.147201e+00
      vertex 4.614196e+00 2.021611e+01 4.147201e+00
    endloop
  endfacet
  facet normal 2.660329e-01 9.639639e-01 0.000000e+00
    outer loop
      vertex 4.614196e+00 2.021611e+01 0.000000e+00
      vertex 4.614196e+00 2.021611e+01 4.147201e+00
      vertex 6.407777e+00 1.972112e+01 0.000000e+00
    endloop
  endfacet
  facet normal 2.660329e-01 9.639639e-01 0.000000e+00
    outer loop
      vertex 6.407777e+00 1.972112e+01 0.000000e+00
      vertex 4.614196e+00 2.021611e+01 4.147201e+00
      vertex 6.407777e+00 1.972112e+01 4.147201e+00
    endloop
  endfacet
  facet normal 3.513770e-01 9.362340e-01 0.000000e+00
    outer loop
      vertex 6.407777e+00 1.972112e+01 0.000000e+00
      vertex 6.407777e+00 1.972112e+01 4.147201e+00
      vertex 8.149767e+00 1.906733e+01 0.000000e+00
    endloop
  endfacet
  facet normal 3.513770e-01 9.362340e-01 0.000000e+00
    outer loop
      vertex 8.149767e+00 1.906733e+01 0.000000e+00
      vertex 6.407777e+00 1.972112e+01 4.147201e+00
      vertex 8.149767e+00 1.906733e+01 4.147201e+00
    endloop
  endfacet
  facet normal 4.338799e-01 9.009708e-01 0.000000e+00
    outer loop
      vertex 8.149767e+00 1.906733e+01 0.000000e+00
      vertex 8.149767e+00 1.906733e+01 4.147201e+00
      vertex 9.826147e+00 1.826004e+01 0.000000e+00
    endloop
  endfacet
  facet normal 4.338799e-01 9.009708e-01 0.000000e+00
    outer loop
      vertex 9.826147e+00 1.826004e+01 0.000000e+00
      vertex 8.149767e+00 1.906733e+01 4.147201e+00
      vertex 9.826147e+00 1.826004e+01 4.147201e+00
    endloop
  endfacet
  facet normal 5.129071e-01 8.584441e-01 0.000000e+00
    outer loop
      vertex 9.826147e+00 1.826004e+01 0.000000e+00
      vertex 9.826147e+00 1.826004e+01 4.147201e+00
      vertex 1.142340e+01 1.730571e+01 0.000000e+00
    endloop
  endfacet
  facet normal 5.129071e-01 8.584441e-01 0.000000e+00
    outer loop
      vertex 1.142340e+01 1.730571e+01 0.000000e+00
      vertex 9.826147e+00 1.826004e+01 4.147201e+00
      vertex 1.142340e+01 1.730571e+01 4.147201e+00
    endloop
  endfacet
  facet normal 5.877862e-01 8.090162e-01 0.000000e+00
    outer loop
      vertex 1.142340e+01 1.730571e+01 0.000000e+00
      vertex 1.142340e+01 1.730571e+01 4.147201e+00
      vertex 1.292869e+01 1.621205e+01 0.000000e+00
    endloop
  endfacet
  facet normal 5.877862e-01 8.090162e-01 0.000000e+00
    outer loop
      vertex 1.292869e+01 1.621205e+01 0.000000e+00
      vertex 1.142340e+01 1.730571e+01 4.147201e+00
      vertex 1.292869e+01 1.621205e+01 4.147201e+00
    endloop
  endfacet
  facet normal 6.579338e-01 7.530758e-01 0.000000e+00
    outer loop
      vertex 1.292869e+01 1.621205e+01 0.000000e+00
      vertex 1.292869e+01 1.621205e+01 4.147201e+00
      vertex 1.432988e+01 1.498788e+01 0.000000e+00
    endloop
  endfacet
  facet normal 6.579338e-01 7.530758e-01 0.000000e+00
    outer loop
      vertex 1.432988e+01 1.498788e+01 0.000000e+00
      vertex 1.292869e+01 1.621205e+01 4.147201e+00
      vertex 1.432988e+01 1.498788e+01 4.147201e+00
    endloop
  endfacet
  facet normal 7.227986e-01 6.910586e-01 0.000000e+00
    outer loop
      vertex 1.561568e+01 1.364302e+01 0.000000e+00
      vertex 1.432988e+01 1.498788e+01 0.000000e+00
      vertex 1.432988e+01 1.498788e+01 4.147201e+00
    endloop
  endfacet
  facet normal 7.227986e-01 6.910586e-01 0.000000e+00
    outer loop
      vertex 1.561568e+01 1.364302e+01 4.147201e+00
      vertex 1.561568e+01 1.364302e+01 0.000000e+00
      vertex 1.432988e+01 1.498788e+01 4.147201e+00
    endloop
  endfacet
  facet normal 7.818312e-01 6.234902e-01 0.000000e+00
    outer loop
      vertex 1.677578e+01 1.218831e+01 0.000000e+00
      vertex 1.561568e+01 1.364302e+01 0.000000e+00
      vertex 1.561568e+01 1.364302e+01 4.147201e+00
    endloop
  endfacet
  facet normal 7.818312e-01 6.234902e-01 0.000000e+00
    outer loop
      vertex 1.677578e+01 1.218831e+01 4.147201e+00
      vertex 1.677578e+01 1.218831e+01 0.000000e+00
      vertex 1.561568e+01 1.364302e+01 4.147201e+00
    endloop
  endfacet
  facet normal 8.345724e-01 5.508983e-01 0.000000e+00
    outer loop
      vertex 1.780080e+01 1.063547e+01 0.000000e+00
      vertex 1.677578e+01 1.218831e+01 0.000000e+00
      vertex 1.677578e+01 1.218831e+01 4.147201e+00
    endloop
  endfacet
  facet normal 8.345724e-01 5.508983e-01 0.000000e+00
    outer loop
      vertex 1.780080e+01 1.063547e+01 4.147201e+00
      vertex 1.780080e+01 1.063547e+01 0.000000e+00
      vertex 1.677578e+01 1.218831e+01 4.147201e+00
    endloop
  endfacet
  facet normal 8.805945e-01 4.738707e-01 0.000000e+00
    outer loop
      vertex 1.868249e+01 8.997019e+00 0.000000e+00
      vertex 1.780080e+01 1.063547e+01 0.000000e+00
      vertex 1.780080e+01 1.063547e+01 4.147201e+00
    endloop
  endfacet
  facet normal 8.805945e-01 4.738707e-01 0.000000e+00
    outer loop
      vertex 1.868249e+01 8.997019e+00 4.147201e+00
      vertex 1.868249e+01 8.997019e+00 0.000000e+00
      vertex 1.780080e+01 1.063547e+01 4.147201e+00
    endloop
  endfacet
  facet normal 9.195278e-01 3.930250e-01 0.000000e+00
    outer loop
      vertex 1.941377e+01 7.286112e+00 0.000000e+00
      vertex 1.868249e+01 8.997019e+00 0.000000e+00
      vertex 1.868249e+01 8.997019e+00 4.147201e+00
    endloop
  endfacet
  facet normal 9.195278e-01 3.930250e-01 0.000000e+00
    outer loop
      vertex 1.941377e+01 7.286112e+00 4.147201e+00
      vertex 1.941377e+01 7.286112e+00 0.000000e+00
      vertex 1.868249e+01 8.997019e+00 4.147201e+00
    endloop
  endfacet
  facet normal 9.510565e-01 3.090168e-01 0.000000e+00
    outer loop
      vertex 1.998874e+01 5.516543e+00 0.000000e+00
      vertex 1.941377e+01 7.286112e+00 0.000000e+00
      vertex 1.941377e+01 7.286112e+00 4.147201e+00
    endloop
  endfacet
  facet normal 9.510565e-01 3.090168e-01 0.000000e+00
    outer loop
      vertex 1.998874e+01 5.516543e+00 4.147201e+00
      vertex 1.998874e+01 5.516543e+00 0.000000e+00
      vertex 1.941377e+01 7.286112e+00 4.147201e+00
    endloop
  endfacet
  facet normal 9.749272e-01 2.225240e-01 0.000000e+00
    outer loop
      vertex 2.040277e+01 3.702558e+00 0.000000e+00
      vertex 1.998874e+01 5.516543e+00 0.000000e+00
      vertex 1.998874e+01 5.516543e+00 4.147201e+00
    endloop
  endfacet
  facet normal 9.749272e-01 2.225240e-01 0.000000e+00
    outer loop
      vertex 2.040277e+01 3.702558e+00 4.147201e+00
      vertex 2.040277e+01 3.702558e+00 0.000000e+00
      vertex 1.998874e+01 5.516543e+00 4.147201e+00
    endloop
  endfacet
  facet normal 9.909509e-01 1.342250e-01 0.000000e+00
    outer loop
      vertex 2.065252e+01 1.858754e+00 0.000000e+00
      vertex 2.040277e+01 3.702558e+00 0.000000e+00
      vertex 2.040277e+01 3.702558e+00 4.147201e+00
    endloop
  endfacet
  facet normal 9.909509e-01 1.342250e-01 0.000000e+00
    outer loop
      vertex 2.065252e+01 1.858754e+00 4.147201e+00
      vertex 2.065252e+01 1.858754e+00 0.000000e+00
      vertex 2.040277e+01 3.702558e+00 4.147201e+00
    endloop
  endfacet
  facet normal 9.989929e-01 4.486830e-02 0.000000e+00
    outer loop
      vertex 2.073600e+01 0.000000e+00 0.000000e+00
      vertex 2.065252e+01 1.858754e+00 0.000000e+00
      vertex 2.065252e+01 1.858754e+00 4.147201e+00
    endloop
  endfacet
  facet normal 9.989929e-01 4.486830e-02 0.000000e+00
    outer loop
      vertex 2.073600e+01 0.000000e+00 4.147201e+00
      vertex 2.073600e+01 0.000000e+00 0.000000e+00
      vertex 2.065252e+01 1.858754e+00 4.147201e+00
    endloop
  endfacet
  facet normal 9.989929e-01 -4.486830e-02 0.000000e+00
    outer loop
      vertex 2.065252e+01 -1.858754e+00 4.147201e+00
      vertex 2.065252e+01 -1.858754e+00 0.000000e+00
      vertex 2.073600e+01 0.000000e+00 0.000000e+00
    endloop
  endfacet
  facet normal 9.989929e-01 -4.486830e-02 0.000000e+00
    outer loop
      vertex 2.073600e+01 0.000000e+00 4.147201e+00
      vertex 2.065252e+01 -1.858754e+00 4.147201e+00
      vertex 2.073600e+01 0.000000e+00 0.000000e+00
    endloop
  endfacet
  facet normal 9.909509e-01 -1.342250e-01 0.000000e+00
    outer loop
      vertex 2.040277e+01 -3.702558e+00 4.147201e+00
      vertex 2.040277e+01 -3.702558e+00 0.000000e+00
      vertex 2.065252e+01 -1.858754e+00 0.000000e+00
    endloop
  endfacet
  facet normal 9.909509e-01 -1.342250e-01 0.000000e+00
    outer loop
      vertex 2.065252e+01 -1.858754e+00 4.147201e+00
      vertex 2.040277e+01 -3.702558e+00 4.147201e+00
      vertex 2.065252e+01 -1.858754e+00 0.000000e+00
    endloop
  endfacet
  facet normal 9.749272e-01 -2.225240e-01 0.000000e+00
    outer loop
      vertex 1.998874e+01 -5.516543e+00 4.147201e+00
      vertex 1.998874e+01 -5.516543e+00 0.000000e+00
      vertex 2.040277e+01 -3.702558e+00 0.000000e+00
    endloop
  endfacet
  facet normal 9.749272e-01 -2.225240e-01 0.000000e+00
    outer loop
      vertex 2.040277e+01 -3.702558e+00 4.147201e+00
      vertex 1.998874e+01 -5.516543e+00 4.147201e+00
      vertex 2.040277e+01 -3.702558e+00 0.000000e+00
    endloop
  endfacet
  facet normal 9.510565e-01 -3.090168e-01 0.000000e+00
    outer loop
      vertex 1.941377e+01 -7.286112e+00 4.147201e+00
      vertex 1.941377e+01 -7.286112e+00 0.000000e+00
      vertex 1.998874e+01 -5.516543e+00 0.000000e+00
    endloop
  endfacet
  facet normal 9.510565e-01 -3.090168e-01 0.000000e+00
    outer loop
      vertex 1.998874e+01 -5.516543e+00 4.147201e+00
      vertex 1.941377e+01 -7.286112e+00 4.147201e+00
      vertex 1.998874e+01 -5.516543e+00 0.000000e+00
    endloop
  endfacet
  facet normal 9.195278e-01 -3.930250e-01 0.000000e+00
    outer loop
      vertex 1.868249e+01 -8.997019e+00 4.147201e+00
      vertex 1.868249e+01 -8.997019e+00 0.000000e+00
      vertex 1.941377e+01 -7.286112e+00 0.000000e+00
    endloop
  endfacet
  facet normal 9.195278e-01 -3.930250e-01 0.000000e+00
    outer loop
      vertex 1.941377e+01 -7.286112e+00 4.147201e+00
      vertex 1.868249e+01 -8.997019e+00 4.147201e+00
      vertex 1.941377e+01 -7.286112e+00 0.000000e+00
    endloop
  endfacet
  facet normal 8.805945e-01 -4.738707e-01 0.000000e+00
    outer loop
      vertex 1.780080e+01 -1.063547e+01 4.147201e+00
      vertex 1.780080e+01 -1.063547e+01 0.000000e+00
      vertex 1.868249e+01 -8.997019e+00 0.000000e+00
    endloop
  endfacet
  facet normal 8.805945e-01 -4.738707e-01 0.000000e+00
    outer loop
      vertex 1.868249e+01 -8.997019e+00 4.147201e+00
      vertex 1.780080e+01 -1.063547e+01 4.147201e+00
      vertex 1.868249e+01 -8.997019e+00 0.000000e+00
    endloop
  endfacet
  facet normal 8.345724e-01 -5.508983e-01 0.000000e+00
    outer loop
      vertex 1.677578e+01 -1.218831e+01 4.147201e+00
      vertex 1.677578e+01 -1.218831e+01 0.000000e+00
      vertex 1.780080e+01 -1.063547e+01 0.000000e+00
    endloop
  endfacet
  facet normal 8.345724e-01 -5.508983e-01 0.000000e+00
    outer loop
      vertex 1.780080e+01 -1.063547e+01 4.147201e+00
      vertex 1.677578e+01 -1.218831e+01 4.147201e+00
      vertex 1.780080e+01 -1.063547e+01 0.000000e+00
    endloop
  endfacet
  facet normal 7.818312e-01 -6.234902e-01 0.000000e+00
    outer loop
      vertex 1.561568e+01 -1.364302e+01 4.147201e+00
      vertex 1.561568e+01 -1.364302e+01 0.000000e+00
      vertex 1.677578e+01 -1.218831e+01 0.000000e+00
    endloop
  endfacet
  facet normal 7.818312e-01 -6.234902e-01 0.000000e+00
    outer loop
      vertex 1.677578e+01 -1.218831e+01 4.147201e+00
      vertex 1.561568e+01 -1.364302e+01 4.147201e+00
      vertex 1.677578e+01 -1.218831e+01 0.000000e+00
    endloop
  endfacet
  facet normal 7.227986e-01 -6.910586e-01 0.000000e+00
    outer loop
      vertex 1.432988e+01 -1.498788e+01 4.147201e+00
      vertex 1.432988e+01 -1.498788e+01 0.000000e+00
      vertex 1.561568e+01 -1.364302e+01 0.000000e+00
    endloop
  endfacet
  facet normal 7.227986e-01 -6.910586e-01 0.000000e+00
    outer loop
      vertex 1.561568e+01 -1.364302e+01 4.147201e+00
      vertex 1.432988e+01 -1.498788e+01 4.147201e+00
      vertex 1.561568e+01 -1.364302e+01 0.000000e+00
    endloop
  endfacet
  facet normal 6.579338e-01 -7.530758e-01 0.000000e+00
    outer loop
      vertex 1.292869e+01 -1.621205e+01 4.147201e+00
      vertex 1.292869e+01 -1.621205e+01 0.000000e+00
      vertex 1.432988e+01 -1.498788e+01 0.000000e+00
    endloop
  endfacet
  facet normal 6.579338e-01 -7.530758e-01 0.000000e+00
    outer loop
      vertex 1.432988e+01 -1.498788e+01 4.147201e+00
      vertex 1.292869e+01 -1.621205e+01 4.147201e+00
      vertex 1.432988e+01 -1.498788e+01 0.000000e+00
    endloop
  endfacet
  facet normal 5.877862e-01 -8.090162e-01 0.000000e+00
    outer loop
      vertex 1.142340e+01 -1.730571e+01 4.147201e+00
      vertex 1.142340e+01 -1.730571e+01 0.000000e+00
      vertex 1.292869e+01 -1.621205e+01 0.000000e+00
    endloop
  endfacet
  facet normal 5.877862e-01 -8.090162e-01 0.000000e+00
    outer loop
      vertex 1.292869e+01 -1.621205e+01 4.147201e+00
      vertex 1.142340e+01 -1.730571e+01 4.147201e+00
      vertex 1.292869e+01 -1.621205e+01 0.000000e+00
    endloop
  endfacet
  facet normal 5.129071e-01 -8.584441e-01 0.000000e+00
    outer loop
      vertex 9.826147e+00 -1.826004e+01 4.147201e+00
      vertex 9.826147e+00 -1.826004e+01 0.000000e+00
      vertex 1.142340e+01 -1.730571e+01 0.000000e+00
    endloop
  endfacet
  facet normal 5.129071e-01 -8.584441e-01 0.000000e+00
    outer loop
      vertex 1.142340e+01 -1.730571e+01 4.147201e+00
      vertex 9.826147e+00 -1.826004e+01 4.147201e+00
      vertex 1.142340e+01 -1.730571e+01 0.000000e+00
    endloop
  endfacet
  facet normal 4.338799e-01 -9.009708e-01 0.000000e+00
    outer loop
      vertex 8.149767e+00 -1.906733e+01 4.147201e+00
      vertex 8.149767e+00 -1.906733e+01 0.000000e+00
      vertex 9.826147e+00 -1.826004e+01 0.000000e+00
    endloop
  endfacet
  facet normal 4.338799e-01 -9.009708e-01 0.000000e+00
    outer loop
      vertex 9.826147e+00 -1.826004e+01 4.147201e+00
      vertex 8.149767e+00 -1.906733e+01 4.147201e+00
      vertex 9.826147e+00 -1.826004e+01 0.000000e+00
    endloop
  endfacet
  facet normal 3.513770e-01 -9.362340e-01 0.000000e+00
    outer loop
      vertex 6.407777e+00 -1.972112e+01 4.147201e+00
      vertex 6.407777e+00 -1.972112e+01 0.000000e+00
      vertex 8.149767e+00 -1.906733e+01 0.000000e+00
    endloop
  endfacet
  facet normal 3.513770e-01 -9.362340e-01 0.000000e+00
    outer loop
      vertex 8.149767e+00 -1.906733e+01 4.147201e+00
      vertex 6.407777e+00 -1.972112e+01 4.147201e+00
      vertex 8.149767e+00 -1.906733e+01 0.000000e+00
    endloop
  endfacet
  facet normal 2.660329e-01 -9.639639e-01 0.000000e+00
    outer loop
      vertex 4.614196e+00 -2.021611e+01 4.147201e+00
      vertex 4.614196e+00 -2.021611e+01 0.000000e+00
      vertex 6.407777e+00 -1.972112e+01 0.000000e+00
    endloop
  endfacet
  facet normal 2.660329e-01 -9.639639e-01 0.000000e+00
    outer loop
      vertex 6.407777e+00 -1.972112e+01 4.147201e+00
      vertex 4.614196e+00 -2.021611e+01 4.147201e+00
      vertex 6.407777e+00 -1.972112e+01 0.000000e+00
    endloop
  endfacet
  facet normal 1.785581e-01 -9.839294e-01 0.000000e+00
    outer loop
      vertex 2.783455e+00 -2.054834e+01 4.147201e+00
      vertex 2.783455e+00 -2.054834e+01 0.000000e+00
      vertex 4.614196e+00 -2.021611e+01 0.000000e+00
    endloop
  endfacet
  facet normal 1.785581e-01 -9.839294e-01 0.000000e+00
    outer loop
      vertex 4.614196e+00 -2.021611e+01 4.147201e+00
      vertex 2.783455e+00 -2.054834e+01 4.147201e+00
      vertex 4.614196e+00 -2.021611e+01 0.000000e+00
    endloop
  endfacet
  facet normal 8.963636e-02 -9.959745e-01 0.000000e+00
    outer loop
      vertex 9.303207e-01 -2.071512e+01 4.147201e+00
      vertex 9.303207e-01 -2.071512e+01 0.000000e+00
      vertex 2.783455e+00 -2.054834e+01 0.000000e+00
    endloop
  endfacet
  facet normal 8.963636e-02 -9.959745e-01 0.000000e+00
    outer loop
      vertex 2.783455e+00 -2.054834e+01 4.147201e+00
      vertex 9.303207e-01 -2.071512e+01 4.147201e+00
      vertex 2.783455e+00 -2.054834e+01 0.000000e+00
    endloop
  endfacet
  facet normal 0.000000e+00 -1.000000e+00 0.000000e+00
    outer loop
      vertex -9.303207e-01 -2.071512e+01 4.147201e+00
      vertex -9.303207e-01 -2.071512e+01 0.000000e+00
      vertex 9.303207e-01 -2.071512e+01 0.000000e+00
    endloop
  endfacet
  facet normal 0.000000e+00 -1.000000e+00 0.000000e+00
    outer loop
      vertex 9.303207e-01 -2.071512e+01 4.147201e+00
      vertex -9.303207e-01 -2.071512e+01 4.147201e+00
      vertex 9.303207e-01 -2.071512e+01 0.000000e+00
    endloop
  endfacet
  facet normal -8.963636e-02 -9.959745e-01 0.000000e+00
    outer loop
      vertex -2.783455e+00 -2.054834e+01 4.147201e+00
      vertex -2.783455e+00 -2.054834e+01 0.000000e+00
      vertex -9.303207e-01 -2.071512e+01 0.000000e+00
    endloop
  endfacet
  facet normal -8.963636e-02 -9.959745e-01 0.000000e+00
    outer loop
      vertex -9.303207e-01 -2.071512e+01 4.147201e+00
      vertex -2.783455e+00 -2.054834e+01 4.147201e+00
      vertex -9.303207e-01 -2.071512e+01 0.000000e+00
    endloop
  endfacet
  facet normal -1.785581e-01 -9.839294e-01 0.000000e+00
    outer loop
      vertex -4.614196e+00 -2.021611e+01 4.147201e+00
      vertex -4.614196e+00 -2.021611e+01 0.000000e+00
      vertex -2.783455e+00 -2.054834e+01 0.000000e+00
    endloop
  endfacet
  facet normal -1.785581e-01 -9.839294e-01 0.000000e+00
    outer loop
      vertex -2.783455e+00 -2.054834e+01 4.147201e+00
      vertex -4.614196e+00 -2.021611e+01 4.147201e+00
      vertex -2.783455e+00 -2.054834e+01 0.000000e+00
    endloop
  endfacet
  facet normal -2.660329e-01 -9.639639e-01 0.000000e+00
    outer loop
      vertex -6.407777e+00 -1.972112e+01 4.147201e+00
      vertex -6.407777e+00 -1.972112e+01 0.000000e+00
      vertex -4.614196e+00 -2.021611e+01 0.000000e+00
    endloop
  endfacet
  facet normal -2.660329e-01 -9.639639e-01 0.000000e+00
    outer loop
      vertex -4.614196e+00 -2.021611e+01 4.147201e+00
      vertex -6.407777e+00 -1.972112e+01 4.147201e+00
      vertex -4.614196e+00 -2.021611e+01 0.000000e+00
    endloop
  endfacet
  facet normal -3.513770e-01 -9.362340e-01 0.000000e+00
    outer loop
      vertex -8.149767e+00 -1.906733e+01 4.147201e+00
      vertex -8.149767e+00 -1.906733e+01 0.000000e+00
      vertex -6.407777e+00 -1.972112e+01 0.000000e+00
    endloop
  endfacet
  facet normal -3.513770e-01 -9.362340e-01 0.000000e+00
    outer loop
      vertex -6.407777e+00 -1.972112e+01 4.147201e+00
      vertex -8.149767e+00 -1.906733e+01 4.147201e+00
      vertex -6.407777e+00 -1.972112e+01 0.000000e+00
    endloop
  endfacet
  facet normal -4.338799e-01 -9.009708e-01 0.000000e+00
    outer loop
      vertex -9.826147e+00 -1.826004e+01 4.147201e+00
      vertex -9.826147e+00 -1.826004e+01 0.000000e+00
      vertex -8.149767e+00 -1.906733e+01 0.000000e+00
    endloop
  endfacet
  facet normal -4.338799e-01 -9.009708e-01 0.000000e+00
    outer loop
      vertex -8.149767e+00 -1.906733e+01 4.147201e+00
      vertex -9.826147e+00 -1.826004e+01 4.147201e+00
      vertex -8.149767e+00 -1.906733e+01 0.000000e+00
    endloop
  endfacet
  facet normal -5.129071e-01 -8.584441e-01 0.000000e+00
    outer loop
      vertex -1.142340e+01 -1.730571e+01 4.147201e+00
      vertex -1.142340e+01 -1.730571e+01 0.000000e+00
      vertex -9.826147e+00 -1.826004e+01 0.000000e+00
    endloop
  endfacet
  facet normal -5.129071e-01 -8.584441e-01 0.000000e+00
    outer loop
      vertex -9.826147e+00 -1.826004e+01 4.147201e+00
      vertex -1.142340e+01 -1.730571e+01 4.147201e+00
      vertex -9.826147e+00 -1.826004e+01 0.000000e+00
    endloop
  endfacet
  facet normal -5.877862e-01 -8.090162e-01 0.000000e+00
    outer loop
      vertex -1.292869e+01 -1.621205e+01 4.147201e+00
      vertex -1.292869e+01 -1.621205e+01 0.000000e+00
      vertex -1.142340e+01 -1.730571e+01 0.000000e+00
    endloop
  endfacet
  facet normal -5.877862e-01 -8.090162e-01 0.000000e+00
    outer loop
      vertex -1.142340e+01 -1.730571e+01 4.147201e+00
      vertex -1.292869e+01 -1.621205e+01 4.147201e+00
      vertex -1.142340e+01 -1.730571e+01 0.000000e+00
    endloop
  endfacet
  facet normal -6.579338e-01 -7.530758e-01 0.000000e+00
    outer loop
      vertex -1.432988e+01 -1.498788e+01 4.147201e+00
      vertex -1.432988e+01 -1.498788e+01 0.000000e+00
      vertex -1.292869e+01 -1.621205e+01 0.000000e+00
    endloop
  endfacet
  facet normal -6.579338e-01 -7.530758e-01 0.000000e+00
    outer loop
      vertex -1.292869e+01 -1.621205e+01 4.147201e+00
      vertex -1.432988e+01 -1.498788e+01 4.147201e+00
      vertex -1.292869e+01 -1.621205e+01 0.000000e+00
    endloop
  endfacet
  facet normal -7.227986e-01 -6.910586e-01 -0.000000e+00
    outer loop
      vertex -1.561568e+01 -1.364302e+01 0.000000e+00
      vertex -1.432988e+01 -1.498788e+01 0.000000e+00
      vertex -1.561568e+01 -1.364302e+01 4.147201e+00
    endloop
  endfacet
  facet normal -7.227986e-01 -6.910586e-01 0.000000e+00
    outer loop
      vertex -1.561568e+01 -1.364302e+01 4.147201e+00
      vertex -1.432988e+01 -1.498788e+01 0.000000e+00
      vertex -1.432988e+01 -1.498788e+01 4.147201e+00
    endloop
  endfacet
  facet normal -7.818312e-01 -6.234902e-01 -0.000000e+00
    outer loop
      vertex -1.677578e+01 -1.218831e+01 0.000000e+00
      vertex -1.561568e+01 -1.364302e+01 0.000000e+00
      vertex -1.677578e+01 -1.218831e+01 4.147201e+00
    endloop
  endfacet
  facet normal -7.818312e-01 -6.234902e-01 0.000000e+00
    outer loop
      vertex -1.677578e+01 -1.218831e+01 4.147201e+00
      vertex -1.561568e+01 -1.364302e+01 0.000000e+00
      vertex -1.561568e+01 -1.364302e+01 4.147201e+00
    endloop
  endfacet
  facet normal -8.345724e-01 -5.508983e-01 -0.000000e+00
    outer loop
      vertex -1.780080e+01 -1.063547e+01 0.000000e+00
      vertex -1.677578e+01 -1.218831e+01 0.000000e+00
      vertex -1.780080e+01 -1.063547e+01 4.147201e+00
    endloop
  endfacet
  facet normal -8.345724e-01 -5.508983e-01 0.000000e+00
    outer loop
      vertex -1.780080e+01 -1.063547e+01 4.147201e+00
      vertex -1.677578e+01 -1.218831e+01 0.000000e+00
      vertex -1.677578e+01 -1.218831e+01 4.147201e+00
    endloop
  endfacet
  facet normal -8.805945e-01 -4.738707e-01 -0.000000e+00
    outer loop
      vertex -1.868249e+01 -8.997019e+00 0.000000e+00
      vertex -1.780080e+01 -1.063547e+01 0.000000e+00
      vertex -1.868249e+01 -8.997019e+00 4.147201e+00
    endloop
  endfacet
  facet normal -8.805945e-01 -4.738707e-01 0.000000e+00
    outer loop
      vertex -1.868249e+01 -8.997019e+00 4.147201e+00
      vertex -1.780080e+01 -1.063547e+01 0.000000e+00
      vertex -1.780080e+01 -1.063547e+01 4.147201e+00
    endloop
  endfacet
  facet normal -9.195278e-01 -3.930250e-01 -0.000000e+00
    outer loop
      vertex -1.941377e+01 -7.286112e+00 0.000000e+00
      vertex -1.868249e+01 -8.997019e+00 0.000000e+00
      vertex -1.941377e+01 -7.286112e+00 4.147201e+00
    endloop
  endfacet
  facet normal -9.195278e-01 -3.930250e-01 0.000000e+00
    outer loop
      vertex -1.941377e+01 -7.286112e+00 4.147201e+00
      vertex -1.868249e+01 -8.997019e+00 0.000000e+00
      vertex -1.868249e+01 -8.997019e+00 4.147201e+00
    endloop
  endfacet
  facet normal -9.510565e-01 -3.090168e-01 -0.000000e+00
    outer loop
      vertex -1.998874e+01 -5.516543e+00 0.000000e+00
      vertex -1.941377e+01 -7.286112e+00 0.000000e+00
      vertex -1.998874e+01 -5.516543e+00 4.147201e+00
    endloop
  endfacet
  facet normal -9.510565e-01 -3.090168e-01 0.000000e+00
    outer loop
      vertex -1.998874e+01 -5.516543e+00 4.147201e+00
      vertex -1.941377e+01 -7.286112e+00 0.000000e+00
      vertex -1.941377e+01 -7.286112e+00 4.147201e+00
    endloop
  endfacet
  facet normal -9.749272e-01 -2.225240e-01 -0.000000e+00
    outer loop
      vertex -2.040277e+01 -3.702558e+00 0.000000e+00
      vertex -1.998874e+01 -5.516543e+00 0.000000e+00
      vertex -2.040277e+01 -3.702558e+00 4.147201e+00
    endloop
  endfacet
  facet normal -9.749272e-01 -2.225240e-01 0.000000e+00
    outer loop
      vertex -2.040277e+01 -3.702558e+00 4.147201e+00
      vertex -1.998874e+01 -5.516543e+00 0.000000e+00
      vertex -1.998874e+01 -5.516543e+00 4.147201e+00
    endloop
  endfacet
  facet normal -9.909509e-01 -1.342250e-01 -0.000000e+00
    outer loop
      vertex -2.065252e+01 -1.858754e+00 0.000000e+00
      vertex -2.040277e+01 -3.702558e+00 0.000000e+00
      vertex -2.065252e+01 -1.858754e+00 4.147201e+00
    endloop
  endfacet
  facet normal -9.909509e-01 -1.342250e-01 0.000000e+00
    outer loop
      vertex -2.065252e+01 -1.858754e+00 4.147201e+00
      vertex -2.040277e+01 -3.702558e+00 0.000000e+00
      vertex -2.040277e+01 -3.702558e+00 4.147201e+00
    endloop
  endfacet
  facet normal -9.989929e-01 -4.486830e-02 -0.000000e+00
    outer loop
      vertex -2.073600e+01 0.000000e+00 0.000000e+00
      vertex -2.065252e+01 -1.858754e+00 0.000000e+00
      vertex -2.073600e+01 0.000000e+00 4.147201e+00
    endloop
  endfacet
  facet normal -9.989929e-01 -4.486830e-02 0.000000e+00
    outer loop
      vertex -2.073600e+01 0.000000e+00 4.147201e+00
      vertex -2.065252e+01 -1.858754e+00 0.000000e+00
      vertex -2.065252e+01 -1.858754e+00 4.147201e+00
    endloop
  endfacet
  facet normal 7.027071e-02 2.630630e-01 -9.622161e-01
    outer loop
      vertex 2.359715e+01 -1.392033e+01 5.144579e+01
      vertex 2.003405e+01 -1.588684e+01 5.064795e+01
      vertex 2.175787e+01 -1.087139e+01 5.214503e+01
    endloop
  endfacet
  facet normal 7.027071e-02 2.630630e-01 -9.622161e-01
    outer loop
      vertex 2.175787e+01 -1.087139e+01 5.214503e+01
      vertex 2.003405e+01 -1.588684e+01 5.064795e+01
      vertex 1.861776e+01 -1.550736e+01 5.064826e+01
    endloop
  endfacet
  facet normal 2.112219e-01 7.887778e-01 -5.772478e-01
    outer loop
      vertex 2.242806e+01 -1.828082e+01 4.825271e+01
      vertex 1.956570e+01 -1.904730e+01 4.615798e+01
      vertex 2.003405e+01 -1.588684e+01 5.064795e+01
    endloop
  endfacet
  facet normal 2.112219e-01 7.887778e-01 -5.772478e-01
    outer loop
      vertex 2.003405e+01 -1.588684e+01 5.064795e+01
      vertex 1.956570e+01 -1.904730e+01 4.615798e+01
      vertex 1.861776e+01 -1.550736e+01 5.064826e+01
    endloop
  endfacet
  facet normal 1.884061e-02 9.811594e-01 -1.922791e-01
    outer loop
      vertex 1.764051e+01 -1.349331e+01 5.543757e+01
      vertex 1.682260e+01 -1.371220e+01 5.424048e+01
      vertex 1.684311e+01 -1.269591e+01 5.942855e+01
    endloop
  endfacet
  facet normal 1.884061e-02 9.811594e-01 -1.922791e-01
    outer loop
      vertex 1.684311e+01 -1.269591e+01 5.942855e+01
      vertex 1.682260e+01 -1.371220e+01 5.424048e+01
      vertex 1.328267e+01 -1.276427e+01 5.873078e+01
    endloop
  endfacet
  facet normal -5.068741e-01 8.402081e-01 1.926890e-01
    outer loop
      vertex 2.120360e+01 -1.152679e+01 5.623541e+01
      vertex 2.145865e+01 -1.057219e+01 5.274372e+01
      vertex 1.764051e+01 -1.349331e+01 5.543757e+01
    endloop
  endfacet
  facet normal -5.068741e-01 8.402081e-01 1.926890e-01
    outer loop
      vertex 1.764051e+01 -1.349331e+01 5.543757e+01
      vertex 2.145865e+01 -1.057219e+01 5.274372e+01
      vertex 1.682260e+01 -1.371220e+01 5.424048e+01
    endloop
  endfacet
  facet normal -1.884061e-02 -9.811594e-01 1.922791e-01
    outer loop
      vertex 1.329945e+01 1.987815e+01 5.275058e+01
      vertex 1.260170e+01 2.057590e+01 5.624265e+01
      vertex 8.532636e+00 2.049776e+01 5.544522e+01
    endloop
  endfacet
  facet normal -1.884061e-02 -9.811594e-01 1.922791e-01
    outer loop
      vertex 7.714725e+00 2.027887e+01 5.424813e+01
      vertex 1.329945e+01 1.987815e+01 5.275058e+01
      vertex 8.532636e+00 2.049776e+01 5.544522e+01
    endloop
  endfacet
  facet normal 5.068741e-01 -8.402081e-01 -1.926890e-01
    outer loop
      vertex 7.714725e+00 2.027887e+01 5.424813e+01
      vertex 8.532636e+00 2.049776e+01 5.544522e+01
      vertex 8.241212e+00 1.940680e+01 5.943580e+01
    endloop
  endfacet
  facet normal 5.068741e-01 -8.402081e-01 -1.926890e-01
    outer loop
      vertex 5.123513e+00 1.768609e+01 5.873762e+01
      vertex 7.714725e+00 2.027887e+01 5.424813e+01
      vertex 8.241212e+00 1.940680e+01 5.943580e+01
    endloop
  endfacet
  facet normal -7.027071e-02 -2.630630e-01 9.622161e-01
    outer loop
      vertex 2.427190e+01 -1.462214e+00 2.042061e+01
      vertex 2.738956e+01 2.585012e-01 2.111872e+01
      vertex 2.528735e+01 3.743014e+00 2.191785e+01
    endloop
  endfacet
  facet normal -7.027071e-02 -2.630630e-01 9.622161e-01
    outer loop
      vertex 2.387108e+01 4.122503e+00 2.191818e+01
      vertex 2.427190e+01 -1.462214e+00 2.042061e+01
      vertex 2.528735e+01 3.743014e+00 2.191785e+01
    endloop
  endfacet
  facet normal -2.112219e-01 -7.887778e-01 5.772478e-01
    outer loop
      vertex 2.528735e+01 3.743014e+00 2.191785e+01
      vertex 2.855866e+01 4.618986e+00 2.431182e+01
      vertex 2.646390e+01 6.713715e+00 2.640765e+01
    endloop
  endfacet
  facet normal -2.112219e-01 -7.887778e-01 5.772478e-01
    outer loop
      vertex 2.387108e+01 4.122503e+00 2.191818e+01
      vertex 2.528735e+01 3.743014e+00 2.191785e+01
      vertex 2.646390e+01 6.713715e+00 2.640765e+01
    endloop
  endfacet
  facet normal 1.922790e-01 -1.922790e-01 -9.623189e-01
    outer loop
      vertex 1.347726e+01 2.384765e+01 5.145429e+01
      vertex 1.340889e+01 2.028711e+01 5.215204e+01
      vertex 9.408193e+00 2.376947e+01 5.065687e+01
    endloop
  endfacet
  facet normal 1.922790e-01 -1.922790e-01 -9.623189e-01
    outer loop
      vertex 9.408193e+00 2.376947e+01 5.065687e+01
      vertex 1.340889e+01 2.028711e+01 5.215204e+01
      vertex 8.371393e+00 2.273267e+01 5.065687e+01
    endloop
  endfacet
  facet normal 5.772479e-01 -5.772479e-01 -5.775549e-01
    outer loop
      vertex 9.408193e+00 2.376947e+01 5.065687e+01
      vertex 8.371393e+00 2.273267e+01 5.065687e+01
      vertex 1.028416e+01 2.704057e+01 4.826292e+01
    endloop
  endfacet
  facet normal 5.772479e-01 -5.772479e-01 -5.775549e-01
    outer loop
      vertex 1.028416e+01 2.704057e+01 4.826292e+01
      vertex 8.371393e+00 2.273267e+01 5.065687e+01
      vertex 7.421850e+00 2.627417e+01 4.616819e+01
    endloop
  endfacet
  facet normal -5.772479e-01 5.772479e-01 5.775549e-01
    outer loop
      vertex 2.627417e+01 7.421850e+00 2.640781e+01
      vertex 2.704057e+01 1.028416e+01 2.431308e+01
      vertex 2.376947e+01 9.408193e+00 2.191913e+01
    endloop
  endfacet
  facet normal -5.772479e-01 5.772479e-01 5.775549e-01
    outer loop
      vertex 2.273267e+01 8.371393e+00 2.191913e+01
      vertex 2.627417e+01 7.421850e+00 2.640781e+01
      vertex 2.376947e+01 9.408193e+00 2.191913e+01
    endloop
  endfacet
  facet normal -1.922790e-01 1.922790e-01 9.623189e-01
    outer loop
      vertex 2.273267e+01 8.371393e+00 2.191913e+01
      vertex 2.376947e+01 9.408193e+00 2.191913e+01
      vertex 2.384765e+01 1.347726e+01 2.112171e+01
    endloop
  endfacet
  facet normal -1.922790e-01 1.922790e-01 9.623189e-01
    outer loop
      vertex 2.028711e+01 1.340889e+01 2.042396e+01
      vertex 2.273267e+01 8.371393e+00 2.191913e+01
      vertex 2.384765e+01 1.347726e+01 2.112171e+01
    endloop
  endfacet
  facet normal 2.630630e-01 7.027071e-02 9.622161e-01
    outer loop
      vertex 1.441639e+01 1.979801e+01 5.245107e+01
      vertex 1.332099e+01 1.570941e+01 5.304914e+01
      vertex 2.377445e+01 9.403092e+00 5.065176e+01
    endloop
  endfacet
  facet normal 2.630630e-01 7.027071e-02 9.622161e-01
    outer loop
      vertex 3.271000e+01 8.761935e+00 4.825568e+01
      vertex 1.441639e+01 1.979801e+01 5.245107e+01
      vertex 2.377445e+01 9.403092e+00 5.065176e+01
    endloop
  endfacet
  facet normal 2.630630e-01 7.027071e-02 9.622161e-01
    outer loop
      vertex 2.529253e+01 3.737913e+00 5.065050e+01
      vertex 1.939291e+01 -6.951309e+00 5.304404e+01
      vertex 3.271000e+01 8.761935e+00 4.825568e+01
    endloop
  endfacet
  facet normal 2.630630e-01 7.027071e-02 9.622161e-01
    outer loop
      vertex 1.939291e+01 -6.951309e+00 5.304404e+01
      vertex 2.238576e+01 -9.944177e+00 5.244437e+01
      vertex 3.271000e+01 8.761935e+00 4.825568e+01
    endloop
  endfacet
  facet normal 8.402081e-01 -5.068741e-01 -1.926890e-01
    outer loop
      vertex 2.238576e+01 -9.944177e+00 5.244437e+01
      vertex 2.178649e+01 -9.344844e+00 4.825441e+01
      vertex 2.768609e+01 1.344371e+00 4.586088e+01
    endloop
  endfacet
  facet normal 8.402081e-01 -5.068741e-01 -1.926890e-01
    outer loop
      vertex 3.271000e+01 8.761935e+00 4.825568e+01
      vertex 2.238576e+01 -9.944177e+00 5.244437e+01
      vertex 2.768609e+01 1.344371e+00 4.586088e+01
    endloop
  endfacet
  facet normal 8.402081e-01 -5.068741e-01 -1.926890e-01
    outer loop
      vertex 2.856156e+01 4.616020e+00 4.107252e+01
      vertex 2.528859e+01 3.741728e+00 2.910101e+01
      vertex 3.271000e+01 8.761935e+00 4.825568e+01
    endloop
  endfacet
  facet normal 8.402081e-01 -5.068741e-01 -1.926890e-01
    outer loop
      vertex 2.528859e+01 3.741728e+00 2.910101e+01
      vertex 2.698251e+01 7.231949e+00 2.730554e+01
      vertex 3.271000e+01 8.761935e+00 4.825568e+01
    endloop
  endfacet
  facet normal 4.741820e-01 8.591511e-01 -1.923820e-01
    outer loop
      vertex 1.419653e+01 1.898107e+01 4.826078e+01
      vertex 1.441639e+01 1.979801e+01 5.245107e+01
      vertex 2.465013e+01 1.267474e+01 4.586343e+01
    endloop
  endfacet
  facet normal 4.741820e-01 8.591511e-01 -1.923820e-01
    outer loop
      vertex 2.465013e+01 1.267474e+01 4.586343e+01
      vertex 1.441639e+01 1.979801e+01 5.245107e+01
      vertex 3.271000e+01 8.761935e+00 4.825568e+01
    endloop
  endfacet
  facet normal 4.741820e-01 8.591511e-01 -1.923820e-01
    outer loop
      vertex 2.704368e+01 1.028120e+01 4.107381e+01
      vertex 3.271000e+01 8.761935e+00 4.825568e+01
      vertex 2.698251e+01 7.231949e+00 2.730554e+01
    endloop
  endfacet
  facet normal 4.741820e-01 8.591511e-01 -1.923820e-01
    outer loop
      vertex 2.704368e+01 1.028120e+01 4.107381e+01
      vertex 2.698251e+01 7.231949e+00 2.730554e+01
      vertex 2.377071e+01 9.406907e+00 2.910229e+01
    endloop
  endfacet
  facet normal 0.000000e+00 0.000000e+00 -1.000000e+00
    outer loop
      vertex -2.073600e+01 0.000000e+00 0.000000e+00
      vertex -2.065252e+01 1.858754e+00 0.000000e+00
      vertex -2.065252e+01 -1.858754e+00 0.000000e+00
    endloop
  endfacet
  facet normal 0.000000e+00 0.000000e+00 -1.000000e+00
    outer loop
      vertex -2.065252e+01 -1.858754e+00 0.000000e+00
      vertex -2.065252e+01 1.858754e+00 0.000000e+00
      vertex -2.040277e+01 3.702558e+00 0.000000e+00
    endloop
  endfacet
  facet normal 0.000000e+00 0.000000e+00 -1.000000e+00
    outer loop
      vertex -2.065252e+01 -1.858754e+00 0.000000e+00
      vertex -2.040277e+01 3.702558e+00 0.000000e+00
      vertex -1.998874e+01 5.516543e+00 0.000000e+00
    endloop
  endfacet
  facet normal 0.000000e+00 0.000000e+00 -1.000000e+00
    outer loop
      vertex -2.065252e+01 -1.858754e+00 0.000000e+00
      vertex -1.998874e+01 5.516543e+00 0.000000e+00
      vertex -1.941377e+01 7.286112e+00 0.000000e+00
    endloop
  endfacet
  facet normal 0.000000e+00 0.000000e+00 -1.000000e+00
    outer loop
      vertex -2.065252e+01 -1.858754e+00 0.000000e+00
      vertex -1.941377e+01 7.286112e+00 0.000000e+00
      vertex -1.868249e+01 8.997019e+00 0.000000e+00
    endloop
  endfacet
  facet normal 0.000000e+00 0.000000e+00 -1.000000e+00
    outer loop
      vertex -2.065252e+01 -1.858754e+00 0.000000e+00
      vertex -1.868249e+01 8.997019e+00 0.000000e+00
      vertex -1.780080e+01 1.063547e+01 0.000000e+00
    endloop
  endfacet
  facet normal 0.000000e+00 0.000000e+00 -1.000000e+00
    outer loop
      vertex -2.065252e+01 -1.858754e+00 0.000000e+00
      vertex -1.780080e+01 1.063547e+01 0.000000e+00
      vertex -1.677578e+01 1.218831e+01 0.000000e+00
    endloop
  endfacet
  facet normal 0.000000e+00 0.000000e+00 -1.000000e+00
    outer loop
      vertex -2.065252e+01 -1.858754e+00 0.000000e+00
      vertex -1.677578e+01 1.218831e+01 0.000000e+00
      vertex -1.561568e+01 1.364302e+01 0.000000e+00
    endloop
  endfacet
  facet normal 0.000000e+00 0.000000e+00 -1.000000e+00
    outer loop
      vertex -2.065252e+01 -1.858754e+00 0.000000e+00
      vertex -1.561568e+01 1.364302e+01 0.000000e+00
      vertex -1.432988e+01 1.498788e+01 0.000000e+00
    endloop
  endfacet
  facet normal 0.000000e+00 0.000000e+00 -1.000000e+00
    outer loop
      vertex -2.065252e+01 -1.858754e+00 0.000000e+00
      vertex -1.432988e+01 1.498788e+01 0.000000e+00
      vertex -1.292869e+01 1.621205e+01 0.000000e+00
    endloop
  endfacet
  facet normal 0.000000e+00 0.000000e+00 -1.000000e+00
    outer loop
      vertex -2.065252e+01 -1.858754e+00 0.000000e+00
      vertex -1.292869e+01 1.621205e+01 0.000000e+00
      vertex -1.142340e+01 1.730571e+01 0.000000e+00
    endloop
  endfacet
  facet normal 0.000000e+00 0.000000e+00 -1.000000e+00
    outer loop
      vertex -2.065252e+01 -1.858754e+00 0.000000e+00
      vertex -1.142340e+01 1.730571e+01 0.000000e+00
      vertex -9.826147e+00 1.826004e+01 0.000000e+00
    endloop
  endfacet
  facet normal 0.000000e+00 0.000000e+00 -1.000000e+00
    outer loop
      vertex -2.065252e+01 -1.858754e+00 0.000000e+00
      vertex -9.826147e+00 1.826004e+01 0.000000e+00
      vertex -8.149767e+00 1.906733e+01 0.000000e+00
    endloop
  endfacet
  facet normal 0.000000e+00 0.000000e+00 -1.000000e+00
    outer loop
      vertex -2.065252e+01 -1.858754e+00 0.000000e+00
      vertex -8.149767e+00 1.906733e+01 0.000000e+00
      vertex -6.407777e+00 1.972112e+01 0.000000e+00
    endloop
  endfacet
  facet normal 0.000000e+00 0.000000e+00 -1.000000e+00
    outer loop
      vertex -2.065252e+01 -1.858754e+00 0.000000e+00
      vertex -6.407777e+00 1.972112e+01 0.000000e+00
      vertex -4.614196e+00 2.021611e+01 0.000000e+00
    endloop
  endfacet
  facet normal 0.000000e+00 0.000000e+00 -1.000000e+00
    outer loop
      vertex -2.065252e+01 -1.858754e+00 0.000000e+00
      vertex -4.614196e+00 2.021611e+01 0.000000e+00
      vertex -2.783455e+00 2.054834e+01 0.000000e+00
    endloop
  endfacet
  facet normal 0.000000e+00 0.000000e+00 -1.000000e+00
    outer loop
      vertex -2.065252e+01 -1.858754e+00 0.000000e+00
      vertex -2.783455e+00 2.054834e+01 0.000000e+00
      vertex -9.303207e-01 2.071512e+01 0.000000e+00
    endloop
  endfacet
  facet normal 0.000000e+00 0.000000e+00 -1.000000e+00
    outer loop
      vertex -2.065252e+01 -1.858754e+00 0.000000e+00
      vertex -9.303207e-01 2.071512e+01 0.000000e+00
      vertex 9.303207e-01 2.071512e+01 0.000000e+00
    endloop
  endfacet
  facet normal 0.000000e+00 0.000000e+00 -1.000000e+00
    outer loop
      vertex -2.065252e+01 -1.858754e+00 0.000000e+00
      vertex 9.303207e-01 2.071512e+01 0.000000e+00
      vertex 2.783455e+00 2.054834e+01 0.000000e+00
    endloop
  endfacet
  facet normal 0.000000e+00 0.000000e+00 -1.000000e+00
    outer loop
      vertex -2.065252e+01 -1.858754e+00 0.000000e+00
      vertex 2.783455e+00 2.054834e+01 0.000000e+00
      vertex 4.614196e+00 2.021611e+01 0.000000e+00
    endloop
  endfacet
  facet normal 0.000000e+00 0.000000e+00 -1.000000e+00
    outer loop
      vertex -2.065252e+01 -1.858754e+00 0.000000e+00
      vertex 4.614196e+00 2.021611e+01 0.000000e+00
      vertex 6.407777e+00 1.972112e+01 0.000000e+00
    endloop
  endfacet
  facet normal 0.000000e+00 0.000000e+00 -1.000000e+00
    outer loop
      vertex -2.065252e+01 -1.858754e+00 0.000000e+00
      vertex 6.407777e+00 1.972112e+01 0.000000e+00
      vertex 8.149767e+00 1.906733e+01 0.000000e+00
    endloop
  endfacet
  facet normal 0.000000e+00 0.000000e+00 -1.000000e+00
    outer loop
      vertex -2.065252e+01 -1.858754e+00 0.000000e+00
      vertex 8.149767e+00 1.906733e+01 0.000000e+00
      vertex 9.826147e+00 1.826004e+01 0.000000e+00
    endloop
  endfacet
  facet normal 0.000000e+00 0.000000e+00 -1.000000e+00
    outer loop
      vertex -2.065252e+01 -1.858754e+00 0.000000e+00
      vertex 9.826147e+00 1.826004e+01 0.000000e+00
      vertex 1.142340e+01 1.730571e+01 0.000000e+00
    endloop
  endfacet
  facet normal 0.000000e+00 0.000000e+00 -1.000000e+00
    outer loop
      vertex -2.065252e+01 -1.858754e+00 0.000000e+00
      vertex 1.142340e+01 1.730571e+01 0.000000e+00
      vertex 1.292869e+01 1.621205e+01 0.000000e+00
    endloop
  endfacet
  facet normal 0.000000e+00 0.000000e+00 -1.000000e+00
    outer loop
      vertex -2.065252e+01 -1.858754e+00 0.000000e+00
      vertex 1.292869e+01 1.621205e+01 0.000000e+00
      vertex 1.432988e+01 1.498788e+01 0.000000e+00
    endloop
  endfacet
  facet normal 0.000000e+00 0.000000e+00 -1.000000e+00
    outer loop
      vertex -2.065252e+01 -1.858754e+00 0.000000e+00
      vertex 1.432988e+01 1.498788e+01 0.000000e+00
      vertex 1.561568e+01 1.364302e+01 0.000000e+00
    endloop
  endfacet
  facet normal 0.000000e+00 0.000000e+00 -1.000000e+00
    outer loop
      vertex -2.065252e+01 -1.858754e+00 0.000000e+00
      vertex 1.561568e+01 1.364302e+01 0.000000e+00
      vertex 1.677578e+01 1.218831e+01 0.000000e+00
    endloop
  endfacet
  facet normal 0.000000e+00 0.000000e+00 -1.000000e+00
    outer loop
      vertex -2.065252e+01 -1.858754e+00 0.000000e+00
      vertex 1.677578e+01 1.218831e+01 0.000000e+00
      vertex 1.780080e+01 1.063547e+01 0.000000e+00
    endloop
  endfacet
  facet normal 0.000000e+00 0.000000e+00 -1.000000e+00
    outer loop
      vertex -2.065252e+01 -1.858754e+00 0.000000e+00
      vertex 1.780080e+01 1.063547e+01 0.000000e+00
      vertex 1.868249e+01 8.997019e+00 0.000000e+00
    endloop
  endfacet
  facet normal 0.000000e+00 0.000000e+00 -1.000000e+00
    outer loop
      vertex -2.065252e+01 -1.858754e+00 0.000000e+00
      vertex 1.868249e+01 8.997019e+00 0.000000e+00
      vertex 1.941377e+01 7.286112e+00 0.000000e+00
    endloop
  endfacet
  facet normal 0.000000e+00 0.000000e+00 -1.000000e+00
    outer loop
      vertex -2.065252e+01 -1.858754e+00 0.000000e+00
      vertex 1.941377e+01 7.286112e+00 0.000000e+00
      vertex 1.998874e+01 5.516543e+00 0.000000e+00
    endloop
  endfacet
  facet normal 0.000000e+00 0.000000e+00 -1.000000e+00
    outer loop
      vertex -2.065252e+01 -1.858754e+00 0.000000e+00
      vertex 1.998874e+01 5.516543e+00 0.000000e+00
      vertex 2.040277e+01 3.702558e+00 0.000000e+00
    endloop
  endfacet
  facet normal 0.000000e+00 0.000000e+00 -1.000000e+00
    outer loop
      vertex -2.065252e+01 -1.858754e+00 0.000000e+00
      vertex 2.040277e+01 3.702558e+00 0.000000e+00
      vertex 2.065252e+01 1.858754e+00 0.000000e+00
    endloop
  endfacet
  facet normal 0.000000e+00 0.000000e+00 -1.000000e+00
    outer loop
      vertex -2.065252e+01 -1.858754e+00 0.000000e+00
      vertex 2.065252e+01 1.858754e+00 0.000000e+00
      vertex 2.073600e+01 0.000000e+00 0.000000e+00
    endloop
  endfacet
  facet normal 0.000000e+00 0.000000e+00 -1.000000e+00
    outer loop
      vertex -2.065252e+01 -1.858754e+00 0.000000e+00
      vertex 2.073600e+01 0.000000e+00 0.000000e+00
      vertex 2.065252e+01 -1.858754e+00 0.000000e+00
    endloop
  endfacet
  facet normal 0.000000e+00 0.000000e+00 -1.000000e+00
    outer loop
      vertex -2.065252e+01 -1.858754e+00 0.000000e+00
      vertex 2.065252e+01 -1.858754e+00 0.000000e+00
      vertex 2.040277e+01 -3.702558e+00 0.000000e+00
    endloop
  endfacet
  facet normal 0.000000e+00 0.000000e+00 -1.000000e+00
    outer loop
      vertex -2.065252e+01 -1.858754e+00 0.000000e+00
      vertex 2.040277e+01 -3.702558e+00 0.000000e+00
      vertex 1.998874e+01 -5.516543e+00 0.000000e+00
    endloop
  endfacet
  facet normal 0.000000e+00 0.000000e+00 -1.000000e+00
    outer loop
      vertex -2.065252e+01 -1.858754e+00 0.000000e+00
      vertex 1.998874e+01 -5.516543e+00 0.000000e+00
      vertex 1.941377e+01 -7.286112e+00 0.000000e+00
    endloop
  endfacet
  facet normal 0.000000e+00 0.000000e+00 -1.000000e+00
    outer loop
      vertex -2.065252e+01 -1.858754e+00 0.000000e+00
      vertex 1.941377e+01 -7.286112e+00 0.000000e+00
      vertex 1.868249e+01 -8.997019e+00 0.000000e+00
    endloop
  endfacet
  facet normal 0.000000e+00 0.000000e+00 -1.000000e+00
    outer loop
      vertex -2.065252e+01 -1.858754e+00 0.000000e+00
      vertex 1.868249e+01 -8.997019e+00 0.000000e+00
      vertex 1.780080e+01 -1.063547e+01 0.000000e+00
    endloop
  endfacet
  facet normal 0.000000e+00 0.000000e+00 -1.000000e+00
    outer loop
      vertex -2.065252e+01 -1.858754e+00 0.000000e+00
      vertex 1.780080e+01 -1.063547e+01 0.000000e+00
      vertex 1.677578e+01 -1.218831e+01 0.000000e+00
    endloop
  endfacet
  facet normal 0.000000e+00 0.000000e+00 -1.000000e+00
    outer loop
      vertex -2.065252e+01 -1.858754e+00 0.000000e+00
      vertex 1.677578e+01 -1.218831e+01 0.000000e+00
      vertex 1.561568e+01 -1.364302e+01 0.000000e+00
    endloop
  endfacet
  facet normal 0.000000e+00 0.000000e+00 -1.000000e+00
    outer loop
      vertex -2.065252e+01 -1.858754e+00 0.000000e+00
      vertex 1.561568e+01 -1.364302e+01 0.000000e+00
      vertex 1.432988e+01 -1.498788e+01 0.000000e+00
    endloop
  endfacet
  facet normal 0.000000e+00 0.000000e+00 -1.000000e+00
    outer loop
      vertex -2.065252e+01 -1.858754e+00 0.000000e+00
      vertex 1.432988e+01 -1.498788e+01 0.000000e+00
      vertex 1.292869e+01 -1.621205e+01 0.000000e+00
    endloop
  endfacet
  facet normal 0.000000e+00 0.000000e+00 -1.000000e+00
    outer loop
      vertex -2.065252e+01 -1.858754e+00 0.000000e+00
      vertex 1.292869e+01 -1.621205e+01 0.000000e+00
      vertex 1.142340e+01 -1.730571e+01 0.000000e+00
    endloop
  endfacet
  facet normal 0.000000e+00 0.000000e+00 -1.000000e+00
    outer loop
      vertex -2.065252e+01 -1.858754e+00 0.000000e+00
      vertex 1.142340e+01 -1.730571e+01 0.000000e+00
      vertex 9.826147e+00 -1.826004e+01 0.000000e+00
    endloop
  endfacet
  facet normal 0.000000e+00 0.000000e+00 -1.000000e+00
    outer loop
      vertex -2.065252e+01 -1.858754e+00 0.000000e+00
      vertex 9.826147e+00 -1.826004e+01 0.000000e+00
      vertex 8.149767e+00 -1.906733e+01 0.000000e+00
    endloop
  endfacet
  facet normal 0.000000e+00 0.000000e+00 -1.000000e+00
    outer loop
      vertex -2.065252e+01 -1.858754e+00 0.000000e+00
      vertex 8.149767e+00 -1.906733e+01 0.000000e+00
      vertex 6.407777e+00 -1.972112e+01 0.000000e+00
    endloop
  endfacet
  facet normal 0.000000e+00 0.000000e+00 -1.000000e+00
    outer loop
      vertex -2.065252e+01 -1.858754e+00 0.000000e+00
      vertex 6.407777e+00 -1.972112e+01 0.000000e+00
      vertex 4.614196e+00 -2.021611e+01 0.000000e+00
    endloop
  endfacet
  facet normal 0.000000e+00 0.000000e+00 -1.000000e+00
    outer loop
      vertex -2.065252e+01 -1.858754e+00 0.000000e+00
      vertex 4.614196e+00 -2.021611e+01 0.000000e+00
      vertex 2.783455e+00 -2.054834e+01 0.000000e+00
    endloop
  endfacet
  facet normal 0.000000e+00 0.000000e+00 -1.000000e+00
    outer loop
      vertex -2.065252e+01 -1.858754e+00 0.000000e+00
      vertex 2.783455e+00 -2.054834e+01 0.000000e+00
      vertex 9.303207e-01 -2.071512e+01 0.000000e+00
    endloop
  endfacet
  facet normal 0.000000e+00 0.000000e+00 -1.000000e+00
    outer loop
      vertex -2.065252e+01 -1.858754e+00 0.000000e+00
      vertex 9.303207e-01 -2.071512e+01 0.000000e+00
      vertex -9.303207e-01 -2.071512e+01 0.000000e+00
    endloop
  endfacet
  facet normal 0.000000e+00 0.000000e+00 -1.000000e+00
    outer loop
      vertex -2.065252e+01 -1.858754e+00 0.000000e+00
      vertex -9.303207e-01 -2.071512e+01 0.000000e+00
      vertex -2.783455e+00 -2.054834e+01 0.000000e+00
    endloop
  endfacet
  facet normal 0.000000e+00 0.000000e+00 -1.000000e+00
    outer loop
      vertex -2.065252e+01 -1.858754e+00 0.000000e+00
      vertex -2.783455e+00 -2.054834e+01 0.000000e+00
      vertex -4.614196e+00 -2.021611e+01 0.000000e+00
    endloop
  endfacet
  facet normal 0.000000e+00 0.000000e+00 -1.000000e+00
    outer loop
      vertex -2.065252e+01 -1.858754e+00 0.000000e+00
      vertex -4.614196e+00 -2.021611e+01 0.000000e+00
      vertex -6.407777e+00 -1.972112e+01 0.000000e+00
    endloop
  endfacet
  facet normal 0.000000e+00 0.000000e+00 -1.000000e+00
    outer loop
      vertex -2.065252e+01 -1.858754e+00 0.000000e+00
      vertex -6.407777e+00 -1.972112e+01 0.000000e+00
      vertex -8.149767e+00 -1.906733e+01 0.000000e+00
    endloop
  endfacet
  facet normal 0.000000e+00 0.000000e+00 -1.000000e+00
    outer loop
      vertex -2.065252e+01 -1.858754e+00 0.000000e+00
      vertex -8.149767e+00 -1.906733e+01 0.000000e+00
      vertex -9.826147e+00 -1.826004e+01 0.000000e+00
    endloop
  endfacet
  facet normal 0.000000e+00 0.000000e+00 -1.000000e+00
    outer loop
      vertex -2.065252e+01 -1.858754e+00 0.000000e+00
      vertex -9.826147e+00 -1.826004e+01 0.000000e+00
      vertex -1.142340e+01 -1.730571e+01 0.000000e+00
    endloop
  endfacet
  facet normal 0.000000e+00 0.000000e+00 -1.000000e+00
    outer loop
      vertex -2.065252e+01 -1.858754e+00 0.000000e+00
      vertex -1.142340e+01 -1.730571e+01 0.000000e+00
      vertex -1.292869e+01 -1.621205e+01 0.000000e+00
    endloop
  endfacet
  facet normal 0.000000e+00 0.000000e+00 -1.000000e+00
    outer loop
      vertex -2.065252e+01 -1.858754e+00 0.000000e+00
      vertex -1.292869e+01 -1.621205e+01 0.000000e+00
      vertex -1.432988e+01 -1.498788e+01 0.000000e+00
    endloop
  endfacet
  facet normal 0.000000e+00 0.000000e+00 -1.000000e+00
    outer loop
      vertex -2.065252e+01 -1.858754e+00 0.000000e+00
      vertex -1.432988e+01 -1.498788e+01 0.000000e+00
      vertex -1.561568e+01 -1.364302e+01 0.000000e+00
    endloop
  endfacet
  facet normal 0.000000e+00 0.000000e+00 -1.000000e+00
    outer loop
      vertex -2.065252e+01 -1.858754e+00 0.000000e+00
      vertex -1.561568e+01 -1.364302e+01 0.000000e+00
      vertex -1.677578e+01 -1.218831e+01 0.000000e+00
    endloop
  endfacet
  facet normal 0.000000e+00 0.000000e+00 -1.000000e+00
    outer loop
      vertex -2.065252e+01 -1.858754e+00 0.000000e+00
      vertex -1.677578e+01 -1.218831e+01 0.000000e+00
      vertex -1.780080e+01 -1.063547e+01 0.000000e+00
    endloop
  endfacet
  facet normal 0.000000e+00 0.000000e+00 -1.000000e+00
    outer loop
      vertex -2.065252e+01 -1.858754e+00 0.000000e+00
      vertex -1.780080e+01 -1.063547e+01 0.000000e+00
      vertex -1.868249e+01 -8.997019e+00 0.000000e+00
    endloop
  endfacet
  facet normal 0.000000e+00 0.000000e+00 -1.000000e+00
    outer loop
      vertex -2.065252e+01 -1.858754e+00 0.000000e+00
      vertex -1.868249e+01 -8.997019e+00 0.000000e+00
      vertex -1.941377e+01 -7.286112e+00 0.000000e+00
    endloop
  endfacet
  facet normal 0.000000e+00 0.000000e+00 -1.000000e+00
    outer loop
      vertex -2.065252e+01 -1.858754e+00 0.000000e+00
      vertex -1.941377e+01 -7.286112e+00 0.000000e+00
      vertex -1.998874e+01 -5.516543e+00 0.000000e+00
    endloop
  endfacet
  facet normal 0.000000e+00 0.000000e+00 -1.000000e+00
    outer loop
      vertex -2.065252e+01 -1.858754e+00 0.000000e+00
      vertex -1.998874e+01 -5.516543e+00 0.000000e+00
      vertex -2.040277e+01 -3.702558e+00 0.000000e+00
    endloop
  endfacet
endsolid Default
